# Max2Obj Version 4.0 Mar 10th, 2001
#
mtllib ./tris.mtl
g
# object beam to come ...
#
v  -94.000000 1.999992 96.000008
v  94.000000 1.999992 96.000008
v  -94.000000 29.999992 96.000008
v  94.000000 29.999992 96.000008
v  -94.000000 1.999992 100.000008
v  94.000000 1.999992 100.000008
v  -94.000000 29.999992 100.000008
v  94.000000 29.999992 100.000008
v  -94.000000 33.999992 96.000008
v  94.000000 33.999992 96.000008
v  -94.000000 61.999992 96.000015
v  94.000000 61.999992 96.000015
v  -94.000000 33.999992 100.000008
v  94.000000 33.999992 100.000008
v  -94.000000 61.999992 100.000015
v  94.000000 61.999992 100.000015
v  -94.000000 66.000000 96.000015
v  94.000000 66.000000 96.000015
v  -94.000000 94.000000 96.000015
v  94.000000 94.000000 96.000015
v  -94.000000 66.000000 100.000015
v  94.000000 66.000000 100.000015
v  -94.000000 94.000000 100.000015
v  94.000000 94.000000 100.000015
v  -94.000000 98.000000 96.000015
v  94.000000 98.000000 96.000015
v  -94.000000 125.999992 96.000015
v  94.000000 125.999992 96.000015
v  -94.000000 98.000000 100.000015
v  94.000000 98.000000 100.000015
v  -94.000000 125.999992 100.000015
v  94.000000 125.999992 100.000015
v  -94.000000 -30.000000 96.000008
v  94.000000 -30.000000 96.000008
v  -94.000000 -2.000000 96.000008
v  94.000000 -2.000000 96.000008
v  -94.000000 -30.000000 100.000008
v  94.000000 -30.000000 100.000008
v  -94.000000 -2.000000 100.000008
v  94.000000 -2.000000 100.000008
v  -94.000000 -62.000000 96.000008
v  94.000000 -62.000000 96.000008
v  -94.000000 -34.000000 96.000008
v  94.000000 -34.000000 96.000008
v  -94.000000 -62.000000 100.000008
v  94.000000 -62.000000 100.000008
v  -94.000000 -34.000000 100.000008
v  94.000000 -34.000000 100.000008
v  -94.000000 -94.000000 96.000008
v  94.000000 -94.000000 96.000008
v  -94.000000 -66.000000 96.000008
v  94.000000 -66.000000 96.000008
v  -94.000000 -94.000000 100.000008
v  94.000000 -94.000000 100.000008
v  -94.000000 -66.000000 100.000008
v  94.000000 -66.000000 100.000008
v  -94.000000 -126.000000 96.000008
v  94.000000 -126.000000 96.000008
v  -94.000000 -98.000000 96.000008
v  94.000000 -98.000000 96.000008
v  -94.000000 -126.000000 100.000008
v  94.000000 -126.000000 100.000008
v  -94.000000 -98.000000 100.000008
v  94.000000 -98.000000 100.000008
v  -7.999992 -128.000000 80.000000
v  -7.999992 -128.000000 84.000000
v  -1.999992 -128.000000 84.000000
v  -1.999992 -128.000000 92.000000
v  -7.999992 -128.000000 92.000000
v  -7.999992 -128.000000 96.000000
v  8.000008 -128.000000 96.000000
v  8.000008 -128.000000 92.000000
v  2.000008 -128.000000 92.000000
v  2.000008 -128.000000 84.000000
v  8.000008 -128.000000 84.000000
v  8.000008 -128.000000 80.000000
v  -7.999992 128.000000 80.000000
v  -7.999992 128.000000 84.000000
v  -1.999992 128.000000 84.000000
v  -1.999992 128.000000 92.000000
v  -7.999992 128.000000 92.000000
v  -7.999992 128.000000 96.000000
v  8.000008 128.000000 96.000000
v  8.000008 128.000000 92.000000
v  2.000008 128.000000 92.000000
v  2.000008 128.000000 84.000000
v  8.000008 128.000000 84.000000
v  8.000008 128.000000 80.000000
v  -94.000000 -254.000000 96.000000
v  94.000000 -254.000000 96.000000
v  -94.000000 -226.000000 96.000000
v  94.000000 -226.000000 96.000000
v  -94.000000 -254.000000 100.000000
v  94.000000 -254.000000 100.000000
v  -94.000000 -226.000000 100.000000
v  94.000000 -226.000000 100.000000
v  -94.000000 -222.000000 96.000000
v  94.000000 -222.000000 96.000000
v  -94.000000 -194.000000 96.000008
v  94.000000 -194.000000 96.000008
v  -94.000000 -222.000000 100.000000
v  94.000000 -222.000000 100.000000
v  -94.000000 -194.000000 100.000008
v  94.000000 -194.000000 100.000008
v  -94.000000 -190.000000 96.000008
v  94.000000 -190.000000 96.000008
v  -94.000000 -162.000000 96.000008
v  94.000000 -162.000000 96.000008
v  -94.000000 -190.000000 100.000008
v  94.000000 -190.000000 100.000008
v  -94.000000 -162.000000 100.000008
v  94.000000 -162.000000 100.000008
v  -94.000000 -158.000000 96.000008
v  94.000000 -158.000000 96.000008
v  -94.000000 -130.000000 96.000008
v  94.000000 -130.000000 96.000008
v  -94.000000 -158.000000 100.000008
v  94.000000 -158.000000 100.000008
v  -94.000000 -130.000000 100.000008
v  94.000000 -130.000000 100.000008
v  -94.000000 -286.000000 96.000000
v  94.000000 -286.000000 96.000000
v  -94.000000 -258.000000 96.000000
v  94.000000 -258.000000 96.000000
v  -94.000000 -286.000000 100.000000
v  94.000000 -286.000000 100.000000
v  -94.000000 -258.000000 100.000000
v  94.000000 -258.000000 100.000000
v  -94.000000 -318.000000 96.000000
v  94.000000 -318.000000 96.000000
v  -94.000000 -290.000000 96.000000
v  94.000000 -290.000000 96.000000
v  -94.000000 -318.000000 100.000000
v  94.000000 -318.000000 100.000000
v  -94.000000 -290.000000 100.000000
v  94.000000 -290.000000 100.000000
v  -94.000000 -350.000000 96.000000
v  94.000000 -350.000000 96.000000
v  -94.000000 -322.000000 96.000000
v  94.000000 -322.000000 96.000000
v  -94.000000 -350.000000 100.000000
v  94.000000 -350.000000 100.000000
v  -94.000000 -322.000000 100.000000
v  94.000000 -322.000000 100.000000
v  -94.000000 -382.000000 96.000000
v  94.000000 -382.000000 96.000000
v  -94.000000 -354.000000 96.000000
v  94.000000 -354.000000 96.000000
v  -94.000000 -382.000000 100.000000
v  94.000000 -382.000000 100.000000
v  -94.000000 -354.000000 100.000000
v  94.000000 -354.000000 100.000000
v  -7.999992 -384.000000 80.000000
v  -7.999992 -384.000000 84.000000
v  -1.999992 -384.000000 84.000000
v  -1.999992 -384.000000 92.000000
v  -7.999992 -384.000000 92.000000
v  -7.999992 -384.000000 96.000000
v  8.000008 -384.000000 96.000000
v  8.000008 -384.000000 92.000000
v  2.000008 -384.000000 92.000000
v  2.000008 -384.000000 84.000000
v  8.000008 -384.000000 84.000000
v  8.000008 -384.000000 80.000000
v  -94.000000 258.000000 96.000008
v  94.000000 258.000000 96.000008
v  -94.000000 286.000000 96.000008
v  94.000000 286.000000 96.000008
v  -94.000000 258.000000 100.000008
v  94.000000 258.000000 100.000008
v  -94.000000 286.000000 100.000008
v  94.000000 286.000000 100.000008
v  -94.000000 290.000000 96.000008
v  94.000000 290.000000 96.000008
v  -94.000000 318.000000 96.000015
v  94.000000 318.000000 96.000015
v  -94.000000 290.000000 100.000008
v  94.000000 290.000000 100.000008
v  -94.000000 318.000000 100.000015
v  94.000000 318.000000 100.000015
v  -94.000000 322.000000 96.000015
v  94.000000 322.000000 96.000015
v  -94.000000 350.000000 96.000015
v  94.000000 350.000000 96.000015
v  -94.000000 322.000000 100.000015
v  94.000000 322.000000 100.000015
v  -94.000000 350.000000 100.000015
v  94.000000 350.000000 100.000015
v  -94.000000 354.000000 96.000015
v  94.000000 354.000000 96.000015
v  -94.000000 382.000000 96.000015
v  94.000000 382.000000 96.000015
v  -94.000000 354.000000 100.000015
v  94.000000 354.000000 100.000015
v  -94.000000 382.000000 100.000015
v  94.000000 382.000000 100.000015
v  -94.000000 226.000000 96.000008
v  94.000000 226.000000 96.000008
v  -94.000000 254.000000 96.000008
v  94.000000 254.000000 96.000008
v  -94.000000 226.000000 100.000008
v  94.000000 226.000000 100.000008
v  -94.000000 254.000000 100.000008
v  94.000000 254.000000 100.000008
v  -94.000000 194.000000 96.000008
v  94.000000 194.000000 96.000008
v  -94.000000 222.000000 96.000008
v  94.000000 222.000000 96.000008
v  -94.000000 194.000000 100.000008
v  94.000000 194.000000 100.000008
v  -94.000000 222.000000 100.000008
v  94.000000 222.000000 100.000008
v  -94.000000 162.000000 96.000008
v  94.000000 162.000000 96.000008
v  -94.000000 190.000000 96.000008
v  94.000000 190.000000 96.000008
v  -94.000000 162.000000 100.000008
v  94.000000 162.000000 100.000008
v  -94.000000 190.000000 100.000008
v  94.000000 190.000000 100.000008
v  -94.000000 130.000000 96.000008
v  94.000000 130.000000 96.000008
v  -94.000000 158.000000 96.000008
v  94.000000 158.000000 96.000008
v  -94.000000 130.000000 100.000008
v  94.000000 130.000000 100.000008
v  -94.000000 158.000000 100.000008
v  94.000000 158.000000 100.000008
v  -7.999992 384.000000 79.999992
v  -7.999992 384.000000 83.999992
v  -1.999992 384.000000 83.999992
v  -1.999992 384.000000 91.999992
v  -7.999992 384.000000 91.999992
v  -7.999992 384.000000 95.999992
v  8.000008 384.000000 95.999992
v  8.000008 384.000000 91.999992
v  2.000008 384.000000 91.999992
v  2.000008 384.000000 83.999992
v  8.000008 384.000000 83.999992
v  8.000008 384.000000 79.999992
v  91.840591 128.000000 80.159424
v  95.840591 128.000000 80.159424
v  95.840584 -127.999992 80.159409
v  91.840584 -127.999992 80.159409
v  91.840591 128.000000 86.159424
v  91.840584 -127.999992 86.159409
v  83.840591 128.000000 86.159424
v  83.840584 -127.999992 86.159409
v  83.840591 128.000000 80.159424
v  83.840584 -127.999992 80.159409
v  79.840591 128.000000 80.159424
v  79.840591 -127.999992 80.159409
v  79.840591 127.999992 96.159424
v  79.840591 -128.000000 96.159409
v  83.840591 127.999992 96.159424
v  83.840584 -128.000000 96.159409
v  83.840591 127.999992 90.159424
v  83.840584 -128.000000 90.159409
v  91.840591 127.999992 90.159424
v  91.840584 -128.000000 90.159409
v  91.840591 127.999992 96.159424
v  91.840584 -128.000000 96.159409
v  95.840591 127.999992 96.159424
v  95.840584 -128.000000 96.159409
v  95.840576 -384.000000 80.159393
v  91.840576 -384.000000 80.159393
v  91.840576 -384.000000 86.159393
v  83.840576 -384.000000 86.159393
v  83.840576 -384.000000 80.159393
v  79.840576 -384.000000 80.159393
v  79.840576 -384.000000 96.159393
v  83.840576 -384.000000 96.159393
v  83.840576 -384.000000 90.159401
v  91.840576 -384.000000 90.159393
v  91.840576 -384.000000 96.159393
v  95.840576 -384.000000 96.159393
v  91.840614 384.000000 80.159431
v  95.840614 384.000000 80.159431
v  91.840614 384.000000 86.159431
v  83.840614 384.000000 86.159431
v  83.840614 384.000000 80.159431
v  79.840614 384.000000 80.159431
v  79.840614 384.000000 96.159431
v  83.840614 384.000000 96.159431
v  83.840614 384.000000 90.159431
v  91.840614 384.000000 90.159431
v  91.840614 384.000000 96.159431
v  95.840614 384.000000 96.159431
v  -84.159409 128.000000 80.159424
v  -80.159409 128.000000 80.159424
v  -80.159416 -127.999992 80.159409
v  -84.159416 -127.999992 80.159409
v  -84.159409 128.000000 86.159424
v  -84.159416 -127.999992 86.159409
v  -92.159409 128.000000 86.159424
v  -92.159416 -127.999992 86.159409
v  -92.159409 128.000000 80.159424
v  -92.159416 -127.999992 80.159409
v  -96.159409 128.000000 80.159424
v  -96.159409 -127.999992 80.159409
v  -96.159409 128.000000 96.159424
v  -96.159409 -127.999992 96.159409
v  -92.159409 128.000000 96.159424
v  -92.159416 -127.999992 96.159409
v  -92.159409 128.000000 90.159424
v  -92.159416 -127.999992 90.159409
v  -84.159409 128.000000 90.159424
v  -84.159416 -127.999992 90.159409
v  -84.159409 128.000000 96.159424
v  -84.159416 -127.999992 96.159409
v  -80.159409 128.000000 96.159424
v  -80.159416 -127.999992 96.159409
v  -80.159424 -384.000000 80.159393
v  -84.159424 -384.000000 80.159393
v  -84.159424 -384.000000 86.159393
v  -92.159424 -384.000000 86.159393
v  -92.159424 -384.000000 80.159393
v  -96.159424 -384.000000 80.159393
v  -96.159424 -384.000000 96.159393
v  -92.159424 -384.000000 96.159393
v  -92.159424 -384.000000 90.159401
v  -84.159424 -384.000000 90.159393
v  -84.159424 -384.000000 96.159393
v  -80.159424 -384.000000 96.159393
v  -84.159386 384.000000 80.159431
v  -80.159386 384.000000 80.159431
v  -84.159386 384.000000 86.159431
v  -92.159386 384.000000 86.159431
v  -92.159386 384.000000 80.159431
v  -96.159386 384.000000 80.159431
v  -96.159386 384.000000 96.159431
v  -92.159386 384.000000 96.159431
v  -92.159386 384.000000 90.159431
v  -84.159386 384.000000 90.159431
v  -84.159386 384.000000 96.159431
v  -80.159386 384.000000 96.159431
v  -80.000000 127.999992 79.999992
v  -84.000000 127.999992 79.999992
v  -84.000000 127.999992 73.999992
v  -92.000000 127.999969 73.999992
v  -92.000000 127.999962 69.999992
v  -84.000000 127.999985 69.999992
v  -84.000000 127.999985 63.999985
v  -80.000000 127.999985 63.999985
v  -80.000000 -128.000015 79.999992
v  -84.000000 -128.000015 79.999992
v  -84.000000 -128.000015 73.999992
v  -92.000000 -128.000015 73.999992
v  -92.000000 -128.000015 69.999992
v  -84.000000 -128.000015 69.999992
v  -84.000000 -128.000015 63.999992
v  -80.000000 -128.000015 63.999992
v  92.000000 127.999992 74.000008
v  84.000000 127.999969 74.000008
v  84.000000 127.999969 80.000008
v  80.000000 127.999969 80.000008
v  80.000000 127.999962 64.000000
v  84.000000 127.999962 64.000000
v  84.000000 127.999962 70.000008
v  92.000000 127.999985 70.000008
v  92.000000 -127.999977 74.000008
v  84.000000 -128.000015 74.000008
v  84.000000 -128.000015 80.000008
v  80.000000 -128.000015 80.000008
v  80.000000 -128.000015 64.000008
v  84.000000 -128.000015 64.000008
v  84.000000 -128.000015 70.000008
v  92.000000 -127.999992 70.000008
v  -79.989548 -91.300545 80.000000
v  -83.999985 -91.308220 80.000000
v  -83.999985 -91.308228 64.000000
v  -79.989548 -91.300552 64.000000
v  84.000000 -91.308243 80.000031
v  84.000000 -91.308250 64.000015
v  -84.000000 -85.561409 79.999985
v  -84.000000 -85.561417 63.999985
v  -79.989563 -85.598709 63.999985
v  84.000000 -85.561432 80.000000
v  84.000000 -85.561440 64.000000
v  -79.989563 -85.598701 79.999985
v  -84.000000 -74.355171 79.999985
v  -84.000000 -74.355179 63.999985
v  84.000000 -74.355194 80.000000
v  84.000000 -74.355202 64.000000
v  -84.000000 -68.573235 79.999985
v  -84.000000 -68.573242 63.999985
v  -80.000000 -68.573242 63.999985
v  84.000000 -68.573257 80.000000
v  79.982849 -68.617188 80.000000
v  79.982849 -68.617195 64.000000
v  84.000000 -68.573265 64.000000
v  -80.000000 -68.573235 79.999985
v  -83.999985 91.310768 79.999969
v  -83.999985 91.310760 63.999985
v  -79.989563 91.301788 63.999985
v  84.000000 91.310745 80.000000
v  84.000000 91.310738 64.000000
v  -79.989563 91.301804 79.999969
v  -79.989548 85.629814 79.999985
v  -83.999985 85.623650 79.999985
v  -83.999985 85.623642 63.999985
v  -79.989548 85.629807 63.999985
v  84.000000 85.623611 80.000000
v  84.000000 85.623604 64.000000
v  -79.989548 74.336090 80.000000
v  -83.999985 74.355316 80.000000
v  -83.999985 74.355309 64.000000
v  -79.989548 74.336090 64.000000
v  84.000000 74.355286 80.000015
v  79.982849 74.328522 80.000015
v  79.982849 74.328514 64.000015
v  84.000000 74.355278 64.000015
v  -79.989548 68.691093 79.999992
v  -83.999985 68.723808 79.999992
v  -83.999985 68.723801 64.000000
v  -79.989548 68.691086 64.000000
v  84.000000 68.723770 80.000015
v  79.982849 68.683533 80.000015
v  79.982849 68.683525 64.000015
v  84.000000 68.723763 64.000015
v  -79.989563 -85.598701 73.998856
v  -79.989548 85.629814 73.998871
v  -79.989548 74.336090 73.998871
v  79.982849 74.328522 73.998886
v  -79.989563 -85.598709 69.977890
v  -79.989548 85.629807 69.977905
v  -79.989548 74.336082 69.977905
v  -5.656853 -0.042343 74.000000
v  -11.313705 -0.042343 80.000000
v  -5.656853 -0.042343 64.000000
v  -5.656853 -0.042343 70.000000
v  5.656853 -0.042344 80.000000
v  5.656853 -0.042343 70.000000
v  -0.057583 -11.313746 80.000000
v  -0.057575 -5.656890 80.000000
v  -0.057575 -5.656891 74.000000
v  -0.057575 -5.656890 70.000000
v  -0.057575 -5.656891 64.000000
v  -0.057583 -11.313748 64.000000
v  -0.057570 5.685606 74.000000
v  -0.057575 5.656819 80.000000
v  -0.057574 11.348213 80.000000
v  -0.057570 11.342453 64.000000
v  -0.057570 5.685606 64.000000
v  -0.057570 5.685606 70.000000
v  11.313690 -0.042343 80.000000
v  5.656853 -0.042343 74.000000
v  5.656853 -0.042343 64.000000
v  11.313698 -0.042342 64.000000
v  79.982849 85.623062 73.998886
v  79.982849 85.623062 80.000000
v  79.982849 91.295059 80.000000
v  79.982849 91.295052 64.000000
v  79.982849 85.623055 64.000000
v  79.982849 85.623055 69.977921
v  79.982849 74.328514 69.977921
v  79.982849 -74.335785 80.000000
v  79.982849 -74.335785 73.998871
v  79.982849 -74.335793 69.977921
v  79.982849 -74.335793 64.000000
v  79.982849 -85.623077 73.998871
v  79.982849 -85.607544 80.000000
v  79.982849 -91.293854 80.000031
v  79.982849 -91.293861 64.000015
v  79.982849 -85.607552 64.000000
v  79.982849 -85.623085 69.977905
v  -79.989563 -74.341652 73.998856
v  -79.989563 -74.341652 79.999985
v  -79.979126 -68.672905 79.999985
v  -79.979126 -68.672913 63.999985
v  -79.989563 -74.341660 63.999985
v  -79.989563 -74.341660 69.977905
v  -80.000000 -383.999939 79.999992
v  -84.000000 -383.999939 79.999992
v  -84.000000 -383.999939 73.999992
v  -92.000000 -383.999939 73.999992
v  -92.000000 -383.999939 69.999992
v  -84.000000 -383.999939 69.999992
v  -84.000000 -383.999939 63.999992
v  -80.000000 -383.999939 63.999992
v  91.999985 -383.999939 74.000008
v  83.999985 -383.999939 74.000008
v  83.999985 -383.999939 80.000008
v  79.999985 -383.999939 80.000008
v  79.999985 -383.999939 64.000008
v  83.999985 -383.999939 64.000008
v  83.999985 -383.999939 70.000008
v  91.999985 -383.999939 70.000008
v  -79.989563 -347.300476 79.999992
v  -84.000000 -347.308167 79.999992
v  -84.000000 -347.308167 63.999992
v  -79.989563 -347.300476 63.999992
v  83.999985 -347.308167 80.000008
v  83.999985 -347.308167 64.000008
v  -84.000000 -341.561340 79.999992
v  -84.000000 -341.561340 63.999992
v  -79.989563 -341.598633 63.999992
v  83.999985 -341.561340 80.000008
v  83.999985 -341.561340 64.000008
v  -79.989563 -341.598633 79.999992
v  -84.000000 -330.355103 79.999992
v  -84.000000 -330.355103 63.999992
v  83.999985 -330.355103 80.000008
v  83.999985 -330.355103 64.000008
v  -84.000000 -324.573181 79.999992
v  -84.000000 -324.573181 63.999992
v  -80.000000 -324.573181 63.999992
v  83.999985 -324.573181 80.000008
v  79.982834 -324.617096 80.000008
v  79.982834 -324.617096 64.000008
v  83.999985 -324.573181 64.000008
v  -80.000000 -324.573181 79.999992
v  -84.000000 -164.689240 79.999992
v  -84.000000 -164.689240 63.999992
v  -79.989563 -164.698212 63.999992
v  84.000000 -164.689240 80.000008
v  84.000000 -164.689240 64.000008
v  -79.989578 -164.698196 79.999992
v  -79.989563 -170.370193 79.999992
v  -84.000000 -170.376358 79.999992
v  -84.000000 -170.376358 63.999992
v  -79.989563 -170.370193 63.999992
v  83.999985 -170.376373 80.000008
v  83.999985 -170.376373 64.000008
v  -79.989563 -181.663925 79.999992
v  -84.000000 -181.644699 79.999992
v  -84.000000 -181.644699 63.999992
v  -79.989563 -181.663925 63.999992
v  83.999985 -181.644699 80.000008
v  79.982834 -181.671463 80.000008
v  79.982834 -181.671463 64.000008
v  83.999985 -181.644699 64.000008
v  -79.989563 -187.308914 79.999992
v  -84.000000 -187.276199 79.999992
v  -84.000000 -187.276199 63.999992
v  -79.989563 -187.308914 63.999992
v  83.999985 -187.276215 80.000008
v  79.982834 -187.316452 80.000008
v  79.982834 -187.316452 64.000008
v  83.999985 -187.276215 64.000008
v  -79.989563 -341.598633 73.998863
v  -79.989563 -170.370193 73.998863
v  -79.989563 -181.663925 73.998863
v  79.982834 -181.671463 73.998878
v  -79.989563 -341.598633 69.977905
v  -79.989563 -170.370193 69.977905
v  -79.989563 -181.663925 69.977905
v  -5.656860 -256.042267 73.999985
v  -5.656860 -256.042267 79.999985
v  -11.313713 -256.042267 64.000000
v  5.656845 -256.042267 79.999985
v  5.656845 -256.042267 70.000000
v  -0.057598 -267.313660 80.000000
v  -0.057606 -261.656799 79.999985
v  -0.057606 -261.656799 73.999985
v  -0.057606 -261.656799 70.000000
v  -0.057606 -261.656799 64.000000
v  -0.057598 -267.313660 64.000000
v  -0.057577 -250.314392 73.999985
v  -0.057583 -250.343185 79.999985
v  -0.057582 -244.651779 79.999985
v  -0.057577 -244.657547 64.000000
v  -0.057577 -250.314392 64.000000
v  -0.057577 -250.314392 70.000000
v  -0.057587 -256.042267 73.999985
v  11.313690 -256.042267 79.999985
v  5.656845 -256.042267 73.999985
v  5.656845 -256.042267 64.000000
v  11.313690 -256.042267 64.000000
v  -0.057587 -256.042267 70.000000
v  79.982834 -170.376923 73.998878
v  79.982834 -170.376923 80.000008
v  79.982849 -164.704926 80.000008
v  79.982849 -164.704926 64.000008
v  79.982834 -170.376923 64.000008
v  79.982834 -170.376923 69.977921
v  79.982834 -181.671463 69.977921
v  79.982834 -330.335693 80.000008
v  79.982834 -330.335693 73.998878
v  79.982834 -330.335693 69.977921
v  79.982834 -330.335693 64.000008
v  79.982834 -341.622986 73.998878
v  79.982834 -341.607452 80.000008
v  79.982834 -347.293762 80.000008
v  79.982834 -347.293762 64.000008
v  79.982834 -341.607452 64.000008
v  79.982834 -341.622986 69.977921
v  -79.989563 -330.341583 73.998863
v  -79.989563 -330.341583 79.999992
v  -79.979126 -324.672852 79.999992
v  -79.979126 -324.672852 63.999992
v  -79.989563 -330.341583 63.999992
v  -79.989563 -330.341583 69.977905
v  -79.999985 384.000061 79.999992
v  -83.999985 384.000061 79.999992
v  -83.999985 384.000061 73.999992
v  -91.999985 384.000061 73.999992
v  -91.999985 384.000061 69.999992
v  -83.999985 384.000061 69.999992
v  -83.999985 384.000061 63.999992
v  -79.999985 384.000061 63.999992
v  92.000015 384.000061 74.000008
v  84.000015 384.000061 74.000008
v  84.000015 384.000061 80.000008
v  80.000015 384.000061 80.000008
v  80.000015 384.000061 64.000008
v  84.000015 384.000061 64.000008
v  84.000015 384.000061 70.000008
v  92.000015 384.000061 70.000008
v  -79.989563 164.699448 79.999992
v  -84.000000 164.691772 79.999992
v  -84.000000 164.691772 63.999992
v  -79.989563 164.699448 63.999992
v  84.000000 164.691772 80.000008
v  84.000000 164.691772 64.000008
v  -84.000000 170.438583 79.999992
v  -84.000000 170.438583 63.999992
v  -79.989563 170.401291 63.999992
v  84.000000 170.438583 80.000008
v  84.000000 170.438583 64.000008
v  -79.989563 170.401291 79.999992
v  -84.000000 181.644821 79.999992
v  -84.000000 181.644821 63.999992
v  84.000015 181.644821 80.000008
v  84.000015 181.644821 64.000008
v  -84.000000 187.426758 79.999992
v  -84.000000 187.426758 63.999992
v  -80.000000 187.426758 63.999992
v  84.000015 187.426758 80.000008
v  79.982864 187.382828 80.000008
v  79.982864 187.382828 64.000008
v  84.000015 187.426758 64.000008
v  -80.000000 187.426758 79.999992
v  -83.999985 347.310852 79.999992
v  -83.999985 347.310852 63.999992
v  -79.989563 347.301880 63.999992
v  84.000015 347.310852 80.000008
v  84.000015 347.310852 64.000008
v  -79.989563 347.301880 79.999992
v  -79.989548 341.629883 79.999992
v  -83.999985 341.623718 79.999992
v  -83.999985 341.623718 63.999992
v  -79.989548 341.629883 63.999992
v  84.000015 341.623718 80.000008
v  84.000015 341.623718 64.000008
v  -79.989548 330.336182 79.999992
v  -83.999985 330.355377 79.999992
v  -83.999985 330.355377 63.999992
v  -79.989548 330.336182 63.999992
v  84.000015 330.355377 80.000008
v  79.982864 330.328613 80.000008
v  79.982864 330.328613 64.000008
v  84.000015 330.355377 64.000008
v  -79.989548 324.691162 79.999992
v  -83.999985 324.723877 79.999992
v  -83.999985 324.723877 63.999992
v  -79.989548 324.691162 63.999992
v  84.000015 324.723877 80.000008
v  79.982864 324.683624 80.000008
v  79.982864 324.683624 64.000008
v  84.000015 324.723877 64.000008
v  -79.989563 170.401291 73.998863
v  -79.989548 341.629883 73.998863
v  -79.989548 330.336182 73.998863
v  79.982864 330.328613 73.998878
v  -79.989563 170.401291 69.977905
v  -79.989548 341.629883 69.977905
v  -79.989548 330.336182 69.977905
v  -5.656853 255.957657 74.000015
v  -11.313705 255.957657 80.000015
v  -11.313705 255.957657 64.000000
v  -5.656853 255.957657 64.000000
v  5.656845 255.957657 80.000015
v  5.656853 255.957657 70.000000
v  -0.057590 244.686264 80.000015
v  -0.057583 250.343109 80.000015
v  -0.057583 250.343109 74.000015
v  -0.057575 250.343109 70.000000
v  -0.057575 250.343109 64.000000
v  -0.057583 244.686264 64.000000
v  -0.057577 261.685669 74.000015
v  -0.057583 261.656891 80.000015
v  -0.057579 267.348297 80.000000
v  -0.057568 267.342529 64.000000
v  -0.057570 261.685669 64.000000
v  -0.057570 261.685669 70.000000
v  11.313675 255.957657 80.000015
v  5.656845 255.957657 74.000015
v  5.656853 255.957657 64.000000
v  11.313690 255.957657 64.000000
v  79.982864 341.623169 73.998878
v  79.982864 341.623169 80.000008
v  79.982864 347.295166 80.000008
v  79.982864 347.295166 64.000008
v  79.982864 341.623169 64.000008
v  79.982864 341.623169 69.977921
v  79.982864 330.328613 69.977921
v  79.982864 181.664230 80.000008
v  79.982864 181.664230 73.998878
v  79.982864 181.664230 69.977921
v  79.982864 181.664230 64.000008
v  79.982849 170.376938 73.998878
v  79.982849 170.392471 80.000008
v  79.982849 164.706161 80.000008
v  79.982849 164.706161 64.000008
v  79.982849 170.392471 64.000008
v  79.982849 170.376938 69.977921
v  -79.989563 181.658340 73.998863
v  -79.989563 181.658340 79.999992
v  -79.979126 187.327087 79.999992
v  -79.979126 187.327087 63.999992
v  -79.989563 181.658340 63.999992
v  -79.989563 181.658340 69.977905
v  -79.989548 74.336090 73.998871
v  -79.989548 74.336090 80.000000
v  -79.989548 74.336090 80.000000
v  -79.989548 68.691093 79.999992
v  -79.989548 68.691093 79.999992
v  -79.989548 68.691086 64.000000
v  -79.989548 68.691086 64.000000
v  -79.989548 74.336090 64.000000
v  -79.989548 74.336090 64.000000
v  -79.989548 74.336082 69.977905
v  -79.989548 74.336082 69.977905
v  -79.989548 85.629807 69.977905
v  -79.989563 91.301804 79.999969
v  -79.989548 85.629814 79.999985
v  -79.989548 85.629814 79.999985
v  -79.989548 85.629814 73.998871
v  -79.989548 85.629814 73.998871
v  -79.989548 74.336090 73.998871
v  -79.989548 85.629807 69.977905
v  -79.989548 85.629807 63.999985
v  -79.989548 85.629807 63.999985
v  -79.989563 91.301788 63.999985
v  -79.989563 91.301788 63.999985
v  -79.989563 91.301804 79.999969
v  -79.989563 -181.663925 73.998863
v  -79.989563 -181.663925 79.999992
v  -79.989563 -181.663925 79.999992
v  -79.989563 -187.308914 79.999992
v  -79.989563 -187.308914 79.999992
v  -79.989563 -187.308914 63.999992
v  -79.989563 -187.308914 63.999992
v  -79.989563 -181.663925 63.999992
v  -79.989563 -181.663925 63.999992
v  -79.989563 -181.663925 69.977905
v  -79.989563 -181.663925 69.977905
v  -79.989563 -170.370193 69.977905
v  -79.989578 -164.698196 79.999992
v  -79.989563 -170.370193 79.999992
v  -79.989563 -170.370193 79.999992
v  -79.989563 -170.370193 73.998863
v  -79.989563 -170.370193 73.998863
v  -79.989563 -181.663925 73.998863
v  -79.989563 -170.370193 69.977905
v  -79.989563 -170.370193 63.999992
v  -79.989563 -170.370193 63.999992
v  -79.989563 -164.698212 63.999992
v  -79.989563 -164.698212 63.999992
v  -79.989578 -164.698196 79.999992
v  -79.989548 330.336182 73.998863
v  -79.989548 330.336182 79.999992
v  -79.989548 330.336182 79.999992
v  -79.989548 324.691162 79.999992
v  -79.989548 324.691162 79.999992
v  -79.989548 324.691162 63.999992
v  -79.989548 324.691162 63.999992
v  -79.989548 330.336182 63.999992
v  -79.989548 330.336182 63.999992
v  -79.989548 330.336182 69.977905
v  -79.989548 330.336182 69.977905
v  -79.989548 341.629883 69.977905
v  -79.989563 347.301880 79.999992
v  -79.989548 341.629883 79.999992
v  -79.989548 341.629883 79.999992
v  -79.989548 341.629883 73.998863
v  -79.989548 341.629883 73.998863
v  -79.989548 330.336182 73.998863
v  -79.989548 341.629883 69.977905
v  -79.989548 341.629883 63.999992
v  -79.989548 341.629883 63.999992
v  -79.989563 347.301880 63.999992
v  -79.989563 347.301880 63.999992
v  -79.989563 347.301880 79.999992
v  -79.989563 91.301788 63.999985
v  -79.989548 85.629814 79.999985
v  -79.989548 85.629807 63.999985
v  -79.989548 74.336090 80.000000
v  -79.989548 74.336090 64.000000
v  -79.989548 68.691093 79.999992
v  -79.989548 68.691086 64.000000
v  -79.989548 85.629814 73.998871
v  -79.989548 74.336090 73.998871
v  -79.989548 85.629807 69.977905
v  -79.989548 74.336082 69.977905
v  -5.656853 -0.042344 80.000000
v  -11.313705 -0.042343 64.000000
v  -0.057579 -0.042343 70.000000
v  -79.989563 -164.698212 63.999992
v  -79.989563 -170.370193 79.999992
v  -79.989563 -170.370193 63.999992
v  -79.989563 -181.663925 79.999992
v  -79.989563 -181.663925 63.999992
v  -79.989563 -187.308914 79.999992
v  -79.989563 -187.308914 63.999992
v  -79.989563 -170.370193 73.998863
v  -79.989563 -181.663925 73.998863
v  -79.989563 -170.370193 69.977905
v  -79.989563 -181.663925 69.977905
v  -11.313713 -256.042267 79.999985
v  -5.656860 -256.042267 64.000000
v  -5.656860 -256.042267 70.000000
v  -79.989563 347.301880 63.999992
v  -79.989548 341.629883 79.999992
v  -79.989548 341.629883 63.999992
v  -79.989548 330.336182 79.999992
v  -79.989548 330.336182 63.999992
v  -79.989548 324.691162 79.999992
v  -79.989548 324.691162 63.999992
v  -79.989548 341.629883 73.998863
v  -79.989548 330.336182 73.998863
v  -79.989548 341.629883 69.977905
v  -79.989548 330.336182 69.977905
v  -5.656853 255.957657 80.000015
v  -5.656853 255.957657 70.000000
v  -0.057579 255.957657 70.000000
v  -0.057579 -0.042343 74.000000
v  -0.057587 255.957657 74.000015
# 829 vertices

vt  0.146551 0.995622 -4.000000
vt  0.146551 0.964102 -4.000000
vt  0.193830 0.964102 -4.000000
vt  0.193830 0.901064 -4.000000
vt  0.146551 0.901064 -4.000000
vt  0.146551 0.869545 -4.000000
vt  0.272628 0.869545 -4.000000
vt  0.272628 0.901064 -4.000000
vt  0.225349 0.901064 -4.000000
vt  0.225349 0.964102 -4.000000
vt  0.272628 0.964102 -4.000000
vt  0.272628 0.995622 -4.000000
vt  0.004043 0.995622 4.000000
vt  0.004043 0.964102 4.000000
vt  0.051322 0.964102 4.000000
vt  0.051322 0.901064 4.000000
vt  0.004043 0.901064 4.000000
vt  0.004043 0.869545 4.000000
vt  0.130120 0.869545 4.000000
vt  0.130120 0.901064 4.000000
vt  0.082841 0.901064 4.000000
vt  0.082841 0.964102 4.000000
vt  0.130120 0.964102 4.000000
vt  0.130120 0.995622 4.000000
vt  0.866912 0.998875 -0.000018
vt  0.851310 0.998875 -0.000015
vt  0.827928 0.998875 -0.000013
vt  0.796771 0.998875 -0.000014
vt  0.773395 0.998875 -0.000016
vt  0.757802 0.998875 -0.000020
vt  0.695561 0.998875 -0.000043
vt  0.679989 0.998875 -0.000052
vt  0.656655 0.998875 -0.000072
vt  0.968109 0.998875 -0.000075
vt  0.944755 0.998875 -0.000050
vt  0.929169 0.998875 -0.000040
vt  0.866934 0.003548 -0.000002
vt  0.851334 0.003548 -0.000002
vt  0.827953 0.003548 -0.000002
vt  0.796795 0.003548 -0.000001
vt  0.773416 0.003548 -0.000000
vt  0.757820 0.003548 0.000001
vt  0.695573 0.003548 0.000006
vt  0.679998 0.003548 0.000008
vt  0.656659 0.003548 0.000014
vt  0.968115 0.003548 0.000005
vt  0.944768 0.003548 0.000001
vt  0.929186 0.003548 0.000000
vt  0.999224 0.998875 -0.000137
vt  0.999226 0.003548 0.000014
vt  0.147017 0.860923 -4.000000
vt  0.147017 0.829404 -4.000000
vt  0.194296 0.829404 -4.000000
vt  0.194296 0.766366 -4.000000
vt  0.147017 0.766366 -4.000000
vt  0.147017 0.734847 -4.000000
vt  0.273094 0.734847 -4.000000
vt  0.273094 0.766366 -4.000000
vt  0.225815 0.766366 -4.000000
vt  0.225815 0.829404 -4.000000
vt  0.273094 0.829404 -4.000000
vt  0.273094 0.860923 -4.000000
vt  0.004509 0.860923 4.000000
vt  0.004509 0.829404 4.000000
vt  0.051788 0.829404 4.000000
vt  0.051788 0.766366 4.000000
vt  0.004509 0.766366 4.000000
vt  0.004509 0.734847 4.000000
vt  0.130586 0.734847 4.000000
vt  0.130586 0.766366 4.000000
vt  0.083307 0.766366 4.000000
vt  0.083307 0.829404 4.000000
vt  0.130586 0.829404 4.000000
vt  0.130586 0.860923 4.000000
vt  0.522252 0.998875 -0.000018
vt  0.506650 0.998875 -0.000015
vt  0.483268 0.998875 -0.000013
vt  0.452111 0.998875 -0.000014
vt  0.428734 0.998875 -0.000016
vt  0.413142 0.998875 -0.000020
vt  0.350901 0.998875 -0.000043
vt  0.335329 0.998875 -0.000052
vt  0.311995 0.998875 -0.000072
vt  0.623449 0.998875 -0.000075
vt  0.600095 0.998875 -0.000050
vt  0.584509 0.998875 -0.000040
vt  0.522274 0.003548 -0.000002
vt  0.506674 0.003548 -0.000002
vt  0.483293 0.003548 -0.000002
vt  0.452135 0.003548 -0.000001
vt  0.428756 0.003548 -0.000000
vt  0.413160 0.003548 0.000001
vt  0.350913 0.003548 0.000006
vt  0.335338 0.003548 0.000008
vt  0.311999 0.003548 0.000014
vt  0.623455 0.003548 0.000005
vt  0.600108 0.003548 0.000001
vt  0.584526 0.003548 0.000000
vt  0.654564 0.998875 -0.000137
vt  0.654566 0.003548 0.000014
vt  0.866931 0.146205 -0.000004
vt  0.851331 0.146205 -0.000004
vt  0.944766 0.146205 -0.000006
vt  0.929184 0.146205 -0.000006
vt  0.428753 0.146205 -0.000003
vt  0.413158 0.146205 -0.000002
vt  0.350911 0.146205 -0.000001
vt  0.335336 0.146205 -0.000000
vt  0.851330 0.168549 -0.000004
vt  0.944766 0.168549 -0.000007
vt  0.929183 0.168549 -0.000006
vt  0.428752 0.168549 -0.000003
vt  0.413157 0.168549 -0.000003
vt  0.350911 0.168549 -0.000002
vt  0.335336 0.168549 -0.000002
vt  0.866930 0.168549 -0.000004
vt  0.851329 0.212119 -0.000004
vt  0.944766 0.212119 -0.000009
vt  0.929182 0.212119 -0.000008
vt  0.428751 0.212119 -0.000004
vt  0.413157 0.212119 -0.000004
vt  0.350910 0.212119 -0.000004
vt  0.335336 0.212119 -0.000004
vt  0.866929 0.212119 -0.000005
vt  0.851329 0.234599 -0.000005
vt  0.944765 0.234599 -0.000011
vt  0.929182 0.234599 -0.000009
vt  0.428751 0.234599 -0.000004
vt  0.413156 0.234599 -0.000004
vt  0.350910 0.234599 -0.000005
vt  0.335336 0.234599 -0.000006
vt  0.866929 0.234599 -0.000005
vt  0.851314 0.856227 -0.000013
vt  0.944757 0.856227 -0.000042
vt  0.929172 0.856227 -0.000034
vt  0.428738 0.856227 -0.000014
vt  0.413145 0.856227 -0.000017
vt  0.350902 0.856227 -0.000036
vt  0.335330 0.856227 -0.000043
vt  0.866915 0.856227 -0.000016
vt  0.866916 0.834116 -0.000015
vt  0.851314 0.834116 -0.000013
vt  0.944758 0.834116 -0.000041
vt  0.929172 0.834116 -0.000033
vt  0.428738 0.834116 -0.000014
vt  0.413145 0.834116 -0.000016
vt  0.350903 0.834116 -0.000035
vt  0.335331 0.834116 -0.000042
vt  0.866917 0.790304 -0.000014
vt  0.851315 0.790304 -0.000012
vt  0.944758 0.790304 -0.000039
vt  0.929173 0.790304 -0.000031
vt  0.428739 0.790304 -0.000013
vt  0.413146 0.790304 -0.000016
vt  0.350903 0.790304 -0.000033
vt  0.335331 0.790304 -0.000039
vt  0.866917 0.768409 -0.000014
vt  0.851316 0.768409 -0.000012
vt  0.944758 0.768409 -0.000038
vt  0.929173 0.768409 -0.000030
vt  0.428739 0.768409 -0.000013
vt  0.413147 0.768409 -0.000015
vt  0.350903 0.768409 -0.000032
vt  0.335331 0.768409 -0.000038
vt  0.890284 0.168549 -0.000005
vt  0.890283 0.212119 -0.000006
vt  0.890271 0.834116 -0.000022
vt  0.389796 0.834116 -0.000023
vt  0.890271 0.790304 -0.000021
vt  0.389796 0.790304 -0.000022
vt  0.906010 0.168549 -0.000006
vt  0.906009 0.212119 -0.000007
vt  0.905998 0.834116 -0.000026
vt  0.905999 0.790304 -0.000025
vt  0.374072 0.834116 -0.000028
vt  0.374072 0.790304 -0.000026
vt  0.413146 0.790304 -0.000016
vt  0.413145 0.834116 -0.000016
vt  0.389796 0.834116 -0.000023
vt  0.389796 0.790304 -0.000022
vt  0.374072 0.834116 -0.000028
vt  0.350903 0.834116 -0.000035
vt  0.350903 0.790304 -0.000033
vt  0.374072 0.790304 -0.000026
vt  0.452124 0.477232 -0.000007
vt  0.428746 0.477232 -0.000008
vt  0.413152 0.461680 -0.000009
vt  0.350907 0.461680 -0.000017
vt  0.335334 0.477232 -0.000020
vt  0.311997 0.477232 -0.000027
vt  0.654565 0.477232 -0.000058
vt  0.522262 0.523888 -0.000010
vt  0.506662 0.508336 -0.000008
vt  0.483280 0.508336 -0.000007
vt  0.623452 0.508336 -0.000036
vt  0.600102 0.508336 -0.000025
vt  0.584517 0.523888 -0.000021
vt  0.522264 0.461596 -0.000009
vt  0.506663 0.477148 -0.000008
vt  0.483281 0.477148 -0.000007
vt  0.623452 0.477148 -0.000033
vt  0.600102 0.477148 -0.000023
vt  0.584518 0.461596 -0.000018
vt  0.467660 0.492742 -0.000007
vt  0.639050 0.492742 -0.000047
vt  0.452123 0.508252 -0.000007
vt  0.428745 0.508252 -0.000008
vt  0.413151 0.523804 -0.000010
vt  0.350906 0.523804 -0.000020
vt  0.335333 0.508252 -0.000022
vt  0.311997 0.508252 -0.000030
vt  0.654565 0.508252 -0.000062
vt  0.467660 0.492742 -0.000007
vt  0.639050 0.492742 -0.000047
vt  0.866923 0.483674 -0.000009
vt  0.851322 0.499226 -0.000008
vt  0.827941 0.499226 -0.000007
vt  0.968112 0.499226 -0.000035
vt  0.944762 0.499226 -0.000024
vt  0.929178 0.483674 -0.000019
vt  0.796783 0.530330 -0.000008
vt  0.773405 0.530330 -0.000009
vt  0.757811 0.545882 -0.000010
vt  0.695566 0.545882 -0.000021
vt  0.679993 0.530330 -0.000024
vt  0.656657 0.530330 -0.000031
vt  0.999225 0.530330 -0.000066
vt  0.851322 0.530879 -0.000009
vt  0.827940 0.530879 -0.000008
vt  0.968112 0.530879 -0.000038
vt  0.944761 0.530879 -0.000026
vt  0.929177 0.546431 -0.000022
vt  0.866922 0.546431 -0.000010
vt  0.812087 0.515053 -0.000007
vt  0.983943 0.515053 -0.000051
vt  0.796783 0.499775 -0.000007
vt  0.773405 0.499775 -0.000008
vt  0.757812 0.484223 -0.000009
vt  0.695567 0.484223 -0.000018
vt  0.679993 0.499775 -0.000022
vt  0.656657 0.499775 -0.000029
vt  0.999225 0.499775 -0.000061
vt  0.812087 0.515053 -0.000007
vt  0.983943 0.515053 -0.000051
vt  0.506652 0.917114 -0.000014
vt  0.483270 0.917114 -0.000012
vt  0.452112 0.948257 -0.000013
vt  0.428736 0.948257 -0.000015
vt  0.413143 0.963809 -0.000019
vt  0.350901 0.963809 -0.000042
vt  0.335330 0.948257 -0.000049
vt  0.311995 0.948257 -0.000067
vt  0.654564 0.948257 -0.000129
vt  0.623449 0.917114 -0.000069
vt  0.600096 0.917114 -0.000045
vt  0.584511 0.901553 -0.000036
vt  0.522254 0.901553 -0.000016
vt  0.866932 0.106377 -0.000003
vt  0.851332 0.090834 -0.000003
vt  0.827951 0.090834 -0.000003
vt  0.968114 0.090834 -0.000002
vt  0.944767 0.090834 -0.000003
vt  0.929184 0.106377 -0.000004
vt  0.796794 0.059771 -0.000002
vt  0.773415 0.059771 -0.000001
vt  0.757820 0.044219 -0.000000
vt  0.695572 0.044219 0.000004
vt  0.679997 0.059771 0.000005
vt  0.656658 0.059771 0.000009
vt  0.999226 0.059771 0.000006
vt  0.522273 0.022151 -0.000002
vt  0.452134 0.068775 -0.000002
vt  0.428755 0.068775 -0.000001
vt  0.413159 0.084318 -0.000001
vt  0.350912 0.084318 0.000002
vt  0.335337 0.068775 0.000004
vt  0.311998 0.068775 0.000008
vt  0.654566 0.068775 0.000005
vt  0.506673 0.037703 -0.000002
vt  0.483292 0.037703 -0.000002
vt  0.623455 0.037703 0.000002
vt  0.600108 0.037703 -0.000000
vt  0.584526 0.022151 -0.000001
vt  0.851311 0.970324 -0.000014
vt  0.827929 0.970324 -0.000013
vt  0.796773 0.939191 -0.000013
vt  0.773396 0.939191 -0.000015
vt  0.757804 0.923630 -0.000018
vt  0.695562 0.923630 -0.000040
vt  0.679990 0.939191 -0.000048
vt  0.656655 0.939191 -0.000067
vt  0.999224 0.939191 -0.000128
vt  0.968109 0.970324 -0.000073
vt  0.944756 0.970324 -0.000048
vt  0.929169 0.985876 -0.000039
vt  0.866912 0.985876 -0.000018
vt  0.313121 1.434930 0.000000
vt  0.617640 1.434930 0.000000
vt  0.313121 1.472995 0.000000
vt  0.617640 1.472995 0.000000
vt  0.313556 1.428536 0.000000
vt  0.313556 -0.401466 0.000000
vt  0.275431 1.428536 0.000000
vt  0.275431 -0.401466 0.000000
vt  0.314011 1.433759 0.000000
vt  0.314011 -0.401947 0.000000
vt  0.619962 1.433759 0.000000
vt  0.619962 -0.401947 0.000000
vt  0.969948 1.418422 0.000000
vt  0.664139 1.418422 0.000000
vt  0.969948 1.457131 0.000000
vt  0.664139 1.457131 0.000000
vt  0.656473 -0.395513 0.000000
vt  0.656473 1.434490 0.000000
vt  0.618348 -0.395513 0.000000
vt  0.618348 1.434490 0.000000
vt  0.970380 1.432242 0.000000
vt  0.970380 -0.403464 0.000000
vt  0.664429 1.432242 0.000000
vt  0.664429 -0.403464 0.000000
vt  0.313121 1.001619 0.000000
vt  0.617640 1.001619 0.000000
vt  0.313121 1.039684 0.000000
vt  0.617640 1.039684 0.000000
vt  0.313556 0.995225 0.000000
vt  0.313556 -0.834777 0.000000
vt  0.275431 0.995225 0.000000
vt  0.275431 -0.834777 0.000000
vt  0.314011 1.000448 0.000000
vt  0.314011 -0.835258 0.000000
vt  0.619962 1.000448 0.000000
vt  0.619962 -0.835258 0.000000
vt  0.969948 0.985111 0.000000
vt  0.664139 0.985111 0.000000
vt  0.969948 1.023820 0.000000
vt  0.664139 1.023820 0.000000
vt  0.656473 -0.828824 0.000000
vt  0.656473 1.001179 0.000000
vt  0.618348 -0.828824 0.000000
vt  0.618348 1.001179 0.000000
vt  0.970380 0.998931 0.000000
vt  0.970380 -0.836775 0.000000
vt  0.664429 0.998931 0.000000
vt  0.664429 -0.836775 0.000000
vt  0.968839 1.574982 0.000000
vt  0.664320 1.574982 0.000000
vt  0.968839 1.613047 0.000000
vt  0.664320 1.613047 0.000000
vt  0.968404 1.568588 0.000000
vt  0.968404 -0.261414 0.000000
vt  1.006529 1.568588 0.000000
vt  1.006529 -0.261414 0.000000
vt  0.967949 1.573811 0.000000
vt  0.967949 -0.261895 0.000000
vt  0.661998 1.573811 0.000000
vt  0.661998 -0.261895 0.000000
vt  0.312012 1.558474 0.000000
vt  0.617821 1.558474 0.000000
vt  0.312012 1.597184 0.000000
vt  0.617821 1.597184 0.000000
vt  0.625487 -0.255461 0.000000
vt  0.625487 1.574542 0.000000
vt  0.663612 -0.255461 0.000000
vt  0.663612 1.574542 0.000000
vt  0.311580 1.572294 0.000000
vt  0.311580 -0.263412 0.000000
vt  0.617531 1.572294 0.000000
vt  0.617531 -0.263412 0.000000
vt  0.968839 1.001619 0.000000
vt  0.664320 1.001619 0.000000
vt  0.968839 1.039684 0.000000
vt  0.664320 1.039684 0.000000
vt  0.968404 0.995225 0.000000
vt  0.968404 -0.834777 0.000000
vt  1.006529 0.995225 0.000000
vt  1.006529 -0.834777 0.000000
vt  0.967949 1.000448 0.000000
vt  0.967949 -0.835258 0.000000
vt  0.661998 1.000448 0.000000
vt  0.661998 -0.835258 0.000000
vt  0.312012 0.985111 0.000000
vt  0.617821 0.985111 0.000000
vt  0.312012 1.023820 0.000000
vt  0.617821 1.023820 0.000000
vt  0.625487 -0.828824 0.000000
vt  0.625487 1.001179 0.000000
vt  0.663612 -0.828824 0.000000
vt  0.663612 1.001179 0.000000
vt  0.311580 0.998931 0.000000
vt  0.311580 -0.836775 0.000000
vt  0.617531 0.998931 0.000000
vt  0.617531 -0.836775 0.000000
vt  0.968839 1.001619 0.000000
vt  0.664320 1.001619 0.000000
vt  0.968839 1.039684 0.000000
vt  0.664320 1.039684 0.000000
vt  0.968404 0.995225 0.000000
vt  0.968404 -0.834777 0.000000
vt  1.006529 0.995225 0.000000
vt  1.006529 -0.834777 0.000000
vt  0.967949 1.000448 0.000000
vt  0.967949 -0.835258 0.000000
vt  0.661998 1.000448 0.000000
vt  0.661998 -0.835258 0.000000
vt  0.312012 0.985111 0.000000
vt  0.617821 0.985111 0.000000
vt  0.312012 1.023820 0.000000
vt  0.617821 1.023820 0.000000
vt  0.625487 -0.828824 0.000000
vt  0.625487 1.001179 0.000000
vt  0.663612 -0.828824 0.000000
vt  0.663612 1.001179 0.000000
vt  0.311580 0.998931 0.000000
vt  0.311580 -0.836775 0.000000
vt  0.617531 0.998931 0.000000
vt  0.617531 -0.836775 0.000000
vt  0.968839 1.574982 0.000000
vt  0.664320 1.574982 0.000000
vt  0.968839 1.613047 0.000000
vt  0.664320 1.613047 0.000000
vt  0.968404 1.568588 0.000000
vt  0.968404 -0.261414 0.000000
vt  1.006529 1.568588 0.000000
vt  1.006529 -0.261414 0.000000
vt  0.967949 1.573811 0.000000
vt  0.967949 -0.261895 0.000000
vt  0.661998 1.573811 0.000000
vt  0.661998 -0.261895 0.000000
vt  0.312012 1.558474 0.000000
vt  0.617821 1.558474 0.000000
vt  0.312012 1.597184 0.000000
vt  0.617821 1.597184 0.000000
vt  0.625487 -0.255461 0.000000
vt  0.625487 1.574542 0.000000
vt  0.663612 -0.255461 0.000000
vt  0.663612 1.574542 0.000000
vt  0.311580 1.572294 0.000000
vt  0.311580 -0.263412 0.000000
vt  0.617531 1.572294 0.000000
vt  0.617531 -0.263412 0.000000
vt  0.313121 1.001619 0.000000
vt  0.617640 1.001619 0.000000
vt  0.313121 1.039684 0.000000
vt  0.617640 1.039684 0.000000
vt  0.313556 0.995225 0.000000
vt  0.313556 -0.834777 0.000000
vt  0.275431 0.995225 0.000000
vt  0.275431 -0.834777 0.000000
vt  0.314011 1.000448 0.000000
vt  0.314011 -0.835258 0.000000
vt  0.619962 1.000448 0.000000
vt  0.619962 -0.835258 0.000000
vt  0.969948 0.985111 0.000000
vt  0.664139 0.985111 0.000000
vt  0.969948 1.023820 0.000000
vt  0.664139 1.023820 0.000000
vt  0.656473 -0.828824 0.000000
vt  0.656473 1.001179 0.000000
vt  0.618348 -0.828824 0.000000
vt  0.618348 1.001179 0.000000
vt  0.970380 0.998931 0.000000
vt  0.970380 -0.836775 0.000000
vt  0.664429 0.998931 0.000000
vt  0.664429 -0.836775 0.000000
vt  0.313121 1.434930 0.000000
vt  0.617640 1.434930 0.000000
vt  0.313121 1.472995 0.000000
vt  0.617640 1.472995 0.000000
vt  0.313556 1.428536 0.000000
vt  0.313556 -0.401466 0.000000
vt  0.275431 1.428536 0.000000
vt  0.275431 -0.401466 0.000000
vt  0.314011 1.433759 0.000000
vt  0.314011 -0.401947 0.000000
vt  0.619962 1.433759 0.000000
vt  0.619962 -0.401947 0.000000
vt  0.969948 1.418422 0.000000
vt  0.664139 1.418422 0.000000
vt  0.969948 1.457131 0.000000
vt  0.664139 1.457131 0.000000
vt  0.656473 -0.395513 0.000000
vt  0.656473 1.434490 0.000000
vt  0.618348 -0.395513 0.000000
vt  0.618348 1.434490 0.000000
vt  0.970380 1.432242 0.000000
vt  0.970380 -0.403464 0.000000
vt  0.664429 1.432242 0.000000
vt  0.664429 -0.403464 0.000000
vt  0.146551 0.995622 -4.000000
vt  0.146551 0.964102 -4.000000
vt  0.193830 0.964102 -4.000000
vt  0.193830 0.901064 -4.000000
vt  0.146551 0.901064 -4.000000
vt  0.146551 0.869545 -4.000000
vt  0.272628 0.869545 -4.000000
vt  0.272628 0.901064 -4.000000
vt  0.225349 0.901064 -4.000000
vt  0.225349 0.964102 -4.000000
vt  0.272628 0.964102 -4.000000
vt  0.272628 0.995622 -4.000000
vt  0.004043 0.995622 4.000000
vt  0.004043 0.964102 4.000000
vt  0.051322 0.964102 4.000000
vt  0.051322 0.901064 4.000000
vt  0.004043 0.901064 4.000000
vt  0.004043 0.869545 4.000000
vt  0.130120 0.869545 4.000000
vt  0.130120 0.901064 4.000000
vt  0.082841 0.901064 4.000000
vt  0.082841 0.964102 4.000000
vt  0.130120 0.964102 4.000000
vt  0.130120 0.995622 4.000000
vt  0.866912 0.998875 -0.000018
vt  0.851310 0.998875 -0.000015
vt  0.827928 0.998875 -0.000013
vt  0.796771 0.998875 -0.000014
vt  0.773395 0.998875 -0.000016
vt  0.757802 0.998875 -0.000020
vt  0.695561 0.998875 -0.000043
vt  0.679989 0.998875 -0.000052
vt  0.656655 0.998875 -0.000072
vt  0.968109 0.998875 -0.000075
vt  0.944755 0.998875 -0.000050
vt  0.929169 0.998875 -0.000040
vt  0.866934 0.003548 -0.000002
vt  0.851334 0.003548 -0.000002
vt  0.827953 0.003548 -0.000002
vt  0.796795 0.003548 -0.000001
vt  0.773416 0.003548 -0.000000
vt  0.757820 0.003548 0.000001
vt  0.695573 0.003548 0.000006
vt  0.679998 0.003548 0.000008
vt  0.656659 0.003548 0.000014
vt  0.968115 0.003548 0.000005
vt  0.944768 0.003548 0.000001
vt  0.929186 0.003548 0.000000
vt  0.999224 0.998875 -0.000137
vt  0.999226 0.003548 0.000014
vt  0.147017 0.860923 -4.000000
vt  0.147017 0.829404 -4.000000
vt  0.194296 0.829404 -4.000000
vt  0.194296 0.766366 -4.000000
vt  0.147017 0.766366 -4.000000
vt  0.147017 0.734847 -4.000000
vt  0.273094 0.734847 -4.000000
vt  0.273094 0.766366 -4.000000
vt  0.225815 0.766366 -4.000000
vt  0.225815 0.829404 -4.000000
vt  0.273094 0.829404 -4.000000
vt  0.273094 0.860923 -4.000000
vt  0.004509 0.860923 4.000000
vt  0.004509 0.829404 4.000000
vt  0.051788 0.829404 4.000000
vt  0.051788 0.766366 4.000000
vt  0.004509 0.766366 4.000000
vt  0.004509 0.734847 4.000000
vt  0.130586 0.734847 4.000000
vt  0.130586 0.766366 4.000000
vt  0.083307 0.766366 4.000000
vt  0.083307 0.829404 4.000000
vt  0.130586 0.829404 4.000000
vt  0.130586 0.860923 4.000000
vt  0.522252 0.998875 -0.000018
vt  0.506650 0.998875 -0.000015
vt  0.483268 0.998875 -0.000013
vt  0.452111 0.998875 -0.000014
vt  0.428734 0.998875 -0.000016
vt  0.413142 0.998875 -0.000020
vt  0.350901 0.998875 -0.000043
vt  0.335329 0.998875 -0.000052
vt  0.311995 0.998875 -0.000072
vt  0.623449 0.998875 -0.000075
vt  0.600095 0.998875 -0.000050
vt  0.584509 0.998875 -0.000040
vt  0.522274 0.003548 -0.000002
vt  0.506674 0.003548 -0.000002
vt  0.483293 0.003548 -0.000002
vt  0.452135 0.003548 -0.000001
vt  0.428756 0.003548 -0.000000
vt  0.413160 0.003548 0.000001
vt  0.350913 0.003548 0.000006
vt  0.335338 0.003548 0.000008
vt  0.311999 0.003548 0.000014
vt  0.623455 0.003548 0.000005
vt  0.600108 0.003548 0.000001
vt  0.584526 0.003548 0.000000
vt  0.654564 0.998875 -0.000137
vt  0.654566 0.003548 0.000014
vt  0.866931 0.146205 -0.000004
vt  0.851331 0.146205 -0.000004
vt  0.944766 0.146205 -0.000006
vt  0.929184 0.146205 -0.000006
vt  0.428753 0.146205 -0.000003
vt  0.413158 0.146205 -0.000002
vt  0.350911 0.146205 -0.000001
vt  0.335336 0.146205 -0.000000
vt  0.851330 0.168549 -0.000004
vt  0.944766 0.168549 -0.000007
vt  0.929183 0.168549 -0.000006
vt  0.428752 0.168549 -0.000003
vt  0.413157 0.168549 -0.000003
vt  0.350911 0.168549 -0.000002
vt  0.335336 0.168549 -0.000002
vt  0.866930 0.168549 -0.000004
vt  0.851329 0.212119 -0.000004
vt  0.944766 0.212119 -0.000009
vt  0.929182 0.212119 -0.000008
vt  0.428751 0.212119 -0.000004
vt  0.413157 0.212119 -0.000004
vt  0.350910 0.212119 -0.000004
vt  0.335336 0.212119 -0.000004
vt  0.866929 0.212119 -0.000005
vt  0.851329 0.234599 -0.000005
vt  0.944765 0.234599 -0.000011
vt  0.929182 0.234599 -0.000009
vt  0.428751 0.234599 -0.000004
vt  0.413156 0.234599 -0.000004
vt  0.350910 0.234599 -0.000005
vt  0.335336 0.234599 -0.000006
vt  0.866929 0.234599 -0.000005
vt  0.851314 0.856227 -0.000013
vt  0.944757 0.856227 -0.000042
vt  0.929172 0.856227 -0.000034
vt  0.428738 0.856227 -0.000014
vt  0.413145 0.856227 -0.000017
vt  0.350902 0.856227 -0.000036
vt  0.335330 0.856227 -0.000043
vt  0.866915 0.856227 -0.000016
vt  0.866916 0.834116 -0.000015
vt  0.851314 0.834116 -0.000013
vt  0.944758 0.834116 -0.000041
vt  0.929172 0.834116 -0.000033
vt  0.428738 0.834116 -0.000014
vt  0.413145 0.834116 -0.000016
vt  0.350903 0.834116 -0.000035
vt  0.335331 0.834116 -0.000042
vt  0.866917 0.790304 -0.000014
vt  0.851315 0.790304 -0.000012
vt  0.944758 0.790304 -0.000039
vt  0.929173 0.790304 -0.000031
vt  0.428739 0.790304 -0.000013
vt  0.413146 0.790304 -0.000016
vt  0.350903 0.790304 -0.000033
vt  0.335331 0.790304 -0.000039
vt  0.866917 0.768409 -0.000014
vt  0.851316 0.768409 -0.000012
vt  0.944758 0.768409 -0.000038
vt  0.929173 0.768409 -0.000030
vt  0.428739 0.768409 -0.000013
vt  0.413147 0.768409 -0.000015
vt  0.350903 0.768409 -0.000032
vt  0.335331 0.768409 -0.000038
vt  0.890284 0.168549 -0.000005
vt  0.890283 0.212119 -0.000006
vt  0.890271 0.834116 -0.000022
vt  0.389796 0.834116 -0.000023
vt  0.890271 0.790304 -0.000021
vt  0.389796 0.790304 -0.000022
vt  0.906010 0.168549 -0.000006
vt  0.906009 0.212119 -0.000007
vt  0.905998 0.834116 -0.000026
vt  0.905999 0.790304 -0.000025
vt  0.374072 0.834116 -0.000028
vt  0.374072 0.790304 -0.000026
vt  0.413146 0.790304 -0.000016
vt  0.413145 0.834116 -0.000016
vt  0.389796 0.834116 -0.000023
vt  0.389796 0.790304 -0.000022
vt  0.374072 0.834116 -0.000028
vt  0.350903 0.834116 -0.000035
vt  0.350903 0.790304 -0.000033
vt  0.374072 0.790304 -0.000026
vt  0.452124 0.477232 -0.000007
vt  0.428746 0.477232 -0.000008
vt  0.413152 0.461680 -0.000009
vt  0.350907 0.461680 -0.000017
vt  0.335334 0.477232 -0.000020
vt  0.311997 0.477232 -0.000027
vt  0.654565 0.477232 -0.000058
vt  0.522262 0.523888 -0.000010
vt  0.506662 0.508336 -0.000008
vt  0.483280 0.508336 -0.000007
vt  0.623452 0.508336 -0.000036
vt  0.600102 0.508336 -0.000025
vt  0.584517 0.523888 -0.000021
vt  0.522264 0.461596 -0.000009
vt  0.506663 0.477148 -0.000008
vt  0.483281 0.477148 -0.000007
vt  0.623452 0.477148 -0.000033
vt  0.600102 0.477148 -0.000023
vt  0.584518 0.461596 -0.000018
vt  0.467660 0.492742 -0.000007
vt  0.639050 0.492742 -0.000047
vt  0.452123 0.508252 -0.000007
vt  0.428745 0.508252 -0.000008
vt  0.413151 0.523804 -0.000010
vt  0.350906 0.523804 -0.000020
vt  0.335333 0.508252 -0.000022
vt  0.311997 0.508252 -0.000030
vt  0.654565 0.508252 -0.000062
vt  0.467660 0.492742 -0.000007
vt  0.639050 0.492742 -0.000047
vt  0.866923 0.483674 -0.000009
vt  0.851322 0.499226 -0.000008
vt  0.827941 0.499226 -0.000007
vt  0.968112 0.499226 -0.000035
vt  0.944762 0.499226 -0.000024
vt  0.929178 0.483674 -0.000019
vt  0.796783 0.530330 -0.000008
vt  0.773405 0.530330 -0.000009
vt  0.757811 0.545882 -0.000010
vt  0.695566 0.545882 -0.000021
vt  0.679993 0.530330 -0.000024
vt  0.656657 0.530330 -0.000031
vt  0.999225 0.530330 -0.000066
vt  0.851322 0.530879 -0.000009
vt  0.827940 0.530879 -0.000008
vt  0.968112 0.530879 -0.000038
vt  0.944761 0.530879 -0.000026
vt  0.929177 0.546431 -0.000022
vt  0.866922 0.546431 -0.000010
vt  0.812087 0.515053 -0.000007
vt  0.983943 0.515053 -0.000051
vt  0.796783 0.499775 -0.000007
vt  0.773405 0.499775 -0.000008
vt  0.757812 0.484223 -0.000009
vt  0.695567 0.484223 -0.000018
vt  0.679993 0.499775 -0.000022
vt  0.656657 0.499775 -0.000029
vt  0.999225 0.499775 -0.000061
vt  0.812087 0.515053 -0.000007
vt  0.983943 0.515053 -0.000051
vt  0.506652 0.917114 -0.000014
vt  0.483270 0.917114 -0.000012
vt  0.452112 0.948257 -0.000013
vt  0.428736 0.948257 -0.000015
vt  0.413143 0.963809 -0.000019
vt  0.350901 0.963809 -0.000042
vt  0.335330 0.948257 -0.000049
vt  0.311995 0.948257 -0.000067
vt  0.654564 0.948257 -0.000129
vt  0.623449 0.917114 -0.000069
vt  0.600096 0.917114 -0.000045
vt  0.584511 0.901553 -0.000036
vt  0.522254 0.901553 -0.000016
vt  0.866932 0.106377 -0.000003
vt  0.851332 0.090834 -0.000003
vt  0.827951 0.090834 -0.000003
vt  0.968114 0.090834 -0.000002
vt  0.944767 0.090834 -0.000003
vt  0.929184 0.106377 -0.000004
vt  0.796794 0.059771 -0.000002
vt  0.773415 0.059771 -0.000001
vt  0.757820 0.044219 -0.000000
vt  0.695572 0.044219 0.000004
vt  0.679997 0.059771 0.000005
vt  0.656658 0.059771 0.000009
vt  0.999226 0.059771 0.000006
vt  0.522273 0.022151 -0.000002
vt  0.452134 0.068775 -0.000002
vt  0.428755 0.068775 -0.000001
vt  0.413159 0.084318 -0.000001
vt  0.350912 0.084318 0.000002
vt  0.335337 0.068775 0.000004
vt  0.311998 0.068775 0.000008
vt  0.654566 0.068775 0.000005
vt  0.506673 0.037703 -0.000002
vt  0.483292 0.037703 -0.000002
vt  0.623455 0.037703 0.000002
vt  0.600108 0.037703 -0.000000
vt  0.584526 0.022151 -0.000001
vt  0.851311 0.970324 -0.000014
vt  0.827929 0.970324 -0.000013
vt  0.796773 0.939191 -0.000013
vt  0.773396 0.939191 -0.000015
vt  0.757804 0.923630 -0.000018
vt  0.695562 0.923630 -0.000040
vt  0.679990 0.939191 -0.000048
vt  0.656655 0.939191 -0.000067
vt  0.999224 0.939191 -0.000128
vt  0.968109 0.970324 -0.000073
vt  0.944756 0.970324 -0.000048
vt  0.929169 0.985876 -0.000039
vt  0.866912 0.985876 -0.000018
vt  0.147017 0.860923 -4.000000
vt  0.147017 0.829404 -4.000000
vt  0.194296 0.829404 -4.000000
vt  0.194296 0.766366 -4.000000
vt  0.147017 0.766366 -4.000000
vt  0.147017 0.734847 -4.000000
vt  0.273094 0.734847 -4.000000
vt  0.273094 0.766366 -4.000000
vt  0.225815 0.766366 -4.000000
vt  0.225815 0.829404 -4.000000
vt  0.273094 0.829404 -4.000000
vt  0.273094 0.860923 -4.000000
vt  0.004509 0.860923 4.000000
vt  0.004509 0.829404 4.000000
vt  0.051788 0.829404 4.000000
vt  0.051788 0.766366 4.000000
vt  0.004509 0.766366 4.000000
vt  0.004509 0.734847 4.000000
vt  0.130586 0.734847 4.000000
vt  0.130586 0.766366 4.000000
vt  0.083307 0.766366 4.000000
vt  0.083307 0.829404 4.000000
vt  0.130586 0.829404 4.000000
vt  0.130586 0.860923 4.000000
vt  0.522252 0.998875 -0.000018
vt  0.506650 0.998875 -0.000015
vt  0.483268 0.998875 -0.000013
vt  0.452111 0.998875 -0.000014
vt  0.428734 0.998875 -0.000016
vt  0.413142 0.998875 -0.000020
vt  0.350901 0.998875 -0.000043
vt  0.335329 0.998875 -0.000052
vt  0.311995 0.998875 -0.000072
vt  0.623449 0.998875 -0.000075
vt  0.600095 0.998875 -0.000050
vt  0.584509 0.998875 -0.000040
vt  0.522274 0.003548 -0.000002
vt  0.506674 0.003548 -0.000002
vt  0.483293 0.003548 -0.000002
vt  0.452135 0.003548 -0.000001
vt  0.428756 0.003548 -0.000000
vt  0.413160 0.003548 0.000001
vt  0.350913 0.003548 0.000006
vt  0.335338 0.003548 0.000008
vt  0.311999 0.003548 0.000014
vt  0.623455 0.003548 0.000005
vt  0.600108 0.003548 0.000001
vt  0.584526 0.003548 0.000000
vt  0.654564 0.998875 -0.000137
vt  0.654566 0.003548 0.000014
vt  0.146551 0.995622 -4.000000
vt  0.146551 0.964102 -4.000000
vt  0.193830 0.964102 -4.000000
vt  0.193830 0.901064 -4.000000
vt  0.146551 0.901064 -4.000000
vt  0.146551 0.869545 -4.000000
vt  0.272628 0.869545 -4.000000
vt  0.272628 0.901064 -4.000000
vt  0.225349 0.901064 -4.000000
vt  0.225349 0.964102 -4.000000
vt  0.272628 0.964102 -4.000000
vt  0.272628 0.995622 -4.000000
vt  0.004043 0.995622 4.000000
vt  0.004043 0.964102 4.000000
vt  0.051322 0.964102 4.000000
vt  0.051322 0.901064 4.000000
vt  0.004043 0.901064 4.000000
vt  0.004043 0.869545 4.000000
vt  0.130120 0.869545 4.000000
vt  0.130120 0.901064 4.000000
vt  0.082841 0.901064 4.000000
vt  0.082841 0.964102 4.000000
vt  0.130120 0.964102 4.000000
vt  0.130120 0.995622 4.000000
vt  0.866912 0.998875 -0.000018
vt  0.851310 0.998875 -0.000015
vt  0.827928 0.998875 -0.000013
vt  0.796771 0.998875 -0.000014
vt  0.773395 0.998875 -0.000016
vt  0.757802 0.998875 -0.000020
vt  0.695561 0.998875 -0.000043
vt  0.679989 0.998875 -0.000052
vt  0.656655 0.998875 -0.000072
vt  0.968109 0.998875 -0.000075
vt  0.944755 0.998875 -0.000050
vt  0.929169 0.998875 -0.000040
vt  0.866934 0.003548 -0.000002
vt  0.851334 0.003548 -0.000002
vt  0.827953 0.003548 -0.000002
vt  0.796795 0.003548 -0.000001
vt  0.773416 0.003548 -0.000000
vt  0.757820 0.003548 0.000001
vt  0.695573 0.003548 0.000006
vt  0.679998 0.003548 0.000008
vt  0.656659 0.003548 0.000014
vt  0.968115 0.003548 0.000005
vt  0.944768 0.003548 0.000001
vt  0.929186 0.003548 0.000000
vt  0.999224 0.998875 -0.000137
vt  0.999226 0.003548 0.000014
vt  0.147017 0.860923 -4.000000
vt  0.147017 0.829404 -4.000000
vt  0.194296 0.829404 -4.000000
vt  0.194296 0.766366 -4.000000
vt  0.147017 0.766366 -4.000000
vt  0.147017 0.734847 -4.000000
vt  0.273094 0.734847 -4.000000
vt  0.273094 0.766366 -4.000000
vt  0.225815 0.766366 -4.000000
vt  0.225815 0.829404 -4.000000
vt  0.273094 0.829404 -4.000000
vt  0.273094 0.860923 -4.000000
vt  0.004509 0.860923 4.000000
vt  0.004509 0.829404 4.000000
vt  0.051788 0.829404 4.000000
vt  0.051788 0.766366 4.000000
vt  0.004509 0.766366 4.000000
vt  0.004509 0.734847 4.000000
vt  0.130586 0.734847 4.000000
vt  0.130586 0.766366 4.000000
vt  0.083307 0.766366 4.000000
vt  0.083307 0.829404 4.000000
vt  0.130586 0.829404 4.000000
vt  0.130586 0.860923 4.000000
vt  0.522252 0.998875 -0.000018
vt  0.506650 0.998875 -0.000015
vt  0.483268 0.998875 -0.000013
vt  0.452111 0.998875 -0.000014
vt  0.428734 0.998875 -0.000016
vt  0.413142 0.998875 -0.000020
vt  0.350901 0.998875 -0.000043
vt  0.335329 0.998875 -0.000052
vt  0.311995 0.998875 -0.000072
vt  0.623449 0.998875 -0.000075
vt  0.600095 0.998875 -0.000050
vt  0.584509 0.998875 -0.000040
vt  0.522274 0.003548 -0.000002
vt  0.506674 0.003548 -0.000002
vt  0.483293 0.003548 -0.000002
vt  0.452135 0.003548 -0.000001
vt  0.428756 0.003548 -0.000000
vt  0.413160 0.003548 0.000001
vt  0.350913 0.003548 0.000006
vt  0.335338 0.003548 0.000008
vt  0.311999 0.003548 0.000014
vt  0.623455 0.003548 0.000005
vt  0.600108 0.003548 0.000001
vt  0.584526 0.003548 0.000000
vt  0.654564 0.998875 -0.000137
vt  0.654566 0.003548 0.000014
vt  0.866931 0.146205 -0.000004
vt  0.851331 0.146205 -0.000004
vt  0.944766 0.146205 -0.000006
vt  0.929184 0.146205 -0.000006
vt  0.428753 0.146205 -0.000003
vt  0.413158 0.146205 -0.000002
vt  0.350911 0.146205 -0.000001
vt  0.335336 0.146205 -0.000000
vt  0.851330 0.168549 -0.000004
vt  0.944766 0.168549 -0.000007
vt  0.929183 0.168549 -0.000006
vt  0.428752 0.168549 -0.000003
vt  0.413157 0.168549 -0.000003
vt  0.350911 0.168549 -0.000002
vt  0.335336 0.168549 -0.000002
vt  0.866930 0.168549 -0.000004
vt  0.851329 0.212119 -0.000004
vt  0.944766 0.212119 -0.000009
vt  0.929182 0.212119 -0.000008
vt  0.428751 0.212119 -0.000004
vt  0.413157 0.212119 -0.000004
vt  0.350910 0.212119 -0.000004
vt  0.335336 0.212119 -0.000004
vt  0.866929 0.212119 -0.000005
vt  0.851329 0.234599 -0.000005
vt  0.944765 0.234599 -0.000011
vt  0.929182 0.234599 -0.000009
vt  0.428751 0.234599 -0.000004
vt  0.413156 0.234599 -0.000004
vt  0.350910 0.234599 -0.000005
vt  0.335336 0.234599 -0.000006
vt  0.866929 0.234599 -0.000005
vt  0.851314 0.856227 -0.000013
vt  0.944757 0.856227 -0.000042
vt  0.929172 0.856227 -0.000034
vt  0.428738 0.856227 -0.000014
vt  0.413145 0.856227 -0.000017
vt  0.350902 0.856227 -0.000036
vt  0.335330 0.856227 -0.000043
vt  0.866915 0.856227 -0.000016
vt  0.866916 0.834116 -0.000015
vt  0.851314 0.834116 -0.000013
vt  0.944758 0.834116 -0.000041
vt  0.929172 0.834116 -0.000033
vt  0.428738 0.834116 -0.000014
vt  0.413145 0.834116 -0.000016
vt  0.350903 0.834116 -0.000035
vt  0.335331 0.834116 -0.000042
vt  0.866917 0.790304 -0.000014
vt  0.851315 0.790304 -0.000012
vt  0.944758 0.790304 -0.000039
vt  0.929173 0.790304 -0.000031
vt  0.428739 0.790304 -0.000013
vt  0.413146 0.790304 -0.000016
vt  0.350903 0.790304 -0.000033
vt  0.335331 0.790304 -0.000039
vt  0.866917 0.768409 -0.000014
vt  0.851316 0.768409 -0.000012
vt  0.944758 0.768409 -0.000038
vt  0.929173 0.768409 -0.000030
vt  0.428739 0.768409 -0.000013
vt  0.413147 0.768409 -0.000015
vt  0.350903 0.768409 -0.000032
vt  0.335331 0.768409 -0.000038
vt  0.890284 0.168549 -0.000005
vt  0.890283 0.212119 -0.000006
vt  0.890271 0.834116 -0.000022
vt  0.389796 0.834116 -0.000023
vt  0.890271 0.790304 -0.000021
vt  0.389796 0.790304 -0.000022
vt  0.906010 0.168549 -0.000006
vt  0.906009 0.212119 -0.000007
vt  0.905998 0.834116 -0.000026
vt  0.905999 0.790304 -0.000025
vt  0.374072 0.834116 -0.000028
vt  0.374072 0.790304 -0.000026
vt  0.413146 0.790304 -0.000016
vt  0.413145 0.834116 -0.000016
vt  0.389796 0.834116 -0.000023
vt  0.389796 0.790304 -0.000022
vt  0.374072 0.834116 -0.000028
vt  0.350903 0.834116 -0.000035
vt  0.350903 0.790304 -0.000033
vt  0.374072 0.790304 -0.000026
vt  0.452124 0.477232 -0.000007
vt  0.428746 0.477232 -0.000008
vt  0.413152 0.461680 -0.000009
vt  0.350907 0.461680 -0.000017
vt  0.335334 0.477232 -0.000020
vt  0.311997 0.477232 -0.000027
vt  0.654565 0.477232 -0.000058
vt  0.522262 0.523888 -0.000010
vt  0.506662 0.508336 -0.000008
vt  0.483280 0.508336 -0.000007
vt  0.623452 0.508336 -0.000036
vt  0.600102 0.508336 -0.000025
vt  0.584517 0.523888 -0.000021
vt  0.522264 0.461596 -0.000009
vt  0.506663 0.477148 -0.000008
vt  0.483281 0.477148 -0.000007
vt  0.623452 0.477148 -0.000033
vt  0.600102 0.477148 -0.000023
vt  0.584518 0.461596 -0.000018
vt  0.467660 0.492742 -0.000007
vt  0.639050 0.492742 -0.000047
vt  0.452123 0.508252 -0.000007
vt  0.428745 0.508252 -0.000008
vt  0.413151 0.523804 -0.000010
vt  0.350906 0.523804 -0.000020
vt  0.335333 0.508252 -0.000022
vt  0.311997 0.508252 -0.000030
vt  0.654565 0.508252 -0.000062
vt  0.467660 0.492742 -0.000007
vt  0.639050 0.492742 -0.000047
vt  0.866923 0.483674 -0.000009
vt  0.851322 0.499226 -0.000008
vt  0.827941 0.499226 -0.000007
vt  0.968112 0.499226 -0.000035
vt  0.944762 0.499226 -0.000024
vt  0.929178 0.483674 -0.000019
vt  0.796783 0.530330 -0.000008
vt  0.773405 0.530330 -0.000009
vt  0.757811 0.545882 -0.000010
vt  0.695566 0.545882 -0.000021
vt  0.679993 0.530330 -0.000024
vt  0.656657 0.530330 -0.000031
vt  0.999225 0.530330 -0.000066
vt  0.851322 0.530879 -0.000009
vt  0.827940 0.530879 -0.000008
vt  0.968112 0.530879 -0.000038
vt  0.944761 0.530879 -0.000026
vt  0.929177 0.546431 -0.000022
vt  0.866922 0.546431 -0.000010
vt  0.812087 0.515053 -0.000007
vt  0.983943 0.515053 -0.000051
vt  0.796783 0.499775 -0.000007
vt  0.773405 0.499775 -0.000008
vt  0.757812 0.484223 -0.000009
vt  0.695567 0.484223 -0.000018
vt  0.679993 0.499775 -0.000022
vt  0.656657 0.499775 -0.000029
vt  0.999225 0.499775 -0.000061
vt  0.812087 0.515053 -0.000007
vt  0.983943 0.515053 -0.000051
vt  0.506652 0.917114 -0.000014
vt  0.483270 0.917114 -0.000012
vt  0.452112 0.948257 -0.000013
vt  0.428736 0.948257 -0.000015
vt  0.413143 0.963809 -0.000019
vt  0.350901 0.963809 -0.000042
vt  0.335330 0.948257 -0.000049
vt  0.311995 0.948257 -0.000067
vt  0.654564 0.948257 -0.000129
vt  0.623449 0.917114 -0.000069
vt  0.600096 0.917114 -0.000045
vt  0.584511 0.901553 -0.000036
vt  0.522254 0.901553 -0.000016
vt  0.866932 0.106377 -0.000003
vt  0.851332 0.090834 -0.000003
vt  0.827951 0.090834 -0.000003
vt  0.968114 0.090834 -0.000002
vt  0.944767 0.090834 -0.000003
vt  0.929184 0.106377 -0.000004
vt  0.796794 0.059771 -0.000002
vt  0.773415 0.059771 -0.000001
vt  0.757820 0.044219 -0.000000
vt  0.695572 0.044219 0.000004
vt  0.679997 0.059771 0.000005
vt  0.656658 0.059771 0.000009
vt  0.999226 0.059771 0.000006
vt  0.522273 0.022151 -0.000002
vt  0.452134 0.068775 -0.000002
vt  0.428755 0.068775 -0.000001
vt  0.413159 0.084318 -0.000001
vt  0.350912 0.084318 0.000002
vt  0.335337 0.068775 0.000004
vt  0.311998 0.068775 0.000008
vt  0.654566 0.068775 0.000005
vt  0.506673 0.037703 -0.000002
vt  0.483292 0.037703 -0.000002
vt  0.623455 0.037703 0.000002
vt  0.600108 0.037703 -0.000000
vt  0.584526 0.022151 -0.000001
vt  0.851311 0.970324 -0.000014
vt  0.827929 0.970324 -0.000013
vt  0.796773 0.939191 -0.000013
vt  0.773396 0.939191 -0.000015
vt  0.757804 0.923630 -0.000018
vt  0.695562 0.923630 -0.000040
vt  0.679990 0.939191 -0.000048
vt  0.656655 0.939191 -0.000067
vt  0.999224 0.939191 -0.000128
vt  0.968109 0.970324 -0.000073
vt  0.944756 0.970324 -0.000048
vt  0.929169 0.985876 -0.000039
vt  0.866912 0.985876 -0.000018
vt  0.313121 1.434930 0.000000
vt  0.617640 1.434930 0.000000
vt  0.313121 1.472995 0.000000
vt  0.617640 1.472995 0.000000
vt  0.313556 1.428536 0.000000
vt  0.313556 -0.401466 0.000000
vt  0.275431 1.428536 0.000000
vt  0.275431 -0.401466 0.000000
vt  0.314011 1.433759 0.000000
vt  0.314011 -0.401947 0.000000
vt  0.619962 1.433759 0.000000
vt  0.619962 -0.401947 0.000000
vt  0.969948 1.418422 0.000000
vt  0.664139 1.418422 0.000000
vt  0.969948 1.457131 0.000000
vt  0.664139 1.457131 0.000000
vt  0.656473 -0.395513 0.000000
vt  0.656473 1.434490 0.000000
vt  0.618348 -0.395513 0.000000
vt  0.618348 1.434490 0.000000
vt  0.970380 1.432242 0.000000
vt  0.970380 -0.403464 0.000000
vt  0.664429 1.432242 0.000000
vt  0.664429 -0.403464 0.000000
vt  0.313121 1.001619 0.000000
vt  0.617640 1.001619 0.000000
vt  0.313121 1.039684 0.000000
vt  0.617640 1.039684 0.000000
vt  0.313556 0.995225 0.000000
vt  0.313556 -0.834777 0.000000
vt  0.275431 0.995225 0.000000
vt  0.275431 -0.834777 0.000000
vt  0.314011 1.000448 0.000000
vt  0.314011 -0.835258 0.000000
vt  0.619962 1.000448 0.000000
vt  0.619962 -0.835258 0.000000
vt  0.969948 0.985111 0.000000
vt  0.664139 0.985111 0.000000
vt  0.969948 1.023820 0.000000
vt  0.664139 1.023820 0.000000
vt  0.656473 -0.828824 0.000000
vt  0.656473 1.001179 0.000000
vt  0.618348 -0.828824 0.000000
vt  0.618348 1.001179 0.000000
vt  0.970380 0.998931 0.000000
vt  0.970380 -0.836775 0.000000
vt  0.664429 0.998931 0.000000
vt  0.664429 -0.836775 0.000000
vt  0.968839 1.574982 0.000000
vt  0.664320 1.574982 0.000000
vt  0.968839 1.613047 0.000000
vt  0.664320 1.613047 0.000000
vt  0.968404 1.568588 0.000000
vt  0.968404 -0.261414 0.000000
vt  1.006529 1.568588 0.000000
vt  1.006529 -0.261414 0.000000
vt  0.967949 1.573811 0.000000
vt  0.967949 -0.261895 0.000000
vt  0.661998 1.573811 0.000000
vt  0.661998 -0.261895 0.000000
vt  0.312012 1.558474 0.000000
vt  0.617821 1.558474 0.000000
vt  0.312012 1.597184 0.000000
vt  0.617821 1.597184 0.000000
vt  0.625487 -0.255461 0.000000
vt  0.625487 1.574542 0.000000
vt  0.663612 -0.255461 0.000000
vt  0.663612 1.574542 0.000000
vt  0.311580 1.572294 0.000000
vt  0.311580 -0.263412 0.000000
vt  0.617531 1.572294 0.000000
vt  0.617531 -0.263412 0.000000
vt  0.968839 1.001619 0.000000
vt  0.664320 1.001619 0.000000
vt  0.968839 1.039684 0.000000
vt  0.664320 1.039684 0.000000
vt  0.968404 0.995225 0.000000
vt  0.968404 -0.834777 0.000000
vt  1.006529 0.995225 0.000000
vt  1.006529 -0.834777 0.000000
vt  0.967949 1.000448 0.000000
vt  0.967949 -0.835258 0.000000
vt  0.661998 1.000448 0.000000
vt  0.661998 -0.835258 0.000000
vt  0.312012 0.985111 0.000000
vt  0.617821 0.985111 0.000000
vt  0.312012 1.023820 0.000000
vt  0.617821 1.023820 0.000000
vt  0.625487 -0.828824 0.000000
vt  0.625487 1.001179 0.000000
vt  0.663612 -0.828824 0.000000
vt  0.663612 1.001179 0.000000
vt  0.311580 0.998931 0.000000
vt  0.311580 -0.836775 0.000000
vt  0.617531 0.998931 0.000000
vt  0.617531 -0.836775 0.000000
vt  0.968839 1.001619 0.000000
vt  0.664320 1.001619 0.000000
vt  0.968839 1.039684 0.000000
vt  0.664320 1.039684 0.000000
vt  0.968404 0.995225 0.000000
vt  0.968404 -0.834777 0.000000
vt  1.006529 0.995225 0.000000
vt  1.006529 -0.834777 0.000000
vt  0.967949 1.000448 0.000000
vt  0.967949 -0.835258 0.000000
vt  0.661998 1.000448 0.000000
vt  0.661998 -0.835258 0.000000
vt  0.312012 0.985111 0.000000
vt  0.617821 0.985111 0.000000
vt  0.312012 1.023820 0.000000
vt  0.617821 1.023820 0.000000
vt  0.625487 -0.828824 0.000000
vt  0.625487 1.001179 0.000000
vt  0.663612 -0.828824 0.000000
vt  0.663612 1.001179 0.000000
vt  0.311580 0.998931 0.000000
vt  0.311580 -0.836775 0.000000
vt  0.617531 0.998931 0.000000
vt  0.617531 -0.836775 0.000000
vt  0.968839 1.574982 0.000000
vt  0.664320 1.574982 0.000000
vt  0.968839 1.613047 0.000000
vt  0.664320 1.613047 0.000000
vt  0.968404 1.568588 0.000000
vt  0.968404 -0.261414 0.000000
vt  1.006529 1.568588 0.000000
vt  1.006529 -0.261414 0.000000
vt  0.967949 1.573811 0.000000
vt  0.967949 -0.261895 0.000000
vt  0.661998 1.573811 0.000000
vt  0.661998 -0.261895 0.000000
vt  0.312012 1.558474 0.000000
vt  0.617821 1.558474 0.000000
vt  0.312012 1.597184 0.000000
vt  0.617821 1.597184 0.000000
vt  0.625487 -0.255461 0.000000
vt  0.625487 1.574542 0.000000
vt  0.663612 -0.255461 0.000000
vt  0.663612 1.574542 0.000000
vt  0.311580 1.572294 0.000000
vt  0.311580 -0.263412 0.000000
vt  0.617531 1.572294 0.000000
vt  0.617531 -0.263412 0.000000
vt  0.313121 1.001619 0.000000
vt  0.617640 1.001619 0.000000
vt  0.313121 1.039684 0.000000
vt  0.617640 1.039684 0.000000
vt  0.313556 0.995225 0.000000
vt  0.313556 -0.834777 0.000000
vt  0.275431 0.995225 0.000000
vt  0.275431 -0.834777 0.000000
vt  0.314011 1.000448 0.000000
vt  0.314011 -0.835258 0.000000
vt  0.619962 1.000448 0.000000
vt  0.619962 -0.835258 0.000000
vt  0.969948 0.985111 0.000000
vt  0.664139 0.985111 0.000000
vt  0.969948 1.023820 0.000000
vt  0.664139 1.023820 0.000000
vt  0.656473 -0.828824 0.000000
vt  0.656473 1.001179 0.000000
vt  0.618348 -0.828824 0.000000
vt  0.618348 1.001179 0.000000
vt  0.970380 0.998931 0.000000
vt  0.970380 -0.836775 0.000000
vt  0.664429 0.998931 0.000000
vt  0.664429 -0.836775 0.000000
vt  0.313121 1.434930 0.000000
vt  0.617640 1.434930 0.000000
vt  0.313121 1.472995 0.000000
vt  0.617640 1.472995 0.000000
vt  0.313556 1.428536 0.000000
vt  0.313556 -0.401466 0.000000
vt  0.275431 1.428536 0.000000
vt  0.275431 -0.401466 0.000000
vt  0.314011 1.433759 0.000000
vt  0.314011 -0.401947 0.000000
vt  0.619962 1.433759 0.000000
vt  0.619962 -0.401947 0.000000
vt  0.969948 1.418422 0.000000
vt  0.664139 1.418422 0.000000
vt  0.969948 1.457131 0.000000
vt  0.664139 1.457131 0.000000
vt  0.656473 -0.395513 0.000000
vt  0.656473 1.434490 0.000000
vt  0.618348 -0.395513 0.000000
vt  0.618348 1.434490 0.000000
vt  0.970380 1.432242 0.000000
vt  0.970380 -0.403464 0.000000
vt  0.664429 1.432242 0.000000
vt  0.664429 -0.403464 0.000000
vt  0.146551 0.995622 -4.000000
vt  0.146551 0.964102 -4.000000
vt  0.193830 0.964102 -4.000000
vt  0.193830 0.901064 -4.000000
vt  0.146551 0.901064 -4.000000
vt  0.146551 0.869545 -4.000000
vt  0.272628 0.869545 -4.000000
vt  0.272628 0.901064 -4.000000
vt  0.225349 0.901064 -4.000000
vt  0.225349 0.964102 -4.000000
vt  0.272628 0.964102 -4.000000
vt  0.272628 0.995622 -4.000000
vt  0.004043 0.995622 4.000000
vt  0.004043 0.964102 4.000000
vt  0.051322 0.964102 4.000000
vt  0.051322 0.901064 4.000000
vt  0.004043 0.901064 4.000000
vt  0.004043 0.869545 4.000000
vt  0.130120 0.869545 4.000000
vt  0.130120 0.901064 4.000000
vt  0.082841 0.901064 4.000000
vt  0.082841 0.964102 4.000000
vt  0.130120 0.964102 4.000000
vt  0.130120 0.995622 4.000000
vt  0.866912 0.998875 -0.000018
vt  0.851310 0.998875 -0.000015
vt  0.827928 0.998875 -0.000013
vt  0.796771 0.998875 -0.000014
vt  0.773395 0.998875 -0.000016
vt  0.757802 0.998875 -0.000020
vt  0.695561 0.998875 -0.000043
vt  0.679989 0.998875 -0.000052
vt  0.656655 0.998875 -0.000072
vt  0.968109 0.998875 -0.000075
vt  0.944755 0.998875 -0.000050
vt  0.929169 0.998875 -0.000040
vt  0.866934 0.003548 -0.000002
vt  0.851334 0.003548 -0.000002
vt  0.827953 0.003548 -0.000002
vt  0.796795 0.003548 -0.000001
vt  0.773416 0.003548 -0.000000
vt  0.757820 0.003548 0.000001
vt  0.695573 0.003548 0.000006
vt  0.679998 0.003548 0.000008
vt  0.656659 0.003548 0.000014
vt  0.968115 0.003548 0.000005
vt  0.944768 0.003548 0.000001
vt  0.929186 0.003548 0.000000
vt  0.999224 0.998875 -0.000137
vt  0.999226 0.003548 0.000014
vt  0.147017 0.860923 -4.000000
vt  0.147017 0.829404 -4.000000
vt  0.194296 0.829404 -4.000000
vt  0.194296 0.766366 -4.000000
vt  0.147017 0.766366 -4.000000
vt  0.147017 0.734847 -4.000000
vt  0.273094 0.734847 -4.000000
vt  0.273094 0.766366 -4.000000
vt  0.225815 0.766366 -4.000000
vt  0.225815 0.829404 -4.000000
vt  0.273094 0.829404 -4.000000
vt  0.273094 0.860923 -4.000000
vt  0.004509 0.860923 4.000000
vt  0.004509 0.829404 4.000000
vt  0.051788 0.829404 4.000000
vt  0.051788 0.766366 4.000000
vt  0.004509 0.766366 4.000000
vt  0.004509 0.734847 4.000000
vt  0.130586 0.734847 4.000000
vt  0.130586 0.766366 4.000000
vt  0.083307 0.766366 4.000000
vt  0.083307 0.829404 4.000000
vt  0.130586 0.829404 4.000000
vt  0.130586 0.860923 4.000000
vt  0.522252 0.998875 -0.000018
vt  0.506650 0.998875 -0.000015
vt  0.483268 0.998875 -0.000013
vt  0.452111 0.998875 -0.000014
vt  0.428734 0.998875 -0.000016
vt  0.413142 0.998875 -0.000020
vt  0.350901 0.998875 -0.000043
vt  0.335329 0.998875 -0.000052
vt  0.311995 0.998875 -0.000072
vt  0.623449 0.998875 -0.000075
vt  0.600095 0.998875 -0.000050
vt  0.584509 0.998875 -0.000040
vt  0.522274 0.003548 -0.000002
vt  0.506674 0.003548 -0.000002
vt  0.483293 0.003548 -0.000002
vt  0.452135 0.003548 -0.000001
vt  0.428756 0.003548 -0.000000
vt  0.413160 0.003548 0.000001
vt  0.350913 0.003548 0.000006
vt  0.335338 0.003548 0.000008
vt  0.311999 0.003548 0.000014
vt  0.623455 0.003548 0.000005
vt  0.600108 0.003548 0.000001
vt  0.584526 0.003548 0.000000
vt  0.654564 0.998875 -0.000137
vt  0.654566 0.003548 0.000014
vt  0.866931 0.146205 -0.000004
vt  0.851331 0.146205 -0.000004
vt  0.944766 0.146205 -0.000006
vt  0.929184 0.146205 -0.000006
vt  0.428753 0.146205 -0.000003
vt  0.413158 0.146205 -0.000002
vt  0.350911 0.146205 -0.000001
vt  0.335336 0.146205 -0.000000
vt  0.851330 0.168549 -0.000004
vt  0.944766 0.168549 -0.000007
vt  0.929183 0.168549 -0.000006
vt  0.428752 0.168549 -0.000003
vt  0.413157 0.168549 -0.000003
vt  0.350911 0.168549 -0.000002
vt  0.335336 0.168549 -0.000002
vt  0.866930 0.168549 -0.000004
vt  0.851329 0.212119 -0.000004
vt  0.944766 0.212119 -0.000009
vt  0.929182 0.212119 -0.000008
vt  0.428751 0.212119 -0.000004
vt  0.413157 0.212119 -0.000004
vt  0.350910 0.212119 -0.000004
vt  0.335336 0.212119 -0.000004
vt  0.866929 0.212119 -0.000005
vt  0.851329 0.234599 -0.000005
vt  0.944765 0.234599 -0.000011
vt  0.929182 0.234599 -0.000009
vt  0.428751 0.234599 -0.000004
vt  0.413156 0.234599 -0.000004
vt  0.350910 0.234599 -0.000005
vt  0.335336 0.234599 -0.000006
vt  0.866929 0.234599 -0.000005
vt  0.851314 0.856227 -0.000013
vt  0.944757 0.856227 -0.000042
vt  0.929172 0.856227 -0.000034
vt  0.428738 0.856227 -0.000014
vt  0.413145 0.856227 -0.000017
vt  0.350902 0.856227 -0.000036
vt  0.335330 0.856227 -0.000043
vt  0.866915 0.856227 -0.000016
vt  0.866916 0.834116 -0.000015
vt  0.851314 0.834116 -0.000013
vt  0.944758 0.834116 -0.000041
vt  0.929172 0.834116 -0.000033
vt  0.428738 0.834116 -0.000014
vt  0.413145 0.834116 -0.000016
vt  0.350903 0.834116 -0.000035
vt  0.335331 0.834116 -0.000042
vt  0.866917 0.790304 -0.000014
vt  0.851315 0.790304 -0.000012
vt  0.944758 0.790304 -0.000039
vt  0.929173 0.790304 -0.000031
vt  0.428739 0.790304 -0.000013
vt  0.413146 0.790304 -0.000016
vt  0.350903 0.790304 -0.000033
vt  0.335331 0.790304 -0.000039
vt  0.866917 0.768409 -0.000014
vt  0.851316 0.768409 -0.000012
vt  0.944758 0.768409 -0.000038
vt  0.929173 0.768409 -0.000030
vt  0.428739 0.768409 -0.000013
vt  0.413147 0.768409 -0.000015
vt  0.350903 0.768409 -0.000032
vt  0.335331 0.768409 -0.000038
vt  0.890284 0.168549 -0.000005
vt  0.890283 0.212119 -0.000006
vt  0.890271 0.834116 -0.000022
vt  0.389796 0.834116 -0.000023
vt  0.890271 0.790304 -0.000021
vt  0.389796 0.790304 -0.000022
vt  0.906010 0.168549 -0.000006
vt  0.906009 0.212119 -0.000007
vt  0.905998 0.834116 -0.000026
vt  0.905999 0.790304 -0.000025
vt  0.374072 0.834116 -0.000028
vt  0.374072 0.790304 -0.000026
vt  0.413146 0.790304 -0.000016
vt  0.413145 0.834116 -0.000016
vt  0.389796 0.834116 -0.000023
vt  0.389796 0.790304 -0.000022
vt  0.374072 0.834116 -0.000028
vt  0.350903 0.834116 -0.000035
vt  0.350903 0.790304 -0.000033
vt  0.374072 0.790304 -0.000026
vt  0.452124 0.477232 -0.000007
vt  0.428746 0.477232 -0.000008
vt  0.413152 0.461680 -0.000009
vt  0.350907 0.461680 -0.000017
vt  0.335334 0.477232 -0.000020
vt  0.311997 0.477232 -0.000027
vt  0.654565 0.477232 -0.000058
vt  0.522262 0.523888 -0.000010
vt  0.506662 0.508336 -0.000008
vt  0.483280 0.508336 -0.000007
vt  0.623452 0.508336 -0.000036
vt  0.600102 0.508336 -0.000025
vt  0.584517 0.523888 -0.000021
vt  0.522264 0.461596 -0.000009
vt  0.506663 0.477148 -0.000008
vt  0.483281 0.477148 -0.000007
vt  0.623452 0.477148 -0.000033
vt  0.600102 0.477148 -0.000023
vt  0.584518 0.461596 -0.000018
vt  0.467660 0.492742 -0.000007
vt  0.639050 0.492742 -0.000047
vt  0.452123 0.508252 -0.000007
vt  0.428745 0.508252 -0.000008
vt  0.413151 0.523804 -0.000010
vt  0.350906 0.523804 -0.000020
vt  0.335333 0.508252 -0.000022
vt  0.311997 0.508252 -0.000030
vt  0.654565 0.508252 -0.000062
vt  0.467660 0.492742 -0.000007
vt  0.639050 0.492742 -0.000047
vt  0.866923 0.483674 -0.000009
vt  0.851322 0.499226 -0.000008
vt  0.827941 0.499226 -0.000007
vt  0.968112 0.499226 -0.000035
vt  0.944762 0.499226 -0.000024
vt  0.929178 0.483674 -0.000019
vt  0.796783 0.530330 -0.000008
vt  0.773405 0.530330 -0.000009
vt  0.757811 0.545882 -0.000010
vt  0.695566 0.545882 -0.000021
vt  0.679993 0.530330 -0.000024
vt  0.656657 0.530330 -0.000031
vt  0.999225 0.530330 -0.000066
vt  0.851322 0.530879 -0.000009
vt  0.827940 0.530879 -0.000008
vt  0.968112 0.530879 -0.000038
vt  0.944761 0.530879 -0.000026
vt  0.929177 0.546431 -0.000022
vt  0.866922 0.546431 -0.000010
vt  0.812087 0.515053 -0.000007
vt  0.983943 0.515053 -0.000051
vt  0.796783 0.499775 -0.000007
vt  0.773405 0.499775 -0.000008
vt  0.757812 0.484223 -0.000009
vt  0.695567 0.484223 -0.000018
vt  0.679993 0.499775 -0.000022
vt  0.656657 0.499775 -0.000029
vt  0.999225 0.499775 -0.000061
vt  0.812087 0.515053 -0.000007
vt  0.983943 0.515053 -0.000051
vt  0.506652 0.917114 -0.000014
vt  0.483270 0.917114 -0.000012
vt  0.452112 0.948257 -0.000013
vt  0.428736 0.948257 -0.000015
vt  0.413143 0.963809 -0.000019
vt  0.350901 0.963809 -0.000042
vt  0.335330 0.948257 -0.000049
vt  0.311995 0.948257 -0.000067
vt  0.654564 0.948257 -0.000129
vt  0.623449 0.917114 -0.000069
vt  0.600096 0.917114 -0.000045
vt  0.584511 0.901553 -0.000036
vt  0.522254 0.901553 -0.000016
vt  0.866932 0.106377 -0.000003
vt  0.851332 0.090834 -0.000003
vt  0.827951 0.090834 -0.000003
vt  0.968114 0.090834 -0.000002
vt  0.944767 0.090834 -0.000003
vt  0.929184 0.106377 -0.000004
vt  0.796794 0.059771 -0.000002
vt  0.773415 0.059771 -0.000001
vt  0.757820 0.044219 -0.000000
vt  0.695572 0.044219 0.000004
vt  0.679997 0.059771 0.000005
vt  0.656658 0.059771 0.000009
vt  0.999226 0.059771 0.000006
vt  0.522273 0.022151 -0.000002
vt  0.452134 0.068775 -0.000002
vt  0.428755 0.068775 -0.000001
vt  0.413159 0.084318 -0.000001
vt  0.350912 0.084318 0.000002
vt  0.335337 0.068775 0.000004
vt  0.311998 0.068775 0.000008
vt  0.654566 0.068775 0.000005
vt  0.506673 0.037703 -0.000002
vt  0.483292 0.037703 -0.000002
vt  0.623455 0.037703 0.000002
vt  0.600108 0.037703 -0.000000
vt  0.584526 0.022151 -0.000001
vt  0.851311 0.970324 -0.000014
vt  0.827929 0.970324 -0.000013
vt  0.796773 0.939191 -0.000013
vt  0.773396 0.939191 -0.000015
vt  0.757804 0.923630 -0.000018
vt  0.695562 0.923630 -0.000040
vt  0.679990 0.939191 -0.000048
vt  0.656655 0.939191 -0.000067
vt  0.999224 0.939191 -0.000128
vt  0.968109 0.970324 -0.000073
vt  0.944756 0.970324 -0.000048
vt  0.929169 0.985876 -0.000039
vt  0.866912 0.985876 -0.000018
vt  0.147017 0.860923 -4.000000
vt  0.147017 0.829404 -4.000000
vt  0.194296 0.829404 -4.000000
vt  0.194296 0.766366 -4.000000
vt  0.147017 0.766366 -4.000000
vt  0.147017 0.734847 -4.000000
vt  0.273094 0.734847 -4.000000
vt  0.273094 0.766366 -4.000000
vt  0.225815 0.766366 -4.000000
vt  0.225815 0.829404 -4.000000
vt  0.273094 0.829404 -4.000000
vt  0.273094 0.860923 -4.000000
vt  0.004509 0.860923 4.000000
vt  0.004509 0.829404 4.000000
vt  0.051788 0.829404 4.000000
vt  0.051788 0.766366 4.000000
vt  0.004509 0.766366 4.000000
vt  0.004509 0.734847 4.000000
vt  0.130586 0.734847 4.000000
vt  0.130586 0.766366 4.000000
vt  0.083307 0.766366 4.000000
vt  0.083307 0.829404 4.000000
vt  0.130586 0.829404 4.000000
vt  0.130586 0.860923 4.000000
vt  0.522252 0.998875 -0.000018
vt  0.506650 0.998875 -0.000015
vt  0.483268 0.998875 -0.000013
vt  0.452111 0.998875 -0.000014
vt  0.428734 0.998875 -0.000016
vt  0.413142 0.998875 -0.000020
vt  0.350901 0.998875 -0.000043
vt  0.335329 0.998875 -0.000052
vt  0.311995 0.998875 -0.000072
vt  0.623449 0.998875 -0.000075
vt  0.600095 0.998875 -0.000050
vt  0.584509 0.998875 -0.000040
vt  0.522274 0.003548 -0.000002
vt  0.506674 0.003548 -0.000002
vt  0.483293 0.003548 -0.000002
vt  0.452135 0.003548 -0.000001
vt  0.428756 0.003548 -0.000000
vt  0.413160 0.003548 0.000001
vt  0.350913 0.003548 0.000006
vt  0.335338 0.003548 0.000008
vt  0.311999 0.003548 0.000014
vt  0.623455 0.003548 0.000005
vt  0.600108 0.003548 0.000001
vt  0.584526 0.003548 0.000000
vt  0.654564 0.998875 -0.000137
vt  0.654566 0.003548 0.000014
vt  0.146551 0.995622 -4.000000
vt  0.146551 0.964102 -4.000000
vt  0.193830 0.964102 -4.000000
vt  0.193830 0.901064 -4.000000
vt  0.146551 0.901064 -4.000000
vt  0.146551 0.869545 -4.000000
vt  0.272628 0.869545 -4.000000
vt  0.272628 0.901064 -4.000000
vt  0.225349 0.901064 -4.000000
vt  0.225349 0.964102 -4.000000
vt  0.272628 0.964102 -4.000000
vt  0.272628 0.995622 -4.000000
vt  0.004043 0.995622 4.000000
vt  0.004043 0.964102 4.000000
vt  0.051322 0.964102 4.000000
vt  0.051322 0.901064 4.000000
vt  0.004043 0.901064 4.000000
vt  0.004043 0.869545 4.000000
vt  0.130120 0.869545 4.000000
vt  0.130120 0.901064 4.000000
vt  0.082841 0.901064 4.000000
vt  0.082841 0.964102 4.000000
vt  0.130120 0.964102 4.000000
vt  0.130120 0.995622 4.000000
vt  0.866912 0.998875 -0.000018
vt  0.851310 0.998875 -0.000015
vt  0.827928 0.998875 -0.000013
vt  0.796771 0.998875 -0.000014
vt  0.773395 0.998875 -0.000016
vt  0.757802 0.998875 -0.000020
vt  0.695561 0.998875 -0.000043
vt  0.679989 0.998875 -0.000052
vt  0.656655 0.998875 -0.000072
vt  0.968109 0.998875 -0.000075
vt  0.944755 0.998875 -0.000050
vt  0.929169 0.998875 -0.000040
vt  0.866934 0.003548 -0.000002
vt  0.851334 0.003548 -0.000002
vt  0.827953 0.003548 -0.000002
vt  0.796795 0.003548 -0.000001
vt  0.773416 0.003548 -0.000000
vt  0.757820 0.003548 0.000001
vt  0.695573 0.003548 0.000006
vt  0.679998 0.003548 0.000008
vt  0.656659 0.003548 0.000014
vt  0.968115 0.003548 0.000005
vt  0.944768 0.003548 0.000001
vt  0.929186 0.003548 0.000000
vt  0.999224 0.998875 -0.000137
vt  0.999226 0.003548 0.000014
vt  0.147017 0.860923 -4.000000
vt  0.147017 0.829404 -4.000000
vt  0.194296 0.829404 -4.000000
vt  0.194296 0.766366 -4.000000
vt  0.147017 0.766366 -4.000000
vt  0.147017 0.734847 -4.000000
vt  0.273094 0.734847 -4.000000
vt  0.273094 0.766366 -4.000000
vt  0.225815 0.766366 -4.000000
vt  0.225815 0.829404 -4.000000
vt  0.273094 0.829404 -4.000000
vt  0.273094 0.860923 -4.000000
vt  0.004509 0.860923 4.000000
vt  0.004509 0.829404 4.000000
vt  0.051788 0.829404 4.000000
vt  0.051788 0.766366 4.000000
vt  0.004509 0.766366 4.000000
vt  0.004509 0.734847 4.000000
vt  0.130586 0.734847 4.000000
vt  0.130586 0.766366 4.000000
vt  0.083307 0.766366 4.000000
vt  0.083307 0.829404 4.000000
vt  0.130586 0.829404 4.000000
vt  0.130586 0.860923 4.000000
vt  0.522252 0.998875 -0.000018
vt  0.506650 0.998875 -0.000015
vt  0.483268 0.998875 -0.000013
vt  0.452111 0.998875 -0.000014
vt  0.428734 0.998875 -0.000016
vt  0.413142 0.998875 -0.000020
vt  0.350901 0.998875 -0.000043
vt  0.335329 0.998875 -0.000052
vt  0.311995 0.998875 -0.000072
vt  0.623449 0.998875 -0.000075
vt  0.600095 0.998875 -0.000050
vt  0.584509 0.998875 -0.000040
vt  0.522274 0.003548 -0.000002
vt  0.506674 0.003548 -0.000002
vt  0.483293 0.003548 -0.000002
vt  0.452135 0.003548 -0.000001
vt  0.428756 0.003548 -0.000000
vt  0.413160 0.003548 0.000001
vt  0.350913 0.003548 0.000006
vt  0.335338 0.003548 0.000008
vt  0.311999 0.003548 0.000014
vt  0.623455 0.003548 0.000005
vt  0.600108 0.003548 0.000001
vt  0.584526 0.003548 0.000000
vt  0.654564 0.998875 -0.000137
vt  0.654566 0.003548 0.000014
vt  0.866931 0.146205 -0.000004
vt  0.851331 0.146205 -0.000004
vt  0.944766 0.146205 -0.000006
vt  0.929184 0.146205 -0.000006
vt  0.428753 0.146205 -0.000003
vt  0.413158 0.146205 -0.000002
vt  0.350911 0.146205 -0.000001
vt  0.335336 0.146205 -0.000000
vt  0.851330 0.168549 -0.000004
vt  0.944766 0.168549 -0.000007
vt  0.929183 0.168549 -0.000006
vt  0.428752 0.168549 -0.000003
vt  0.413157 0.168549 -0.000003
vt  0.350911 0.168549 -0.000002
vt  0.335336 0.168549 -0.000002
vt  0.866930 0.168549 -0.000004
vt  0.851329 0.212119 -0.000004
vt  0.944766 0.212119 -0.000009
vt  0.929182 0.212119 -0.000008
vt  0.428751 0.212119 -0.000004
vt  0.413157 0.212119 -0.000004
vt  0.350910 0.212119 -0.000004
vt  0.335336 0.212119 -0.000004
vt  0.866929 0.212119 -0.000005
vt  0.851329 0.234599 -0.000005
vt  0.944765 0.234599 -0.000011
vt  0.929182 0.234599 -0.000009
vt  0.428751 0.234599 -0.000004
vt  0.413156 0.234599 -0.000004
vt  0.350910 0.234599 -0.000005
vt  0.335336 0.234599 -0.000006
vt  0.866929 0.234599 -0.000005
vt  0.851314 0.856227 -0.000013
vt  0.944757 0.856227 -0.000042
vt  0.929172 0.856227 -0.000034
vt  0.428738 0.856227 -0.000014
vt  0.413145 0.856227 -0.000017
vt  0.350902 0.856227 -0.000036
vt  0.335330 0.856227 -0.000043
vt  0.866915 0.856227 -0.000016
vt  0.866916 0.834116 -0.000015
vt  0.851314 0.834116 -0.000013
vt  0.944758 0.834116 -0.000041
vt  0.929172 0.834116 -0.000033
vt  0.428738 0.834116 -0.000014
vt  0.413145 0.834116 -0.000016
vt  0.350903 0.834116 -0.000035
vt  0.335331 0.834116 -0.000042
vt  0.866917 0.790304 -0.000014
vt  0.851315 0.790304 -0.000012
vt  0.944758 0.790304 -0.000039
vt  0.929173 0.790304 -0.000031
vt  0.428739 0.790304 -0.000013
vt  0.413146 0.790304 -0.000016
vt  0.350903 0.790304 -0.000033
vt  0.335331 0.790304 -0.000039
vt  0.866917 0.768409 -0.000014
vt  0.851316 0.768409 -0.000012
vt  0.944758 0.768409 -0.000038
vt  0.929173 0.768409 -0.000030
vt  0.428739 0.768409 -0.000013
vt  0.413147 0.768409 -0.000015
vt  0.350903 0.768409 -0.000032
vt  0.335331 0.768409 -0.000038
vt  0.890284 0.168549 -0.000005
vt  0.890283 0.212119 -0.000006
vt  0.890271 0.834116 -0.000022
vt  0.389796 0.834116 -0.000023
vt  0.890271 0.790304 -0.000021
vt  0.389796 0.790304 -0.000022
vt  0.906010 0.168549 -0.000006
vt  0.906009 0.212119 -0.000007
vt  0.905998 0.834116 -0.000026
vt  0.905999 0.790304 -0.000025
vt  0.374072 0.834116 -0.000028
vt  0.374072 0.790304 -0.000026
vt  0.413146 0.790304 -0.000016
vt  0.413145 0.834116 -0.000016
vt  0.389796 0.834116 -0.000023
vt  0.389796 0.790304 -0.000022
vt  0.374072 0.834116 -0.000028
vt  0.350903 0.834116 -0.000035
vt  0.350903 0.790304 -0.000033
vt  0.374072 0.790304 -0.000026
vt  0.452124 0.477232 -0.000007
vt  0.428746 0.477232 -0.000008
vt  0.413152 0.461680 -0.000009
vt  0.350907 0.461680 -0.000017
vt  0.335334 0.477232 -0.000020
vt  0.311997 0.477232 -0.000027
vt  0.654565 0.477232 -0.000058
vt  0.522262 0.523888 -0.000010
vt  0.506662 0.508336 -0.000008
vt  0.483280 0.508336 -0.000007
vt  0.623452 0.508336 -0.000036
vt  0.600102 0.508336 -0.000025
vt  0.584517 0.523888 -0.000021
vt  0.522264 0.461596 -0.000009
vt  0.506663 0.477148 -0.000008
vt  0.483281 0.477148 -0.000007
vt  0.623452 0.477148 -0.000033
vt  0.600102 0.477148 -0.000023
vt  0.584518 0.461596 -0.000018
vt  0.467660 0.492742 -0.000007
vt  0.639050 0.492742 -0.000047
vt  0.452123 0.508252 -0.000007
vt  0.428745 0.508252 -0.000008
vt  0.413151 0.523804 -0.000010
vt  0.350906 0.523804 -0.000020
vt  0.335333 0.508252 -0.000022
vt  0.311997 0.508252 -0.000030
vt  0.654565 0.508252 -0.000062
vt  0.467660 0.492742 -0.000007
vt  0.639050 0.492742 -0.000047
vt  0.866923 0.483674 -0.000009
vt  0.851322 0.499226 -0.000008
vt  0.827941 0.499226 -0.000007
vt  0.968112 0.499226 -0.000035
vt  0.944762 0.499226 -0.000024
vt  0.929178 0.483674 -0.000019
vt  0.796783 0.530330 -0.000008
vt  0.773405 0.530330 -0.000009
vt  0.757811 0.545882 -0.000010
vt  0.695566 0.545882 -0.000021
vt  0.679993 0.530330 -0.000024
vt  0.656657 0.530330 -0.000031
vt  0.999225 0.530330 -0.000066
vt  0.851322 0.530879 -0.000009
vt  0.827940 0.530879 -0.000008
vt  0.968112 0.530879 -0.000038
vt  0.944761 0.530879 -0.000026
vt  0.929177 0.546431 -0.000022
vt  0.866922 0.546431 -0.000010
vt  0.812087 0.515053 -0.000007
vt  0.983943 0.515053 -0.000051
vt  0.796783 0.499775 -0.000007
vt  0.773405 0.499775 -0.000008
vt  0.757812 0.484223 -0.000009
vt  0.695567 0.484223 -0.000018
vt  0.679993 0.499775 -0.000022
vt  0.656657 0.499775 -0.000029
vt  0.999225 0.499775 -0.000061
vt  0.812087 0.515053 -0.000007
vt  0.983943 0.515053 -0.000051
vt  0.506652 0.917114 -0.000014
vt  0.483270 0.917114 -0.000012
vt  0.452112 0.948257 -0.000013
vt  0.428736 0.948257 -0.000015
vt  0.413143 0.963809 -0.000019
vt  0.350901 0.963809 -0.000042
vt  0.335330 0.948257 -0.000049
vt  0.311995 0.948257 -0.000067
vt  0.654564 0.948257 -0.000129
vt  0.623449 0.917114 -0.000069
vt  0.600096 0.917114 -0.000045
vt  0.584511 0.901553 -0.000036
vt  0.522254 0.901553 -0.000016
vt  0.866932 0.106377 -0.000003
vt  0.851332 0.090834 -0.000003
vt  0.827951 0.090834 -0.000003
vt  0.968114 0.090834 -0.000002
vt  0.944767 0.090834 -0.000003
vt  0.929184 0.106377 -0.000004
vt  0.796794 0.059771 -0.000002
vt  0.773415 0.059771 -0.000001
vt  0.757820 0.044219 -0.000000
vt  0.695572 0.044219 0.000004
vt  0.679997 0.059771 0.000005
vt  0.656658 0.059771 0.000009
vt  0.999226 0.059771 0.000006
vt  0.522273 0.022151 -0.000002
vt  0.452134 0.068775 -0.000002
vt  0.428755 0.068775 -0.000001
vt  0.413159 0.084318 -0.000001
vt  0.350912 0.084318 0.000002
vt  0.335337 0.068775 0.000004
vt  0.311998 0.068775 0.000008
vt  0.654566 0.068775 0.000005
vt  0.506673 0.037703 -0.000002
vt  0.483292 0.037703 -0.000002
vt  0.623455 0.037703 0.000002
vt  0.600108 0.037703 -0.000000
vt  0.584526 0.022151 -0.000001
vt  0.851311 0.970324 -0.000014
vt  0.827929 0.970324 -0.000013
vt  0.796773 0.939191 -0.000013
vt  0.773396 0.939191 -0.000015
vt  0.757804 0.923630 -0.000018
vt  0.695562 0.923630 -0.000040
vt  0.679990 0.939191 -0.000048
vt  0.656655 0.939191 -0.000067
vt  0.999224 0.939191 -0.000128
vt  0.968109 0.970324 -0.000073
vt  0.944756 0.970324 -0.000048
vt  0.929169 0.985876 -0.000039
vt  0.866912 0.985876 -0.000018
vt  0.313121 1.434930 0.000000
vt  0.617640 1.434930 0.000000
vt  0.313121 1.472995 0.000000
vt  0.617640 1.472995 0.000000
vt  0.313556 1.428536 0.000000
vt  0.313556 -0.401466 0.000000
vt  0.275431 1.428536 0.000000
vt  0.275431 -0.401466 0.000000
vt  0.314011 1.433759 0.000000
vt  0.314011 -0.401947 0.000000
vt  0.619962 1.433759 0.000000
vt  0.619962 -0.401947 0.000000
vt  0.969948 1.418422 0.000000
vt  0.664139 1.418422 0.000000
vt  0.969948 1.457131 0.000000
vt  0.664139 1.457131 0.000000
vt  0.656473 -0.395513 0.000000
vt  0.656473 1.434490 0.000000
vt  0.618348 -0.395513 0.000000
vt  0.618348 1.434490 0.000000
vt  0.970380 1.432242 0.000000
vt  0.970380 -0.403464 0.000000
vt  0.664429 1.432242 0.000000
vt  0.664429 -0.403464 0.000000
vt  0.313121 1.001619 0.000000
vt  0.617640 1.001619 0.000000
vt  0.313121 1.039684 0.000000
vt  0.617640 1.039684 0.000000
vt  0.313556 0.995225 0.000000
vt  0.313556 -0.834777 0.000000
vt  0.275431 0.995225 0.000000
vt  0.275431 -0.834777 0.000000
vt  0.314011 1.000448 0.000000
vt  0.314011 -0.835258 0.000000
vt  0.619962 1.000448 0.000000
vt  0.619962 -0.835258 0.000000
vt  0.969948 0.985111 0.000000
vt  0.664139 0.985111 0.000000
vt  0.969948 1.023820 0.000000
vt  0.664139 1.023820 0.000000
vt  0.656473 -0.828824 0.000000
vt  0.656473 1.001179 0.000000
vt  0.618348 -0.828824 0.000000
vt  0.618348 1.001179 0.000000
vt  0.970380 0.998931 0.000000
vt  0.970380 -0.836775 0.000000
vt  0.664429 0.998931 0.000000
vt  0.664429 -0.836775 0.000000
vt  0.968839 1.574982 0.000000
vt  0.664320 1.574982 0.000000
vt  0.968839 1.613047 0.000000
vt  0.664320 1.613047 0.000000
vt  0.968404 1.568588 0.000000
vt  0.968404 -0.261414 0.000000
vt  1.006529 1.568588 0.000000
vt  1.006529 -0.261414 0.000000
vt  0.967949 1.573811 0.000000
vt  0.967949 -0.261895 0.000000
vt  0.661998 1.573811 0.000000
vt  0.661998 -0.261895 0.000000
vt  0.312012 1.558474 0.000000
vt  0.617821 1.558474 0.000000
vt  0.312012 1.597184 0.000000
vt  0.617821 1.597184 0.000000
vt  0.625487 -0.255461 0.000000
vt  0.625487 1.574542 0.000000
vt  0.663612 -0.255461 0.000000
vt  0.663612 1.574542 0.000000
vt  0.311580 1.572294 0.000000
vt  0.311580 -0.263412 0.000000
vt  0.617531 1.572294 0.000000
vt  0.617531 -0.263412 0.000000
vt  0.968839 1.001619 0.000000
vt  0.664320 1.001619 0.000000
vt  0.968839 1.039684 0.000000
vt  0.664320 1.039684 0.000000
vt  0.968404 0.995225 0.000000
vt  0.968404 -0.834777 0.000000
vt  1.006529 0.995225 0.000000
vt  1.006529 -0.834777 0.000000
vt  0.967949 1.000448 0.000000
vt  0.967949 -0.835258 0.000000
vt  0.661998 1.000448 0.000000
vt  0.661998 -0.835258 0.000000
vt  0.312012 0.985111 0.000000
vt  0.617821 0.985111 0.000000
vt  0.312012 1.023820 0.000000
vt  0.617821 1.023820 0.000000
vt  0.625487 -0.828824 0.000000
vt  0.625487 1.001179 0.000000
vt  0.663612 -0.828824 0.000000
vt  0.663612 1.001179 0.000000
vt  0.311580 0.998931 0.000000
vt  0.311580 -0.836775 0.000000
vt  0.617531 0.998931 0.000000
vt  0.617531 -0.836775 0.000000
vt  0.968839 1.001619 0.000000
vt  0.664320 1.001619 0.000000
vt  0.968839 1.039684 0.000000
vt  0.664320 1.039684 0.000000
vt  0.968404 0.995225 0.000000
vt  0.968404 -0.834777 0.000000
vt  1.006529 0.995225 0.000000
vt  1.006529 -0.834777 0.000000
vt  0.967949 1.000448 0.000000
vt  0.967949 -0.835258 0.000000
vt  0.661998 1.000448 0.000000
vt  0.661998 -0.835258 0.000000
vt  0.312012 0.985111 0.000000
vt  0.617821 0.985111 0.000000
vt  0.312012 1.023820 0.000000
vt  0.617821 1.023820 0.000000
vt  0.625487 -0.828824 0.000000
vt  0.625487 1.001179 0.000000
vt  0.663612 -0.828824 0.000000
vt  0.663612 1.001179 0.000000
vt  0.311580 0.998931 0.000000
vt  0.311580 -0.836775 0.000000
vt  0.617531 0.998931 0.000000
vt  0.617531 -0.836775 0.000000
vt  0.968839 1.574982 0.000000
vt  0.664320 1.574982 0.000000
vt  0.968839 1.613047 0.000000
vt  0.664320 1.613047 0.000000
vt  0.968404 1.568588 0.000000
vt  0.968404 -0.261414 0.000000
vt  1.006529 1.568588 0.000000
vt  1.006529 -0.261414 0.000000
vt  0.967949 1.573811 0.000000
vt  0.967949 -0.261895 0.000000
vt  0.661998 1.573811 0.000000
vt  0.661998 -0.261895 0.000000
vt  0.312012 1.558474 0.000000
vt  0.617821 1.558474 0.000000
vt  0.312012 1.597184 0.000000
vt  0.617821 1.597184 0.000000
vt  0.625487 -0.255461 0.000000
vt  0.625487 1.574542 0.000000
vt  0.663612 -0.255461 0.000000
vt  0.663612 1.574542 0.000000
vt  0.311580 1.572294 0.000000
vt  0.311580 -0.263412 0.000000
vt  0.617531 1.572294 0.000000
vt  0.617531 -0.263412 0.000000
vt  0.313121 1.001619 0.000000
vt  0.617640 1.001619 0.000000
vt  0.313121 1.039684 0.000000
vt  0.617640 1.039684 0.000000
vt  0.313556 0.995225 0.000000
vt  0.313556 -0.834777 0.000000
vt  0.275431 0.995225 0.000000
vt  0.275431 -0.834777 0.000000
vt  0.314011 1.000448 0.000000
vt  0.314011 -0.835258 0.000000
vt  0.619962 1.000448 0.000000
vt  0.619962 -0.835258 0.000000
vt  0.969948 0.985111 0.000000
vt  0.664139 0.985111 0.000000
vt  0.969948 1.023820 0.000000
vt  0.664139 1.023820 0.000000
vt  0.656473 -0.828824 0.000000
vt  0.656473 1.001179 0.000000
vt  0.618348 -0.828824 0.000000
vt  0.618348 1.001179 0.000000
vt  0.970380 0.998931 0.000000
vt  0.970380 -0.836775 0.000000
vt  0.664429 0.998931 0.000000
vt  0.664429 -0.836775 0.000000
vt  0.313121 1.434930 0.000000
vt  0.617640 1.434930 0.000000
vt  0.313121 1.472995 0.000000
vt  0.617640 1.472995 0.000000
vt  0.313556 1.428536 0.000000
vt  0.313556 -0.401466 0.000000
vt  0.275431 1.428536 0.000000
vt  0.275431 -0.401466 0.000000
vt  0.314011 1.433759 0.000000
vt  0.314011 -0.401947 0.000000
vt  0.619962 1.433759 0.000000
vt  0.619962 -0.401947 0.000000
vt  0.969948 1.418422 0.000000
vt  0.664139 1.418422 0.000000
vt  0.969948 1.457131 0.000000
vt  0.664139 1.457131 0.000000
vt  0.656473 -0.395513 0.000000
vt  0.656473 1.434490 0.000000
vt  0.618348 -0.395513 0.000000
vt  0.618348 1.434490 0.000000
vt  0.970380 1.432242 0.000000
vt  0.970380 -0.403464 0.000000
vt  0.664429 1.432242 0.000000
vt  0.664429 -0.403464 0.000000
vt  0.146551 0.995622 -4.000000
vt  0.146551 0.964102 -4.000000
vt  0.193830 0.964102 -4.000000
vt  0.193830 0.901064 -4.000000
vt  0.146551 0.901064 -4.000000
vt  0.146551 0.869545 -4.000000
vt  0.272628 0.869545 -4.000000
vt  0.272628 0.901064 -4.000000
vt  0.225349 0.901064 -4.000000
vt  0.225349 0.964102 -4.000000
vt  0.272628 0.964102 -4.000000
vt  0.272628 0.995622 -4.000000
vt  0.004043 0.995622 4.000000
vt  0.004043 0.964102 4.000000
vt  0.051322 0.964102 4.000000
vt  0.051322 0.901064 4.000000
vt  0.004043 0.901064 4.000000
vt  0.004043 0.869545 4.000000
vt  0.130120 0.869545 4.000000
vt  0.130120 0.901064 4.000000
vt  0.082841 0.901064 4.000000
vt  0.082841 0.964102 4.000000
vt  0.130120 0.964102 4.000000
vt  0.130120 0.995622 4.000000
vt  0.866912 0.998875 -0.000018
vt  0.851310 0.998875 -0.000015
vt  0.827928 0.998875 -0.000013
vt  0.796771 0.998875 -0.000014
vt  0.773395 0.998875 -0.000016
vt  0.757802 0.998875 -0.000020
vt  0.695561 0.998875 -0.000043
vt  0.679989 0.998875 -0.000052
vt  0.656655 0.998875 -0.000072
vt  0.968109 0.998875 -0.000075
vt  0.944755 0.998875 -0.000050
vt  0.929169 0.998875 -0.000040
vt  0.866934 0.003548 -0.000002
vt  0.851334 0.003548 -0.000002
vt  0.827953 0.003548 -0.000002
vt  0.796795 0.003548 -0.000001
vt  0.773416 0.003548 -0.000000
vt  0.757820 0.003548 0.000001
vt  0.695573 0.003548 0.000006
vt  0.679998 0.003548 0.000008
vt  0.656659 0.003548 0.000014
vt  0.968115 0.003548 0.000005
vt  0.944768 0.003548 0.000001
vt  0.929186 0.003548 0.000000
vt  0.999224 0.998875 -0.000137
vt  0.999226 0.003548 0.000014
vt  0.147017 0.860923 -4.000000
vt  0.147017 0.829404 -4.000000
vt  0.194296 0.829404 -4.000000
vt  0.194296 0.766366 -4.000000
vt  0.147017 0.766366 -4.000000
vt  0.147017 0.734847 -4.000000
vt  0.273094 0.734847 -4.000000
vt  0.273094 0.766366 -4.000000
vt  0.225815 0.766366 -4.000000
vt  0.225815 0.829404 -4.000000
vt  0.273094 0.829404 -4.000000
vt  0.273094 0.860923 -4.000000
vt  0.004509 0.860923 4.000000
vt  0.004509 0.829404 4.000000
vt  0.051788 0.829404 4.000000
vt  0.051788 0.766366 4.000000
vt  0.004509 0.766366 4.000000
vt  0.004509 0.734847 4.000000
vt  0.130586 0.734847 4.000000
vt  0.130586 0.766366 4.000000
vt  0.083307 0.766366 4.000000
vt  0.083307 0.829404 4.000000
vt  0.130586 0.829404 4.000000
vt  0.130586 0.860923 4.000000
vt  0.522252 0.998875 -0.000018
vt  0.506650 0.998875 -0.000015
vt  0.483268 0.998875 -0.000013
vt  0.452111 0.998875 -0.000014
vt  0.428734 0.998875 -0.000016
vt  0.413142 0.998875 -0.000020
vt  0.350901 0.998875 -0.000043
vt  0.335329 0.998875 -0.000052
vt  0.311995 0.998875 -0.000072
vt  0.623449 0.998875 -0.000075
vt  0.600095 0.998875 -0.000050
vt  0.584509 0.998875 -0.000040
vt  0.522274 0.003548 -0.000002
vt  0.506674 0.003548 -0.000002
vt  0.483293 0.003548 -0.000002
vt  0.452135 0.003548 -0.000001
vt  0.428756 0.003548 -0.000000
vt  0.413160 0.003548 0.000001
vt  0.350913 0.003548 0.000006
vt  0.335338 0.003548 0.000008
vt  0.311999 0.003548 0.000014
vt  0.623455 0.003548 0.000005
vt  0.600108 0.003548 0.000001
vt  0.584526 0.003548 0.000000
vt  0.654564 0.998875 -0.000137
vt  0.654566 0.003548 0.000014
vt  0.866931 0.146205 -0.000004
vt  0.851331 0.146205 -0.000004
vt  0.944766 0.146205 -0.000006
vt  0.929184 0.146205 -0.000006
vt  0.428753 0.146205 -0.000003
vt  0.413158 0.146205 -0.000002
vt  0.350911 0.146205 -0.000001
vt  0.335336 0.146205 -0.000000
vt  0.851330 0.168549 -0.000004
vt  0.944766 0.168549 -0.000007
vt  0.929183 0.168549 -0.000006
vt  0.428752 0.168549 -0.000003
vt  0.413157 0.168549 -0.000003
vt  0.350911 0.168549 -0.000002
vt  0.335336 0.168549 -0.000002
vt  0.866930 0.168549 -0.000004
vt  0.851329 0.212119 -0.000004
vt  0.944766 0.212119 -0.000009
vt  0.929182 0.212119 -0.000008
vt  0.428751 0.212119 -0.000004
vt  0.413157 0.212119 -0.000004
vt  0.350910 0.212119 -0.000004
vt  0.335336 0.212119 -0.000004
vt  0.866929 0.212119 -0.000005
vt  0.851329 0.234599 -0.000005
vt  0.944765 0.234599 -0.000011
vt  0.929182 0.234599 -0.000009
vt  0.428751 0.234599 -0.000004
vt  0.413156 0.234599 -0.000004
vt  0.350910 0.234599 -0.000005
vt  0.335336 0.234599 -0.000006
vt  0.866929 0.234599 -0.000005
vt  0.851314 0.856227 -0.000013
vt  0.944757 0.856227 -0.000042
vt  0.929172 0.856227 -0.000034
vt  0.428738 0.856227 -0.000014
vt  0.413145 0.856227 -0.000017
vt  0.350902 0.856227 -0.000036
vt  0.335330 0.856227 -0.000043
vt  0.866915 0.856227 -0.000016
vt  0.866916 0.834116 -0.000015
vt  0.851314 0.834116 -0.000013
vt  0.944758 0.834116 -0.000041
vt  0.929172 0.834116 -0.000033
vt  0.428738 0.834116 -0.000014
vt  0.413145 0.834116 -0.000016
vt  0.350903 0.834116 -0.000035
vt  0.335331 0.834116 -0.000042
vt  0.866917 0.790304 -0.000014
vt  0.851315 0.790304 -0.000012
vt  0.944758 0.790304 -0.000039
vt  0.929173 0.790304 -0.000031
vt  0.428739 0.790304 -0.000013
vt  0.413146 0.790304 -0.000016
vt  0.350903 0.790304 -0.000033
vt  0.335331 0.790304 -0.000039
vt  0.866917 0.768409 -0.000014
vt  0.851316 0.768409 -0.000012
vt  0.944758 0.768409 -0.000038
vt  0.929173 0.768409 -0.000030
vt  0.428739 0.768409 -0.000013
vt  0.413147 0.768409 -0.000015
vt  0.350903 0.768409 -0.000032
vt  0.335331 0.768409 -0.000038
vt  0.890284 0.168549 -0.000005
vt  0.890283 0.212119 -0.000006
vt  0.890271 0.834116 -0.000022
vt  0.389796 0.834116 -0.000023
vt  0.890271 0.790304 -0.000021
vt  0.389796 0.790304 -0.000022
vt  0.906010 0.168549 -0.000006
vt  0.906009 0.212119 -0.000007
vt  0.905998 0.834116 -0.000026
vt  0.905999 0.790304 -0.000025
vt  0.374072 0.834116 -0.000028
vt  0.374072 0.790304 -0.000026
vt  0.413146 0.790304 -0.000016
vt  0.413145 0.834116 -0.000016
vt  0.389796 0.834116 -0.000023
vt  0.389796 0.790304 -0.000022
vt  0.374072 0.834116 -0.000028
vt  0.350903 0.834116 -0.000035
vt  0.350903 0.790304 -0.000033
vt  0.374072 0.790304 -0.000026
vt  0.452124 0.477232 -0.000007
vt  0.428746 0.477232 -0.000008
vt  0.413152 0.461680 -0.000009
vt  0.350907 0.461680 -0.000017
vt  0.335334 0.477232 -0.000020
vt  0.311997 0.477232 -0.000027
vt  0.654565 0.477232 -0.000058
vt  0.522262 0.523888 -0.000010
vt  0.506662 0.508336 -0.000008
vt  0.483280 0.508336 -0.000007
vt  0.623452 0.508336 -0.000036
vt  0.600102 0.508336 -0.000025
vt  0.584517 0.523888 -0.000021
vt  0.522264 0.461596 -0.000009
vt  0.506663 0.477148 -0.000008
vt  0.483281 0.477148 -0.000007
vt  0.623452 0.477148 -0.000033
vt  0.600102 0.477148 -0.000023
vt  0.584518 0.461596 -0.000018
vt  0.467660 0.492742 -0.000007
vt  0.639050 0.492742 -0.000047
vt  0.452123 0.508252 -0.000007
vt  0.428745 0.508252 -0.000008
vt  0.413151 0.523804 -0.000010
vt  0.350906 0.523804 -0.000020
vt  0.335333 0.508252 -0.000022
vt  0.311997 0.508252 -0.000030
vt  0.654565 0.508252 -0.000062
vt  0.467660 0.492742 -0.000007
vt  0.639050 0.492742 -0.000047
vt  0.866923 0.483674 -0.000009
vt  0.851322 0.499226 -0.000008
vt  0.827941 0.499226 -0.000007
vt  0.968112 0.499226 -0.000035
vt  0.944762 0.499226 -0.000024
vt  0.929178 0.483674 -0.000019
vt  0.796783 0.530330 -0.000008
vt  0.773405 0.530330 -0.000009
vt  0.757811 0.545882 -0.000010
vt  0.695566 0.545882 -0.000021
vt  0.679993 0.530330 -0.000024
vt  0.656657 0.530330 -0.000031
vt  0.999225 0.530330 -0.000066
vt  0.851322 0.530879 -0.000009
vt  0.827940 0.530879 -0.000008
vt  0.968112 0.530879 -0.000038
vt  0.944761 0.530879 -0.000026
vt  0.929177 0.546431 -0.000022
vt  0.866922 0.546431 -0.000010
vt  0.812087 0.515053 -0.000007
vt  0.983943 0.515053 -0.000051
vt  0.796783 0.499775 -0.000007
vt  0.773405 0.499775 -0.000008
vt  0.757812 0.484223 -0.000009
vt  0.695567 0.484223 -0.000018
vt  0.679993 0.499775 -0.000022
vt  0.656657 0.499775 -0.000029
vt  0.999225 0.499775 -0.000061
vt  0.812087 0.515053 -0.000007
vt  0.983943 0.515053 -0.000051
vt  0.506652 0.917114 -0.000014
vt  0.483270 0.917114 -0.000012
vt  0.452112 0.948257 -0.000013
vt  0.428736 0.948257 -0.000015
vt  0.413143 0.963809 -0.000019
vt  0.350901 0.963809 -0.000042
vt  0.335330 0.948257 -0.000049
vt  0.311995 0.948257 -0.000067
vt  0.654564 0.948257 -0.000129
vt  0.623449 0.917114 -0.000069
vt  0.600096 0.917114 -0.000045
vt  0.584511 0.901553 -0.000036
vt  0.522254 0.901553 -0.000016
vt  0.866932 0.106377 -0.000003
vt  0.851332 0.090834 -0.000003
vt  0.827951 0.090834 -0.000003
vt  0.968114 0.090834 -0.000002
vt  0.944767 0.090834 -0.000003
vt  0.929184 0.106377 -0.000004
vt  0.796794 0.059771 -0.000002
vt  0.773415 0.059771 -0.000001
vt  0.757820 0.044219 -0.000000
vt  0.695572 0.044219 0.000004
vt  0.679997 0.059771 0.000005
vt  0.656658 0.059771 0.000009
vt  0.999226 0.059771 0.000006
vt  0.522273 0.022151 -0.000002
vt  0.452134 0.068775 -0.000002
vt  0.428755 0.068775 -0.000001
vt  0.413159 0.084318 -0.000001
vt  0.350912 0.084318 0.000002
vt  0.335337 0.068775 0.000004
vt  0.311998 0.068775 0.000008
vt  0.654566 0.068775 0.000005
vt  0.506673 0.037703 -0.000002
vt  0.483292 0.037703 -0.000002
vt  0.623455 0.037703 0.000002
vt  0.600108 0.037703 -0.000000
vt  0.584526 0.022151 -0.000001
vt  0.851311 0.970324 -0.000014
vt  0.827929 0.970324 -0.000013
vt  0.796773 0.939191 -0.000013
vt  0.773396 0.939191 -0.000015
vt  0.757804 0.923630 -0.000018
vt  0.695562 0.923630 -0.000040
vt  0.679990 0.939191 -0.000048
vt  0.656655 0.939191 -0.000067
vt  0.999224 0.939191 -0.000128
vt  0.968109 0.970324 -0.000073
vt  0.944756 0.970324 -0.000048
vt  0.929169 0.985876 -0.000039
vt  0.866912 0.985876 -0.000018
vt  0.147017 0.860923 -4.000000
vt  0.147017 0.829404 -4.000000
vt  0.194296 0.829404 -4.000000
vt  0.194296 0.766366 -4.000000
vt  0.147017 0.766366 -4.000000
vt  0.147017 0.734847 -4.000000
vt  0.273094 0.734847 -4.000000
vt  0.273094 0.766366 -4.000000
vt  0.225815 0.766366 -4.000000
vt  0.225815 0.829404 -4.000000
vt  0.273094 0.829404 -4.000000
vt  0.273094 0.860923 -4.000000
vt  0.004509 0.860923 4.000000
vt  0.004509 0.829404 4.000000
vt  0.051788 0.829404 4.000000
vt  0.051788 0.766366 4.000000
vt  0.004509 0.766366 4.000000
vt  0.004509 0.734847 4.000000
vt  0.130586 0.734847 4.000000
vt  0.130586 0.766366 4.000000
vt  0.083307 0.766366 4.000000
vt  0.083307 0.829404 4.000000
vt  0.130586 0.829404 4.000000
vt  0.130586 0.860923 4.000000
vt  0.522252 0.998875 -0.000018
vt  0.506650 0.998875 -0.000015
vt  0.483268 0.998875 -0.000013
vt  0.452111 0.998875 -0.000014
vt  0.428734 0.998875 -0.000016
vt  0.413142 0.998875 -0.000020
vt  0.350901 0.998875 -0.000043
vt  0.335329 0.998875 -0.000052
vt  0.311995 0.998875 -0.000072
vt  0.623449 0.998875 -0.000075
vt  0.600095 0.998875 -0.000050
vt  0.584509 0.998875 -0.000040
vt  0.522274 0.003548 -0.000002
vt  0.506674 0.003548 -0.000002
vt  0.483293 0.003548 -0.000002
vt  0.452135 0.003548 -0.000001
vt  0.428756 0.003548 -0.000000
vt  0.413160 0.003548 0.000001
vt  0.350913 0.003548 0.000006
vt  0.335338 0.003548 0.000008
vt  0.311999 0.003548 0.000014
vt  0.623455 0.003548 0.000005
vt  0.600108 0.003548 0.000001
vt  0.584526 0.003548 0.000000
vt  0.654564 0.998875 -0.000137
vt  0.654566 0.003548 0.000014
vt  0.506674 0.003548 -0.000002
vt  0.522274 0.003548 -0.000002
vt  0.522252 0.998875 -0.000018
vt  0.506650 0.998875 -0.000015
vt  0.483293 0.003548 -0.000002
vt  0.483268 0.998875 -0.000013
vt  0.452135 0.003548 -0.000001
vt  0.452111 0.998875 -0.000014
vt  0.428756 0.003548 -0.000000
vt  0.428734 0.998875 -0.000016
vt  0.413160 0.003548 0.000001
vt  0.413142 0.998875 -0.000020
vt  0.350913 0.003548 0.000006
vt  0.350901 0.998875 -0.000043
vt  0.335338 0.003548 0.000008
vt  0.335329 0.998875 -0.000052
vt  0.311999 0.003548 0.000014
vt  0.311995 0.998875 -0.000072
vt  0.623455 0.003548 0.000005
vt  0.654566 0.003548 0.000014
vt  0.654564 0.998875 -0.000137
vt  0.623449 0.998875 -0.000075
vt  0.600108 0.003548 0.000001
vt  0.600095 0.998875 -0.000050
vt  0.584526 0.003548 0.000000
vt  0.584509 0.998875 -0.000040
vt  0.506674 0.003548 -0.000002
vt  0.522274 0.003548 -0.000002
vt  0.522252 0.998875 -0.000018
vt  0.506650 0.998875 -0.000015
vt  0.483293 0.003548 -0.000002
vt  0.483268 0.998875 -0.000013
vt  0.452135 0.003548 -0.000001
vt  0.452111 0.998875 -0.000014
vt  0.428756 0.003548 -0.000000
vt  0.428734 0.998875 -0.000016
vt  0.413160 0.003548 0.000001
vt  0.413142 0.998875 -0.000020
vt  0.350913 0.003548 0.000006
vt  0.350901 0.998875 -0.000043
vt  0.335338 0.003548 0.000008
vt  0.335329 0.998875 -0.000052
vt  0.311999 0.003548 0.000014
vt  0.311995 0.998875 -0.000072
vt  0.623455 0.003548 0.000005
vt  0.654566 0.003548 0.000014
vt  0.654564 0.998875 -0.000137
vt  0.623449 0.998875 -0.000075
vt  0.600108 0.003548 0.000001
vt  0.600095 0.998875 -0.000050
vt  0.584526 0.003548 0.000000
vt  0.584509 0.998875 -0.000040
vt  0.194296 0.829404 -4.000000
vt  0.147017 0.829404 -4.000000
vt  0.147017 0.860923 -4.000000
vt  0.273094 0.860923 -4.000000
vt  0.273094 0.829404 -4.000000
vt  0.225815 0.829404 -4.000000
vt  0.225815 0.766366 -4.000000
vt  0.194296 0.766366 -4.000000
vt  0.273094 0.766366 -4.000000
vt  0.273094 0.734847 -4.000000
vt  0.147017 0.734847 -4.000000
vt  0.147017 0.766366 -4.000000
vt  0.506674 0.003548 -0.000002
vt  0.522274 0.003548 -0.000002
vt  0.522252 0.998875 -0.000018
vt  0.506650 0.998875 -0.000015
vt  0.483293 0.003548 -0.000002
vt  0.483268 0.998875 -0.000013
vt  0.452135 0.003548 -0.000001
vt  0.452111 0.998875 -0.000014
vt  0.428756 0.003548 -0.000000
vt  0.428734 0.998875 -0.000016
vt  0.413160 0.003548 0.000001
vt  0.413142 0.998875 -0.000020
vt  0.350913 0.003548 0.000006
vt  0.350901 0.998875 -0.000043
vt  0.335338 0.003548 0.000008
vt  0.335329 0.998875 -0.000052
vt  0.311999 0.003548 0.000014
vt  0.311995 0.998875 -0.000072
vt  0.623455 0.003548 0.000005
vt  0.654566 0.003548 0.000014
vt  0.654564 0.998875 -0.000137
vt  0.623449 0.998875 -0.000075
vt  0.600108 0.003548 0.000001
vt  0.600095 0.998875 -0.000050
vt  0.584526 0.003548 0.000000
vt  0.584509 0.998875 -0.000040
vt  0.051788 0.766366 4.000000
vt  0.004509 0.766366 4.000000
vt  0.004509 0.734847 4.000000
vt  0.130586 0.734847 4.000000
vt  0.130586 0.766366 4.000000
vt  0.083307 0.766366 4.000000
vt  0.130586 0.829404 4.000000
vt  0.130586 0.860923 4.000000
vt  0.004509 0.860923 4.000000
vt  0.083307 0.829404 4.000000
vt  0.004509 0.829404 4.000000
vt  0.051788 0.829404 4.000000
vt  0.506674 0.003548 -0.000002
vt  0.522274 0.003548 -0.000002
vt  0.522252 0.998875 -0.000018
vt  0.506650 0.998875 -0.000015
vt  0.483293 0.003548 -0.000002
vt  0.483268 0.998875 -0.000013
vt  0.452135 0.003548 -0.000001
vt  0.452111 0.998875 -0.000014
vt  0.428756 0.003548 -0.000000
vt  0.428734 0.998875 -0.000016
vt  0.413160 0.003548 0.000001
vt  0.413142 0.998875 -0.000020
vt  0.350913 0.003548 0.000006
vt  0.350901 0.998875 -0.000043
vt  0.335338 0.003548 0.000008
vt  0.335329 0.998875 -0.000052
vt  0.311999 0.003548 0.000014
vt  0.311995 0.998875 -0.000072
vt  0.623455 0.003548 0.000005
vt  0.654566 0.003548 0.000014
vt  0.654564 0.998875 -0.000137
vt  0.623449 0.998875 -0.000075
vt  0.600108 0.003548 0.000001
vt  0.600095 0.998875 -0.000050
vt  0.584526 0.003548 0.000000
vt  0.584509 0.998875 -0.000040
vt  0.506674 0.003548 -0.000002
vt  0.522274 0.003548 -0.000002
vt  0.522252 0.998875 -0.000018
vt  0.506650 0.998875 -0.000015
vt  0.483293 0.003548 -0.000002
vt  0.483268 0.998875 -0.000013
vt  0.452135 0.003548 -0.000001
vt  0.452111 0.998875 -0.000014
vt  0.428756 0.003548 -0.000000
vt  0.428734 0.998875 -0.000016
vt  0.413160 0.003548 0.000001
vt  0.413142 0.998875 -0.000020
vt  0.350913 0.003548 0.000006
vt  0.350901 0.998875 -0.000043
vt  0.335338 0.003548 0.000008
vt  0.335329 0.998875 -0.000052
vt  0.311999 0.003548 0.000014
vt  0.311995 0.998875 -0.000072
vt  0.623455 0.003548 0.000005
vt  0.654566 0.003548 0.000014
vt  0.654564 0.998875 -0.000137
vt  0.623449 0.998875 -0.000075
vt  0.600108 0.003548 0.000001
vt  0.600095 0.998875 -0.000050
vt  0.584526 0.003548 0.000000
vt  0.584509 0.998875 -0.000040
vt  0.194296 0.829404 -4.000000
vt  0.147017 0.829404 -4.000000
vt  0.147017 0.860923 -4.000000
vt  0.273094 0.860923 -4.000000
vt  0.273094 0.829404 -4.000000
vt  0.225815 0.829404 -4.000000
vt  0.225815 0.766366 -4.000000
vt  0.194296 0.766366 -4.000000
vt  0.273094 0.766366 -4.000000
vt  0.273094 0.734847 -4.000000
vt  0.147017 0.734847 -4.000000
vt  0.147017 0.766366 -4.000000
vt  0.506674 0.003548 -0.000002
vt  0.522274 0.003548 -0.000002
vt  0.522252 0.998875 -0.000018
vt  0.506650 0.998875 -0.000015
vt  0.483293 0.003548 -0.000002
vt  0.483268 0.998875 -0.000013
vt  0.452135 0.003548 -0.000001
vt  0.452111 0.998875 -0.000014
vt  0.428756 0.003548 -0.000000
vt  0.428734 0.998875 -0.000016
vt  0.413160 0.003548 0.000001
vt  0.413142 0.998875 -0.000020
vt  0.350913 0.003548 0.000006
vt  0.350901 0.998875 -0.000043
vt  0.335338 0.003548 0.000008
vt  0.335329 0.998875 -0.000052
vt  0.311999 0.003548 0.000014
vt  0.311995 0.998875 -0.000072
vt  0.623455 0.003548 0.000005
vt  0.654566 0.003548 0.000014
vt  0.654564 0.998875 -0.000137
vt  0.623449 0.998875 -0.000075
vt  0.600108 0.003548 0.000001
vt  0.600095 0.998875 -0.000050
vt  0.584526 0.003548 0.000000
vt  0.584509 0.998875 -0.000040
vt  0.051788 0.766366 4.000000
vt  0.004509 0.766366 4.000000
vt  0.004509 0.734847 4.000000
vt  0.130586 0.734847 4.000000
vt  0.130586 0.766366 4.000000
vt  0.083307 0.766366 4.000000
vt  0.130586 0.829404 4.000000
vt  0.130586 0.860923 4.000000
vt  0.004509 0.860923 4.000000
vt  0.083307 0.829404 4.000000
vt  0.004509 0.829404 4.000000
vt  0.051788 0.829404 4.000000
vt  0.661998 -0.261895 0.000000
vt  0.967949 -0.261895 0.000000
vt  0.967949 1.573811 0.000000
vt  0.661998 1.573811 0.000000
vt  0.617531 -0.263412 0.000000
vt  0.617531 1.572294 0.000000
vt  0.311580 1.572294 0.000000
vt  0.311580 -0.263412 0.000000
vt  1.006529 -0.261414 0.000000
vt  1.006529 1.568588 0.000000
vt  0.968404 1.568588 0.000000
vt  0.968404 -0.261414 0.000000
vt  0.617821 1.597184 0.000000
vt  0.312012 1.597184 0.000000
vt  0.312012 1.558474 0.000000
vt  0.617821 1.558474 0.000000
vt  0.663612 -0.255461 0.000000
vt  0.663612 1.574542 0.000000
vt  0.625487 1.574542 0.000000
vt  0.625487 -0.255461 0.000000
vt  0.968839 1.613047 0.000000
vt  0.664320 1.613047 0.000000
vt  0.664320 1.574982 0.000000
vt  0.968839 1.574982 0.000000
vt  0.619962 -0.835258 0.000000
vt  0.314011 -0.835258 0.000000
vt  0.314011 1.000448 0.000000
vt  0.619962 1.000448 0.000000
vt  0.664429 -0.836775 0.000000
vt  0.664429 0.998931 0.000000
vt  0.970380 0.998931 0.000000
vt  0.970380 -0.836775 0.000000
vt  0.275431 -0.834777 0.000000
vt  0.275431 0.995225 0.000000
vt  0.313556 0.995225 0.000000
vt  0.313556 -0.834777 0.000000
vt  0.664139 1.023820 0.000000
vt  0.969948 1.023820 0.000000
vt  0.969948 0.985111 0.000000
vt  0.664139 0.985111 0.000000
vt  0.618348 -0.828824 0.000000
vt  0.618348 1.001179 0.000000
vt  0.656473 1.001179 0.000000
vt  0.656473 -0.828824 0.000000
vt  0.313121 1.039684 0.000000
vt  0.617640 1.039684 0.000000
vt  0.617640 1.001619 0.000000
vt  0.313121 1.001619 0.000000
vt  0.661998 -0.261895 0.000000
vt  0.967949 -0.261895 0.000000
vt  0.967949 1.573811 0.000000
vt  0.661998 1.573811 0.000000
vt  0.617531 -0.263412 0.000000
vt  0.617531 1.572294 0.000000
vt  0.311580 1.572294 0.000000
vt  0.311580 -0.263412 0.000000
vt  1.006529 -0.261414 0.000000
vt  1.006529 1.568588 0.000000
vt  0.968404 1.568588 0.000000
vt  0.968404 -0.261414 0.000000
vt  0.617821 1.597184 0.000000
vt  0.312012 1.597184 0.000000
vt  0.312012 1.558474 0.000000
vt  0.617821 1.558474 0.000000
vt  0.663612 -0.255461 0.000000
vt  0.663612 1.574542 0.000000
vt  0.625487 1.574542 0.000000
vt  0.625487 -0.255461 0.000000
vt  0.968839 1.613047 0.000000
vt  0.664320 1.613047 0.000000
vt  0.664320 1.574982 0.000000
vt  0.968839 1.574982 0.000000
vt  0.661998 -0.835258 0.000000
vt  0.967949 -0.835258 0.000000
vt  0.967949 1.000448 0.000000
vt  0.661998 1.000448 0.000000
vt  0.617531 -0.836775 0.000000
vt  0.617531 0.998931 0.000000
vt  0.311580 0.998931 0.000000
vt  0.311580 -0.836775 0.000000
vt  1.006529 -0.834777 0.000000
vt  1.006529 0.995225 0.000000
vt  0.968404 0.995225 0.000000
vt  0.968404 -0.834777 0.000000
vt  0.617821 1.023820 0.000000
vt  0.312012 1.023820 0.000000
vt  0.312012 0.985111 0.000000
vt  0.617821 0.985111 0.000000
vt  0.663612 -0.828824 0.000000
vt  0.663612 1.001179 0.000000
vt  0.625487 1.001179 0.000000
vt  0.625487 -0.828824 0.000000
vt  0.968839 1.039684 0.000000
vt  0.664320 1.039684 0.000000
vt  0.664320 1.001619 0.000000
vt  0.968839 1.001619 0.000000
vt  0.619962 -0.401947 0.000000
vt  0.314011 -0.401947 0.000000
vt  0.314011 1.433759 0.000000
vt  0.619962 1.433759 0.000000
vt  0.664429 -0.403464 0.000000
vt  0.664429 1.432242 0.000000
vt  0.970380 1.432242 0.000000
vt  0.970380 -0.403464 0.000000
vt  0.275431 -0.401466 0.000000
vt  0.275431 1.428536 0.000000
vt  0.313556 1.428536 0.000000
vt  0.313556 -0.401466 0.000000
vt  0.664139 1.457131 0.000000
vt  0.969948 1.457131 0.000000
vt  0.969948 1.418422 0.000000
vt  0.664139 1.418422 0.000000
vt  0.618348 -0.395513 0.000000
vt  0.618348 1.434490 0.000000
vt  0.656473 1.434490 0.000000
vt  0.656473 -0.395513 0.000000
vt  0.313121 1.472995 0.000000
vt  0.617640 1.472995 0.000000
vt  0.617640 1.434930 0.000000
vt  0.313121 1.434930 0.000000
vt  0.619962 -0.401947 0.000000
vt  0.314011 -0.401947 0.000000
vt  0.314011 1.433759 0.000000
vt  0.619962 1.433759 0.000000
vt  0.664429 -0.403464 0.000000
vt  0.664429 1.432242 0.000000
vt  0.970380 1.432242 0.000000
vt  0.970380 -0.403464 0.000000
vt  0.275431 -0.401466 0.000000
vt  0.275431 1.428536 0.000000
vt  0.313556 1.428536 0.000000
vt  0.313556 -0.401466 0.000000
vt  0.664139 1.457131 0.000000
vt  0.969948 1.457131 0.000000
vt  0.969948 1.418422 0.000000
vt  0.664139 1.418422 0.000000
vt  0.618348 -0.395513 0.000000
vt  0.618348 1.434490 0.000000
vt  0.656473 1.434490 0.000000
vt  0.656473 -0.395513 0.000000
vt  0.313121 1.472995 0.000000
vt  0.617640 1.472995 0.000000
vt  0.617640 1.434930 0.000000
vt  0.313121 1.434930 0.000000
vt  0.661998 -0.835258 0.000000
vt  0.967949 -0.835258 0.000000
vt  0.967949 1.000448 0.000000
vt  0.661998 1.000448 0.000000
vt  0.617531 -0.836775 0.000000
vt  0.617531 0.998931 0.000000
vt  0.311580 0.998931 0.000000
vt  0.311580 -0.836775 0.000000
vt  1.006529 -0.834777 0.000000
vt  1.006529 0.995225 0.000000
vt  0.968404 0.995225 0.000000
vt  0.968404 -0.834777 0.000000
vt  0.617821 1.023820 0.000000
vt  0.312012 1.023820 0.000000
vt  0.312012 0.985111 0.000000
vt  0.617821 0.985111 0.000000
vt  0.663612 -0.828824 0.000000
vt  0.663612 1.001179 0.000000
vt  0.625487 1.001179 0.000000
vt  0.625487 -0.828824 0.000000
vt  0.968839 1.039684 0.000000
vt  0.664320 1.039684 0.000000
vt  0.664320 1.001619 0.000000
vt  0.968839 1.001619 0.000000
vt  0.619962 -0.835258 0.000000
vt  0.314011 -0.835258 0.000000
vt  0.314011 1.000448 0.000000
vt  0.619962 1.000448 0.000000
vt  0.664429 -0.836775 0.000000
vt  0.664429 0.998931 0.000000
vt  0.970380 0.998931 0.000000
vt  0.970380 -0.836775 0.000000
vt  0.275431 -0.834777 0.000000
vt  0.275431 0.995225 0.000000
vt  0.313556 0.995225 0.000000
vt  0.313556 -0.834777 0.000000
vt  0.664139 1.023820 0.000000
vt  0.969948 1.023820 0.000000
vt  0.969948 0.985111 0.000000
vt  0.664139 0.985111 0.000000
vt  0.618348 -0.828824 0.000000
vt  0.618348 1.001179 0.000000
vt  0.656473 1.001179 0.000000
vt  0.656473 -0.828824 0.000000
vt  0.313121 1.039684 0.000000
vt  0.617640 1.039684 0.000000
vt  0.617640 1.001619 0.000000
vt  0.313121 1.001619 0.000000
vt  0.661998 -0.261895 0.000000
vt  0.967949 -0.261895 0.000000
vt  0.967949 1.573811 0.000000
vt  0.661998 1.573811 0.000000
vt  0.617531 -0.263412 0.000000
vt  0.617531 1.572294 0.000000
vt  0.311580 1.572294 0.000000
vt  0.311580 -0.263412 0.000000
vt  1.006529 -0.261414 0.000000
vt  1.006529 1.568588 0.000000
vt  0.968404 1.568588 0.000000
vt  0.968404 -0.261414 0.000000
vt  0.617821 1.597184 0.000000
vt  0.312012 1.597184 0.000000
vt  0.312012 1.558474 0.000000
vt  0.617821 1.558474 0.000000
vt  0.663612 -0.255461 0.000000
vt  0.663612 1.574542 0.000000
vt  0.625487 1.574542 0.000000
vt  0.625487 -0.255461 0.000000
vt  0.968839 1.613047 0.000000
vt  0.664320 1.613047 0.000000
vt  0.664320 1.574982 0.000000
vt  0.968839 1.574982 0.000000
vt  0.661998 -0.261895 0.000000
vt  0.967949 -0.261895 0.000000
vt  0.967949 1.573811 0.000000
vt  0.661998 1.573811 0.000000
vt  0.617531 -0.263412 0.000000
vt  0.617531 1.572294 0.000000
vt  0.311580 1.572294 0.000000
vt  0.311580 -0.263412 0.000000
vt  1.006529 -0.261414 0.000000
vt  1.006529 1.568588 0.000000
vt  0.968404 1.568588 0.000000
vt  0.968404 -0.261414 0.000000
vt  0.617821 1.597184 0.000000
vt  0.312012 1.597184 0.000000
vt  0.312012 1.558474 0.000000
vt  0.617821 1.558474 0.000000
vt  0.663612 -0.255461 0.000000
vt  0.663612 1.574542 0.000000
vt  0.625487 1.574542 0.000000
vt  0.625487 -0.255461 0.000000
vt  0.968839 1.613047 0.000000
vt  0.664320 1.613047 0.000000
vt  0.664320 1.574982 0.000000
vt  0.968839 1.574982 0.000000
vt  0.866912 0.998875 -0.000018
vt  0.851310 0.998875 -0.000015
vt  0.827928 0.998875 -0.000013
vt  0.796771 0.998875 -0.000014
vt  0.773395 0.998875 -0.000016
vt  0.757802 0.998875 -0.000020
vt  0.695561 0.998875 -0.000043
vt  0.679989 0.998875 -0.000052
vt  0.656655 0.998875 -0.000072
vt  0.968109 0.998875 -0.000075
vt  0.944755 0.998875 -0.000050
vt  0.929169 0.998875 -0.000040
vt  0.866934 0.003548 -0.000002
vt  0.851334 0.003548 -0.000002
vt  0.827953 0.003548 -0.000002
vt  0.796795 0.003548 -0.000001
vt  0.773416 0.003548 -0.000000
vt  0.757820 0.003548 0.000001
vt  0.695573 0.003548 0.000006
vt  0.679998 0.003548 0.000008
vt  0.656659 0.003548 0.000014
vt  0.968115 0.003548 0.000005
vt  0.944768 0.003548 0.000001
vt  0.929186 0.003548 0.000000
vt  0.999224 0.998875 -0.000137
vt  0.999226 0.003548 0.000014
vt  0.522252 0.998875 -0.000018
vt  0.506650 0.998875 -0.000015
vt  0.483268 0.998875 -0.000013
vt  0.452111 0.998875 -0.000014
vt  0.428734 0.998875 -0.000016
vt  0.413142 0.998875 -0.000020
vt  0.350901 0.998875 -0.000043
vt  0.335329 0.998875 -0.000052
vt  0.311995 0.998875 -0.000072
vt  0.623449 0.998875 -0.000075
vt  0.600095 0.998875 -0.000050
vt  0.584509 0.998875 -0.000040
vt  0.522274 0.003548 -0.000002
vt  0.506674 0.003548 -0.000002
vt  0.483293 0.003548 -0.000002
vt  0.452135 0.003548 -0.000001
vt  0.428756 0.003548 -0.000000
vt  0.413160 0.003548 0.000001
vt  0.350913 0.003548 0.000006
vt  0.335338 0.003548 0.000008
vt  0.311999 0.003548 0.000014
vt  0.623455 0.003548 0.000005
vt  0.600108 0.003548 0.000001
vt  0.584526 0.003548 0.000000
vt  0.654564 0.998875 -0.000137
vt  0.654566 0.003548 0.000014
vt  0.866931 0.146205 -0.000004
vt  0.851331 0.146205 -0.000004
vt  0.944766 0.146205 -0.000006
vt  0.929184 0.146205 -0.000006
vt  0.428753 0.146205 -0.000003
vt  0.413158 0.146205 -0.000002
vt  0.350911 0.146205 -0.000001
vt  0.335336 0.146205 -0.000000
vt  0.851330 0.168549 -0.000004
vt  0.944766 0.168549 -0.000007
vt  0.929183 0.168549 -0.000006
vt  0.428752 0.168549 -0.000003
vt  0.413157 0.168549 -0.000003
vt  0.350911 0.168549 -0.000002
vt  0.335336 0.168549 -0.000002
vt  0.866930 0.168549 -0.000004
vt  0.851329 0.212119 -0.000004
vt  0.944766 0.212119 -0.000009
vt  0.929182 0.212119 -0.000008
vt  0.428751 0.212119 -0.000004
vt  0.413157 0.212119 -0.000004
vt  0.350910 0.212119 -0.000004
vt  0.335336 0.212119 -0.000004
vt  0.866929 0.212119 -0.000005
vt  0.851329 0.234599 -0.000005
vt  0.944765 0.234599 -0.000011
vt  0.929182 0.234599 -0.000009
vt  0.428751 0.234599 -0.000004
vt  0.413156 0.234599 -0.000004
vt  0.350910 0.234599 -0.000005
vt  0.335336 0.234599 -0.000006
vt  0.866929 0.234599 -0.000005
vt  0.851314 0.856227 -0.000013
vt  0.944757 0.856227 -0.000042
vt  0.929172 0.856227 -0.000034
vt  0.428738 0.856227 -0.000014
vt  0.413145 0.856227 -0.000017
vt  0.350902 0.856227 -0.000036
vt  0.335330 0.856227 -0.000043
vt  0.866915 0.856227 -0.000016
vt  0.866916 0.834116 -0.000015
vt  0.851314 0.834116 -0.000013
vt  0.944758 0.834116 -0.000041
vt  0.929172 0.834116 -0.000033
vt  0.428738 0.834116 -0.000014
vt  0.413145 0.834116 -0.000016
vt  0.350903 0.834116 -0.000035
vt  0.335331 0.834116 -0.000042
vt  0.866917 0.790304 -0.000014
vt  0.851315 0.790304 -0.000012
vt  0.944758 0.790304 -0.000039
vt  0.929173 0.790304 -0.000031
vt  0.428739 0.790304 -0.000013
vt  0.413146 0.790304 -0.000016
vt  0.350903 0.790304 -0.000033
vt  0.335331 0.790304 -0.000039
vt  0.866917 0.768409 -0.000014
vt  0.851316 0.768409 -0.000012
vt  0.944758 0.768409 -0.000038
vt  0.929173 0.768409 -0.000030
vt  0.428739 0.768409 -0.000013
vt  0.413147 0.768409 -0.000015
vt  0.350903 0.768409 -0.000032
vt  0.335331 0.768409 -0.000038
vt  0.890284 0.168549 -0.000005
vt  0.890283 0.212119 -0.000006
vt  0.890271 0.834116 -0.000022
vt  0.389796 0.834116 -0.000023
vt  0.890271 0.790304 -0.000021
vt  0.389796 0.790304 -0.000022
vt  0.906010 0.168549 -0.000006
vt  0.906009 0.212119 -0.000007
vt  0.905998 0.834116 -0.000026
vt  0.905999 0.790304 -0.000025
vt  0.374072 0.834116 -0.000028
vt  0.374072 0.790304 -0.000026
vt  0.413146 0.790304 -0.000016
vt  0.413145 0.834116 -0.000016
vt  0.389796 0.834116 -0.000023
vt  0.389796 0.790304 -0.000022
vt  0.374072 0.834116 -0.000028
vt  0.350903 0.834116 -0.000035
vt  0.350903 0.790304 -0.000033
vt  0.374072 0.790304 -0.000026
vt  0.452124 0.477232 -0.000007
vt  0.428746 0.477232 -0.000008
vt  0.413152 0.461680 -0.000009
vt  0.350907 0.461680 -0.000017
vt  0.335334 0.477232 -0.000020
vt  0.311997 0.477232 -0.000027
vt  0.654565 0.477232 -0.000058
vt  0.522262 0.523888 -0.000010
vt  0.506662 0.508336 -0.000008
vt  0.483280 0.508336 -0.000007
vt  0.623452 0.508336 -0.000036
vt  0.600102 0.508336 -0.000025
vt  0.584517 0.523888 -0.000021
vt  0.522264 0.461596 -0.000009
vt  0.506663 0.477148 -0.000008
vt  0.483281 0.477148 -0.000007
vt  0.623452 0.477148 -0.000033
vt  0.600102 0.477148 -0.000023
vt  0.584518 0.461596 -0.000018
vt  0.467660 0.492742 -0.000007
vt  0.639050 0.492742 -0.000047
vt  0.452123 0.508252 -0.000007
vt  0.428745 0.508252 -0.000008
vt  0.413151 0.523804 -0.000010
vt  0.350906 0.523804 -0.000020
vt  0.335333 0.508252 -0.000022
vt  0.311997 0.508252 -0.000030
vt  0.654565 0.508252 -0.000062
vt  0.467660 0.492742 -0.000007
vt  0.639050 0.492742 -0.000047
vt  0.866923 0.483674 -0.000009
vt  0.851322 0.499226 -0.000008
vt  0.827941 0.499226 -0.000007
vt  0.968112 0.499226 -0.000035
vt  0.944762 0.499226 -0.000024
vt  0.929178 0.483674 -0.000019
vt  0.796783 0.530330 -0.000008
vt  0.773405 0.530330 -0.000009
vt  0.757811 0.545882 -0.000010
vt  0.695566 0.545882 -0.000021
vt  0.679993 0.530330 -0.000024
vt  0.656657 0.530330 -0.000031
vt  0.999225 0.530330 -0.000066
vt  0.851322 0.530879 -0.000009
vt  0.827940 0.530879 -0.000008
vt  0.968112 0.530879 -0.000038
vt  0.944761 0.530879 -0.000026
vt  0.929177 0.546431 -0.000022
vt  0.866922 0.546431 -0.000010
vt  0.812087 0.515053 -0.000007
vt  0.983943 0.515053 -0.000051
vt  0.796783 0.499775 -0.000007
vt  0.773405 0.499775 -0.000008
vt  0.757812 0.484223 -0.000009
vt  0.695567 0.484223 -0.000018
vt  0.679993 0.499775 -0.000022
vt  0.656657 0.499775 -0.000029
vt  0.999225 0.499775 -0.000061
vt  0.812087 0.515053 -0.000007
vt  0.983943 0.515053 -0.000051
vt  0.506652 0.917114 -0.000014
vt  0.483270 0.917114 -0.000012
vt  0.452112 0.948257 -0.000013
vt  0.428736 0.948257 -0.000015
vt  0.413143 0.963809 -0.000019
vt  0.350901 0.963809 -0.000042
vt  0.335330 0.948257 -0.000049
vt  0.311995 0.948257 -0.000067
vt  0.654564 0.948257 -0.000129
vt  0.623449 0.917114 -0.000069
vt  0.600096 0.917114 -0.000045
vt  0.584511 0.901553 -0.000036
vt  0.522254 0.901553 -0.000016
vt  0.866932 0.106377 -0.000003
vt  0.851332 0.090834 -0.000003
vt  0.827951 0.090834 -0.000003
vt  0.968114 0.090834 -0.000002
vt  0.944767 0.090834 -0.000003
vt  0.929184 0.106377 -0.000004
vt  0.796794 0.059771 -0.000002
vt  0.773415 0.059771 -0.000001
vt  0.757820 0.044219 -0.000000
vt  0.695572 0.044219 0.000004
vt  0.679997 0.059771 0.000005
vt  0.656658 0.059771 0.000009
vt  0.999226 0.059771 0.000006
vt  0.522273 0.022151 -0.000002
vt  0.452134 0.068775 -0.000002
vt  0.428755 0.068775 -0.000001
vt  0.413159 0.084318 -0.000001
vt  0.350912 0.084318 0.000002
vt  0.335337 0.068775 0.000004
vt  0.311998 0.068775 0.000008
vt  0.654566 0.068775 0.000005
vt  0.506673 0.037703 -0.000002
vt  0.483292 0.037703 -0.000002
vt  0.623455 0.037703 0.000002
vt  0.600108 0.037703 -0.000000
vt  0.584526 0.022151 -0.000001
vt  0.851311 0.970324 -0.000014
vt  0.827929 0.970324 -0.000013
vt  0.796773 0.939191 -0.000013
vt  0.773396 0.939191 -0.000015
vt  0.757804 0.923630 -0.000018
vt  0.695562 0.923630 -0.000040
vt  0.679990 0.939191 -0.000048
vt  0.656655 0.939191 -0.000067
vt  0.999224 0.939191 -0.000128
vt  0.968109 0.970324 -0.000073
vt  0.944756 0.970324 -0.000048
vt  0.929169 0.985876 -0.000039
vt  0.866912 0.985876 -0.000018
vt  0.004043 0.995622 4.000000
vt  0.004043 0.964102 4.000000
vt  0.051322 0.964102 4.000000
vt  0.051322 0.901064 4.000000
vt  0.004043 0.901064 4.000000
vt  0.004043 0.869545 4.000000
vt  0.130120 0.869545 4.000000
vt  0.130120 0.901064 4.000000
vt  0.082841 0.901064 4.000000
vt  0.082841 0.964102 4.000000
vt  0.130120 0.964102 4.000000
vt  0.130120 0.995622 4.000000
vt  0.866912 0.998875 -0.000018
vt  0.851310 0.998875 -0.000015
vt  0.827928 0.998875 -0.000013
vt  0.796771 0.998875 -0.000014
vt  0.773395 0.998875 -0.000016
vt  0.757802 0.998875 -0.000020
vt  0.695561 0.998875 -0.000043
vt  0.679989 0.998875 -0.000052
vt  0.656655 0.998875 -0.000072
vt  0.968109 0.998875 -0.000075
vt  0.944755 0.998875 -0.000050
vt  0.929169 0.998875 -0.000040
vt  0.866934 0.003548 -0.000002
vt  0.851334 0.003548 -0.000002
vt  0.827953 0.003548 -0.000002
vt  0.796795 0.003548 -0.000001
vt  0.773416 0.003548 -0.000000
vt  0.757820 0.003548 0.000001
vt  0.695573 0.003548 0.000006
vt  0.679998 0.003548 0.000008
vt  0.656659 0.003548 0.000014
vt  0.968115 0.003548 0.000005
vt  0.944768 0.003548 0.000001
vt  0.929186 0.003548 0.000000
vt  0.999224 0.998875 -0.000137
vt  0.999226 0.003548 0.000014
vt  0.004509 0.860923 4.000000
vt  0.004509 0.829404 4.000000
vt  0.051788 0.829404 4.000000
vt  0.051788 0.766366 4.000000
vt  0.004509 0.766366 4.000000
vt  0.004509 0.734847 4.000000
vt  0.130586 0.734847 4.000000
vt  0.130586 0.766366 4.000000
vt  0.083307 0.766366 4.000000
vt  0.083307 0.829404 4.000000
vt  0.130586 0.829404 4.000000
vt  0.130586 0.860923 4.000000
vt  0.522252 0.998875 -0.000018
vt  0.506650 0.998875 -0.000015
vt  0.483268 0.998875 -0.000013
vt  0.452111 0.998875 -0.000014
vt  0.428734 0.998875 -0.000016
vt  0.413142 0.998875 -0.000020
vt  0.350901 0.998875 -0.000043
vt  0.335329 0.998875 -0.000052
vt  0.311995 0.998875 -0.000072
vt  0.623449 0.998875 -0.000075
vt  0.600095 0.998875 -0.000050
vt  0.584509 0.998875 -0.000040
vt  0.522274 0.003548 -0.000002
vt  0.506674 0.003548 -0.000002
vt  0.483293 0.003548 -0.000002
vt  0.452135 0.003548 -0.000001
vt  0.428756 0.003548 -0.000000
vt  0.413160 0.003548 0.000001
vt  0.350913 0.003548 0.000006
vt  0.335338 0.003548 0.000008
vt  0.311999 0.003548 0.000014
vt  0.623455 0.003548 0.000005
vt  0.600108 0.003548 0.000001
vt  0.584526 0.003548 0.000000
vt  0.654564 0.998875 -0.000137
vt  0.654566 0.003548 0.000014
vt  0.866931 0.146205 -0.000004
vt  0.851331 0.146205 -0.000004
vt  0.944766 0.146205 -0.000006
vt  0.929184 0.146205 -0.000006
vt  0.428753 0.146205 -0.000003
vt  0.413158 0.146205 -0.000002
vt  0.350911 0.146205 -0.000001
vt  0.335336 0.146205 -0.000000
vt  0.851330 0.168549 -0.000004
vt  0.944766 0.168549 -0.000007
vt  0.929183 0.168549 -0.000006
vt  0.428752 0.168549 -0.000003
vt  0.413157 0.168549 -0.000003
vt  0.350911 0.168549 -0.000002
vt  0.335336 0.168549 -0.000002
vt  0.866930 0.168549 -0.000004
vt  0.851329 0.212119 -0.000004
vt  0.944766 0.212119 -0.000009
vt  0.929182 0.212119 -0.000008
vt  0.428751 0.212119 -0.000004
vt  0.413157 0.212119 -0.000004
vt  0.350910 0.212119 -0.000004
vt  0.335336 0.212119 -0.000004
vt  0.866929 0.212119 -0.000005
vt  0.851329 0.234599 -0.000005
vt  0.944765 0.234599 -0.000011
vt  0.929182 0.234599 -0.000009
vt  0.428751 0.234599 -0.000004
vt  0.413156 0.234599 -0.000004
vt  0.350910 0.234599 -0.000005
vt  0.335336 0.234599 -0.000006
vt  0.866929 0.234599 -0.000005
vt  0.851314 0.856227 -0.000013
vt  0.944757 0.856227 -0.000042
vt  0.929172 0.856227 -0.000034
vt  0.428738 0.856227 -0.000014
vt  0.413145 0.856227 -0.000017
vt  0.350902 0.856227 -0.000036
vt  0.335330 0.856227 -0.000043
vt  0.866915 0.856227 -0.000016
vt  0.866916 0.834116 -0.000015
vt  0.851314 0.834116 -0.000013
vt  0.944758 0.834116 -0.000041
vt  0.929172 0.834116 -0.000033
vt  0.428738 0.834116 -0.000014
vt  0.413145 0.834116 -0.000016
vt  0.350903 0.834116 -0.000035
vt  0.335331 0.834116 -0.000042
vt  0.866917 0.790304 -0.000014
vt  0.851315 0.790304 -0.000012
vt  0.944758 0.790304 -0.000039
vt  0.929173 0.790304 -0.000031
vt  0.428739 0.790304 -0.000013
vt  0.413146 0.790304 -0.000016
vt  0.350903 0.790304 -0.000033
vt  0.335331 0.790304 -0.000039
vt  0.866917 0.768409 -0.000014
vt  0.851316 0.768409 -0.000012
vt  0.944758 0.768409 -0.000038
vt  0.929173 0.768409 -0.000030
vt  0.428739 0.768409 -0.000013
vt  0.413147 0.768409 -0.000015
vt  0.350903 0.768409 -0.000032
vt  0.335331 0.768409 -0.000038
vt  0.890284 0.168549 -0.000005
vt  0.890283 0.212119 -0.000006
vt  0.890271 0.834116 -0.000022
vt  0.389796 0.834116 -0.000023
vt  0.890271 0.790304 -0.000021
vt  0.389796 0.790304 -0.000022
vt  0.906010 0.168549 -0.000006
vt  0.906009 0.212119 -0.000007
vt  0.905998 0.834116 -0.000026
vt  0.905999 0.790304 -0.000025
vt  0.374072 0.834116 -0.000028
vt  0.374072 0.790304 -0.000026
vt  0.413146 0.790304 -0.000016
vt  0.413145 0.834116 -0.000016
vt  0.389796 0.834116 -0.000023
vt  0.389796 0.790304 -0.000022
vt  0.374072 0.834116 -0.000028
vt  0.350903 0.834116 -0.000035
vt  0.350903 0.790304 -0.000033
vt  0.374072 0.790304 -0.000026
vt  0.452124 0.477232 -0.000007
vt  0.428746 0.477232 -0.000008
vt  0.413152 0.461680 -0.000009
vt  0.350907 0.461680 -0.000017
vt  0.335334 0.477232 -0.000020
vt  0.311997 0.477232 -0.000027
vt  0.654565 0.477232 -0.000058
vt  0.522262 0.523888 -0.000010
vt  0.506662 0.508336 -0.000008
vt  0.483280 0.508336 -0.000007
vt  0.623452 0.508336 -0.000036
vt  0.600102 0.508336 -0.000025
vt  0.584517 0.523888 -0.000021
vt  0.522264 0.461596 -0.000009
vt  0.506663 0.477148 -0.000008
vt  0.483281 0.477148 -0.000007
vt  0.623452 0.477148 -0.000033
vt  0.600102 0.477148 -0.000023
vt  0.584518 0.461596 -0.000018
vt  0.467660 0.492742 -0.000007
vt  0.639050 0.492742 -0.000047
vt  0.452123 0.508252 -0.000007
vt  0.428745 0.508252 -0.000008
vt  0.413151 0.523804 -0.000010
vt  0.350906 0.523804 -0.000020
vt  0.335333 0.508252 -0.000022
vt  0.311997 0.508252 -0.000030
vt  0.654565 0.508252 -0.000062
vt  0.467660 0.492742 -0.000007
vt  0.639050 0.492742 -0.000047
vt  0.866923 0.483674 -0.000009
vt  0.851322 0.499226 -0.000008
vt  0.827941 0.499226 -0.000007
vt  0.968112 0.499226 -0.000035
vt  0.944762 0.499226 -0.000024
vt  0.929178 0.483674 -0.000019
vt  0.796783 0.530330 -0.000008
vt  0.773405 0.530330 -0.000009
vt  0.757811 0.545882 -0.000010
vt  0.695566 0.545882 -0.000021
vt  0.679993 0.530330 -0.000024
vt  0.656657 0.530330 -0.000031
vt  0.999225 0.530330 -0.000066
vt  0.851322 0.530879 -0.000009
vt  0.827940 0.530879 -0.000008
vt  0.968112 0.530879 -0.000038
vt  0.944761 0.530879 -0.000026
vt  0.929177 0.546431 -0.000022
vt  0.866922 0.546431 -0.000010
vt  0.812087 0.515053 -0.000007
vt  0.983943 0.515053 -0.000051
vt  0.796783 0.499775 -0.000007
vt  0.773405 0.499775 -0.000008
vt  0.757812 0.484223 -0.000009
vt  0.695567 0.484223 -0.000018
vt  0.679993 0.499775 -0.000022
vt  0.656657 0.499775 -0.000029
vt  0.999225 0.499775 -0.000061
vt  0.812087 0.515053 -0.000007
vt  0.983943 0.515053 -0.000051
vt  0.506652 0.917114 -0.000014
vt  0.483270 0.917114 -0.000012
vt  0.452112 0.948257 -0.000013
vt  0.428736 0.948257 -0.000015
vt  0.413143 0.963809 -0.000019
vt  0.350901 0.963809 -0.000042
vt  0.335330 0.948257 -0.000049
vt  0.311995 0.948257 -0.000067
vt  0.654564 0.948257 -0.000129
vt  0.623449 0.917114 -0.000069
vt  0.600096 0.917114 -0.000045
vt  0.584511 0.901553 -0.000036
vt  0.522254 0.901553 -0.000016
vt  0.866932 0.106377 -0.000003
vt  0.851332 0.090834 -0.000003
vt  0.827951 0.090834 -0.000003
vt  0.968114 0.090834 -0.000002
vt  0.944767 0.090834 -0.000003
vt  0.929184 0.106377 -0.000004
vt  0.796794 0.059771 -0.000002
vt  0.773415 0.059771 -0.000001
vt  0.757820 0.044219 -0.000000
vt  0.695572 0.044219 0.000004
vt  0.679997 0.059771 0.000005
vt  0.656658 0.059771 0.000009
vt  0.999226 0.059771 0.000006
vt  0.522273 0.022151 -0.000002
vt  0.452134 0.068775 -0.000002
vt  0.428755 0.068775 -0.000001
vt  0.413159 0.084318 -0.000001
vt  0.350912 0.084318 0.000002
vt  0.335337 0.068775 0.000004
vt  0.311998 0.068775 0.000008
vt  0.654566 0.068775 0.000005
vt  0.506673 0.037703 -0.000002
vt  0.483292 0.037703 -0.000002
vt  0.623455 0.037703 0.000002
vt  0.600108 0.037703 -0.000000
vt  0.584526 0.022151 -0.000001
vt  0.851311 0.970324 -0.000014
vt  0.827929 0.970324 -0.000013
vt  0.796773 0.939191 -0.000013
vt  0.773396 0.939191 -0.000015
vt  0.757804 0.923630 -0.000018
vt  0.695562 0.923630 -0.000040
vt  0.679990 0.939191 -0.000048
vt  0.656655 0.939191 -0.000067
vt  0.999224 0.939191 -0.000128
vt  0.968109 0.970324 -0.000073
vt  0.944756 0.970324 -0.000048
vt  0.929169 0.985876 -0.000039
vt  0.866912 0.985876 -0.000018
vt  0.146551 0.995622 -4.000000
vt  0.146551 0.964102 -4.000000
vt  0.193830 0.964102 -4.000000
vt  0.193830 0.901064 -4.000000
vt  0.146551 0.901064 -4.000000
vt  0.146551 0.869545 -4.000000
vt  0.272628 0.869545 -4.000000
vt  0.272628 0.901064 -4.000000
vt  0.225349 0.901064 -4.000000
vt  0.225349 0.964102 -4.000000
vt  0.272628 0.964102 -4.000000
vt  0.272628 0.995622 -4.000000
vt  0.866912 0.998875 -0.000018
vt  0.851310 0.998875 -0.000015
vt  0.827928 0.998875 -0.000013
vt  0.796771 0.998875 -0.000014
vt  0.773395 0.998875 -0.000016
vt  0.757802 0.998875 -0.000020
vt  0.695561 0.998875 -0.000043
vt  0.679989 0.998875 -0.000052
vt  0.656655 0.998875 -0.000072
vt  0.968109 0.998875 -0.000075
vt  0.944755 0.998875 -0.000050
vt  0.929169 0.998875 -0.000040
vt  0.866934 0.003548 -0.000002
vt  0.851334 0.003548 -0.000002
vt  0.827953 0.003548 -0.000002
vt  0.796795 0.003548 -0.000001
vt  0.773416 0.003548 -0.000000
vt  0.757820 0.003548 0.000001
vt  0.695573 0.003548 0.000006
vt  0.679998 0.003548 0.000008
vt  0.656659 0.003548 0.000014
vt  0.968115 0.003548 0.000005
vt  0.944768 0.003548 0.000001
vt  0.929186 0.003548 0.000000
vt  0.999224 0.998875 -0.000137
vt  0.999226 0.003548 0.000014
vt  0.147017 0.860923 -4.000000
vt  0.147017 0.829404 -4.000000
vt  0.194296 0.829404 -4.000000
vt  0.194296 0.766366 -4.000000
vt  0.147017 0.766366 -4.000000
vt  0.147017 0.734847 -4.000000
vt  0.273094 0.734847 -4.000000
vt  0.273094 0.766366 -4.000000
vt  0.225815 0.766366 -4.000000
vt  0.225815 0.829404 -4.000000
vt  0.273094 0.829404 -4.000000
vt  0.273094 0.860923 -4.000000
vt  0.522252 0.998875 -0.000018
vt  0.506650 0.998875 -0.000015
vt  0.483268 0.998875 -0.000013
vt  0.452111 0.998875 -0.000014
vt  0.428734 0.998875 -0.000016
vt  0.413142 0.998875 -0.000020
vt  0.350901 0.998875 -0.000043
vt  0.335329 0.998875 -0.000052
vt  0.311995 0.998875 -0.000072
vt  0.623449 0.998875 -0.000075
vt  0.600095 0.998875 -0.000050
vt  0.584509 0.998875 -0.000040
vt  0.522274 0.003548 -0.000002
vt  0.506674 0.003548 -0.000002
vt  0.483293 0.003548 -0.000002
vt  0.452135 0.003548 -0.000001
vt  0.428756 0.003548 -0.000000
vt  0.413160 0.003548 0.000001
vt  0.350913 0.003548 0.000006
vt  0.335338 0.003548 0.000008
vt  0.311999 0.003548 0.000014
vt  0.623455 0.003548 0.000005
vt  0.600108 0.003548 0.000001
vt  0.584526 0.003548 0.000000
vt  0.654564 0.998875 -0.000137
vt  0.654566 0.003548 0.000014
vt  0.866931 0.146205 -0.000004
vt  0.851331 0.146205 -0.000004
vt  0.944766 0.146205 -0.000006
vt  0.929184 0.146205 -0.000006
vt  0.428753 0.146205 -0.000003
vt  0.413158 0.146205 -0.000002
vt  0.350911 0.146205 -0.000001
vt  0.335336 0.146205 -0.000000
vt  0.851330 0.168549 -0.000004
vt  0.944766 0.168549 -0.000007
vt  0.929183 0.168549 -0.000006
vt  0.428752 0.168549 -0.000003
vt  0.413157 0.168549 -0.000003
vt  0.350911 0.168549 -0.000002
vt  0.335336 0.168549 -0.000002
vt  0.866930 0.168549 -0.000004
vt  0.851329 0.212119 -0.000004
vt  0.944766 0.212119 -0.000009
vt  0.929182 0.212119 -0.000008
vt  0.428751 0.212119 -0.000004
vt  0.413157 0.212119 -0.000004
vt  0.350910 0.212119 -0.000004
vt  0.335336 0.212119 -0.000004
vt  0.866929 0.212119 -0.000005
vt  0.851329 0.234599 -0.000005
vt  0.944765 0.234599 -0.000011
vt  0.929182 0.234599 -0.000009
vt  0.428751 0.234599 -0.000004
vt  0.413156 0.234599 -0.000004
vt  0.350910 0.234599 -0.000005
vt  0.335336 0.234599 -0.000006
vt  0.866929 0.234599 -0.000005
vt  0.851314 0.856227 -0.000013
vt  0.944757 0.856227 -0.000042
vt  0.929172 0.856227 -0.000034
vt  0.428738 0.856227 -0.000014
vt  0.413145 0.856227 -0.000017
vt  0.350902 0.856227 -0.000036
vt  0.335330 0.856227 -0.000043
vt  0.866915 0.856227 -0.000016
vt  0.866916 0.834116 -0.000015
vt  0.851314 0.834116 -0.000013
vt  0.944758 0.834116 -0.000041
vt  0.929172 0.834116 -0.000033
vt  0.428738 0.834116 -0.000014
vt  0.413145 0.834116 -0.000016
vt  0.350903 0.834116 -0.000035
vt  0.335331 0.834116 -0.000042
vt  0.866917 0.790304 -0.000014
vt  0.851315 0.790304 -0.000012
vt  0.944758 0.790304 -0.000039
vt  0.929173 0.790304 -0.000031
vt  0.428739 0.790304 -0.000013
vt  0.413146 0.790304 -0.000016
vt  0.350903 0.790304 -0.000033
vt  0.335331 0.790304 -0.000039
vt  0.866917 0.768409 -0.000014
vt  0.851316 0.768409 -0.000012
vt  0.944758 0.768409 -0.000038
vt  0.929173 0.768409 -0.000030
vt  0.428739 0.768409 -0.000013
vt  0.413147 0.768409 -0.000015
vt  0.350903 0.768409 -0.000032
vt  0.335331 0.768409 -0.000038
vt  0.890284 0.168549 -0.000005
vt  0.890283 0.212119 -0.000006
vt  0.890271 0.834116 -0.000022
vt  0.389796 0.834116 -0.000023
vt  0.890271 0.790304 -0.000021
vt  0.389796 0.790304 -0.000022
vt  0.906010 0.168549 -0.000006
vt  0.906009 0.212119 -0.000007
vt  0.905998 0.834116 -0.000026
vt  0.905999 0.790304 -0.000025
vt  0.374072 0.834116 -0.000028
vt  0.374072 0.790304 -0.000026
vt  0.413146 0.790304 -0.000016
vt  0.413145 0.834116 -0.000016
vt  0.389796 0.834116 -0.000023
vt  0.389796 0.790304 -0.000022
vt  0.374072 0.834116 -0.000028
vt  0.350903 0.834116 -0.000035
vt  0.350903 0.790304 -0.000033
vt  0.374072 0.790304 -0.000026
vt  0.452124 0.477232 -0.000007
vt  0.428746 0.477232 -0.000008
vt  0.413152 0.461680 -0.000009
vt  0.350907 0.461680 -0.000017
vt  0.335334 0.477232 -0.000020
vt  0.311997 0.477232 -0.000027
vt  0.654565 0.477232 -0.000058
vt  0.522262 0.523888 -0.000010
vt  0.506662 0.508336 -0.000008
vt  0.483280 0.508336 -0.000007
vt  0.623452 0.508336 -0.000036
vt  0.600102 0.508336 -0.000025
vt  0.584517 0.523888 -0.000021
vt  0.522264 0.461596 -0.000009
vt  0.506663 0.477148 -0.000008
vt  0.483281 0.477148 -0.000007
vt  0.623452 0.477148 -0.000033
vt  0.600102 0.477148 -0.000023
vt  0.584518 0.461596 -0.000018
vt  0.467660 0.492742 -0.000007
vt  0.639050 0.492742 -0.000047
vt  0.452123 0.508252 -0.000007
vt  0.428745 0.508252 -0.000008
vt  0.413151 0.523804 -0.000010
vt  0.350906 0.523804 -0.000020
vt  0.335333 0.508252 -0.000022
vt  0.311997 0.508252 -0.000030
vt  0.654565 0.508252 -0.000062
vt  0.467660 0.492742 -0.000007
vt  0.639050 0.492742 -0.000047
vt  0.866923 0.483674 -0.000009
vt  0.851322 0.499226 -0.000008
vt  0.827941 0.499226 -0.000007
vt  0.968112 0.499226 -0.000035
vt  0.944762 0.499226 -0.000024
vt  0.929178 0.483674 -0.000019
vt  0.796783 0.530330 -0.000008
vt  0.773405 0.530330 -0.000009
vt  0.757811 0.545882 -0.000010
vt  0.695566 0.545882 -0.000021
vt  0.679993 0.530330 -0.000024
vt  0.656657 0.530330 -0.000031
vt  0.999225 0.530330 -0.000066
vt  0.851322 0.530879 -0.000009
vt  0.827940 0.530879 -0.000008
vt  0.968112 0.530879 -0.000038
vt  0.944761 0.530879 -0.000026
vt  0.929177 0.546431 -0.000022
vt  0.866922 0.546431 -0.000010
vt  0.812087 0.515053 -0.000007
vt  0.983943 0.515053 -0.000051
vt  0.796783 0.499775 -0.000007
vt  0.773405 0.499775 -0.000008
vt  0.757812 0.484223 -0.000009
vt  0.695567 0.484223 -0.000018
vt  0.679993 0.499775 -0.000022
vt  0.656657 0.499775 -0.000029
vt  0.999225 0.499775 -0.000061
vt  0.812087 0.515053 -0.000007
vt  0.983943 0.515053 -0.000051
vt  0.506652 0.917114 -0.000014
vt  0.483270 0.917114 -0.000012
vt  0.452112 0.948257 -0.000013
vt  0.428736 0.948257 -0.000015
vt  0.413143 0.963809 -0.000019
vt  0.350901 0.963809 -0.000042
vt  0.335330 0.948257 -0.000049
vt  0.311995 0.948257 -0.000067
vt  0.654564 0.948257 -0.000129
vt  0.623449 0.917114 -0.000069
vt  0.600096 0.917114 -0.000045
vt  0.584511 0.901553 -0.000036
vt  0.522254 0.901553 -0.000016
vt  0.866932 0.106377 -0.000003
vt  0.851332 0.090834 -0.000003
vt  0.827951 0.090834 -0.000003
vt  0.968114 0.090834 -0.000002
vt  0.944767 0.090834 -0.000003
vt  0.929184 0.106377 -0.000004
vt  0.796794 0.059771 -0.000002
vt  0.773415 0.059771 -0.000001
vt  0.757820 0.044219 -0.000000
vt  0.695572 0.044219 0.000004
vt  0.679997 0.059771 0.000005
vt  0.656658 0.059771 0.000009
vt  0.999226 0.059771 0.000006
vt  0.522273 0.022151 -0.000002
vt  0.452134 0.068775 -0.000002
vt  0.428755 0.068775 -0.000001
vt  0.413159 0.084318 -0.000001
vt  0.350912 0.084318 0.000002
vt  0.335337 0.068775 0.000004
vt  0.311998 0.068775 0.000008
vt  0.654566 0.068775 0.000005
vt  0.506673 0.037703 -0.000002
vt  0.483292 0.037703 -0.000002
vt  0.623455 0.037703 0.000002
vt  0.600108 0.037703 -0.000000
vt  0.584526 0.022151 -0.000001
vt  0.851311 0.970324 -0.000014
vt  0.827929 0.970324 -0.000013
vt  0.796773 0.939191 -0.000013
vt  0.773396 0.939191 -0.000015
vt  0.757804 0.923630 -0.000018
vt  0.695562 0.923630 -0.000040
vt  0.679990 0.939191 -0.000048
vt  0.656655 0.939191 -0.000067
vt  0.999224 0.939191 -0.000128
vt  0.968109 0.970324 -0.000073
vt  0.944756 0.970324 -0.000048
vt  0.929169 0.985876 -0.000039
vt  0.866912 0.985876 -0.000018
vt  0.506674 0.003548 -0.000002
vt  0.522274 0.003548 -0.000002
vt  0.522252 0.998875 -0.000018
vt  0.506650 0.998875 -0.000015
vt  0.483293 0.003548 -0.000002
vt  0.483268 0.998875 -0.000013
vt  0.452135 0.003548 -0.000001
vt  0.452111 0.998875 -0.000014
vt  0.428756 0.003548 -0.000000
vt  0.428734 0.998875 -0.000016
vt  0.413160 0.003548 0.000001
vt  0.413142 0.998875 -0.000020
vt  0.350913 0.003548 0.000006
vt  0.350901 0.998875 -0.000043
vt  0.335338 0.003548 0.000008
vt  0.335329 0.998875 -0.000052
vt  0.311999 0.003548 0.000014
vt  0.311995 0.998875 -0.000072
vt  0.623455 0.003548 0.000005
vt  0.654566 0.003548 0.000014
vt  0.654564 0.998875 -0.000137
vt  0.623449 0.998875 -0.000075
vt  0.600108 0.003548 0.000001
vt  0.600095 0.998875 -0.000050
vt  0.584526 0.003548 0.000000
vt  0.584509 0.998875 -0.000040
vt  0.506674 0.003548 -0.000002
vt  0.522274 0.003548 -0.000002
vt  0.522252 0.998875 -0.000018
vt  0.506650 0.998875 -0.000015
vt  0.483293 0.003548 -0.000002
vt  0.483268 0.998875 -0.000013
vt  0.452135 0.003548 -0.000001
vt  0.452111 0.998875 -0.000014
vt  0.428756 0.003548 -0.000000
vt  0.428734 0.998875 -0.000016
vt  0.413160 0.003548 0.000001
vt  0.413142 0.998875 -0.000020
vt  0.350913 0.003548 0.000006
vt  0.350901 0.998875 -0.000043
vt  0.335338 0.003548 0.000008
vt  0.335329 0.998875 -0.000052
vt  0.311999 0.003548 0.000014
vt  0.311995 0.998875 -0.000072
vt  0.623455 0.003548 0.000005
vt  0.654566 0.003548 0.000014
vt  0.654564 0.998875 -0.000137
vt  0.623449 0.998875 -0.000075
vt  0.600108 0.003548 0.000001
vt  0.600095 0.998875 -0.000050
vt  0.584526 0.003548 0.000000
vt  0.584509 0.998875 -0.000040
vt  0.194296 0.829404 -4.000000
vt  0.147017 0.829404 -4.000000
vt  0.147017 0.860923 -4.000000
vt  0.273094 0.860923 -4.000000
vt  0.273094 0.829404 -4.000000
vt  0.225815 0.829404 -4.000000
vt  0.225815 0.766366 -4.000000
vt  0.194296 0.766366 -4.000000
vt  0.273094 0.766366 -4.000000
vt  0.273094 0.734847 -4.000000
vt  0.147017 0.734847 -4.000000
vt  0.147017 0.766366 -4.000000
vt  0.506674 0.003548 -0.000002
vt  0.522274 0.003548 -0.000002
vt  0.522252 0.998875 -0.000018
vt  0.506650 0.998875 -0.000015
vt  0.483293 0.003548 -0.000002
vt  0.483268 0.998875 -0.000013
vt  0.452135 0.003548 -0.000001
vt  0.452111 0.998875 -0.000014
vt  0.428756 0.003548 -0.000000
vt  0.428734 0.998875 -0.000016
vt  0.413160 0.003548 0.000001
vt  0.413142 0.998875 -0.000020
vt  0.350913 0.003548 0.000006
vt  0.350901 0.998875 -0.000043
vt  0.335338 0.003548 0.000008
vt  0.335329 0.998875 -0.000052
vt  0.311999 0.003548 0.000014
vt  0.311995 0.998875 -0.000072
vt  0.623455 0.003548 0.000005
vt  0.654566 0.003548 0.000014
vt  0.654564 0.998875 -0.000137
vt  0.623449 0.998875 -0.000075
vt  0.600108 0.003548 0.000001
vt  0.600095 0.998875 -0.000050
vt  0.584526 0.003548 0.000000
vt  0.584509 0.998875 -0.000040
vt  0.051788 0.766366 4.000000
vt  0.004509 0.766366 4.000000
vt  0.004509 0.734847 4.000000
vt  0.130586 0.734847 4.000000
vt  0.130586 0.766366 4.000000
vt  0.083307 0.766366 4.000000
vt  0.130586 0.829404 4.000000
vt  0.130586 0.860923 4.000000
vt  0.004509 0.860923 4.000000
vt  0.083307 0.829404 4.000000
vt  0.004509 0.829404 4.000000
vt  0.051788 0.829404 4.000000
vt  0.506674 0.003548 -0.000002
vt  0.522274 0.003548 -0.000002
vt  0.522252 0.998875 -0.000018
vt  0.506650 0.998875 -0.000015
vt  0.483293 0.003548 -0.000002
vt  0.483268 0.998875 -0.000013
vt  0.452135 0.003548 -0.000001
vt  0.452111 0.998875 -0.000014
vt  0.428756 0.003548 -0.000000
vt  0.428734 0.998875 -0.000016
vt  0.413160 0.003548 0.000001
vt  0.413142 0.998875 -0.000020
vt  0.350913 0.003548 0.000006
vt  0.350901 0.998875 -0.000043
vt  0.335338 0.003548 0.000008
vt  0.335329 0.998875 -0.000052
vt  0.311999 0.003548 0.000014
vt  0.311995 0.998875 -0.000072
vt  0.623455 0.003548 0.000005
vt  0.654566 0.003548 0.000014
vt  0.654564 0.998875 -0.000137
vt  0.623449 0.998875 -0.000075
vt  0.600108 0.003548 0.000001
vt  0.600095 0.998875 -0.000050
vt  0.584526 0.003548 0.000000
vt  0.584509 0.998875 -0.000040
vt  0.506674 0.003548 -0.000002
vt  0.522274 0.003548 -0.000002
vt  0.522252 0.998875 -0.000018
vt  0.506650 0.998875 -0.000015
vt  0.483293 0.003548 -0.000002
vt  0.483268 0.998875 -0.000013
vt  0.452135 0.003548 -0.000001
vt  0.452111 0.998875 -0.000014
vt  0.428756 0.003548 -0.000000
vt  0.428734 0.998875 -0.000016
vt  0.413160 0.003548 0.000001
vt  0.413142 0.998875 -0.000020
vt  0.350913 0.003548 0.000006
vt  0.350901 0.998875 -0.000043
vt  0.335338 0.003548 0.000008
vt  0.335329 0.998875 -0.000052
vt  0.311999 0.003548 0.000014
vt  0.311995 0.998875 -0.000072
vt  0.623455 0.003548 0.000005
vt  0.654566 0.003548 0.000014
vt  0.654564 0.998875 -0.000137
vt  0.623449 0.998875 -0.000075
vt  0.600108 0.003548 0.000001
vt  0.600095 0.998875 -0.000050
vt  0.584526 0.003548 0.000000
vt  0.584509 0.998875 -0.000040
vt  0.194296 0.829404 -4.000000
vt  0.147017 0.829404 -4.000000
vt  0.147017 0.860923 -4.000000
vt  0.273094 0.860923 -4.000000
vt  0.273094 0.829404 -4.000000
vt  0.225815 0.829404 -4.000000
vt  0.225815 0.766366 -4.000000
vt  0.194296 0.766366 -4.000000
vt  0.273094 0.766366 -4.000000
vt  0.273094 0.734847 -4.000000
vt  0.147017 0.734847 -4.000000
vt  0.147017 0.766366 -4.000000
vt  0.506674 0.003548 -0.000002
vt  0.522274 0.003548 -0.000002
vt  0.522252 0.998875 -0.000018
vt  0.506650 0.998875 -0.000015
vt  0.483293 0.003548 -0.000002
vt  0.483268 0.998875 -0.000013
vt  0.452135 0.003548 -0.000001
vt  0.452111 0.998875 -0.000014
vt  0.428756 0.003548 -0.000000
vt  0.428734 0.998875 -0.000016
vt  0.413160 0.003548 0.000001
vt  0.413142 0.998875 -0.000020
vt  0.350913 0.003548 0.000006
vt  0.350901 0.998875 -0.000043
vt  0.335338 0.003548 0.000008
vt  0.335329 0.998875 -0.000052
vt  0.311999 0.003548 0.000014
vt  0.311995 0.998875 -0.000072
vt  0.623455 0.003548 0.000005
vt  0.654566 0.003548 0.000014
vt  0.654564 0.998875 -0.000137
vt  0.623449 0.998875 -0.000075
vt  0.600108 0.003548 0.000001
vt  0.600095 0.998875 -0.000050
vt  0.584526 0.003548 0.000000
vt  0.584509 0.998875 -0.000040
vt  0.051788 0.766366 4.000000
vt  0.004509 0.766366 4.000000
vt  0.004509 0.734847 4.000000
vt  0.130586 0.734847 4.000000
vt  0.130586 0.766366 4.000000
vt  0.083307 0.766366 4.000000
vt  0.130586 0.829404 4.000000
vt  0.130586 0.860923 4.000000
vt  0.004509 0.860923 4.000000
vt  0.083307 0.829404 4.000000
vt  0.004509 0.829404 4.000000
vt  0.051788 0.829404 4.000000
vt  0.506674 0.003548 -0.000002
vt  0.522274 0.003548 -0.000002
vt  0.522252 0.998875 -0.000018
vt  0.506650 0.998875 -0.000015
vt  0.483293 0.003548 -0.000002
vt  0.483268 0.998875 -0.000013
vt  0.452135 0.003548 -0.000001
vt  0.452111 0.998875 -0.000014
vt  0.428756 0.003548 -0.000000
vt  0.428734 0.998875 -0.000016
vt  0.413160 0.003548 0.000001
vt  0.413142 0.998875 -0.000020
vt  0.350913 0.003548 0.000006
vt  0.350901 0.998875 -0.000043
vt  0.335338 0.003548 0.000008
vt  0.335329 0.998875 -0.000052
vt  0.311999 0.003548 0.000014
vt  0.311995 0.998875 -0.000072
vt  0.623455 0.003548 0.000005
vt  0.654566 0.003548 0.000014
vt  0.654564 0.998875 -0.000137
vt  0.623449 0.998875 -0.000075
vt  0.600108 0.003548 0.000001
vt  0.600095 0.998875 -0.000050
vt  0.584526 0.003548 0.000000
vt  0.584509 0.998875 -0.000040
vt  0.506674 0.003548 -0.000002
vt  0.522274 0.003548 -0.000002
vt  0.522252 0.998875 -0.000018
vt  0.506650 0.998875 -0.000015
vt  0.483293 0.003548 -0.000002
vt  0.483268 0.998875 -0.000013
vt  0.452135 0.003548 -0.000001
vt  0.452111 0.998875 -0.000014
vt  0.428756 0.003548 -0.000000
vt  0.428734 0.998875 -0.000016
vt  0.413160 0.003548 0.000001
vt  0.413142 0.998875 -0.000020
vt  0.350913 0.003548 0.000006
vt  0.350901 0.998875 -0.000043
vt  0.335338 0.003548 0.000008
vt  0.335329 0.998875 -0.000052
vt  0.311999 0.003548 0.000014
vt  0.311995 0.998875 -0.000072
vt  0.623455 0.003548 0.000005
vt  0.654566 0.003548 0.000014
vt  0.654564 0.998875 -0.000137
vt  0.623449 0.998875 -0.000075
vt  0.600108 0.003548 0.000001
vt  0.600095 0.998875 -0.000050
vt  0.584526 0.003548 0.000000
vt  0.584509 0.998875 -0.000040
vt  0.194296 0.829404 -4.000000
vt  0.147017 0.829404 -4.000000
vt  0.147017 0.860923 -4.000000
vt  0.273094 0.860923 -4.000000
vt  0.273094 0.829404 -4.000000
vt  0.225815 0.829404 -4.000000
vt  0.225815 0.766366 -4.000000
vt  0.194296 0.766366 -4.000000
vt  0.273094 0.766366 -4.000000
vt  0.273094 0.734847 -4.000000
vt  0.147017 0.734847 -4.000000
vt  0.147017 0.766366 -4.000000
vt  0.506674 0.003548 -0.000002
vt  0.522274 0.003548 -0.000002
vt  0.522252 0.998875 -0.000018
vt  0.506650 0.998875 -0.000015
vt  0.483293 0.003548 -0.000002
vt  0.483268 0.998875 -0.000013
vt  0.452135 0.003548 -0.000001
vt  0.452111 0.998875 -0.000014
vt  0.428756 0.003548 -0.000000
vt  0.428734 0.998875 -0.000016
vt  0.413160 0.003548 0.000001
vt  0.413142 0.998875 -0.000020
vt  0.350913 0.003548 0.000006
vt  0.350901 0.998875 -0.000043
vt  0.335338 0.003548 0.000008
vt  0.335329 0.998875 -0.000052
vt  0.311999 0.003548 0.000014
vt  0.311995 0.998875 -0.000072
vt  0.623455 0.003548 0.000005
vt  0.654566 0.003548 0.000014
vt  0.654564 0.998875 -0.000137
vt  0.623449 0.998875 -0.000075
vt  0.600108 0.003548 0.000001
vt  0.600095 0.998875 -0.000050
vt  0.584526 0.003548 0.000000
vt  0.584509 0.998875 -0.000040
vt  0.051788 0.766366 4.000000
vt  0.004509 0.766366 4.000000
vt  0.004509 0.734847 4.000000
vt  0.130586 0.734847 4.000000
vt  0.130586 0.766366 4.000000
vt  0.083307 0.766366 4.000000
vt  0.130586 0.829404 4.000000
vt  0.130586 0.860923 4.000000
vt  0.004509 0.860923 4.000000
vt  0.083307 0.829404 4.000000
vt  0.004509 0.829404 4.000000
vt  0.051788 0.829404 4.000000
vt  0.866912 0.998875 -0.000018
vt  0.851310 0.998875 -0.000015
vt  0.827928 0.998875 -0.000013
vt  0.796771 0.998875 -0.000014
vt  0.968109 0.998875 -0.000075
vt  0.944755 0.998875 -0.000050
vt  0.929169 0.998875 -0.000040
vt  0.866934 0.003548 -0.000002
vt  0.851334 0.003548 -0.000002
vt  0.827953 0.003548 -0.000002
vt  0.796795 0.003548 -0.000001
vt  0.968115 0.003548 0.000005
vt  0.944768 0.003548 0.000001
vt  0.929186 0.003548 0.000000
vt  0.999224 0.998875 -0.000137
vt  0.999226 0.003548 0.000014
vt  0.483268 0.998875 -0.000013
vt  0.452111 0.998875 -0.000014
vt  0.428734 0.998875 -0.000016
vt  0.413142 0.998875 -0.000020
vt  0.350901 0.998875 -0.000043
vt  0.335329 0.998875 -0.000052
vt  0.311995 0.998875 -0.000072
vt  0.623449 0.998875 -0.000075
vt  0.483293 0.003548 -0.000002
vt  0.452135 0.003548 -0.000001
vt  0.428756 0.003548 -0.000000
vt  0.413160 0.003548 0.000001
vt  0.350913 0.003548 0.000006
vt  0.335338 0.003548 0.000008
vt  0.311999 0.003548 0.000014
vt  0.623455 0.003548 0.000005
vt  0.654564 0.998875 -0.000137
vt  0.654566 0.003548 0.000014
vt  0.866931 0.146205 -0.000004
vt  0.851331 0.146205 -0.000004
vt  0.944766 0.146205 -0.000006
vt  0.929184 0.146205 -0.000006
vt  0.428753 0.146205 -0.000003
vt  0.413158 0.146205 -0.000002
vt  0.350911 0.146205 -0.000001
vt  0.335336 0.146205 -0.000000
vt  0.851330 0.168549 -0.000004
vt  0.944766 0.168549 -0.000007
vt  0.929183 0.168549 -0.000006
vt  0.428752 0.168549 -0.000003
vt  0.413157 0.168549 -0.000003
vt  0.350911 0.168549 -0.000002
vt  0.335336 0.168549 -0.000002
vt  0.866930 0.168549 -0.000004
vt  0.851329 0.212119 -0.000004
vt  0.944766 0.212119 -0.000009
vt  0.929182 0.212119 -0.000008
vt  0.428751 0.212119 -0.000004
vt  0.413157 0.212119 -0.000004
vt  0.350910 0.212119 -0.000004
vt  0.335336 0.212119 -0.000004
vt  0.866929 0.212119 -0.000005
vt  0.851329 0.234599 -0.000005
vt  0.944765 0.234599 -0.000011
vt  0.929182 0.234599 -0.000009
vt  0.428751 0.234599 -0.000004
vt  0.413156 0.234599 -0.000004
vt  0.350910 0.234599 -0.000005
vt  0.335336 0.234599 -0.000006
vt  0.866929 0.234599 -0.000005
vt  0.851314 0.856227 -0.000013
vt  0.944757 0.856227 -0.000042
vt  0.929172 0.856227 -0.000034
vt  0.428738 0.856227 -0.000014
vt  0.413145 0.856227 -0.000017
vt  0.350902 0.856227 -0.000036
vt  0.335330 0.856227 -0.000043
vt  0.866915 0.856227 -0.000016
vt  0.866916 0.834116 -0.000015
vt  0.851314 0.834116 -0.000013
vt  0.944758 0.834116 -0.000041
vt  0.929172 0.834116 -0.000033
vt  0.428738 0.834116 -0.000014
vt  0.413145 0.834116 -0.000016
vt  0.350903 0.834116 -0.000035
vt  0.335331 0.834116 -0.000042
vt  0.866917 0.790304 -0.000014
vt  0.851315 0.790304 -0.000012
vt  0.944758 0.790304 -0.000039
vt  0.929173 0.790304 -0.000031
vt  0.428739 0.790304 -0.000013
vt  0.413146 0.790304 -0.000016
vt  0.350903 0.790304 -0.000033
vt  0.335331 0.790304 -0.000039
vt  0.866917 0.768409 -0.000014
vt  0.851316 0.768409 -0.000012
vt  0.944758 0.768409 -0.000038
vt  0.929173 0.768409 -0.000030
vt  0.428739 0.768409 -0.000013
vt  0.413147 0.768409 -0.000015
vt  0.350903 0.768409 -0.000032
vt  0.335331 0.768409 -0.000038
vt  0.890284 0.168549 -0.000005
vt  0.890283 0.212119 -0.000006
vt  0.890271 0.834116 -0.000022
vt  0.389796 0.834116 -0.000023
vt  0.890271 0.790304 -0.000021
vt  0.389796 0.790304 -0.000022
vt  0.906010 0.168549 -0.000006
vt  0.906009 0.212119 -0.000007
vt  0.905998 0.834116 -0.000026
vt  0.905999 0.790304 -0.000025
vt  0.374072 0.834116 -0.000028
vt  0.374072 0.790304 -0.000026
vt  0.413146 0.790304 -0.000016
vt  0.413145 0.834116 -0.000016
vt  0.389796 0.834116 -0.000023
vt  0.389796 0.790304 -0.000022
vt  0.374072 0.834116 -0.000028
vt  0.350903 0.834116 -0.000035
vt  0.350903 0.790304 -0.000033
vt  0.374072 0.790304 -0.000026
vt  0.452124 0.477232 -0.000007
vt  0.428746 0.477232 -0.000008
vt  0.413152 0.461680 -0.000009
vt  0.350907 0.461680 -0.000017
vt  0.335334 0.477232 -0.000020
vt  0.311997 0.477232 -0.000027
vt  0.654565 0.477232 -0.000058
vt  0.522262 0.523888 -0.000010
vt  0.506662 0.508336 -0.000008
vt  0.483280 0.508336 -0.000007
vt  0.623452 0.508336 -0.000036
vt  0.600102 0.508336 -0.000025
vt  0.584517 0.523888 -0.000021
vt  0.522264 0.461596 -0.000009
vt  0.506663 0.477148 -0.000008
vt  0.483281 0.477148 -0.000007
vt  0.623452 0.477148 -0.000033
vt  0.600102 0.477148 -0.000023
vt  0.584518 0.461596 -0.000018
vt  0.467660 0.492742 -0.000007
vt  0.639050 0.492742 -0.000047
vt  0.452123 0.508252 -0.000007
vt  0.428745 0.508252 -0.000008
vt  0.413151 0.523804 -0.000010
vt  0.350906 0.523804 -0.000020
vt  0.335333 0.508252 -0.000022
vt  0.311997 0.508252 -0.000030
vt  0.654565 0.508252 -0.000062
vt  0.467660 0.492742 -0.000007
vt  0.639050 0.492742 -0.000047
vt  0.866923 0.483674 -0.000009
vt  0.851322 0.499226 -0.000008
vt  0.827941 0.499226 -0.000007
vt  0.968112 0.499226 -0.000035
vt  0.944762 0.499226 -0.000024
vt  0.929178 0.483674 -0.000019
vt  0.796783 0.530330 -0.000008
vt  0.773405 0.530330 -0.000009
vt  0.757811 0.545882 -0.000010
vt  0.695566 0.545882 -0.000021
vt  0.679993 0.530330 -0.000024
vt  0.656657 0.530330 -0.000031
vt  0.999225 0.530330 -0.000066
vt  0.851322 0.530879 -0.000009
vt  0.827940 0.530879 -0.000008
vt  0.968112 0.530879 -0.000038
vt  0.944761 0.530879 -0.000026
vt  0.929177 0.546431 -0.000022
vt  0.866922 0.546431 -0.000010
vt  0.812087 0.515053 -0.000007
vt  0.983943 0.515053 -0.000051
vt  0.796783 0.499775 -0.000007
vt  0.773405 0.499775 -0.000008
vt  0.757812 0.484223 -0.000009
vt  0.695567 0.484223 -0.000018
vt  0.679993 0.499775 -0.000022
vt  0.656657 0.499775 -0.000029
vt  0.999225 0.499775 -0.000061
vt  0.812087 0.515053 -0.000007
vt  0.983943 0.515053 -0.000051
vt  0.506652 0.917114 -0.000014
vt  0.483270 0.917114 -0.000012
vt  0.452112 0.948257 -0.000013
vt  0.428736 0.948257 -0.000015
vt  0.413143 0.963809 -0.000019
vt  0.350901 0.963809 -0.000042
vt  0.335330 0.948257 -0.000049
vt  0.311995 0.948257 -0.000067
vt  0.654564 0.948257 -0.000129
vt  0.623449 0.917114 -0.000069
vt  0.600096 0.917114 -0.000045
vt  0.584511 0.901553 -0.000036
vt  0.522254 0.901553 -0.000016
vt  0.866932 0.106377 -0.000003
vt  0.851332 0.090834 -0.000003
vt  0.827951 0.090834 -0.000003
vt  0.968114 0.090834 -0.000002
vt  0.944767 0.090834 -0.000003
vt  0.929184 0.106377 -0.000004
vt  0.796794 0.059771 -0.000002
vt  0.773415 0.059771 -0.000001
vt  0.757820 0.044219 -0.000000
vt  0.695572 0.044219 0.000004
vt  0.679997 0.059771 0.000005
vt  0.656658 0.059771 0.000009
vt  0.999226 0.059771 0.000006
vt  0.522273 0.022151 -0.000002
vt  0.452134 0.068775 -0.000002
vt  0.428755 0.068775 -0.000001
vt  0.413159 0.084318 -0.000001
vt  0.350912 0.084318 0.000002
vt  0.335337 0.068775 0.000004
vt  0.311998 0.068775 0.000008
vt  0.654566 0.068775 0.000005
vt  0.506673 0.037703 -0.000002
vt  0.483292 0.037703 -0.000002
vt  0.623455 0.037703 0.000002
vt  0.600108 0.037703 -0.000000
vt  0.584526 0.022151 -0.000001
vt  0.851311 0.970324 -0.000014
vt  0.827929 0.970324 -0.000013
vt  0.796773 0.939191 -0.000013
vt  0.773396 0.939191 -0.000015
vt  0.757804 0.923630 -0.000018
vt  0.695562 0.923630 -0.000040
vt  0.679990 0.939191 -0.000048
vt  0.656655 0.939191 -0.000067
vt  0.999224 0.939191 -0.000128
vt  0.968109 0.970324 -0.000073
vt  0.944756 0.970324 -0.000048
vt  0.929169 0.985876 -0.000039
vt  0.866912 0.985876 -0.000018
vt  0.004043 0.995622 4.000000
vt  0.004043 0.964102 4.000000
vt  0.051322 0.964102 4.000000
vt  0.051322 0.901064 4.000000
vt  0.082841 0.901064 4.000000
vt  0.082841 0.964102 4.000000
vt  0.130120 0.964102 4.000000
vt  0.130120 0.995622 4.000000
vt  0.866912 0.998875 -0.000018
vt  0.851310 0.998875 -0.000015
vt  0.827928 0.998875 -0.000013
vt  0.796771 0.998875 -0.000014
vt  0.968109 0.998875 -0.000075
vt  0.944755 0.998875 -0.000050
vt  0.929169 0.998875 -0.000040
vt  0.866934 0.003548 -0.000002
vt  0.851334 0.003548 -0.000002
vt  0.827953 0.003548 -0.000002
vt  0.796795 0.003548 -0.000001
vt  0.968115 0.003548 0.000005
vt  0.944768 0.003548 0.000001
vt  0.929186 0.003548 0.000000
vt  0.999224 0.998875 -0.000137
vt  0.999226 0.003548 0.000014
vt  0.051788 0.829404 4.000000
vt  0.051788 0.766366 4.000000
vt  0.004509 0.766366 4.000000
vt  0.004509 0.734847 4.000000
vt  0.130586 0.734847 4.000000
vt  0.130586 0.766366 4.000000
vt  0.083307 0.766366 4.000000
vt  0.083307 0.829404 4.000000
vt  0.483268 0.998875 -0.000013
vt  0.452111 0.998875 -0.000014
vt  0.428734 0.998875 -0.000016
vt  0.413142 0.998875 -0.000020
vt  0.350901 0.998875 -0.000043
vt  0.335329 0.998875 -0.000052
vt  0.311995 0.998875 -0.000072
vt  0.623449 0.998875 -0.000075
vt  0.483293 0.003548 -0.000002
vt  0.452135 0.003548 -0.000001
vt  0.428756 0.003548 -0.000000
vt  0.413160 0.003548 0.000001
vt  0.350913 0.003548 0.000006
vt  0.335338 0.003548 0.000008
vt  0.311999 0.003548 0.000014
vt  0.623455 0.003548 0.000005
vt  0.654564 0.998875 -0.000137
vt  0.654566 0.003548 0.000014
vt  0.866931 0.146205 -0.000004
vt  0.851331 0.146205 -0.000004
vt  0.944766 0.146205 -0.000006
vt  0.929184 0.146205 -0.000006
vt  0.428753 0.146205 -0.000003
vt  0.413158 0.146205 -0.000002
vt  0.350911 0.146205 -0.000001
vt  0.335336 0.146205 -0.000000
vt  0.851330 0.168549 -0.000004
vt  0.944766 0.168549 -0.000007
vt  0.929183 0.168549 -0.000006
vt  0.428752 0.168549 -0.000003
vt  0.413157 0.168549 -0.000003
vt  0.350911 0.168549 -0.000002
vt  0.335336 0.168549 -0.000002
vt  0.866930 0.168549 -0.000004
vt  0.851329 0.212119 -0.000004
vt  0.944766 0.212119 -0.000009
vt  0.929182 0.212119 -0.000008
vt  0.428751 0.212119 -0.000004
vt  0.413157 0.212119 -0.000004
vt  0.350910 0.212119 -0.000004
vt  0.335336 0.212119 -0.000004
vt  0.866929 0.212119 -0.000005
vt  0.851329 0.234599 -0.000005
vt  0.944765 0.234599 -0.000011
vt  0.929182 0.234599 -0.000009
vt  0.428751 0.234599 -0.000004
vt  0.413156 0.234599 -0.000004
vt  0.350910 0.234599 -0.000005
vt  0.335336 0.234599 -0.000006
vt  0.866929 0.234599 -0.000005
vt  0.851314 0.856227 -0.000013
vt  0.944757 0.856227 -0.000042
vt  0.929172 0.856227 -0.000034
vt  0.428738 0.856227 -0.000014
vt  0.413145 0.856227 -0.000017
vt  0.350902 0.856227 -0.000036
vt  0.335330 0.856227 -0.000043
vt  0.866915 0.856227 -0.000016
vt  0.866916 0.834116 -0.000015
vt  0.851314 0.834116 -0.000013
vt  0.944758 0.834116 -0.000041
vt  0.929172 0.834116 -0.000033
vt  0.428738 0.834116 -0.000014
vt  0.413145 0.834116 -0.000016
vt  0.350903 0.834116 -0.000035
vt  0.335331 0.834116 -0.000042
vt  0.866917 0.790304 -0.000014
vt  0.851315 0.790304 -0.000012
vt  0.944758 0.790304 -0.000039
vt  0.929173 0.790304 -0.000031
vt  0.428739 0.790304 -0.000013
vt  0.413146 0.790304 -0.000016
vt  0.350903 0.790304 -0.000033
vt  0.335331 0.790304 -0.000039
vt  0.866917 0.768409 -0.000014
vt  0.851316 0.768409 -0.000012
vt  0.944758 0.768409 -0.000038
vt  0.929173 0.768409 -0.000030
vt  0.428739 0.768409 -0.000013
vt  0.413147 0.768409 -0.000015
vt  0.350903 0.768409 -0.000032
vt  0.335331 0.768409 -0.000038
vt  0.890284 0.168549 -0.000005
vt  0.890283 0.212119 -0.000006
vt  0.890271 0.834116 -0.000022
vt  0.389796 0.834116 -0.000023
vt  0.890271 0.790304 -0.000021
vt  0.389796 0.790304 -0.000022
vt  0.906010 0.168549 -0.000006
vt  0.906009 0.212119 -0.000007
vt  0.905998 0.834116 -0.000026
vt  0.905999 0.790304 -0.000025
vt  0.374072 0.834116 -0.000028
vt  0.374072 0.790304 -0.000026
vt  0.413146 0.790304 -0.000016
vt  0.413145 0.834116 -0.000016
vt  0.389796 0.834116 -0.000023
vt  0.389796 0.790304 -0.000022
vt  0.374072 0.834116 -0.000028
vt  0.350903 0.834116 -0.000035
vt  0.350903 0.790304 -0.000033
vt  0.374072 0.790304 -0.000026
vt  0.452124 0.477232 -0.000007
vt  0.428746 0.477232 -0.000008
vt  0.413152 0.461680 -0.000009
vt  0.350907 0.461680 -0.000017
vt  0.335334 0.477232 -0.000020
vt  0.311997 0.477232 -0.000027
vt  0.654565 0.477232 -0.000058
vt  0.522262 0.523888 -0.000010
vt  0.506662 0.508336 -0.000008
vt  0.483280 0.508336 -0.000007
vt  0.623452 0.508336 -0.000036
vt  0.600102 0.508336 -0.000025
vt  0.584517 0.523888 -0.000021
vt  0.522264 0.461596 -0.000009
vt  0.506663 0.477148 -0.000008
vt  0.483281 0.477148 -0.000007
vt  0.623452 0.477148 -0.000033
vt  0.600102 0.477148 -0.000023
vt  0.584518 0.461596 -0.000018
vt  0.467660 0.492742 -0.000007
vt  0.639050 0.492742 -0.000047
vt  0.452123 0.508252 -0.000007
vt  0.428745 0.508252 -0.000008
vt  0.413151 0.523804 -0.000010
vt  0.350906 0.523804 -0.000020
vt  0.335333 0.508252 -0.000022
vt  0.311997 0.508252 -0.000030
vt  0.654565 0.508252 -0.000062
vt  0.467660 0.492742 -0.000007
vt  0.639050 0.492742 -0.000047
vt  0.866923 0.483674 -0.000009
vt  0.851322 0.499226 -0.000008
vt  0.827941 0.499226 -0.000007
vt  0.968112 0.499226 -0.000035
vt  0.944762 0.499226 -0.000024
vt  0.929178 0.483674 -0.000019
vt  0.796783 0.530330 -0.000008
vt  0.773405 0.530330 -0.000009
vt  0.757811 0.545882 -0.000010
vt  0.695566 0.545882 -0.000021
vt  0.679993 0.530330 -0.000024
vt  0.656657 0.530330 -0.000031
vt  0.999225 0.530330 -0.000066
vt  0.851322 0.530879 -0.000009
vt  0.827940 0.530879 -0.000008
vt  0.968112 0.530879 -0.000038
vt  0.944761 0.530879 -0.000026
vt  0.929177 0.546431 -0.000022
vt  0.866922 0.546431 -0.000010
vt  0.812087 0.515053 -0.000007
vt  0.983943 0.515053 -0.000051
vt  0.796783 0.499775 -0.000007
vt  0.773405 0.499775 -0.000008
vt  0.757812 0.484223 -0.000009
vt  0.695567 0.484223 -0.000018
vt  0.679993 0.499775 -0.000022
vt  0.656657 0.499775 -0.000029
vt  0.999225 0.499775 -0.000061
vt  0.812087 0.515053 -0.000007
vt  0.983943 0.515053 -0.000051
vt  0.506652 0.917114 -0.000014
vt  0.483270 0.917114 -0.000012
vt  0.452112 0.948257 -0.000013
vt  0.428736 0.948257 -0.000015
vt  0.413143 0.963809 -0.000019
vt  0.350901 0.963809 -0.000042
vt  0.335330 0.948257 -0.000049
vt  0.311995 0.948257 -0.000067
vt  0.654564 0.948257 -0.000129
vt  0.623449 0.917114 -0.000069
vt  0.600096 0.917114 -0.000045
vt  0.584511 0.901553 -0.000036
vt  0.522254 0.901553 -0.000016
vt  0.866932 0.106377 -0.000003
vt  0.851332 0.090834 -0.000003
vt  0.827951 0.090834 -0.000003
vt  0.968114 0.090834 -0.000002
vt  0.944767 0.090834 -0.000003
vt  0.929184 0.106377 -0.000004
vt  0.796794 0.059771 -0.000002
vt  0.773415 0.059771 -0.000001
vt  0.757820 0.044219 -0.000000
vt  0.695572 0.044219 0.000004
vt  0.679997 0.059771 0.000005
vt  0.656658 0.059771 0.000009
vt  0.999226 0.059771 0.000006
vt  0.522273 0.022151 -0.000002
vt  0.452134 0.068775 -0.000002
vt  0.428755 0.068775 -0.000001
vt  0.413159 0.084318 -0.000001
vt  0.350912 0.084318 0.000002
vt  0.335337 0.068775 0.000004
vt  0.311998 0.068775 0.000008
vt  0.654566 0.068775 0.000005
vt  0.506673 0.037703 -0.000002
vt  0.483292 0.037703 -0.000002
vt  0.623455 0.037703 0.000002
vt  0.600108 0.037703 -0.000000
vt  0.584526 0.022151 -0.000001
vt  0.851311 0.970324 -0.000014
vt  0.827929 0.970324 -0.000013
vt  0.796773 0.939191 -0.000013
vt  0.773396 0.939191 -0.000015
vt  0.757804 0.923630 -0.000018
vt  0.695562 0.923630 -0.000040
vt  0.679990 0.939191 -0.000048
vt  0.656655 0.939191 -0.000067
vt  0.999224 0.939191 -0.000128
vt  0.968109 0.970324 -0.000073
vt  0.944756 0.970324 -0.000048
vt  0.929169 0.985876 -0.000039
vt  0.866912 0.985876 -0.000018
vt  0.146551 0.995622 -4.000000
vt  0.146551 0.964102 -4.000000
vt  0.193830 0.964102 -4.000000
vt  0.193830 0.901064 -4.000000
vt  0.225349 0.901064 -4.000000
vt  0.225349 0.964102 -4.000000
vt  0.272628 0.964102 -4.000000
vt  0.272628 0.995622 -4.000000
vt  0.866912 0.998875 -0.000018
vt  0.851310 0.998875 -0.000015
vt  0.827928 0.998875 -0.000013
vt  0.796771 0.998875 -0.000014
vt  0.968109 0.998875 -0.000075
vt  0.944755 0.998875 -0.000050
vt  0.929169 0.998875 -0.000040
vt  0.866934 0.003548 -0.000002
vt  0.851334 0.003548 -0.000002
vt  0.827953 0.003548 -0.000002
vt  0.796795 0.003548 -0.000001
vt  0.968115 0.003548 0.000005
vt  0.944768 0.003548 0.000001
vt  0.929186 0.003548 0.000000
vt  0.999224 0.998875 -0.000137
vt  0.999226 0.003548 0.000014
vt  0.194296 0.829404 -4.000000
vt  0.194296 0.766366 -4.000000
vt  0.147017 0.766366 -4.000000
vt  0.147017 0.734847 -4.000000
vt  0.273094 0.734847 -4.000000
vt  0.273094 0.766366 -4.000000
vt  0.225815 0.766366 -4.000000
vt  0.225815 0.829404 -4.000000
vt  0.483268 0.998875 -0.000013
vt  0.452111 0.998875 -0.000014
vt  0.428734 0.998875 -0.000016
vt  0.413142 0.998875 -0.000020
vt  0.350901 0.998875 -0.000043
vt  0.335329 0.998875 -0.000052
vt  0.311995 0.998875 -0.000072
vt  0.623449 0.998875 -0.000075
vt  0.483293 0.003548 -0.000002
vt  0.452135 0.003548 -0.000001
vt  0.428756 0.003548 -0.000000
vt  0.413160 0.003548 0.000001
vt  0.350913 0.003548 0.000006
vt  0.335338 0.003548 0.000008
vt  0.311999 0.003548 0.000014
vt  0.623455 0.003548 0.000005
vt  0.654564 0.998875 -0.000137
vt  0.654566 0.003548 0.000014
vt  0.866931 0.146205 -0.000004
vt  0.851331 0.146205 -0.000004
vt  0.944766 0.146205 -0.000006
vt  0.929184 0.146205 -0.000006
vt  0.428753 0.146205 -0.000003
vt  0.413158 0.146205 -0.000002
vt  0.350911 0.146205 -0.000001
vt  0.335336 0.146205 -0.000000
vt  0.851330 0.168549 -0.000004
vt  0.944766 0.168549 -0.000007
vt  0.929183 0.168549 -0.000006
vt  0.428752 0.168549 -0.000003
vt  0.413157 0.168549 -0.000003
vt  0.350911 0.168549 -0.000002
vt  0.335336 0.168549 -0.000002
vt  0.866930 0.168549 -0.000004
vt  0.851329 0.212119 -0.000004
vt  0.944766 0.212119 -0.000009
vt  0.929182 0.212119 -0.000008
vt  0.428751 0.212119 -0.000004
vt  0.413157 0.212119 -0.000004
vt  0.350910 0.212119 -0.000004
vt  0.335336 0.212119 -0.000004
vt  0.866929 0.212119 -0.000005
vt  0.851329 0.234599 -0.000005
vt  0.944765 0.234599 -0.000011
vt  0.929182 0.234599 -0.000009
vt  0.428751 0.234599 -0.000004
vt  0.413156 0.234599 -0.000004
vt  0.350910 0.234599 -0.000005
vt  0.335336 0.234599 -0.000006
vt  0.866929 0.234599 -0.000005
vt  0.851314 0.856227 -0.000013
vt  0.944757 0.856227 -0.000042
vt  0.929172 0.856227 -0.000034
vt  0.428738 0.856227 -0.000014
vt  0.413145 0.856227 -0.000017
vt  0.350902 0.856227 -0.000036
vt  0.335330 0.856227 -0.000043
vt  0.866915 0.856227 -0.000016
vt  0.866916 0.834116 -0.000015
vt  0.851314 0.834116 -0.000013
vt  0.944758 0.834116 -0.000041
vt  0.929172 0.834116 -0.000033
vt  0.428738 0.834116 -0.000014
vt  0.413145 0.834116 -0.000016
vt  0.350903 0.834116 -0.000035
vt  0.335331 0.834116 -0.000042
vt  0.866917 0.790304 -0.000014
vt  0.851315 0.790304 -0.000012
vt  0.944758 0.790304 -0.000039
vt  0.929173 0.790304 -0.000031
vt  0.428739 0.790304 -0.000013
vt  0.413146 0.790304 -0.000016
vt  0.350903 0.790304 -0.000033
vt  0.335331 0.790304 -0.000039
vt  0.866917 0.768409 -0.000014
vt  0.851316 0.768409 -0.000012
vt  0.944758 0.768409 -0.000038
vt  0.929173 0.768409 -0.000030
vt  0.428739 0.768409 -0.000013
vt  0.413147 0.768409 -0.000015
vt  0.350903 0.768409 -0.000032
vt  0.335331 0.768409 -0.000038
vt  0.890284 0.168549 -0.000005
vt  0.890283 0.212119 -0.000006
vt  0.890271 0.834116 -0.000022
vt  0.389796 0.834116 -0.000023
vt  0.890271 0.790304 -0.000021
vt  0.389796 0.790304 -0.000022
vt  0.906010 0.168549 -0.000006
vt  0.906009 0.212119 -0.000007
vt  0.905998 0.834116 -0.000026
vt  0.905999 0.790304 -0.000025
vt  0.374072 0.834116 -0.000028
vt  0.374072 0.790304 -0.000026
vt  0.413146 0.790304 -0.000016
vt  0.413145 0.834116 -0.000016
vt  0.389796 0.834116 -0.000023
vt  0.389796 0.790304 -0.000022
vt  0.374072 0.834116 -0.000028
vt  0.350903 0.834116 -0.000035
vt  0.350903 0.790304 -0.000033
vt  0.374072 0.790304 -0.000026
vt  0.452124 0.477232 -0.000007
vt  0.428746 0.477232 -0.000008
vt  0.413152 0.461680 -0.000009
vt  0.350907 0.461680 -0.000017
vt  0.335334 0.477232 -0.000020
vt  0.311997 0.477232 -0.000027
vt  0.654565 0.477232 -0.000058
vt  0.522262 0.523888 -0.000010
vt  0.506662 0.508336 -0.000008
vt  0.483280 0.508336 -0.000007
vt  0.623452 0.508336 -0.000036
vt  0.600102 0.508336 -0.000025
vt  0.584517 0.523888 -0.000021
vt  0.522264 0.461596 -0.000009
vt  0.506663 0.477148 -0.000008
vt  0.483281 0.477148 -0.000007
vt  0.623452 0.477148 -0.000033
vt  0.600102 0.477148 -0.000023
vt  0.584518 0.461596 -0.000018
vt  0.467660 0.492742 -0.000007
vt  0.639050 0.492742 -0.000047
vt  0.452123 0.508252 -0.000007
vt  0.428745 0.508252 -0.000008
vt  0.413151 0.523804 -0.000010
vt  0.350906 0.523804 -0.000020
vt  0.335333 0.508252 -0.000022
vt  0.311997 0.508252 -0.000030
vt  0.654565 0.508252 -0.000062
vt  0.467660 0.492742 -0.000007
vt  0.639050 0.492742 -0.000047
vt  0.866923 0.483674 -0.000009
vt  0.851322 0.499226 -0.000008
vt  0.827941 0.499226 -0.000007
vt  0.968112 0.499226 -0.000035
vt  0.944762 0.499226 -0.000024
vt  0.929178 0.483674 -0.000019
vt  0.796783 0.530330 -0.000008
vt  0.773405 0.530330 -0.000009
vt  0.757811 0.545882 -0.000010
vt  0.695566 0.545882 -0.000021
vt  0.679993 0.530330 -0.000024
vt  0.656657 0.530330 -0.000031
vt  0.999225 0.530330 -0.000066
vt  0.851322 0.530879 -0.000009
vt  0.827940 0.530879 -0.000008
vt  0.968112 0.530879 -0.000038
vt  0.944761 0.530879 -0.000026
vt  0.929177 0.546431 -0.000022
vt  0.866922 0.546431 -0.000010
vt  0.812087 0.515053 -0.000007
vt  0.983943 0.515053 -0.000051
vt  0.796783 0.499775 -0.000007
vt  0.773405 0.499775 -0.000008
vt  0.757812 0.484223 -0.000009
vt  0.695567 0.484223 -0.000018
vt  0.679993 0.499775 -0.000022
vt  0.656657 0.499775 -0.000029
vt  0.999225 0.499775 -0.000061
vt  0.812087 0.515053 -0.000007
vt  0.983943 0.515053 -0.000051
vt  0.506652 0.917114 -0.000014
vt  0.483270 0.917114 -0.000012
vt  0.452112 0.948257 -0.000013
vt  0.428736 0.948257 -0.000015
vt  0.413143 0.963809 -0.000019
vt  0.350901 0.963809 -0.000042
vt  0.335330 0.948257 -0.000049
vt  0.311995 0.948257 -0.000067
vt  0.654564 0.948257 -0.000129
vt  0.623449 0.917114 -0.000069
vt  0.600096 0.917114 -0.000045
vt  0.584511 0.901553 -0.000036
vt  0.522254 0.901553 -0.000016
vt  0.866932 0.106377 -0.000003
vt  0.851332 0.090834 -0.000003
vt  0.827951 0.090834 -0.000003
vt  0.968114 0.090834 -0.000002
vt  0.944767 0.090834 -0.000003
vt  0.929184 0.106377 -0.000004
vt  0.796794 0.059771 -0.000002
vt  0.773415 0.059771 -0.000001
vt  0.757820 0.044219 -0.000000
vt  0.695572 0.044219 0.000004
vt  0.679997 0.059771 0.000005
vt  0.656658 0.059771 0.000009
vt  0.999226 0.059771 0.000006
vt  0.522273 0.022151 -0.000002
vt  0.452134 0.068775 -0.000002
vt  0.428755 0.068775 -0.000001
vt  0.413159 0.084318 -0.000001
vt  0.350912 0.084318 0.000002
vt  0.335337 0.068775 0.000004
vt  0.311998 0.068775 0.000008
vt  0.654566 0.068775 0.000005
vt  0.506673 0.037703 -0.000002
vt  0.483292 0.037703 -0.000002
vt  0.623455 0.037703 0.000002
vt  0.600108 0.037703 -0.000000
vt  0.584526 0.022151 -0.000001
vt  0.851311 0.970324 -0.000014
vt  0.827929 0.970324 -0.000013
vt  0.796773 0.939191 -0.000013
vt  0.773396 0.939191 -0.000015
vt  0.757804 0.923630 -0.000018
vt  0.695562 0.923630 -0.000040
vt  0.679990 0.939191 -0.000048
vt  0.656655 0.939191 -0.000067
vt  0.999224 0.939191 -0.000128
vt  0.968109 0.970324 -0.000073
vt  0.944756 0.970324 -0.000048
vt  0.929169 0.985876 -0.000039
vt  0.866912 0.985876 -0.000018
vt  0.378928 0.609387 -0.500000
vt  0.446928 0.609387 -0.500000
vt  0.378928 1.778667 -0.500000
vt  0.446928 1.778667 -0.500000
vt  0.378929 0.609387 0.500000
vt  0.446928 0.609387 0.500000
vt  0.378929 1.778667 0.500000
vt  0.446928 1.778667 0.500000
vt  0.378928 2.947947 -0.500000
vt  0.446928 2.947947 -0.500000
vt  0.378929 2.947947 0.500000
vt  0.446928 2.947947 0.500000
vt  0.378928 -0.559894 -0.500000
vt  0.446928 -0.559894 -0.500000
vt  0.378929 -0.559894 0.500000
vt  0.446928 -0.559894 0.500000
# 4782 texture vertices

vn  0.000000 0.000000 -2.000000
vn  0.000000 0.000000 -1.000000
vn  0.000000 0.000000 -1.000000
vn  0.000000 0.000000 -2.000000
vn  0.000000 0.000000 2.000000
vn  0.000000 0.000000 1.000000
vn  0.000000 0.000000 1.000000
vn  0.000000 0.000000 2.000000
vn  0.000000 0.000001 -2.000000
vn  0.000000 0.000000 -1.000000
vn  0.000000 0.000000 -1.000000
vn  0.000000 0.000001 -2.000000
vn  0.000000 -0.000001 2.000000
vn  0.000000 -0.000000 1.000000
vn  0.000000 -0.000000 1.000000
vn  0.000000 -0.000001 2.000000
vn  0.000000 0.000000 -2.000000
vn  0.000000 0.000000 -1.000000
vn  0.000000 0.000000 -1.000000
vn  0.000000 0.000000 -2.000000
vn  0.000000 0.000000 2.000000
vn  0.000000 0.000000 1.000000
vn  0.000000 0.000000 1.000000
vn  0.000000 0.000000 2.000000
vn  0.000000 0.000000 -2.000000
vn  0.000000 0.000000 -1.000000
vn  0.000000 0.000000 -1.000000
vn  0.000000 0.000000 -2.000000
vn  0.000000 0.000000 2.000000
vn  0.000000 0.000000 1.000000
vn  0.000000 0.000000 1.000000
vn  0.000000 0.000000 2.000000
vn  0.000000 0.000000 -2.000000
vn  0.000000 0.000000 -1.000000
vn  0.000000 0.000000 -1.000000
vn  0.000000 0.000000 -2.000000
vn  0.000000 0.000000 2.000000
vn  0.000000 0.000000 1.000000
vn  0.000000 0.000000 1.000000
vn  0.000000 0.000000 2.000000
vn  0.000000 0.000000 -2.000000
vn  0.000000 0.000000 -1.000000
vn  0.000000 0.000000 -1.000000
vn  0.000000 0.000000 -2.000000
vn  0.000000 0.000000 2.000000
vn  0.000000 0.000000 1.000000
vn  0.000000 0.000000 1.000000
vn  0.000000 0.000000 2.000000
vn  0.000000 0.000000 -2.000000
vn  0.000000 0.000000 -1.000000
vn  0.000000 0.000000 -1.000000
vn  0.000000 0.000000 -2.000000
vn  0.000000 0.000000 2.000000
vn  0.000000 0.000000 1.000000
vn  0.000000 0.000000 1.000000
vn  0.000000 0.000000 2.000000
vn  0.000000 0.000000 -2.000000
vn  0.000000 0.000000 -1.000000
vn  0.000000 0.000000 -1.000000
vn  0.000000 0.000000 -2.000000
vn  0.000000 0.000000 2.000000
vn  0.000000 0.000000 1.000000
vn  0.000000 0.000000 1.000000
vn  0.000000 0.000000 2.000000
vn  -2.000000 0.000000 0.000000
vn  -1.000000 0.000000 0.000000
vn  0.000000 0.000000 1.000000
vn  -1.000000 0.000000 0.000000
vn  0.000000 0.000000 -1.000000
vn  -1.000000 0.000000 0.000000
vn  0.000000 0.000000 1.000000
vn  1.000000 0.000000 0.000000
vn  0.000000 0.000000 -1.000000
vn  1.000000 0.000000 0.000000
vn  0.000000 0.000000 1.000000
vn  1.000000 0.000000 0.000000
vn  -1.000000 0.000000 0.000000
vn  -2.000000 0.000000 0.000000
vn  0.000000 0.000000 2.000000
vn  -2.000000 0.000000 0.000000
vn  0.000000 0.000000 -2.000000
vn  -2.000000 0.000000 0.000000
vn  0.000000 0.000000 2.000000
vn  2.000000 0.000000 0.000000
vn  0.000000 0.000000 -2.000000
vn  2.000000 0.000000 0.000000
vn  0.000000 0.000000 2.000000
vn  2.000000 0.000000 0.000000
vn  0.000000 0.000000 -2.000000
vn  0.000000 0.000000 -1.000000
vn  0.000000 0.000000 -1.000000
vn  0.000000 0.000000 -2.000000
vn  0.000000 0.000000 2.000000
vn  0.000000 0.000000 1.000000
vn  0.000000 0.000000 1.000000
vn  0.000000 0.000000 2.000000
vn  0.000000 0.000001 -2.000000
vn  0.000000 0.000000 -1.000000
vn  0.000000 0.000000 -1.000000
vn  0.000000 0.000001 -2.000000
vn  0.000000 -0.000001 2.000000
vn  0.000000 -0.000000 1.000000
vn  0.000000 -0.000000 1.000000
vn  0.000000 -0.000001 2.000000
vn  0.000000 0.000000 -2.000000
vn  0.000000 0.000000 -1.000000
vn  0.000000 0.000000 -1.000000
vn  0.000000 0.000000 -2.000000
vn  0.000000 0.000000 2.000000
vn  0.000000 0.000000 1.000000
vn  0.000000 0.000000 1.000000
vn  0.000000 0.000000 2.000000
vn  0.000000 0.000000 -2.000000
vn  0.000000 0.000000 -1.000000
vn  0.000000 0.000000 -1.000000
vn  0.000000 0.000000 -2.000000
vn  0.000000 0.000000 2.000000
vn  0.000000 0.000000 1.000000
vn  0.000000 0.000000 1.000000
vn  0.000000 0.000000 2.000000
vn  0.000000 0.000000 -2.000000
vn  0.000000 0.000000 -1.000000
vn  0.000000 0.000000 -1.000000
vn  0.000000 0.000000 -2.000000
vn  0.000000 0.000000 2.000000
vn  0.000000 0.000000 1.000000
vn  0.000000 0.000000 1.000000
vn  0.000000 0.000000 2.000000
vn  0.000000 0.000000 -2.000000
vn  0.000000 0.000000 -1.000000
vn  0.000000 0.000000 -1.000000
vn  0.000000 0.000000 -2.000000
vn  0.000000 0.000000 2.000000
vn  0.000000 0.000000 1.000000
vn  0.000000 0.000000 1.000000
vn  0.000000 0.000000 2.000000
vn  0.000000 0.000000 -2.000000
vn  0.000000 0.000000 -1.000000
vn  0.000000 0.000000 -1.000000
vn  0.000000 0.000000 -2.000000
vn  0.000000 0.000000 2.000000
vn  0.000000 0.000000 1.000000
vn  0.000000 0.000000 1.000000
vn  0.000000 0.000000 2.000000
vn  0.000000 0.000000 -2.000000
vn  0.000000 0.000000 -1.000000
vn  0.000000 0.000000 -1.000000
vn  0.000000 0.000000 -2.000000
vn  0.000000 0.000000 2.000000
vn  0.000000 0.000000 1.000000
vn  0.000000 0.000000 1.000000
vn  0.000000 0.000000 2.000000
vn  -2.000000 0.000000 0.000000
vn  -1.000000 0.000000 0.000000
vn  0.000000 0.000000 1.000000
vn  -1.000000 0.000000 0.000000
vn  0.000000 0.000000 -1.000000
vn  -1.000000 0.000000 0.000000
vn  0.000000 0.000000 1.000000
vn  1.000000 0.000000 0.000000
vn  0.000000 0.000000 -1.000000
vn  1.000000 0.000000 0.000000
vn  0.000000 0.000000 1.000000
vn  1.000000 0.000000 0.000000
vn  0.000000 0.000000 -2.000000
vn  0.000000 0.000000 -1.000000
vn  0.000000 0.000000 -1.000000
vn  0.000000 0.000000 -2.000000
vn  0.000000 0.000000 2.000000
vn  0.000000 0.000000 1.000000
vn  0.000000 0.000000 1.000000
vn  0.000000 0.000000 2.000000
vn  0.000000 0.000001 -2.000000
vn  0.000000 0.000000 -1.000000
vn  0.000000 0.000000 -1.000000
vn  0.000000 0.000001 -2.000000
vn  0.000000 -0.000001 2.000000
vn  0.000000 -0.000000 1.000000
vn  0.000000 -0.000000 1.000000
vn  0.000000 -0.000001 2.000000
vn  0.000000 0.000000 -2.000000
vn  0.000000 0.000000 -1.000000
vn  0.000000 0.000000 -1.000000
vn  0.000000 0.000000 -2.000000
vn  0.000000 0.000000 2.000000
vn  0.000000 0.000000 1.000000
vn  0.000000 0.000000 1.000000
vn  0.000000 0.000000 2.000000
vn  0.000000 0.000000 -2.000000
vn  0.000000 0.000000 -1.000000
vn  0.000000 0.000000 -1.000000
vn  0.000000 0.000000 -2.000000
vn  0.000000 0.000000 2.000000
vn  0.000000 0.000000 1.000000
vn  0.000000 0.000000 1.000000
vn  0.000000 0.000000 2.000000
vn  0.000000 0.000000 -2.000000
vn  0.000000 0.000000 -1.000000
vn  0.000000 0.000000 -1.000000
vn  0.000000 0.000000 -2.000000
vn  0.000000 0.000000 2.000000
vn  0.000000 0.000000 1.000000
vn  0.000000 0.000000 1.000000
vn  0.000000 0.000000 2.000000
vn  0.000000 0.000000 -2.000000
vn  0.000000 0.000000 -1.000000
vn  0.000000 0.000000 -1.000000
vn  0.000000 0.000000 -2.000000
vn  0.000000 0.000000 2.000000
vn  0.000000 0.000000 1.000000
vn  0.000000 0.000000 1.000000
vn  0.000000 0.000000 2.000000
vn  0.000000 0.000000 -2.000000
vn  0.000000 0.000000 -1.000000
vn  0.000000 0.000000 -1.000000
vn  0.000000 0.000000 -2.000000
vn  0.000000 0.000000 2.000000
vn  0.000000 0.000000 1.000000
vn  0.000000 0.000000 1.000000
vn  0.000000 0.000000 2.000000
vn  0.000000 0.000000 -2.000000
vn  0.000000 0.000000 -1.000000
vn  0.000000 0.000000 -1.000000
vn  0.000000 0.000000 -2.000000
vn  0.000000 0.000000 2.000000
vn  0.000000 0.000000 1.000000
vn  0.000000 0.000000 1.000000
vn  0.000000 0.000000 2.000000
vn  -1.000000 0.000000 0.000000
vn  -2.000000 0.000000 0.000000
vn  0.000000 0.000000 2.000000
vn  -2.000000 0.000000 0.000000
vn  0.000000 -0.000000 -2.000000
vn  -2.000000 0.000000 0.000000
vn  0.000000 0.000000 2.000000
vn  2.000000 0.000000 0.000000
vn  0.000000 -0.000000 -2.000000
vn  2.000000 0.000000 0.000000
vn  0.000000 0.000000 2.000000
vn  2.000000 0.000000 0.000000
vn  0.000000 0.000000 -2.000000
vn  0.000000 0.000000 -1.000000
vn  0.000000 0.000000 -2.000000
vn  0.000000 0.000000 -1.000000
vn  -2.000000 0.000000 0.000000
vn  -1.000000 0.000000 0.000000
vn  0.000000 0.000000 -2.000000
vn  0.000000 0.000000 -1.000000
vn  2.000000 -0.000000 0.000000
vn  1.000000 -0.000000 0.000000
vn  0.000000 0.000000 -2.000000
vn  0.000000 0.000000 -1.000000
vn  -2.000000 0.000000 0.000000
vn  -1.000000 0.000000 0.000000
vn  0.000000 -0.000000 2.000000
vn  0.000000 -0.000000 1.000000
vn  2.000000 -0.000000 0.000000
vn  1.000000 -0.000000 0.000000
vn  0.000000 -0.000000 2.000000
vn  0.000000 -0.000000 1.000000
vn  -2.000000 0.000000 0.000000
vn  -1.000000 0.000000 0.000000
vn  0.000000 -0.000000 2.000000
vn  0.000000 -0.000000 1.000000
vn  0.000000 0.000000 -2.000000
vn  0.000000 0.000000 -1.000000
vn  -1.000000 0.000000 0.000000
vn  0.000000 0.000000 -1.000000
vn  1.000000 -0.000000 0.000000
vn  0.000000 0.000000 -1.000000
vn  -1.000000 0.000000 0.000000
vn  0.000000 -0.000000 1.000000
vn  1.000000 -0.000000 0.000000
vn  0.000001 -0.000000 1.000000
vn  -1.000000 0.000000 0.000000
vn  0.000000 -0.000000 1.000000
vn  0.000000 0.000000 -2.000000
vn  0.000000 0.000000 -1.000000
vn  -2.000000 0.000000 0.000000
vn  0.000000 0.000000 -2.000000
vn  2.000000 -0.000000 0.000000
vn  0.000000 0.000000 -2.000000
vn  -2.000000 0.000000 0.000000
vn  0.000000 -0.000000 2.000000
vn  2.000000 -0.000000 0.000000
vn  0.000000 -0.000000 2.000000
vn  -2.000000 0.000000 0.000000
vn  0.000000 -0.000000 2.000000
vn  0.000000 0.000000 -2.000000
vn  0.000000 0.000000 -1.000000
vn  0.000000 0.000000 -2.000000
vn  0.000000 0.000000 -1.000000
vn  -2.000000 0.000000 0.000000
vn  -1.000000 0.000000 0.000000
vn  0.000000 0.000000 -2.000000
vn  0.000000 0.000000 -1.000000
vn  2.000000 -0.000000 0.000000
vn  1.000000 -0.000000 0.000000
vn  0.000000 0.000000 -2.000000
vn  0.000000 0.000000 -1.000000
vn  -2.000000 0.000000 0.000000
vn  -1.000000 0.000000 0.000000
vn  0.000000 -0.000000 2.000000
vn  0.000000 -0.000000 1.000000
vn  2.000000 -0.000000 0.000000
vn  1.000000 -0.000000 0.000000
vn  0.000000 -0.000000 2.000000
vn  0.000000 -0.000000 1.000000
vn  -2.000000 0.000000 0.000000
vn  -1.000000 0.000000 0.000000
vn  0.000000 -0.000000 2.000000
vn  0.000000 -0.000000 1.000000
vn  0.000000 0.000000 -2.000000
vn  0.000000 0.000000 -1.000000
vn  -1.000000 0.000000 0.000000
vn  0.000000 0.000000 -1.000000
vn  1.000000 -0.000000 0.000000
vn  0.000000 0.000000 -1.000000
vn  -1.000000 0.000000 0.000000
vn  0.000000 -0.000000 1.000000
vn  1.000000 -0.000000 0.000000
vn  0.000001 -0.000000 1.000000
vn  -1.000000 0.000000 0.000000
vn  0.000000 -0.000000 1.000000
vn  0.000000 0.000000 -2.000000
vn  0.000000 0.000000 -1.000000
vn  -2.000000 0.000000 0.000000
vn  0.000000 0.000000 -2.000000
vn  2.000000 -0.000000 0.000000
vn  0.000000 0.000000 -2.000000
vn  -2.000000 0.000000 0.000000
vn  0.000000 -0.000000 2.000000
vn  2.000000 -0.000000 0.000000
vn  0.000000 -0.000000 2.000000
vn  -2.000000 0.000000 0.000000
vn  0.000000 -0.000000 2.000000
vn  -0.000000 -0.000001 2.000000
vn  -2.000000 -0.000000 0.000018
vn  -1.000000 0.000000 0.000000
vn  0.000000 0.000000 1.000000
vn  0.000000 0.000000 -1.000000
vn  0.000000 0.000000 -1.000000
vn  -1.000000 -0.000000 0.000000
vn  0.000000 0.000000 -1.000000
vn  0.000000 -0.000000 2.000000
vn  0.000000 -0.000000 1.000000
vn  -10.000000 -0.000003 0.000043
vn  0.000000 0.000000 1.000000
vn  0.000000 0.000000 -1.000000
vn  0.000000 0.000000 -2.000000
vn  -2.000000 0.000000 -0.000018
vn  0.000000 0.000000 -1.000000
vn  0.000000 0.000000 1.000000
vn  0.000000 0.000000 1.000000
vn  1.000000 0.000000 0.000000
vn  0.000000 -0.000000 1.000000
vn  -1.000000 0.000467 -0.000000
vn  2.000000 0.000000 0.000000
vn  1.000000 0.000000 0.000000
vn  0.000000 0.000000 -1.000000
vn  0.000000 0.000000 1.000000
vn  0.000000 0.000000 2.000000
vn  2.000000 0.000000 0.000000
vn  0.000000 -0.000001 1.000000
vn  -1.000000 -0.000467 0.000000
vn  0.000000 0.000000 -1.000000
vn  10.000000 0.000000 0.000000
vn  0.000000 0.000000 -1.000000
vn  0.000000 -0.000000 1.000000
vn  0.000000 -0.000000 2.000000
vn  -2.000000 -0.000002 0.000077
vn  -0.000000 0.000000 -2.000000
vn  2.000000 0.000000 0.000000
vn  0.000000 0.000000 -2.000000
vn  -2.000000 -0.000003 0.000019
vn  -2.000000 -0.000003 0.000094
vn  -0.000000 -0.000003 -3.000000
vn  2.000000 0.000000 0.000000
vn  2.000000 0.000000 0.000000
vn  0.000000 0.000005 3.000000
vn  -2.000000 0.000000 0.000000
vn  -2.000000 0.000000 0.000000
vn  2.000000 0.000000 0.000000
vn  2.000000 0.000000 0.000000
vn  -2.000000 0.000000 -0.000001
vn  -2.000000 0.000000 -0.000004
vn  0.000000 0.000000 -3.000000
vn  2.000000 0.000000 0.000000
vn  0.000000 -0.000000 3.000000
vn  0.000000 0.000000 -2.000000
vn  2.000000 0.000000 0.000000
vn  0.000000 -0.000000 3.000000
vn  -2.000000 -0.000000 0.000020
vn  -2.000000 -0.000000 -0.000003
vn  0.707228 0.706986 -0.000254
vn  2.000000 0.000000 0.000000
vn  2.000000 0.000000 0.000000
vn  -0.000000 -0.000001 1.000000
vn  -0.000000 0.000000 1.000000
vn  -2.000000 0.000000 0.000005
vn  -2.000000 -0.000000 -0.000005
vn  0.000000 0.000000 -1.000000
vn  2.000000 0.000000 0.000000
vn  2.000000 0.000000 0.000000
vn  0.000000 0.000000 1.000000
vn  -2.000000 -0.000000 0.000005
vn  -2.000000 -0.000000 -0.000005
vn  0.707324 0.706889 0.000000
vn  2.000000 0.000000 0.000000
vn  -0.000000 0.000003 2.000000
vn  0.000000 -0.000001 -3.000000
vn  2.000000 0.000000 0.000000
vn  -0.707403 -0.706810 -0.000000
vn  -2.000000 0.000000 0.000001
vn  -2.000000 0.000000 -0.000006
vn  0.000000 0.000000 -1.000000
vn  2.000000 0.000000 0.000000
vn  0.000000 -0.000000 1.000000
vn  -1.000000 0.000000 0.000000
vn  2.000000 0.000000 0.000000
vn  2.000000 0.000000 0.000000
vn  -0.000014 0.000000 1.000000
vn  0.707324 0.706889 0.000000
vn  -2.000000 0.000000 0.000000
vn  2.000000 0.000000 0.000000
vn  -0.707161 -0.707053 0.000000
vn  0.000138 -0.000149 -1.000000
vn  0.707324 0.706889 0.000000
vn  -0.000001 -0.000001 2.000000
vn  0.000000 0.000000 -2.000000
vn  1.414648 1.413779 0.000001
vn  -0.000000 -0.000000 2.000000
vn  -0.707320 0.706893 0.000000
vn  0.000005 0.000005 2.000000
vn  0.706710 0.707503 -0.000000
vn  0.000007 -0.000007 2.000000
vn  0.706779 0.707435 -0.000000
vn  0.000000 0.000000 -1.000000
vn  -0.706840 -0.707373 0.000000
vn  0.000028 -0.000000 2.000000
vn  1.413426 -1.414992 -0.003394
vn  0.000000 0.000000 2.000000
vn  -1.413412 1.415015 -0.000255
vn  0.000000 0.000000 -1.000000
vn  1.413303 -1.415124 0.000000
vn  0.000000 -0.000000 1.000000
vn  -1.414640 1.413787 0.000000
vn  -1.414640 1.413787 0.000000
vn  0.000000 0.000000 -2.000000
vn  -1.000000 0.000000 0.000000
vn  -0.000000 0.000001 3.000000
vn  0.000000 -0.000000 2.000000
vn  -2.000000 0.000935 -0.000000
vn  0.000000 -0.000003 -3.000000
vn  -1.000000 0.000000 0.000000
vn  -2.000000 0.000000 0.000000
vn  0.000000 0.000000 3.000000
vn  -1.000000 0.000000 0.000000
vn  -1.000000 0.000000 0.000000
vn  0.000000 0.000000 -3.000000
vn  -2.000000 0.000000 0.000000
vn  -0.000000 0.000005 3.000000
vn  -0.000000 -0.000001 2.000000
vn  -2.000000 -0.000934 0.000000
vn  0.000000 -0.000005 -3.000000
vn  -2.000000 0.000000 0.000000
vn  1.000000 0.000000 0.000000
vn  0.000000 0.000000 3.000000
vn  -0.000000 -0.000000 2.000000
vn  -1.413854 1.414572 -0.000000
vn  0.000000 0.000000 -1.000000
vn  1.000000 0.000000 0.000000
vn  0.000000 0.000000 2.000000
vn  0.000000 0.000000 1.000000
vn  -10.000000 0.000000 0.000000
vn  0.000000 0.000000 2.000000
vn  0.000000 0.000000 -1.000000
vn  0.000000 0.000000 -2.000000
vn  -2.000000 0.000000 0.000000
vn  0.000000 0.000000 -1.000000
vn  0.000000 0.000000 1.000000
vn  0.000000 0.000000 2.000000
vn  2.000000 -0.000000 0.000003
vn  0.000000 0.000000 1.000000
vn  -1.000000 -0.000467 0.000000
vn  0.000000 0.000000 -1.000000
vn  10.000000 -0.000003 -0.000093
vn  0.000000 0.000000 -2.000000
vn  0.000000 0.000000 1.000000
vn  0.000000 0.000000 2.000000
vn  -2.000000 0.000000 0.000000
vn  0.000000 0.000000 -2.000000
vn  2.000000 0.000000 0.000005
vn  0.000000 0.000000 -2.000000
vn  -2.000000 0.000000 0.000000
vn  -2.000000 0.000000 0.000000
vn  0.000000 0.000000 -3.000000
vn  2.000000 0.000000 0.000005
vn  2.000000 0.000000 0.000000
vn  0.000000 0.000000 3.000000
vn  -2.000000 0.000000 0.000000
vn  -2.000000 0.000000 0.000000
vn  2.000000 0.000000 0.000005
vn  2.000000 0.000000 0.000000
vn  -2.000000 0.000000 0.000000
vn  -2.000000 0.000000 0.000000
vn  0.000000 0.000000 -3.000000
vn  2.000000 0.000000 0.000005
vn  0.000000 0.000000 3.000000
vn  0.000000 0.000000 -2.000000
vn  2.000000 0.000000 0.000000
vn  0.000000 0.000000 3.000000
vn  -2.000000 0.000000 0.000000
vn  -2.000000 0.000000 0.000000
vn  0.707228 0.706986 -0.000255
vn  2.000000 -0.000003 -0.000016
vn  2.000000 -0.000003 -0.000093
vn  0.000000 0.000000 1.000000
vn  0.000000 -0.000000 1.000000
vn  -2.000000 0.000000 0.000000
vn  -2.000000 0.000000 0.000000
vn  0.000000 0.000000 -1.000000
vn  2.000000 -0.000003 -0.000014
vn  2.000000 -0.000003 -0.000096
vn  0.000000 -0.000000 1.000000
vn  -2.000000 0.000000 0.000000
vn  -2.000000 0.000000 0.000000
vn  0.707324 0.706890 0.000000
vn  2.000000 0.000000 0.000005
vn  0.000000 0.000000 2.000000
vn  0.000000 0.000000 -3.000000
vn  2.000000 0.000000 0.000000
vn  -0.707403 -0.706811 0.000000
vn  -2.000000 0.000000 0.000000
vn  -2.000000 0.000000 0.000000
vn  0.000000 -0.000000 -1.000000
vn  2.000000 0.000000 0.000005
vn  0.000000 0.000000 1.000000
vn  -1.000000 0.000000 0.000000
vn  2.000000 0.000000 0.000000
vn  2.000000 0.000000 0.000000
vn  -0.000014 0.000000 1.000000
vn  0.707324 0.706890 0.000000
vn  -2.000000 0.000000 0.000000
vn  2.000000 0.000000 0.000000
vn  -0.707161 -0.707053 0.000000
vn  0.000138 -0.000149 -1.000000
vn  0.707324 0.706890 0.000000
vn  1.414648 1.413779 0.000000
vn  -1.414805 -1.413622 0.000000
vn  -0.000000 -0.000000 2.000000
vn  -0.707320 0.706894 0.000000
vn  0.000002 0.000003 2.000000
vn  0.706710 0.707503 0.000000
vn  0.000007 -0.000007 2.000000
vn  0.706779 0.707435 0.000000
vn  0.000000 0.000000 -1.000000
vn  -0.706840 -0.707373 0.000000
vn  0.000028 -0.000000 2.000000
vn  1.413427 -1.414992 -0.003395
vn  -0.000001 0.000000 2.000000
vn  -1.413412 1.415015 -0.000255
vn  0.000000 0.000000 -1.000000
vn  1.413303 -1.415123 0.000000
vn  0.000014 0.000015 2.000000
vn  0.000000 -0.000000 1.000000
vn  -1.414640 1.413787 0.000000
vn  -1.414640 1.413787 0.000000
vn  0.000000 0.000000 -2.000000
vn  -0.000552 -0.000297 -3.000000
vn  -1.000000 0.000000 0.000000
vn  0.000000 0.000000 3.000000
vn  0.000000 0.000000 2.000000
vn  -2.000000 0.000935 0.000000
vn  0.000000 0.000000 -3.000000
vn  -1.000000 0.000000 0.000000
vn  -2.000000 0.000000 0.000000
vn  0.000000 0.000000 3.000000
vn  -1.000000 0.000000 0.000000
vn  -1.000000 0.000000 0.000000
vn  0.000000 0.000000 -3.000000
vn  -2.000000 0.000000 0.000000
vn  0.000000 0.000000 3.000000
vn  0.000000 0.000000 2.000000
vn  -2.000000 -0.000934 0.000000
vn  0.000000 0.000000 -3.000000
vn  -2.000000 0.000000 0.000000
vn  1.000000 0.000000 0.000000
vn  0.000000 0.000000 3.000000
vn  0.000000 0.000000 2.000000
vn  -1.413855 1.414572 0.000000
vn  0.000000 0.000000 -1.000000
vn  1.000000 0.000000 0.000000
vn  0.000000 4.000000 0.000000
vn  -2.000000 0.000000 0.000003
vn  -1.000000 0.000000 0.000000
vn  0.000000 0.000000 1.000000
vn  0.000000 0.000000 -2.000000
vn  0.000000 0.000000 -1.000000
vn  -1.000000 0.000000 0.000000
vn  0.000000 1.000000 0.000000
vn  0.000000 0.000000 2.000000
vn  0.000000 0.000000 1.000000
vn  1.000000 0.000000 0.000000
vn  0.000000 0.000000 1.000000
vn  -1.000000 0.000467 0.000000
vn  2.000000 -0.000000 0.000003
vn  1.000000 -0.000000 0.000000
vn  0.000000 0.000000 -1.000000
vn  0.000000 0.000000 1.000000
vn  0.000000 0.000000 2.000000
vn  -2.000000 -0.000000 0.000005
vn  -0.000000 0.000000 -2.000000
vn  2.000000 0.000000 0.000005
vn  0.000000 0.000000 -2.000000
vn  -2.000000 0.000000 0.000000
vn  -2.000000 0.000000 0.000005
vn  0.000000 0.000000 -3.000000
vn  2.000000 -0.000001 -0.000043
vn  2.000000 -0.000001 -0.000010
vn  0.000000 0.000000 3.000000
vn  -2.000000 0.000000 0.000000
vn  -2.000000 0.000000 0.000005
vn  2.000000 -0.000001 -0.000046
vn  2.000000 -0.000001 -0.000007
vn  -2.000000 0.000000 -0.000001
vn  -2.000000 0.000000 0.000001
vn  0.000000 0.000000 -3.000000
vn  2.000000 0.000000 0.000000
vn  0.000000 0.000000 3.000000
vn  0.000000 0.000000 -2.000000
vn  2.000000 0.000000 0.000005
vn  0.000000 0.000000 3.000000
vn  -2.000000 0.000000 0.000005
vn  -2.000000 0.000000 0.000000
vn  0.707228 0.706986 -0.000254
vn  2.000000 0.000000 0.000000
vn  2.000000 0.000000 0.000005
vn  0.000000 0.000000 1.000000
vn  0.000002 0.000003 1.000000
vn  -2.000000 0.000000 0.000005
vn  -2.000000 0.000000 0.000000
vn  0.000000 -0.000000 -1.000000
vn  2.000000 0.000000 0.000000
vn  2.000000 0.000000 0.000005
vn  0.000000 0.000000 1.000000
vn  -2.000000 0.000000 0.000005
vn  -2.000000 0.000000 0.000000
vn  0.707325 0.706889 0.000000
vn  2.000000 0.000000 0.000000
vn  0.000000 0.000000 2.000000
vn  0.000000 0.000000 -3.000000
vn  2.000000 0.000000 0.000005
vn  -0.707403 -0.706810 0.000000
vn  -2.000000 0.000000 0.000001
vn  -2.000000 0.000000 -0.000001
vn  0.000000 -0.000000 -1.000000
vn  2.000000 0.000000 0.000000
vn  0.000000 0.000000 1.000000
vn  -1.000000 0.000000 0.000000
vn  2.000000 0.000000 0.000005
vn  2.000000 0.000000 0.000000
vn  -0.000014 0.000000 1.000000
vn  0.707325 0.706889 0.000000
vn  -2.000000 0.000000 0.000000
vn  2.000000 0.000000 0.000000
vn  -0.707161 -0.707053 0.000000
vn  0.000138 -0.000149 -1.000000
vn  0.707325 0.706889 0.000000
vn  -0.000000 0.000000 2.000000
vn  -1.414807 -1.413620 0.000000
vn  0.000000 -0.000000 -2.000000
vn  0.000000 0.000000 2.000000
vn  -0.707321 0.706893 0.000000
vn  0.000000 -0.000000 2.000000
vn  0.706710 0.707504 0.000000
vn  0.000007 -0.000007 2.000000
vn  0.706779 0.707435 0.000000
vn  0.000000 -0.000000 -1.000000
vn  -0.706840 -0.707373 -0.000000
vn  0.000028 -0.000000 2.000000
vn  1.413426 -1.414992 -0.003393
vn  -0.000003 0.000003 2.000000
vn  -1.413412 1.415015 -0.000256
vn  0.000000 -0.000000 -1.000000
vn  1.413303 -1.415123 0.000000
vn  0.000000 0.000000 1.000000
vn  -1.414641 1.413786 0.000000
vn  -1.414641 1.413786 0.000000
vn  0.000000 0.000000 -2.000000
vn  -1.000000 0.000000 0.000000
vn  0.000000 0.000000 3.000000
vn  0.000000 0.000000 2.000000
vn  -2.000000 0.000935 0.000000
vn  0.000000 0.000000 -3.000000
vn  -1.000000 0.000000 0.000000
vn  -2.000000 0.000000 0.000000
vn  0.000000 0.000000 3.000000
vn  -1.000000 0.000001 0.000000
vn  -1.000000 0.000001 0.000000
vn  0.000000 0.000000 -3.000000
vn  -2.000000 0.000003 -0.000000
vn  0.000000 0.000000 3.000000
vn  0.000000 0.000000 2.000000
vn  -2.000000 -0.000934 0.000000
vn  0.000000 0.000000 -3.000000
vn  -2.000000 0.000003 0.000000
vn  1.000000 0.000000 0.000000
vn  0.000000 0.000000 3.000000
vn  -0.000000 -0.000000 2.000000
vn  -1.413855 1.414572 0.000000
vn  0.000000 0.000000 -1.000000
vn  1.000000 0.000000 0.000000
vn  0.707324 0.706889 0.000000
vn  0.707324 0.706889 0.000000
vn  -0.000001 -0.000001 1.000000
vn  -0.000001 -0.000001 1.000000
vn  -0.707403 -0.706810 0.000000
vn  -0.707403 -0.706810 0.000000
vn  0.000000 0.000000 -1.000000
vn  0.000000 0.000000 -1.000000
vn  0.707324 0.706889 0.000001
vn  0.707324 0.706889 0.000001
vn  0.000276 0.000000 -1.000000
vn  0.000276 0.000000 -1.000000
vn  0.000002 0.000003 1.000000
vn  0.000002 0.000003 1.000000
vn  -0.707161 -0.707053 0.000000
vn  -0.707161 -0.707053 0.000000
vn  -0.000014 0.000000 1.000000
vn  -0.000014 0.000000 1.000000
vn  -0.707161 -0.707053 0.000000
vn  -0.707161 -0.707053 0.000000
vn  0.000000 0.000000 -1.000000
vn  0.000000 0.000000 -1.000000
vn  0.707202 0.707011 -0.000001
vn  0.707202 0.707011 -0.000001
vn  0.707324 0.706890 0.000000
vn  0.707324 0.706890 0.000000
vn  0.000000 0.000000 1.000000
vn  0.000000 0.000000 1.000000
vn  -0.707403 -0.706811 0.000000
vn  -0.707403 -0.706811 0.000000
vn  0.000000 0.000000 -1.000000
vn  0.000000 0.000000 -1.000000
vn  0.707324 0.706890 0.000000
vn  0.707324 0.706890 0.000000
vn  0.000276 0.000000 -1.000000
vn  0.000276 0.000000 -1.000000
vn  0.000000 0.000000 1.000000
vn  0.000000 0.000000 1.000000
vn  -0.707161 -0.707053 0.000000
vn  -0.707161 -0.707053 0.000000
vn  -0.000014 0.000000 1.000000
vn  -0.000014 0.000000 1.000000
vn  -0.707161 -0.707053 0.000000
vn  -0.707161 -0.707053 0.000000
vn  0.000000 0.000000 -1.000000
vn  0.000000 0.000000 -1.000000
vn  0.707202 0.707011 0.000000
vn  0.707202 0.707011 0.000000
vn  0.707325 0.706889 0.000000
vn  0.707325 0.706889 0.000000
vn  -0.000000 0.000000 1.000000
vn  -0.000000 0.000000 1.000000
vn  -0.707403 -0.706810 0.000000
vn  -0.707403 -0.706810 0.000000
vn  0.000000 0.000000 -1.000000
vn  0.000000 0.000000 -1.000000
vn  0.707325 0.706889 0.000000
vn  0.707325 0.706889 0.000000
vn  0.000276 0.000000 -1.000000
vn  0.000276 0.000000 -1.000000
vn  -0.000000 -0.000000 1.000000
vn  -0.000000 -0.000000 1.000000
vn  -0.707161 -0.707053 0.000000
vn  -0.707161 -0.707053 0.000000
vn  -0.000014 0.000000 1.000000
vn  -0.000014 0.000000 1.000000
vn  -0.707161 -0.707053 0.000000
vn  -0.707161 -0.707053 0.000000
vn  0.000000 0.000000 -1.000000
vn  0.000000 0.000000 -1.000000
vn  0.707202 0.707011 0.000000
vn  0.707202 0.707011 0.000000
vn  0.000000 0.000000 -2.000000
vn  -0.000000 0.000003 1.000000
vn  0.000000 0.000000 -2.000000
vn  -0.000000 -0.000001 3.000000
vn  -0.000000 -0.000003 -2.000000
vn  -0.000000 -0.000000 2.000000
vn  0.000000 0.000000 -1.000000
vn  1.000000 0.000001 -0.000000
vn  1.000000 0.000000 0.000000
vn  1.000000 0.000001 -0.000000
vn  1.000000 0.000000 0.000000
vn  1.414649 1.413779 0.000000
vn  -1.414806 -1.413621 0.000000
vn  -0.000552 -0.000297 -3.000000
vn  0.000000 0.000000 -2.000000
vn  0.000000 0.000000 1.000000
vn  0.000000 0.000000 -2.000000
vn  0.000000 0.000000 3.000000
vn  0.000000 0.000000 -2.000000
vn  0.000000 0.000000 2.000000
vn  0.000000 0.000000 -1.000000
vn  1.000000 0.000000 0.000000
vn  1.000000 0.000000 0.000000
vn  1.000000 0.000000 0.000000
vn  1.000000 0.000000 0.000000
vn  0.000000 -0.000000 2.000000
vn  0.000000 -0.000000 -2.000000
vn  1.414648 1.413779 0.000000
vn  0.000000 0.000000 -2.000000
vn  0.000000 0.000000 1.000000
vn  0.000000 0.000000 -2.000000
vn  0.000000 0.000000 3.000000
vn  0.000000 0.000000 -2.000000
vn  0.000000 0.000000 2.000000
vn  0.000000 0.000000 -1.000000
vn  1.000000 0.000001 0.000000
vn  1.000000 0.000000 0.000000
vn  1.000000 0.000001 0.000000
vn  1.000000 0.000000 0.000000
vn  1.414649 1.413778 0.000000
vn  1.414649 1.413778 0.000000
vn  -0.000552 -0.000297 -3.000000
vn  0.000014 0.000015 2.000000
vn  0.000014 0.000015 2.000000
# 829 vertex normals

g beam
usemtl ENV_ARC_TBeam_16x256_V01_M
s 1
f 1/305/1 3/307/3 4/308/4 2/306/2
f 5/317/5 6/318/6 8/320/8 7/319/7
s 2
f 1/301/1 2/302/2 6/304/6 5/303/5
s 4
f 2/309/2 4/310/4 8/312/8 6/311/6
s 2
f 4/314/4 3/313/3 7/315/7 8/316/8
s 4
f 3/298/3 1/297/1 5/299/5 7/300/7
s 1
f 9/329/9 11/331/11 12/332/12 10/330/10
f 13/341/13 14/342/14 16/344/16 15/343/15
s 2
f 9/325/9 10/326/10 14/328/14 13/327/13
s 4
f 10/333/10 12/334/12 16/336/16 14/335/14
s 2
f 12/338/12 11/337/11 15/339/15 16/340/16
s 4
f 11/322/11 9/321/9 13/323/13 15/324/15
s 1
f 17/353/17 19/355/19 20/356/20 18/354/18
f 21/365/21 22/366/22 24/368/24 23/367/23
s 2
f 17/349/17 18/350/18 22/352/22 21/351/21
s 4
f 18/357/18 20/358/20 24/360/24 22/359/22
s 2
f 20/362/20 19/361/19 23/363/23 24/364/24
s 4
f 19/346/19 17/345/17 21/347/21 23/348/23
s 1
f 25/377/25 27/379/27 28/380/28 26/378/26
f 29/389/29 30/390/30 32/392/32 31/391/31
s 2
f 25/373/25 26/374/26 30/376/30 29/375/29
s 4
f 26/381/26 28/382/28 32/384/32 30/383/30
s 2
f 28/386/28 27/385/27 31/387/31 32/388/32
s 4
f 27/370/27 25/369/25 29/371/29 31/372/31
s 1
f 33/401/33 35/403/35 36/404/36 34/402/34
f 37/413/37 38/414/38 40/416/40 39/415/39
s 2
f 33/397/33 34/398/34 38/400/38 37/399/37
s 4
f 34/405/34 36/406/36 40/408/40 38/407/38
s 2
f 36/410/36 35/409/35 39/411/39 40/412/40
s 4
f 35/394/35 33/393/33 37/395/37 39/396/39
s 1
f 41/425/41 43/427/43 44/428/44 42/426/42
f 45/437/45 46/438/46 48/440/48 47/439/47
s 2
f 41/421/41 42/422/42 46/424/46 45/423/45
s 4
f 42/429/42 44/430/44 48/432/48 46/431/46
s 2
f 44/434/44 43/433/43 47/435/47 48/436/48
s 4
f 43/418/43 41/417/41 45/419/45 47/420/47
s 1
f 49/449/49 51/451/51 52/452/52 50/450/50
f 53/461/53 54/462/54 56/464/56 55/463/55
s 2
f 49/445/49 50/446/50 54/448/54 53/447/53
s 4
f 50/453/50 52/454/52 56/456/56 54/455/54
s 2
f 52/458/52 51/457/51 55/459/55 56/460/56
s 4
f 51/442/51 49/441/49 53/443/53 55/444/55
s 1
f 57/473/57 59/475/59 60/476/60 58/474/58
f 61/485/61 62/486/62 64/488/64 63/487/63
s 2
f 57/469/57 58/470/58 62/472/62 61/471/61
s 4
f 58/477/58 60/478/60 64/480/64 62/479/62
s 2
f 60/482/60 59/481/59 63/483/63 64/484/64
s 4
f 59/466/59 57/465/57 61/467/61 63/468/63
s 1
f 65/809/65 66/810/66 78/822/78 77/821/77
s 2
f 66/810/66 67/811/67 79/823/79 78/822/78
s 1
f 67/811/67 68/812/68 80/824/80 79/823/79
s 2
f 68/812/68 69/813/69 81/825/81 80/824/80
s 1
f 69/813/69 70/814/70 82/826/82 81/825/81
s 2
f 70/814/70 71/815/71 83/827/83 82/826/82
s 1
f 71/815/71 72/816/72 84/828/84 83/827/83
s 2
f 72/816/72 73/817/73 85/829/85 84/828/84
s 1
f 73/833/73 74/818/74 86/830/86 85/834/85
s 2
f 74/818/74 75/819/75 87/831/87 86/830/86
s 1
f 75/819/75 76/820/76 88/832/88 87/831/87
s 2
f 76/820/76 65/809/65 77/821/77 88/832/88
s 1
f 89/1139/89 91/1141/91 92/1142/92 90/1140/90
f 93/1151/93 94/1152/94 96/1154/96 95/1153/95
s 2
f 89/1135/89 90/1136/90 94/1138/94 93/1137/93
s 4
f 90/1143/90 92/1144/92 96/1146/96 94/1145/94
s 2
f 92/1148/92 91/1147/91 95/1149/95 96/1150/96
s 4
f 91/1132/91 89/1131/89 93/1133/93 95/1134/95
s 1
f 97/1163/97 99/1165/99 100/1166/100 98/1164/98
f 101/1175/101 102/1176/102 104/1178/104 103/1177/103
s 2
f 97/1159/97 98/1160/98 102/1162/102 101/1161/101
s 4
f 98/1167/98 100/1168/100 104/1170/104 102/1169/102
s 2
f 100/1172/100 99/1171/99 103/1173/103 104/1174/104
s 4
f 99/1156/99 97/1155/97 101/1157/101 103/1158/103
s 1
f 105/1187/105 107/1189/107 108/1190/108 106/1188/106
f 109/1199/109 110/1200/110 112/1202/112 111/1201/111
s 2
f 105/1183/105 106/1184/106 110/1186/110 109/1185/109
s 4
f 106/1191/106 108/1192/108 112/1194/112 110/1193/110
s 2
f 108/1196/108 107/1195/107 111/1197/111 112/1198/112
s 4
f 107/1180/107 105/1179/105 109/1181/109 111/1182/111
s 1
f 113/1211/113 115/1213/115 116/1214/116 114/1212/114
f 117/1223/117 118/1224/118 120/1226/120 119/1225/119
s 2
f 113/1207/113 114/1208/114 118/1210/118 117/1209/117
s 4
f 114/1215/114 116/1216/116 120/1218/120 118/1217/118
s 2
f 116/1220/116 115/1219/115 119/1221/119 120/1222/120
s 4
f 115/1204/115 113/1203/113 117/1205/117 119/1206/119
s 1
f 121/1235/121 123/1237/123 124/1238/124 122/1236/122
f 125/1247/125 126/1248/126 128/1250/128 127/1249/127
s 2
f 121/1231/121 122/1232/122 126/1234/126 125/1233/125
s 4
f 122/1239/122 124/1240/124 128/1242/128 126/1241/126
s 2
f 124/1244/124 123/1243/123 127/1245/127 128/1246/128
s 4
f 123/1228/123 121/1227/121 125/1229/125 127/1230/127
s 1
f 129/1259/129 131/1261/131 132/1262/132 130/1260/130
f 133/1271/133 134/1272/134 136/1274/136 135/1273/135
s 2
f 129/1255/129 130/1256/130 134/1258/134 133/1257/133
s 4
f 130/1263/130 132/1264/132 136/1266/136 134/1265/134
s 2
f 132/1268/132 131/1267/131 135/1269/135 136/1270/136
s 4
f 131/1252/131 129/1251/129 133/1253/133 135/1254/135
s 1
f 137/1283/137 139/1285/139 140/1286/140 138/1284/138
f 141/1295/141 142/1296/142 144/1298/144 143/1297/143
s 2
f 137/1279/137 138/1280/138 142/1282/142 141/1281/141
s 4
f 138/1287/138 140/1288/140 144/1290/144 142/1289/142
s 2
f 140/1292/140 139/1291/139 143/1293/143 144/1294/144
s 4
f 139/1276/139 137/1275/137 141/1277/141 143/1278/143
s 1
f 145/1307/145 147/1309/147 148/1310/148 146/1308/146
f 149/1319/149 150/1320/150 152/1322/152 151/1321/151
s 2
f 145/1303/145 146/1304/146 150/1306/150 149/1305/149
s 4
f 146/1311/146 148/1312/148 152/1314/152 150/1313/150
s 2
f 148/1316/148 147/1315/147 151/1317/151 152/1318/152
s 4
f 147/1300/147 145/1299/145 149/1301/149 151/1302/151
s 1
f 153/1643/153 154/1644/154 66/1656/66 65/1655/65
s 2
f 154/1644/154 155/1645/155 67/1657/67 66/1656/66
s 1
f 155/1645/155 156/1646/156 68/1658/68 67/1657/67
s 2
f 156/1646/156 157/1647/157 69/1659/69 68/1658/68
s 1
f 157/1647/157 158/1648/158 70/1660/70 69/1659/69
s 2
f 158/1648/158 159/1649/159 71/1661/71 70/1660/70
s 1
f 159/1649/159 160/1650/160 72/1662/72 71/1661/71
s 2
f 160/1650/160 161/1651/161 73/1663/73 72/1662/72
s 1
f 161/1667/161 162/1652/162 74/1664/74 73/1668/73
s 2
f 162/1652/162 163/1653/163 75/1665/75 74/1664/74
s 1
f 163/1653/163 164/1654/164 76/1666/76 75/1665/75
s 2
f 164/1654/164 153/1643/153 65/1655/65 76/1666/76
s 4
f 153/1619/153 162/1628/162 155/1621/155 154/1620/154
f 163/1629/163 162/1628/162 153/1619/153 164/1630/164
f 161/1627/161 156/1622/156 155/1621/155 162/1628/162
f 159/1625/159 158/1624/158 161/1627/161 160/1626/160
f 158/1624/158 157/1623/157 156/1622/156 161/1627/161
s 1
f 165/1973/165 167/1975/167 168/1976/168 166/1974/166
f 169/1985/169 170/1986/170 172/1988/172 171/1987/171
s 2
f 165/1969/165 166/1970/166 170/1972/170 169/1971/169
s 4
f 166/1977/166 168/1978/168 172/1980/172 170/1979/170
s 2
f 168/1982/168 167/1981/167 171/1983/171 172/1984/172
s 4
f 167/1966/167 165/1965/165 169/1967/169 171/1968/171
s 1
f 173/1997/173 175/1999/175 176/2000/176 174/1998/174
f 177/2009/177 178/2010/178 180/2012/180 179/2011/179
s 2
f 173/1993/173 174/1994/174 178/1996/178 177/1995/177
s 4
f 174/2001/174 176/2002/176 180/2004/180 178/2003/178
s 2
f 176/2006/176 175/2005/175 179/2007/179 180/2008/180
s 4
f 175/1990/175 173/1989/173 177/1991/177 179/1992/179
s 1
f 181/2021/181 183/2023/183 184/2024/184 182/2022/182
f 185/2033/185 186/2034/186 188/2036/188 187/2035/187
s 2
f 181/2017/181 182/2018/182 186/2020/186 185/2019/185
s 4
f 182/2025/182 184/2026/184 188/2028/188 186/2027/186
s 2
f 184/2030/184 183/2029/183 187/2031/187 188/2032/188
s 4
f 183/2014/183 181/2013/181 185/2015/185 187/2016/187
s 1
f 189/2045/189 191/2047/191 192/2048/192 190/2046/190
f 193/2057/193 194/2058/194 196/2060/196 195/2059/195
s 2
f 189/2041/189 190/2042/190 194/2044/194 193/2043/193
s 4
f 190/2049/190 192/2050/192 196/2052/196 194/2051/194
s 2
f 192/2054/192 191/2053/191 195/2055/195 196/2056/196
s 4
f 191/2038/191 189/2037/189 193/2039/193 195/2040/195
s 1
f 197/2069/197 199/2071/199 200/2072/200 198/2070/198
f 201/2081/201 202/2082/202 204/2084/204 203/2083/203
s 2
f 197/2065/197 198/2066/198 202/2068/202 201/2067/201
s 4
f 198/2073/198 200/2074/200 204/2076/204 202/2075/202
s 2
f 200/2078/200 199/2077/199 203/2079/203 204/2080/204
s 4
f 199/2062/199 197/2061/197 201/2063/201 203/2064/203
s 1
f 205/2093/205 207/2095/207 208/2096/208 206/2094/206
f 209/2105/209 210/2106/210 212/2108/212 211/2107/211
s 2
f 205/2089/205 206/2090/206 210/2092/210 209/2091/209
s 4
f 206/2097/206 208/2098/208 212/2100/212 210/2099/210
s 2
f 208/2102/208 207/2101/207 211/2103/211 212/2104/212
s 4
f 207/2086/207 205/2085/205 209/2087/209 211/2088/211
s 1
f 213/2117/213 215/2119/215 216/2120/216 214/2118/214
f 217/2129/217 218/2130/218 220/2132/220 219/2131/219
s 2
f 213/2113/213 214/2114/214 218/2116/218 217/2115/217
s 4
f 214/2121/214 216/2122/216 220/2124/220 218/2123/218
s 2
f 216/2126/216 215/2125/215 219/2127/219 220/2128/220
s 4
f 215/2110/215 213/2109/213 217/2111/217 219/2112/219
s 1
f 221/2141/221 223/2143/223 224/2144/224 222/2142/222
f 225/2153/225 226/2154/226 228/2156/228 227/2155/227
s 2
f 221/2137/221 222/2138/222 226/2140/226 225/2139/225
s 4
f 222/2145/222 224/2146/224 228/2148/228 226/2147/226
s 2
f 224/2150/224 223/2149/223 227/2151/227 228/2152/228
s 4
f 223/2134/223 221/2133/221 225/2135/225 227/2136/227
s 1
f 77/2477/77 78/2478/78 230/2490/230 229/2489/229
s 2
f 78/2478/78 79/2479/79 231/2491/231 230/2490/230
s 1
f 79/2479/79 80/2480/80 232/2492/232 231/2491/231
s 2
f 80/2480/80 81/2481/81 233/2493/233 232/2492/232
s 1
f 81/2481/81 82/2482/82 234/2494/234 233/2493/233
s 2
f 82/2482/82 83/2483/83 235/2495/235 234/2494/234
s 1
f 83/2483/83 84/2484/84 236/2496/236 235/2495/235
s 2
f 84/2484/84 85/2485/85 237/2497/237 236/2496/236
s 1
f 85/2501/85 86/2486/86 238/2498/238 237/2502/237
s 2
f 86/2486/86 87/2487/87 239/2499/239 238/2498/238
s 1
f 87/2487/87 88/2488/88 240/2500/240 239/2499/239
s 2
f 88/2488/88 77/2477/77 229/2489/229 240/2500/240
s 4
f 234/2470/234 237/2473/237 232/2468/232 233/2469/233
f 237/2473/237 234/2470/234 235/2471/235 236/2472/236
f 229/2465/229 238/2474/238 239/2475/239 240/2476/240
f 231/2467/231 238/2474/238 229/2465/229 230/2466/230
f 231/2467/231 232/2468/232 237/2473/237 238/2474/238
s 1
f 243/3843/243 244/3844/244 241/3841/241 242/3842/242
s 2
f 244/3844/244 246/3846/246 245/3845/245 241/3841/241
s 1
f 246/3846/246 248/3848/248 247/3847/247 245/3845/245
s 2
f 248/3848/248 250/3850/250 249/3849/249 247/3847/247
s 1
f 250/3850/250 252/3852/252 251/3851/251 249/3849/249
s 2
f 252/3852/252 254/3854/254 253/3853/253 251/3851/251
s 1
f 254/3854/254 256/3856/256 255/3855/255 253/3853/253
s 2
f 256/3856/256 258/3858/258 257/3857/257 255/3855/255
s 1
f 258/3861/258 260/3862/260 259/3859/259 257/3860/257
s 2
f 260/3862/260 262/3864/262 261/3863/261 259/3859/259
s 1
f 262/3864/262 264/3866/264 263/3865/263 261/3863/261
s 2
f 264/3866/264 243/3843/243 242/3842/242 263/3865/263
s 1
f 265/3869/265 266/3870/266 244/3867/244 243/3868/243
s 2
f 266/3870/266 267/3872/267 246/3871/246 244/3867/244
s 1
f 267/3872/267 268/3874/268 248/3873/248 246/3871/246
s 2
f 268/3874/268 269/3876/269 250/3875/250 248/3873/248
s 1
f 269/3876/269 270/3878/270 252/3877/252 250/3875/250
s 2
f 270/3878/270 271/3880/271 254/3879/254 252/3877/252
s 1
f 271/3880/271 272/3882/272 256/3881/256 254/3879/254
s 2
f 272/3882/272 273/3884/273 258/3883/258 256/3881/256
s 1
f 273/3887/273 274/3888/274 260/3885/260 258/3886/258
s 2
f 274/3888/274 275/3890/275 262/3889/262 260/3885/260
s 1
f 275/3890/275 276/3892/276 264/3891/264 262/3889/262
s 2
f 276/3892/276 265/3869/265 243/3868/243 264/3891/264
s 4
f 265/3895/265 274/3898/274 267/3893/267 266/3894/266
f 275/3897/275 274/3898/274 265/3895/265 276/3896/276
f 273/3899/273 268/3900/268 267/3893/267 274/3898/274
f 271/3902/271 270/3903/270 273/3899/273 272/3901/272
f 270/3903/270 269/3904/269 268/3900/268 273/3899/273
s 1
f 242/3907/242 241/3908/241 277/3905/277 278/3906/278
s 2
f 241/3908/241 245/3910/245 279/3909/279 277/3905/277
s 1
f 245/3910/245 247/3912/247 280/3911/280 279/3909/279
s 2
f 247/3912/247 249/3914/249 281/3913/281 280/3911/280
s 1
f 249/3914/249 251/3916/251 282/3915/282 281/3913/281
s 2
f 251/3916/251 253/3918/253 283/3917/283 282/3915/282
s 1
f 253/3918/253 255/3920/255 284/3919/284 283/3917/283
s 2
f 255/3920/255 257/3922/257 285/3921/285 284/3919/284
s 1
f 257/3925/257 259/3926/259 286/3923/286 285/3924/285
s 2
f 259/3926/259 261/3928/261 287/3927/287 286/3923/286
s 1
f 261/3928/261 263/3930/263 288/3929/288 287/3927/287
s 2
f 263/3930/263 242/3907/242 278/3906/278 288/3929/288
s 4
f 282/3933/282 285/3936/285 280/3931/280 281/3932/281
f 285/3936/285 282/3933/282 283/3934/283 284/3935/284
f 278/3939/278 286/3940/286 287/3937/287 288/3938/288
f 279/3942/279 286/3940/286 278/3939/278 277/3941/277
f 279/3942/279 280/3931/280 285/3936/285 286/3940/286
s 1
f 291/3945/291 292/3946/292 289/3943/289 290/3944/290
s 2
f 292/3946/292 294/3948/294 293/3947/293 289/3943/289
s 1
f 294/3948/294 296/3950/296 295/3949/295 293/3947/293
s 2
f 296/3950/296 298/3952/298 297/3951/297 295/3949/295
s 1
f 298/3952/298 300/3954/300 299/3953/299 297/3951/297
s 2
f 300/3954/300 302/3956/302 301/3955/301 299/3953/299
s 1
f 302/3956/302 304/3958/304 303/3957/303 301/3955/301
s 2
f 304/3958/304 306/3960/306 305/3959/305 303/3957/303
s 1
f 306/3963/306 308/3964/308 307/3961/307 305/3962/305
s 2
f 308/3964/308 310/3966/310 309/3965/309 307/3961/307
s 1
f 310/3966/310 312/3968/312 311/3967/311 309/3965/309
s 2
f 312/3968/312 291/3945/291 290/3944/290 311/3967/311
s 1
f 313/3971/313 314/3972/314 292/3969/292 291/3970/291
s 2
f 314/3972/314 315/3974/315 294/3973/294 292/3969/292
s 1
f 315/3974/315 316/3976/316 296/3975/296 294/3973/294
s 2
f 316/3976/316 317/3978/317 298/3977/298 296/3975/296
s 1
f 317/3978/317 318/3980/318 300/3979/300 298/3977/298
s 2
f 318/3980/318 319/3982/319 302/3981/302 300/3979/300
s 1
f 319/3982/319 320/3984/320 304/3983/304 302/3981/302
s 2
f 320/3984/320 321/3986/321 306/3985/306 304/3983/304
s 1
f 321/3989/321 322/3990/322 308/3987/308 306/3988/306
s 2
f 322/3990/322 323/3992/323 310/3991/310 308/3987/308
s 1
f 323/3992/323 324/3994/324 312/3993/312 310/3991/310
s 2
f 324/3994/324 313/3971/313 291/3970/291 312/3993/312
s 4
f 313/3997/313 322/4000/322 315/3995/315 314/3996/314
f 323/3999/323 322/4000/322 313/3997/313 324/3998/324
f 321/4001/321 316/4002/316 315/3995/315 322/4000/322
f 319/4004/319 318/4005/318 321/4001/321 320/4003/320
f 318/4005/318 317/4006/317 316/4002/316 321/4001/321
s 1
f 290/4009/290 289/4010/289 325/4007/325 326/4008/326
s 2
f 289/4010/289 293/4012/293 327/4011/327 325/4007/325
s 1
f 293/4012/293 295/4014/295 328/4013/328 327/4011/327
s 2
f 295/4014/295 297/4016/297 329/4015/329 328/4013/328
s 1
f 297/4016/297 299/4018/299 330/4017/330 329/4015/329
s 2
f 299/4018/299 301/4020/301 331/4019/331 330/4017/330
s 1
f 301/4020/301 303/4022/303 332/4021/332 331/4019/331
s 2
f 303/4022/303 305/4024/305 333/4023/333 332/4021/332
s 1
f 305/4027/305 307/4028/307 334/4025/334 333/4026/333
s 2
f 307/4028/307 309/4030/309 335/4029/335 334/4025/334
s 1
f 309/4030/309 311/4032/311 336/4031/336 335/4029/335
s 2
f 311/4032/311 290/4009/290 326/4008/326 336/4031/336
s 4
f 330/4035/330 333/4038/333 328/4033/328 329/4034/329
f 333/4038/333 330/4035/330 331/4036/331 332/4037/332
f 326/4041/326 334/4042/334 335/4039/335 336/4040/336
f 327/4044/327 334/4042/334 326/4041/326 325/4043/325
f 327/4044/327 328/4033/328 333/4038/333 334/4042/334
s 1
f 345/4052/345 369/4079/369 370/4080/370 346/4053/346
s 2
f 370/4080/370 375/4087/375 347/4054/347 346/4053/346
f 381/4095/381 385/4103/385 347/4054/347 375/4087/375
f 414/4136/414 406/4128/406 347/4054/347 385/4103/385
f 400/4120/400 393/4111/393 347/4054/347 406/4128/406
f 338/4046/338 339/4047/339 347/4054/347 393/4111/393
s 1
f 339/4047/339 340/4048/340 348/4055/348 347/4054/347
f 341/4059/341 342/4049/342 350/4056/350 349/4060/349
s 2
f 394/4112/394 401/4121/401 342/4049/342 343/4050/343
f 407/4129/407 415/4137/415 342/4049/342 401/4121/401
f 386/4104/386 382/4096/382 342/4049/342 415/4137/415
f 376/4088/376 371/4081/371 342/4049/342 382/4096/382
f 351/4057/351 350/4056/350 342/4049/342 371/4081/371
s 1
f 351/4057/351 371/4081/371 372/4082/372 352/4058/352
s 2
f 352/4058/352 372/4082/372 369/4079/369 345/4052/345
s 1
f 353/4061/353 354/4062/354 362/4070/362 361/4069/361
s 2
f 396/4114/396 403/4123/403 354/4062/354 355/4063/355
f 409/4131/409 417/4139/417 354/4062/354 403/4123/403
f 388/4106/388 383/4098/383 354/4062/354 417/4139/417
f 378/4090/378 373/4083/373 354/4062/354 383/4098/383
f 363/4071/363 362/4070/362 354/4062/354 373/4083/373
s 1
f 363/4071/363 373/4083/373 463/4084/463 364/4072/364
s 2
f 364/4072/364 463/4084/463 464/4085/464 365/4073/365
s 1
f 365/4073/365 464/4085/464 374/4086/374 366/4074/366
s 2
f 374/4086/374 379/4093/379 367/4075/367 366/4074/366
f 384/4101/384 391/4109/391 367/4075/367 379/4093/379
f 420/4142/420 412/4134/412 367/4075/367 391/4109/391
f 404/4126/404 397/4117/397 367/4075/367 412/4134/412
f 358/4066/358 359/4067/359 367/4075/367 397/4117/397
s 1
f 359/4077/359 360/4068/360 368/4076/368 367/4078/367
f 380/4094/380 375/4087/375 370/4080/370 369/4079/369
f 376/4088/376 377/4089/377 372/4082/372 371/4081/371
f 378/4090/378 462/4091/462 463/4084/463 373/4083/373
f 465/4092/465 379/4093/379 374/4086/374 464/4085/464
f 468/4102/468 381/4095/381 375/4087/375 380/4094/380
f 382/4096/382 471/4097/471 377/4089/377 376/4088/376
s 2
f 471/4097/471 472/4150/472 425/4149/425 377/4089/377
s 1
f 383/4098/383 457/4099/457 462/4091/462 378/4090/378
f 460/4100/460 384/4101/384 379/4093/379 465/4092/465
f 392/4110/392 385/4103/385 381/4095/381 468/4102/468
f 386/4104/386 387/4105/387 471/4097/471 382/4096/382
f 388/4106/388 389/4107/389 457/4099/457 383/4098/383
f 390/4108/390 391/4109/391 384/4101/384 460/4100/460
f 791/4135/791 414/4136/414 385/4103/385 392/4110/392
f 415/4137/415 792/4138/792 387/4105/387 386/4104/386
s 2
f 792/4138/792 791/4135/791 392/4110/392 387/4105/387
s 1
f 417/4139/417 418/4140/418 389/4107/389 388/4106/388
s 2
f 418/4140/418 419/4141/419 390/4108/390 389/4107/389
s 1
f 419/4141/419 420/4142/420 391/4109/391 390/4108/390
f 337/4045/337 338/4046/338 393/4111/393 398/4118/398
f 343/4050/343 344/4051/344 786/4113/786 394/4112/394
s 2
f 344/4051/344 337/4045/337 398/4118/398 786/4113/786
s 1
f 355/4063/355 356/4064/356 452/4115/452 396/4114/396
s 2
f 356/4064/356 357/4065/357 453/4116/453 452/4115/452
s 1
f 357/4065/357 358/4066/358 397/4117/397 453/4116/453
f 398/4118/398 393/4111/393 400/4120/400 787/4119/787
f 394/4112/394 786/4113/786 788/4122/788 401/4121/401
s 4
f 787/4119/787 793/4145/793 786/4113/786 398/4118/398
f 795/4151/795 788/4122/788 786/4113/786 793/4145/793
s 1
f 396/4114/396 452/4115/452 451/4124/451 403/4123/403
f 453/4116/453 397/4117/397 404/4126/404 454/4125/454
f 787/4119/787 400/4120/400 406/4128/406 789/4127/789
f 401/4121/401 788/4122/788 790/4130/790 407/4129/407
s 4
f 788/4122/788 795/4151/795 796/4152/796 790/4130/790
s 1
f 403/4123/403 451/4124/451 410/4132/410 409/4131/409
s 2
f 451/4124/451 450/4146/450 424/4148/424 410/4132/410
s 1
f 454/4125/454 404/4126/404 412/4134/412 411/4133/411
f 789/4127/789 406/4128/406 414/4136/414 791/4135/791
f 407/4129/407 790/4130/790 792/4138/792 415/4137/415
s 4
f 791/4135/791 796/4152/796 794/4147/794 789/4127/789
f 790/4130/790 796/4152/796 791/4135/791 792/4138/792
s 1
f 409/4131/409 410/4132/410 418/4140/418 417/4139/417
f 411/4133/411 412/4134/412 420/4142/420 419/4141/419
s 2
f 468/4102/468 380/4094/380 421/4143/421 467/4144/467
s 4
f 787/4119/787 789/4127/789 794/4147/794 793/4145/793
f 793/4145/793 794/4147/794 796/4152/796 795/4151/795
s 2
f 454/4125/454 411/4133/411 456/4154/456 455/4153/455
f 457/4156/457 458/4157/458 461/4158/461 462/4155/462
f 460/4160/460 465/4161/465 466/4162/466 459/4159/459
s 1
f 418/4235/418 410/4223/410 432/4171/432 446/4170/446
s 4
f 410/4223/410 424/4224/424 447/4172/447 432/4171/432
s 1
f 440/4184/440 828/4191/828 424/4224/424 450/4225/450
s 4
f 456/4232/456 411/4233/411 448/4174/448 433/4173/433
s 1
f 411/4233/411 419/4234/419 449/4175/449 448/4174/448
s 4
f 419/4234/419 418/4235/418 446/4170/446 449/4175/449
f 450/4225/450 451/4226/451 441/4185/441 440/4184/440
s 1
f 451/4226/451 452/4227/452 442/4186/442 441/4185/441
s 4
f 452/4227/452 453/4228/453 443/4187/443 442/4186/442
s 1
f 443/4187/443 453/4228/453 454/4229/454 444/4188/444
s 4
f 454/4229/454 455/4230/455 445/4189/445 444/4188/444
s 1
f 799/4192/799 455/4231/455 456/4232/456 433/4173/433
s 8
f 427/4270/427 445/4208/445 799/4213/799 431/4205/431
s 1
f 446/4193/446 432/4194/432 457/4237/457 389/4236/389
s 8
f 432/4194/432 447/4195/447 458/4238/458 457/4237/457
s 1
f 436/4214/436 461/4242/461 447/4195/447 828/4221/828
s 4
f 436/4214/436 435/4215/435 462/4243/462 461/4242/461
s 1
f 462/4243/462 435/4215/435 434/4216/434 463/4244/463
s 4
f 434/4216/434 439/4217/439 464/4245/464 463/4244/463
s 1
f 439/4217/439 438/4218/438 465/4246/465 464/4245/464
s 4
f 438/4218/438 437/4219/437 466/4247/466 465/4246/465
s 1
f 433/4196/433 459/4239/459 437/4220/437 799/4222/799
s 8
f 433/4196/433 448/4197/448 460/4240/460 459/4239/459
s 1
f 448/4197/448 449/4198/449 390/4241/390 460/4240/460
s 8
f 449/4198/449 446/4193/446 389/4236/389 390/4241/390
s 1
f 434/4176/434 435/4177/435 380/4257/380 369/4249/369
s 4
f 435/4177/435 436/4178/436 421/4258/421 380/4257/380
s 8
f 428/4163/428 467/4250/467 436/4178/436 828/4182/828
s 4
f 428/4163/428 797/4164/797 468/4251/468 467/4250/467
s 1
f 797/4164/797 429/4165/429 469/4252/469 468/4251/468
s 2
f 429/4165/429 798/4166/798 470/4253/470 469/4252/469
s 1
f 798/4166/798 430/4167/430 471/4254/471 470/4253/470
s 4
f 430/4167/430 431/4168/431 472/4255/472 471/4254/471
s 8
f 437/4179/437 425/4259/425 431/4169/431 799/4183/799
s 4
f 437/4179/437 438/4180/438 377/4260/377 425/4259/425
s 1
f 377/4260/377 438/4180/438 439/4181/439 372/4261/372
s 4
f 439/4181/439 434/4176/434 369/4249/369 372/4261/372
s 1
f 473/4290/473 489/4325/489 490/4326/490 474/4291/474
s 2
f 490/4326/490 495/4333/495 475/4292/475 474/4291/474
f 501/4341/501 505/4349/505 475/4292/475 495/4333/495
f 534/4382/534 526/4374/526 475/4292/475 505/4349/505
f 520/4366/520 513/4357/513 475/4292/475 526/4374/526
f 346/4284/346 347/4285/347 475/4292/475 513/4357/513
s 1
f 347/4285/347 348/4286/348 476/4293/476 475/4292/475
f 349/4297/349 350/4287/350 478/4294/478 477/4298/477
s 2
f 514/4358/514 521/4367/521 350/4287/350 351/4288/351
f 527/4375/527 535/4383/535 350/4287/350 521/4367/521
f 506/4350/506 502/4342/502 350/4287/350 535/4383/535
f 496/4334/496 491/4327/491 350/4287/350 502/4342/502
f 479/4295/479 478/4294/478 350/4287/350 491/4327/491
s 1
f 479/4295/479 491/4327/491 492/4328/492 480/4296/480
s 2
f 480/4296/480 492/4328/492 489/4325/489 473/4290/473
s 4
f 475/4277/475 476/4278/476 477/4279/477 478/4280/478
f 475/4277/475 478/4280/478 473/4275/473 474/4276/474
f 479/4281/479 480/4282/480 473/4275/473 478/4280/478
s 1
f 361/4307/361 362/4308/362 482/4316/482 481/4315/481
s 2
f 516/4360/516 523/4369/523 362/4308/362 363/4309/363
f 529/4377/529 537/4385/537 362/4308/362 523/4369/523
f 508/4352/508 503/4344/503 362/4308/362 537/4385/537
f 498/4336/498 493/4329/493 362/4308/362 503/4344/503
f 483/4317/483 482/4316/482 362/4308/362 493/4329/493
s 1
f 483/4317/483 493/4329/493 584/4330/584 484/4318/484
s 2
f 484/4318/484 584/4330/584 585/4331/585 485/4319/485
s 1
f 485/4319/485 585/4331/585 494/4332/494 486/4320/486
s 2
f 494/4332/494 499/4339/499 487/4321/487 486/4320/486
f 504/4347/504 511/4355/511 487/4321/487 499/4339/499
f 540/4388/540 532/4380/532 487/4321/487 511/4355/511
f 524/4372/524 517/4363/517 487/4321/487 532/4380/532
f 366/4312/366 367/4313/367 487/4321/487 517/4363/517
s 1
f 367/4323/367 368/4314/368 488/4322/488 487/4324/487
f 500/4340/500 495/4333/495 490/4326/490 489/4325/489
f 496/4334/496 497/4335/497 492/4328/492 491/4327/491
f 498/4336/498 583/4337/583 584/4330/584 493/4329/493
f 586/4338/586 499/4339/499 494/4332/494 585/4331/585
f 589/4348/589 501/4341/501 495/4333/495 500/4340/500
f 502/4342/502 592/4343/592 497/4335/497 496/4334/496
s 2
f 592/4343/592 593/4396/593 545/4395/545 497/4335/497
s 1
f 503/4344/503 578/4345/578 583/4337/583 498/4336/498
f 581/4346/581 504/4347/504 499/4339/499 586/4338/586
f 512/4356/512 505/4349/505 501/4341/501 589/4348/589
f 506/4350/506 507/4351/507 592/4343/592 502/4342/502
f 508/4352/508 509/4353/509 578/4345/578 503/4344/503
f 510/4354/510 511/4355/511 504/4347/504 581/4346/581
f 805/4381/805 534/4382/534 505/4349/505 512/4356/512
f 535/4383/535 806/4384/806 507/4351/507 506/4350/506
s 2
f 806/4384/806 805/4381/805 512/4356/512 507/4351/507
s 1
f 537/4385/537 538/4386/538 509/4353/509 508/4352/508
s 2
f 538/4386/538 539/4387/539 510/4354/510 509/4353/509
s 1
f 539/4387/539 540/4388/540 511/4355/511 510/4354/510
f 345/4283/345 346/4284/346 513/4357/513 518/4364/518
f 351/4288/351 352/4289/352 800/4359/800 514/4358/514
s 2
f 352/4289/352 345/4283/345 518/4364/518 800/4359/800
s 1
f 363/4309/363 364/4310/364 573/4361/573 516/4360/516
s 2
f 364/4310/364 365/4311/365 574/4362/574 573/4361/573
s 1
f 365/4311/365 366/4312/366 517/4363/517 574/4362/574
f 518/4364/518 513/4357/513 520/4366/520 801/4365/801
f 514/4358/514 800/4359/800 802/4368/802 521/4367/521
s 4
f 801/4365/801 807/4391/807 800/4359/800 518/4364/518
f 809/4397/809 802/4368/802 800/4359/800 807/4391/807
s 1
f 516/4360/516 573/4361/573 572/4370/572 523/4369/523
f 574/4362/574 517/4363/517 524/4372/524 575/4371/575
f 801/4365/801 520/4366/520 526/4374/526 803/4373/803
f 521/4367/521 802/4368/802 804/4376/804 527/4375/527
s 4
f 802/4368/802 809/4397/809 810/4398/810 804/4376/804
s 1
f 523/4369/523 572/4370/572 530/4378/530 529/4377/529
s 2
f 572/4370/572 571/4392/571 544/4394/544 530/4378/530
s 1
f 575/4371/575 524/4372/524 532/4380/532 531/4379/531
f 803/4373/803 526/4374/526 534/4382/534 805/4381/805
f 527/4375/527 804/4376/804 806/4384/806 535/4383/535
s 4
f 805/4381/805 810/4398/810 808/4393/808 803/4373/803
f 804/4376/804 810/4398/810 805/4381/805 806/4384/806
s 1
f 529/4377/529 530/4378/530 538/4386/538 537/4385/537
f 531/4379/531 532/4380/532 540/4388/540 539/4387/539
s 2
f 589/4348/589 500/4340/500 541/4389/541 588/4390/588
s 4
f 801/4365/801 803/4373/803 808/4393/808 807/4391/807
f 807/4391/807 808/4393/808 810/4398/810 809/4397/809
s 2
f 575/4371/575 531/4379/531 577/4400/577 576/4399/576
f 578/4402/578 579/4403/579 582/4404/582 583/4401/583
f 581/4406/581 586/4407/586 587/4408/587 580/4405/580
s 1
f 538/4481/538 530/4469/530 551/4417/551 566/4416/566
s 4
f 530/4469/530 544/4470/544 567/4418/567 551/4417/551
s 1
f 559/4430/559 565/4437/565 544/4470/544 571/4471/571
s 4
f 577/4478/577 531/4479/531 568/4420/568 552/4419/552
s 1
f 531/4479/531 539/4480/539 569/4421/569 568/4420/568
s 4
f 539/4480/539 538/4481/538 566/4416/566 569/4421/569
f 571/4471/571 572/4472/572 560/4431/560 559/4430/559
s 1
f 572/4472/572 573/4473/573 561/4432/561 560/4431/560
s 4
f 573/4473/573 574/4474/574 562/4433/562 561/4432/561
s 1
f 562/4433/562 574/4474/574 575/4475/575 563/4434/563
s 4
f 575/4475/575 576/4476/576 564/4435/564 563/4434/563
s 1
f 570/4438/570 576/4477/576 577/4478/577 552/4419/552
s 8
f 547/4516/547 564/4454/564 570/4459/570 813/4451/813
s 1
f 566/4439/566 551/4440/551 578/4483/578 509/4482/509
s 8
f 551/4440/551 567/4441/567 579/4484/579 578/4483/578
s 1
f 555/4460/555 582/4488/582 567/4441/567 565/4467/565
s 4
f 555/4460/555 554/4461/554 583/4489/583 582/4488/582
s 1
f 583/4489/583 554/4461/554 553/4462/553 584/4490/584
s 4
f 553/4462/553 558/4463/558 585/4491/585 584/4490/584
s 1
f 558/4463/558 557/4464/557 586/4492/586 585/4491/585
s 4
f 557/4464/557 556/4465/556 587/4493/587 586/4492/586
s 1
f 552/4442/552 580/4485/580 556/4466/556 570/4468/570
s 8
f 552/4442/552 568/4443/568 581/4486/581 580/4485/580
s 1
f 568/4443/568 569/4444/569 510/4487/510 581/4486/581
s 8
f 569/4444/569 566/4439/566 509/4482/509 510/4487/510
s 1
f 553/4422/553 554/4423/554 500/4503/500 489/4495/489
s 4
f 554/4423/554 555/4424/555 541/4504/541 500/4503/500
s 8
f 548/4409/548 588/4496/588 555/4424/555 565/4428/565
s 4
f 548/4409/548 549/4410/549 589/4497/589 588/4496/588
s 1
f 549/4410/549 811/4411/811 590/4498/590 589/4497/589
s 2
f 811/4411/811 550/4412/550 591/4499/591 590/4498/590
s 1
f 550/4412/550 812/4413/812 592/4500/592 591/4499/591
s 4
f 812/4413/812 813/4414/813 593/4501/593 592/4500/592
s 8
f 556/4425/556 545/4505/545 813/4415/813 570/4429/570
s 4
f 556/4425/556 557/4426/557 497/4506/497 545/4505/545
s 1
f 497/4506/497 557/4426/557 558/4427/558 492/4507/492
s 4
f 558/4427/558 553/4422/553 489/4495/489 492/4507/492
s 1
f 337/4536/337 610/4571/610 611/4572/611 338/4537/338
s 2
f 611/4572/611 616/4579/616 339/4538/339 338/4537/338
f 622/4587/622 626/4595/626 339/4538/339 616/4579/616
f 655/4628/655 647/4620/647 339/4538/339 626/4595/626
f 641/4612/641 634/4603/634 339/4538/339 647/4620/647
f 595/4530/595 596/4531/596 339/4538/339 634/4603/634
s 1
f 596/4531/596 597/4532/597 340/4539/340 339/4538/339
f 598/4543/598 599/4533/599 342/4540/342 341/4544/341
s 2
f 635/4604/635 642/4613/642 599/4533/599 600/4534/600
f 648/4621/648 656/4629/656 599/4533/599 642/4613/642
f 627/4596/627 623/4588/623 599/4533/599 656/4629/656
f 617/4580/617 612/4573/612 599/4533/599 623/4588/623
f 343/4541/343 342/4540/342 599/4533/599 612/4573/612
s 1
f 343/4541/343 612/4573/612 613/4574/613 344/4542/344
s 2
f 344/4542/344 613/4574/613 610/4571/610 337/4536/337
s 4
f 600/4527/600 599/4526/599 594/4521/594 601/4528/601
f 596/4523/596 595/4522/595 594/4521/594 599/4526/599
f 598/4525/598 597/4524/597 596/4523/596 599/4526/599
s 1
f 602/4553/602 603/4554/603 354/4562/354 353/4561/353
s 2
f 637/4606/637 644/4615/644 603/4554/603 604/4555/604
f 650/4623/650 658/4631/658 603/4554/603 644/4615/644
f 629/4598/629 624/4590/624 603/4554/603 658/4631/658
f 619/4582/619 614/4575/614 603/4554/603 624/4590/624
f 355/4563/355 354/4562/354 603/4554/603 614/4575/614
s 1
f 355/4563/355 614/4575/614 704/4576/704 356/4564/356
s 2
f 356/4564/356 704/4576/704 705/4577/705 357/4565/357
s 1
f 357/4565/357 705/4577/705 615/4578/615 358/4566/358
s 2
f 615/4578/615 620/4585/620 359/4567/359 358/4566/358
f 625/4593/625 632/4601/632 359/4567/359 620/4585/620
f 661/4634/661 653/4626/653 359/4567/359 632/4601/632
f 645/4618/645 638/4609/638 359/4567/359 653/4626/653
f 607/4558/607 608/4559/608 359/4567/359 638/4609/638
s 1
f 608/4569/608 609/4560/609 360/4568/360 359/4570/359
f 621/4586/621 616/4579/616 611/4572/611 610/4571/610
f 617/4580/617 618/4581/618 613/4574/613 612/4573/612
f 619/4582/619 703/4583/703 704/4576/704 614/4575/614
f 706/4584/706 620/4585/620 615/4578/615 705/4577/705
f 709/4594/709 622/4587/622 616/4579/616 621/4586/621
f 623/4588/623 712/4589/712 618/4581/618 617/4580/617
s 2
f 712/4589/712 713/4642/713 666/4641/666 618/4581/618
s 1
f 624/4590/624 698/4591/698 703/4583/703 619/4582/619
f 701/4592/701 625/4593/625 620/4585/620 706/4584/706
f 633/4602/633 626/4595/626 622/4587/622 709/4594/709
f 627/4596/627 628/4597/628 712/4589/712 623/4588/623
f 629/4598/629 630/4599/630 698/4591/698 624/4590/624
f 631/4600/631 632/4601/632 625/4593/625 701/4592/701
f 819/4627/819 655/4628/655 626/4595/626 633/4602/633
f 656/4629/656 820/4630/820 628/4597/628 627/4596/627
s 2
f 820/4630/820 819/4627/819 633/4602/633 628/4597/628
s 1
f 658/4631/658 659/4632/659 630/4599/630 629/4598/629
s 2
f 659/4632/659 660/4633/660 631/4600/631 630/4599/630
s 1
f 660/4633/660 661/4634/661 632/4601/632 631/4600/631
f 594/4529/594 595/4530/595 634/4603/634 639/4610/639
f 600/4534/600 601/4535/601 814/4605/814 635/4604/635
s 2
f 601/4535/601 594/4529/594 639/4610/639 814/4605/814
s 1
f 604/4555/604 605/4556/605 693/4607/693 637/4606/637
s 2
f 605/4556/605 606/4557/606 694/4608/694 693/4607/693
s 1
f 606/4557/606 607/4558/607 638/4609/638 694/4608/694
f 639/4610/639 634/4603/634 641/4612/641 815/4611/815
f 635/4604/635 814/4605/814 816/4614/816 642/4613/642
s 4
f 815/4611/815 821/4637/821 814/4605/814 639/4610/639
f 823/4643/823 816/4614/816 814/4605/814 821/4637/821
s 1
f 637/4606/637 693/4607/693 692/4616/692 644/4615/644
f 694/4608/694 638/4609/638 645/4618/645 695/4617/695
f 815/4611/815 641/4612/641 647/4620/647 817/4619/817
f 642/4613/642 816/4614/816 818/4622/818 648/4621/648
s 4
f 816/4614/816 823/4643/823 824/4644/824 818/4622/818
s 1
f 644/4615/644 692/4616/692 651/4624/651 650/4623/650
s 2
f 692/4616/692 691/4638/691 665/4640/665 651/4624/651
s 1
f 695/4617/695 645/4618/645 653/4626/653 652/4625/652
f 817/4619/817 647/4620/647 655/4628/655 819/4627/819
f 648/4621/648 818/4622/818 820/4630/820 656/4629/656
s 4
f 819/4627/819 824/4644/824 822/4639/822 817/4619/817
f 818/4622/818 824/4644/824 819/4627/819 820/4630/820
s 1
f 650/4623/650 651/4624/651 659/4632/659 658/4631/658
f 652/4625/652 653/4626/653 661/4634/661 660/4633/660
s 2
f 709/4594/709 621/4586/621 662/4635/662 708/4636/708
s 4
f 815/4611/815 817/4619/817 822/4639/822 821/4637/821
f 821/4637/821 822/4639/822 824/4644/824 823/4643/823
s 2
f 695/4617/695 652/4625/652 697/4646/697 696/4645/696
f 698/4648/698 699/4649/699 702/4650/702 703/4647/703
f 701/4652/701 706/4653/706 707/4654/707 700/4651/700
s 1
f 659/4727/659 651/4715/651 673/4663/673 687/4662/687
s 4
f 651/4715/651 665/4716/665 688/4664/688 673/4663/673
s 1
f 681/4676/681 829/4683/829 665/4716/665 691/4717/691
s 4
f 697/4724/697 652/4725/652 689/4666/689 674/4665/674
s 1
f 652/4725/652 660/4726/660 690/4667/690 689/4666/689
s 4
f 660/4726/660 659/4727/659 687/4662/687 690/4667/690
f 691/4717/691 692/4718/692 682/4677/682 681/4676/681
s 1
f 692/4718/692 693/4719/693 683/4678/683 682/4677/682
s 4
f 693/4719/693 694/4720/694 684/4679/684 683/4678/683
s 1
f 684/4679/684 694/4720/694 695/4721/695 685/4680/685
s 4
f 695/4721/695 696/4722/696 686/4681/686 685/4680/685
s 1
f 827/4684/827 696/4723/696 697/4724/697 674/4665/674
s 8
f 668/4762/668 686/4700/686 827/4705/827 826/4697/826
s 1
f 687/4685/687 673/4686/673 698/4729/698 630/4728/630
s 8
f 673/4686/673 688/4687/688 699/4730/699 698/4729/698
s 1
f 677/4706/677 702/4734/702 688/4687/688 829/4713/829
s 4
f 677/4706/677 676/4707/676 703/4735/703 702/4734/702
s 1
f 703/4735/703 676/4707/676 675/4708/675 704/4736/704
s 4
f 675/4708/675 680/4709/680 705/4737/705 704/4736/704
s 1
f 680/4709/680 679/4710/679 706/4738/706 705/4737/705
s 4
f 679/4710/679 678/4711/678 707/4739/707 706/4738/706
s 1
f 674/4688/674 700/4731/700 678/4712/678 827/4714/827
s 8
f 674/4688/674 689/4689/689 701/4732/701 700/4731/700
s 1
f 689/4689/689 690/4690/690 631/4733/631 701/4732/701
s 8
f 690/4690/690 687/4685/687 630/4728/630 631/4733/631
s 1
f 675/4668/675 676/4669/676 621/4749/621 610/4741/610
s 4
f 676/4669/676 677/4670/677 662/4750/662 621/4749/621
s 8
f 669/4655/669 708/4742/708 677/4670/677 829/4674/829
s 4
f 669/4655/669 825/4656/825 709/4743/709 708/4742/708
s 1
f 825/4656/825 670/4657/670 710/4744/710 709/4743/709
s 2
f 670/4657/670 671/4658/671 711/4745/711 710/4744/710
s 1
f 671/4658/671 672/4659/672 712/4746/712 711/4745/711
s 4
f 672/4659/672 826/4660/826 713/4747/713 712/4746/712
s 8
f 678/4671/678 666/4751/666 826/4661/826 827/4675/827
s 4
f 678/4671/678 679/4672/679 618/4752/618 666/4751/666
s 1
f 618/4752/618 679/4672/679 680/4673/680 613/4753/613
s 4
f 680/4673/680 675/4668/675 610/4741/610 613/4753/613
f 606/4549/606 605/4548/605 608/4551/608 607/4550/607
f 603/4546/603 608/4551/608 605/4548/605 604/4547/604
f 602/4545/602 609/4552/609 608/4551/608 603/4546/603
f 484/4302/484 487/4305/487 482/4300/482 483/4301/483
f 487/4305/487 484/4302/484 485/4303/485 486/4304/486
f 487/4305/487 488/4306/488 481/4299/481 482/4300/482
s 0
f 598/4780/598 348/4769/348 340/4767/340 597/4779/597
f 476/4775/476 341/4768/341 349/4770/349 477/4776/477
f 476/4775/476 348/4769/348 598/4780/598 341/4768/341
f 488/4778/488 353/4771/353 361/4773/361 481/4777/481
f 602/4781/602 368/4774/368 360/4772/360 609/4782/609
f 602/4781/602 353/4771/353 488/4778/488 368/4774/368
s 1
f 424/4224/424 828/4191/828 447/4172/447
f 799/4192/799 445/4190/445 455/4231/455
s 2
f 714/4264/714 715/4265/715 797/4200/797
f 797/4200/797 428/4199/428 423/4264/423
s 1
f 716/4265/716 717/4266/717 429/4201/429
f 429/4201/429 797/4200/797 405/4265/405
s 8
f 718/4266/718 719/4267/719 798/4202/798
f 798/4202/798 429/4201/429 413/4266/413
s 1
f 720/4267/720 721/4268/721 430/4203/430
f 430/4203/430 798/4202/798 416/4267/416
s 2
f 722/4268/722 723/4269/723 431/4204/431
f 431/4204/431 430/4203/430 408/4268/408
s 8
f 724/4270/724 725/4271/725 445/4208/445
s 1
f 442/4211/442 726/4274/726 727/4262/727
f 399/4262/399 441/4206/441 442/4211/442
s 2
f 728/4262/728 729/4263/729 440/4207/440
f 440/4207/440 441/4206/441 399/4262/399
s 8
f 423/4264/423 428/4199/428 828/4212/828
f 730/4263/730 731/4264/731 828/4212/828
f 440/4207/440 422/4263/422 828/4212/828
s 2
f 732/4271/732 733/4272/733 444/4209/444
f 444/4209/444 445/4208/445 426/4271/426
s 1
f 734/4272/734 735/4273/735 443/4210/443
f 443/4210/443 444/4209/444 402/4272/402
s 8
f 736/4273/736 737/4274/737 442/4211/442
f 442/4211/442 443/4210/443 395/4273/395
s 1
f 447/4195/447 461/4242/461 458/4238/458
f 437/4220/437 459/4239/459 466/4248/466
s 8
f 436/4178/436 467/4250/467 421/4258/421
f 431/4169/431 425/4259/425 472/4256/472
s 1
f 544/4470/544 565/4437/565 567/4418/567
f 570/4438/570 564/4436/564 576/4477/576
s 2
f 738/4510/738 739/4511/739 549/4446/549
f 549/4446/549 548/4445/548 543/4510/543
s 1
f 740/4511/740 741/4512/741 811/4447/811
f 811/4447/811 549/4446/549 525/4511/525
s 8
f 742/4512/742 743/4513/743 550/4448/550
f 550/4448/550 811/4447/811 533/4512/533
s 1
f 744/4513/744 745/4514/745 812/4449/812
f 812/4449/812 550/4448/550 536/4513/536
s 2
f 746/4514/746 747/4515/747 813/4450/813
f 813/4450/813 812/4449/812 528/4514/528
s 8
f 748/4516/748 749/4517/749 564/4454/564
s 1
f 561/4457/561 750/4520/750 751/4508/751
f 519/4508/519 560/4452/560 561/4457/561
s 2
f 752/4508/752 753/4509/753 559/4453/559
f 559/4453/559 560/4452/560 519/4508/519
s 8
f 543/4510/543 548/4445/548 565/4458/565
f 754/4509/754 755/4510/755 565/4458/565
f 559/4453/559 542/4509/542 565/4458/565
s 2
f 756/4517/756 757/4518/757 563/4455/563
f 563/4455/563 564/4454/564 546/4517/546
s 1
f 758/4518/758 759/4519/759 562/4456/562
f 562/4456/562 563/4455/563 522/4518/522
s 8
f 760/4519/760 761/4520/761 561/4457/561
f 561/4457/561 562/4456/562 515/4519/515
s 1
f 567/4441/567 582/4488/582 579/4484/579
f 556/4466/556 580/4485/580 587/4494/587
s 8
f 555/4424/555 588/4496/588 541/4504/541
f 813/4415/813 545/4505/545 593/4502/593
s 1
f 665/4716/665 829/4683/829 688/4664/688
f 827/4684/827 686/4682/686 696/4723/696
s 2
f 762/4756/762 763/4757/763 825/4692/825
f 825/4692/825 669/4691/669 664/4756/664
s 1
f 764/4757/764 765/4758/765 670/4693/670
f 670/4693/670 825/4692/825 646/4757/646
s 8
f 766/4758/766 767/4759/767 671/4694/671
f 671/4694/671 670/4693/670 654/4758/654
s 1
f 768/4759/768 769/4760/769 672/4695/672
f 672/4695/672 671/4694/671 657/4759/657
s 2
f 770/4760/770 771/4761/771 826/4696/826
f 826/4696/826 672/4695/672 649/4760/649
s 8
f 772/4762/772 773/4763/773 686/4700/686
s 1
f 683/4703/683 774/4766/774 775/4754/775
f 640/4754/640 682/4698/682 683/4703/683
s 2
f 776/4754/776 777/4755/777 681/4699/681
f 681/4699/681 682/4698/682 640/4754/640
s 8
f 664/4756/664 669/4691/669 829/4704/829
f 778/4755/778 779/4756/779 829/4704/829
f 681/4699/681 663/4755/663 829/4704/829
s 2
f 780/4763/780 781/4764/781 685/4701/685
f 685/4701/685 686/4700/686 667/4763/667
s 1
f 782/4764/782 783/4765/783 684/4702/684
f 684/4702/684 685/4701/685 643/4764/643
s 8
f 784/4765/784 785/4766/785 683/4703/683
f 683/4703/683 684/4702/684 636/4765/636
s 1
f 688/4687/688 702/4734/702 699/4730/699
f 678/4712/678 700/4731/700 707/4740/707
s 8
f 677/4670/677 708/4742/708 662/4750/662
f 826/4661/826 666/4751/666 713/4748/713
# 738 faces

g
