# Max2Obj Version 4.0 Mar 10th, 2001
#
mtllib ./tris.mtl
g
# object beam to come ...
#
v  88.000000 79.999977 128.000000
v  88.000000 83.999985 128.000000
v  94.000000 83.999985 128.000000
v  94.000000 91.999985 128.000000
v  104.000000 95.999985 128.000000
v  104.000000 91.999985 128.000000
v  98.000000 91.999985 128.000000
v  98.000000 83.999985 128.000000
v  104.000000 83.999985 128.000000
v  104.000000 79.999977 128.000000
v  88.000000 80.000000 -128.000000
v  94.000000 84.000000 -128.000000
v  94.000000 92.000000 -127.999992
v  104.000000 96.000000 -127.999992
v  104.000000 92.000000 -127.999992
v  98.000000 92.000000 -127.999992
v  98.000000 84.000000 -128.000000
v  104.000000 84.000000 -128.000000
v  104.000000 80.000000 -128.000000
v  94.000000 -92.000031 127.999992
v  94.000000 -84.000031 128.000000
v  88.000000 -84.000031 128.000000
v  88.000000 -80.000031 128.000000
v  104.000000 -80.000031 128.000000
v  104.000000 -84.000031 128.000000
v  98.000000 -84.000031 128.000000
v  98.000000 -92.000031 127.999992
v  104.000000 -92.000031 127.999992
v  104.000000 -96.000031 127.999992
v  88.000000 79.989563 -91.300537
v  88.000000 84.000000 -91.308212
v  104.000000 84.000000 -91.308212
v  104.000000 79.989563 -91.300537
v  88.000000 -84.000000 -91.308212
v  104.000000 -84.000000 -91.308212
v  88.000000 83.999992 -85.561401
v  104.000000 83.999992 -85.561401
v  104.000000 79.989555 -85.598694
v  88.000000 -84.000008 -85.561401
v  104.000000 -84.000008 -85.561401
v  88.000000 79.989555 -85.598694
v  88.000000 83.999977 91.310776
v  104.000000 83.999977 91.310776
v  88.000000 -84.000023 91.310776
v  104.000000 -84.000023 91.310776
v  88.000000 79.989555 91.301811
v  88.000000 83.999985 85.623657
v  104.000000 83.999985 85.623657
v  104.000000 79.989548 85.629822
v  88.000000 -84.000015 85.623642
v  104.000000 -84.000015 85.623642
v  94.001129 79.989555 -85.598694
v  98.022087 79.989555 -85.598694
v  88.000000 0.057586 -11.313728
v  88.000000 0.057578 -5.656876
v  94.000000 0.057578 -5.656876
v  98.000000 0.057578 -5.656876
v  104.000000 0.057578 -5.656876
v  104.000000 0.057586 -11.313728
v  94.000000 0.057571 5.685621
v  88.000000 0.057577 5.656834
v  88.000000 0.057576 11.348230
v  104.000000 0.057571 11.342466
v  104.000000 0.057571 5.685621
v  98.000000 0.057571 5.685621
v  94.001129 -79.982864 85.623093
v  88.000000 -79.982864 85.623093
v  88.000000 -79.982872 91.295090
v  104.000000 -79.982872 91.295090
v  104.000000 -79.982864 85.623093
v  98.022087 -79.982864 85.623093
v  94.001129 -79.982857 -85.623047
v  88.000000 -79.982857 -85.607513
v  88.000000 -79.982849 -91.293823
v  104.000000 -79.982849 -91.293823
v  104.000000 -79.982857 -85.607513
v  98.022087 -79.982857 -85.623047
v  -104.000000 79.999977 128.000000
v  -104.000000 83.999985 128.000000
v  -98.000000 83.999985 128.000000
v  -98.000000 91.999985 128.000000
v  -104.000000 91.999985 128.000000
v  -104.000000 95.999985 128.000000
v  -94.000000 91.999985 128.000000
v  -94.000000 83.999985 128.000000
v  -88.000000 83.999985 128.000000
v  -88.000000 79.999977 128.000000
v  -104.000000 84.000000 -128.000000
v  -98.000000 84.000000 -128.000000
v  -98.000000 92.000000 -127.999992
v  -104.000000 96.000000 -127.999992
v  -88.000000 84.000000 -128.000000
v  -88.000000 80.000000 -128.000000
v  -104.000000 -96.000031 127.999992
v  -104.000000 -92.000031 127.999992
v  -98.000000 -92.000031 127.999992
v  -98.000000 -84.000031 128.000000
v  -104.000000 -84.000031 128.000000
v  -104.000000 -80.000031 128.000000
v  -88.000000 -80.000031 128.000000
v  -88.000000 -84.000031 128.000000
v  -94.000000 -84.000031 128.000000
v  -94.000000 -92.000031 127.999992
v  -104.000000 -96.000000 -128.000000
v  -104.000000 -80.000000 -128.000000
v  -88.000000 -80.000000 -128.000000
v  -104.000000 79.989563 -91.300537
v  -104.000000 84.000000 -91.308212
v  -88.000000 84.000000 -91.308212
v  -88.000000 79.989563 -91.300537
v  -104.000000 -84.000000 -91.308212
v  -88.000000 -84.000000 -91.308212
v  -104.000000 83.999992 -85.561401
v  -88.000000 83.999992 -85.561401
v  -88.000000 79.989555 -85.598694
v  -104.000000 -84.000008 -85.561401
v  -88.000000 -84.000008 -85.561401
v  -104.000000 79.989555 -85.598694
v  -104.000000 83.999977 91.310776
v  -88.000000 83.999977 91.310776
v  -104.000000 -84.000023 91.310776
v  -88.000000 -84.000023 91.310776
v  -104.000000 79.989555 91.301811
v  -104.000000 83.999985 85.623657
v  -88.000000 83.999985 85.623657
v  -104.000000 -84.000015 85.623642
v  -88.000000 -84.000015 85.623642
v  -97.998871 79.989555 -85.598694
v  -93.977921 79.989555 -85.598694
v  -104.000000 0.057586 -11.313728
v  -104.000000 0.057578 -5.656876
v  -98.000000 0.057578 -5.656876
v  -94.000000 0.057578 -5.656876
v  -88.000000 0.057578 -5.656876
v  -88.000000 0.057586 -11.313728
v  -98.000000 0.057571 5.685621
v  -104.000000 0.057577 5.656834
v  -104.000000 0.057576 11.348230
v  -88.000000 0.057571 11.342466
v  -88.000000 0.057571 5.685621
v  -94.000000 0.057571 5.685621
v  -97.998871 -79.982864 85.623093
v  -104.000000 -79.982864 85.623093
v  -104.000000 -79.982872 91.295090
v  -88.000000 -79.982872 91.295090
v  -88.000000 -79.982864 85.623093
v  -93.977921 -79.982864 85.623093
v  -97.998871 -79.982857 -85.623047
v  -104.000000 -79.982857 -85.607513
v  -104.000000 -79.982849 -91.293823
v  -88.000000 -79.982849 -91.293823
v  -88.000000 -79.982857 -85.607513
v  -93.977921 -79.982857 -85.623047
v  88.000000 84.000000 -128.000000
v  94.000000 -92.000000 -128.000000
v  94.000000 -84.000000 -128.000000
v  88.000000 -84.000000 -128.000000
v  88.000000 -80.000000 -128.000000
v  104.000000 -80.000000 -128.000000
v  104.000000 -84.000000 -128.000000
v  98.000000 -84.000000 -128.000000
v  98.000000 -92.000000 -128.000000
v  104.000000 -92.000000 -128.000000
v  104.000000 -96.000000 -128.000000
v  -104.000000 80.000000 -128.000000
v  -104.000000 92.000000 -127.999992
v  -94.000000 92.000000 -127.999992
v  -94.000000 84.000000 -128.000000
v  -104.000000 -92.000000 -128.000000
v  -98.000000 -92.000000 -128.000000
v  -98.000000 -84.000000 -128.000000
v  -104.000000 -84.000000 -128.000000
v  -88.000000 -84.000000 -128.000000
v  -94.000000 -84.000000 -128.000000
v  -94.000000 -92.000000 -128.000000
v  98.022087 79.989548 85.629822
v  88.000000 79.989548 85.629822
v  94.001129 79.989548 85.629822
v  104.000000 79.989548 91.301804
v  88.000000 79.989555 91.301811
v  -104.000000 79.989555 91.301811
v  -104.000000 79.989548 85.629822
v  -97.998871 79.989548 85.629822
v  -93.977921 79.989548 85.629822
v  -88.000000 79.989548 85.629822
v  -88.000000 79.989548 91.301804
v  104.000000 79.989548 91.301804
v  88.000000 79.989548 85.629822
v  104.000000 79.989548 85.629822
v  94.001129 79.989548 85.629822
v  98.022087 79.989548 85.629822
v  -88.000000 79.989548 91.301804
v  -104.000000 79.989548 85.629822
v  -88.000000 79.989548 85.629822
v  -97.998871 79.989548 85.629822
v  -93.977913 79.989548 85.629822
v  -96.000000 95.999985 128.000000
v  -92.000000 91.999985 128.000000
v  -92.000000 91.999992 -127.999992
v  -96.000000 95.999992 -127.999992
v  96.000008 -96.000015 127.999992
v  -96.000008 -96.000031 127.999992
v  -96.000008 -96.000000 -128.000000
v  79.999992 -88.000015 127.999992
v  83.999992 -88.000015 127.999992
v  83.999992 -94.000015 127.999992
v  91.999992 -94.000031 127.999992
v  95.999992 -104.000031 127.999992
v  91.999992 -104.000031 127.999992
v  91.999992 -98.000031 127.999992
v  83.999992 -98.000015 127.999992
v  83.999992 -104.000015 127.999992
v  79.999992 -104.000015 127.999992
v  80.000000 -88.000000 -128.000000
v  84.000000 -88.000000 -128.000000
v  84.000000 -94.000000 -128.000000
v  92.000000 -94.000008 -128.000000
v  96.000000 -104.000008 -128.000000
v  92.000000 -104.000008 -128.000000
v  92.000000 -98.000008 -128.000000
v  84.000000 -98.000000 -128.000000
v  84.000000 -104.000000 -128.000000
v  80.000000 -104.000000 -128.000000
v  -92.000000 -94.000008 127.999992
v  -84.000000 -94.000015 127.999992
v  -84.000000 -88.000015 127.999992
v  -80.000000 -88.000015 127.999992
v  -80.000000 -104.000015 127.999992
v  -84.000000 -104.000015 127.999992
v  -84.000000 -98.000015 127.999992
v  -92.000000 -93.999992 -128.000000
v  -84.000000 -94.000000 -128.000000
v  -84.000000 -88.000000 -128.000000
v  -80.000000 -88.000000 -128.000000
v  -80.000000 -104.000000 -128.000000
v  -84.000000 -104.000000 -128.000000
v  -84.000000 -98.000000 -128.000000
v  -92.000000 -97.999992 -128.000000
v  -92.000000 -103.999992 -128.000000
v  -96.000000 -103.999992 -128.000000
v  79.989555 -88.000000 -91.300545
v  83.999992 -88.000000 -91.308220
v  -84.000008 -88.000000 -91.308220
v  83.999985 -88.000015 91.310768
v  -84.000015 -88.000015 91.310768
v  79.989563 -88.000015 91.301804
v  -79.982864 -88.000015 91.295082
v  -79.982857 -88.000000 -91.293831
v  84.000008 97.999985 128.000000
v  92.000008 97.999969 128.000000
v  92.000008 103.999969 128.000000
v  96.000008 103.999969 128.000000
v  92.000008 93.999977 128.000000
v  84.000008 93.999985 128.000000
v  80.000015 104.000000 -127.999992
v  84.000015 104.000000 -127.999992
v  84.000015 98.000000 -127.999992
v  92.000015 97.999985 -127.999992
v  92.000015 103.999985 -127.999992
v  96.000015 103.999985 -127.999992
v  92.000015 93.999985 -127.999992
v  84.000015 94.000000 -127.999992
v  84.000015 88.000000 -127.999992
v  80.000015 88.000000 -127.999992
v  -96.000000 103.999985 128.000000
v  -92.000000 103.999985 128.000000
v  -92.000000 97.999985 128.000000
v  -95.999985 104.000000 -127.999992
v  -83.999985 98.000000 -127.999992
v  -83.999985 88.000000 -127.999992
v  -83.999985 94.000000 -127.999992
v  -91.999985 94.000000 -127.999992
v  84.000008 88.000000 -91.308205
v  79.989571 88.000000 -91.300529
v  -83.999992 88.000000 -91.308205
v  84.000000 87.999985 91.310783
v  79.989578 87.999985 91.301811
v  -84.000000 87.999985 91.310783
v  -79.982849 87.999985 91.295097
v  -79.982841 88.000000 -91.293816
v  -91.999985 104.000000 -127.999992
v  -91.999985 98.000000 -127.999992
v  -83.999985 104.000000 -127.999992
v  -79.999985 104.000000 -127.999992
v  -79.999985 88.000000 -127.999992
v  -92.000000 -98.000008 127.999992
v  -92.000000 -104.000008 127.999992
v  -96.000000 -104.000008 127.999992
v  80.000008 103.999985 128.000000
v  84.000008 103.999985 128.000000
v  84.000008 87.999985 128.000000
v  80.000008 87.999985 128.000000
v  -84.000000 97.999985 128.000000
v  -84.000000 103.999985 128.000000
v  -80.000000 103.999985 128.000000
v  -80.000000 87.999985 128.000000
v  -84.000000 87.999985 128.000000
v  -84.000000 93.999985 128.000000
v  -92.000000 93.999992 128.000000
v  79.989563 -88.000015 91.301804
v  79.989571 87.999985 91.301811
v  92.000000 -91.999992 -128.000000
v  96.000000 -95.999992 -128.000000
v  92.000008 -92.000023 127.999992
v  -92.000000 -92.000031 127.999992
v  -92.000000 -92.000000 -128.000000
v  96.000015 95.999985 128.000000
v  96.000015 96.000000 -127.999992
v  92.000015 92.000000 -127.999992
v  92.000015 91.999985 128.000000
v  94.000000 -84.000008 84.000008
v  98.000000 -92.000015 91.999992
v  -98.000000 -92.000015 91.999992
v  -94.000000 -92.000015 91.999992
v  83.999985 -88.000015 88.000008
v  83.999992 -98.000015 98.000008
v  83.999985 -104.000015 104.000008
v  -84.000015 -98.000015 98.000008
v  -92.000015 -104.000008 104.000000
v  -96.000015 -104.000008 104.000000
v  79.989548 -88.000015 88.000015
v  76.689545 -88.000015 88.000015
v  94.000000 92.000000 -91.999992
v  -104.000000 96.000000 -96.000008
v  -94.000000 92.000000 -91.999992
v  -88.000000 84.000000 -84.000000
v  -88.000000 79.989555 -79.989563
v  -93.977921 79.989555 -79.989563
v  -96.000008 96.000000 -96.000000
v  -92.000000 92.000000 -91.999992
v  84.000015 98.000000 -98.000008
v  92.000015 104.000000 -103.999992
v  96.000015 104.000000 -103.999992
v  -92.000000 98.000015 -98.000008
v  -84.000000 104.000000 -103.999992
v  -84.000000 88.000000 -88.000000
v  -83.999992 94.000000 -93.999992
v  -76.685349 88.000000 -88.000000
v  96.000015 96.000008 -96.000000
v  88.000000 84.000000 83.999985
v  94.000000 84.000000 83.999985
v  94.000000 91.999992 91.999992
v  104.000000 91.999992 91.999992
v  98.000000 91.999992 91.999992
v  98.000000 84.000000 83.999985
v  104.000000 83.999992 83.999985
v  88.000000 79.986198 79.986191
v  104.000000 79.986198 79.986191
v  98.022087 79.987312 79.987297
v  98.011017 39.933662 39.933643
v  94.001129 79.987312 79.987297
v  94.000015 1.448807 1.448807
v  -104.000000 84.000000 83.999985
v  -98.000000 84.000000 83.999985
v  -98.000000 91.999992 91.999992
v  -104.000000 91.999992 91.999992
v  -94.000000 91.999992 91.999992
v  -94.000000 84.000000 83.999985
v  -88.000000 83.999992 83.999985
v  -104.000000 79.986198 79.986191
v  -88.000000 79.986198 79.986191
v  -97.998871 79.987312 79.987297
v  -93.977905 79.987312 79.987297
v  -93.988983 39.933662 39.933643
v  -97.999985 1.448807 1.448807
v  92.000000 104.000000 103.999992
v  -76.684021 88.000000 87.999992
v  77.239059 88.550552 88.550552
v  -92.000000 91.999985 91.999992
v  98.000000 -0.039324 -0.011102
v  -104.000000 -96.000015 -95.999992
v  -96.000008 -96.000008 -95.999992
v  84.000000 -88.000008 -87.999992
v  84.000000 -104.000000 -103.999992
v  79.993172 -104.000000 -103.999992
v  79.989563 -91.300552 -91.300537
v  -84.000000 -88.000008 -87.999992
v  -79.982849 -91.293839 -91.293831
v  -79.988785 -104.000000 -103.999992
v  -84.000000 -104.000000 -103.999992
v  79.989563 -88.000008 -87.999992
v  -79.982849 -88.000000 -87.999992
v  -76.686539 -88.000008 -88.000000
v  76.691284 -88.000000 -87.999992
v  96.000008 -96.000000 -95.999992
v  94.000000 -92.000008 -91.999992
v  98.000000 -92.000008 -91.999992
v  104.000000 -92.000008 -91.999992
v  104.000000 -96.000015 -95.999992
v  -104.000000 -92.000008 -91.999992
v  -98.000000 -92.000008 -91.999992
v  -94.000000 -92.000008 -91.999992
v  84.000000 -94.000008 -94.000000
v  92.000008 -94.000000 -93.999992
v  96.000000 -104.000008 -103.999992
v  92.000000 -104.000008 -103.999992
v  92.000000 -98.000000 -97.999992
v  84.000000 -98.000015 -97.999992
v  -84.000000 -94.000008 -94.000000
v  -84.000000 -98.000015 -97.999992
v  -92.000000 -98.000000 -97.999992
v  -92.000000 -104.000008 -103.999992
v  -96.000000 -104.000008 -103.999992
v  92.000000 -92.000000 -91.999992
v  94.000000 127.999992 -84.000000
v  94.000000 127.999992 -92.000000
v  98.000000 127.999992 -92.000000
v  98.000000 127.999992 -84.000000
v  104.000000 127.999992 -84.000000
v  88.000000 -128.000000 -84.000000
v  94.000000 -128.000000 -84.000000
v  94.000000 -128.000000 -92.000000
v  98.000000 -128.000000 -92.000000
v  98.000000 -128.000000 -84.000000
v  104.000000 -128.000000 -80.000000
v  94.000000 127.999985 92.000008
v  94.000000 127.999992 84.000008
v  88.000000 127.999992 84.000008
v  88.000000 127.999992 80.000008
v  104.000000 127.999992 80.000008
v  104.000000 127.999992 84.000008
v  98.000000 127.999992 84.000008
v  104.000000 127.999985 96.000008
v  94.000000 -128.000000 91.999992
v  104.000000 -128.000000 83.999992
v  98.000000 -128.000000 83.999992
v  98.000000 -128.000000 91.999992
v  104.000000 -128.000000 91.999992
v  104.000000 -128.000000 95.999992
v  88.000000 -91.300545 -79.989563
v  88.000000 -91.308220 -84.000000
v  104.000000 -91.308220 -84.000000
v  104.000000 -91.300545 -79.989563
v  88.000000 -91.308220 84.000000
v  104.000000 -91.308220 84.000000
v  88.000000 -85.561409 -84.000000
v  104.000000 -85.561409 -84.000000
v  104.000000 -85.598701 -79.989563
v  88.000000 -85.561409 84.000000
v  104.000000 -85.561409 84.000000
v  88.000000 -85.598701 -79.989563
v  88.000000 91.310768 -83.999992
v  104.000000 91.310768 -83.999992
v  104.000000 91.301796 -79.989571
v  88.000000 91.310768 84.000008
v  104.000000 91.310768 84.000008
v  88.000000 91.301804 -79.989571
v  88.000000 85.623650 -83.999992
v  104.000000 85.623650 -83.999992
v  88.000000 85.623634 84.000008
v  104.000000 85.623634 84.000008
v  94.001129 -85.598701 -79.989563
v  98.022087 -85.598701 -79.989563
v  98.022087 85.629814 -79.989555
v  88.000000 -11.313734 -0.057591
v  88.000000 -5.656881 -0.057583
v  94.000000 -5.656881 -0.057583
v  98.000000 -5.656881 -0.057583
v  104.000000 -5.656881 -0.057583
v  104.000000 -11.313734 -0.057591
v  94.000000 5.685616 -0.057577
v  88.000000 5.656828 -0.057583
v  88.000000 11.348225 -0.057582
v  104.000000 11.342461 -0.057577
v  104.000000 5.685616 -0.057577
v  98.000000 5.685616 -0.057577
v  94.001129 85.623085 79.982857
v  88.000000 85.623085 79.982857
v  88.000000 91.295082 79.982857
v  104.000000 91.295082 79.982857
v  104.000000 85.623085 79.982857
v  98.022087 85.623085 79.982857
v  94.001129 -85.623055 79.982849
v  88.000000 -85.607521 79.982849
v  88.000000 -91.293831 79.982849
v  104.000000 -91.293831 79.982849
v  104.000000 -85.607521 79.982849
v  98.022087 -85.623055 79.982849
v  -104.000000 127.999992 -79.999992
v  -104.000000 127.999992 -92.000000
v  -104.000000 127.999992 -96.000000
v  -94.000000 127.999992 -92.000000
v  -94.000000 127.999992 -84.000000
v  -104.000000 -128.000000 -80.000000
v  -98.000000 -128.000000 -92.000000
v  -94.000000 -128.000000 -92.000000
v  -94.000000 -128.000000 -84.000000
v  -88.000000 -128.000000 -80.000000
v  -104.000000 127.999985 96.000008
v  -104.000000 127.999985 92.000008
v  -98.000000 127.999985 92.000008
v  -98.000000 127.999992 84.000008
v  -88.000000 127.999992 84.000008
v  -94.000000 127.999985 92.000008
v  -98.000000 -128.000000 91.999992
v  -98.000000 -128.000000 83.999992
v  -104.000000 -128.000000 79.999992
v  -88.000000 -128.000000 79.999992
v  -88.000000 -128.000000 83.999992
v  -94.000000 -128.000000 91.999992
v  -104.000000 -91.300545 -79.989563
v  -104.000000 -91.308220 -84.000000
v  -88.000000 -91.308220 -84.000000
v  -88.000000 -91.300545 -79.989563
v  -104.000000 -91.308220 84.000000
v  -88.000000 -91.308220 84.000000
v  -104.000000 -85.561409 -84.000000
v  -88.000000 -85.561409 -84.000000
v  -88.000000 -85.598701 -79.989563
v  -104.000000 -85.561409 84.000000
v  -88.000000 -85.561409 84.000000
v  -104.000000 -85.598701 -79.989563
v  -104.000000 91.310768 -83.999992
v  -88.000000 91.310768 -83.999992
v  -104.000000 91.310768 84.000008
v  -88.000000 91.310768 84.000008
v  -104.000000 91.301804 -79.989571
v  -104.000000 85.623650 -83.999992
v  -88.000000 85.623650 -83.999992
v  -104.000000 85.623634 84.000008
v  -88.000000 85.623634 84.000008
v  -97.998871 -85.598701 -79.989563
v  -93.977921 -85.598701 -79.989563
v  -104.000000 -11.313734 -0.057591
v  -104.000000 -5.656881 -0.057583
v  -98.000000 -5.656881 -0.057583
v  -94.000000 -5.656881 -0.057583
v  -88.000000 -5.656881 -0.057583
v  -88.000000 -11.313734 -0.057591
v  -98.000000 5.685616 -0.057577
v  -104.000000 5.656828 -0.057583
v  -104.000000 11.348225 -0.057582
v  -88.000000 11.342461 -0.057577
v  -88.000000 5.685616 -0.057577
v  -94.000000 5.685616 -0.057577
v  -97.998871 85.623085 79.982857
v  -104.000000 85.623085 79.982857
v  -104.000000 91.295082 79.982857
v  -88.000000 91.295082 79.982857
v  -88.000000 85.623085 79.982857
v  -93.977921 85.623085 79.982857
v  -97.998871 -85.623055 79.982849
v  -104.000000 -85.607521 79.982849
v  -104.000000 -91.293831 79.982849
v  -88.000000 -91.293831 79.982849
v  -88.000000 -85.607521 79.982849
v  -93.977921 -85.623055 79.982849
v  88.000000 -128.000000 -80.000000
v  104.000000 -128.000000 -96.000008
v  104.000000 -128.000000 -92.000000
v  104.000000 -128.000000 -84.000000
v  94.000000 -128.000000 83.999992
v  88.000000 -128.000000 83.999992
v  88.000000 -128.000000 79.999992
v  104.000000 -128.000000 79.999992
v  -104.000000 -128.000000 -84.000000
v  -98.000000 -128.000000 -84.000000
v  -104.000000 -128.000000 -92.000000
v  -104.000000 -128.000000 -96.000008
v  -88.000000 -128.000000 -84.000000
v  -104.000000 -128.000000 95.999992
v  -104.000000 -128.000000 91.999992
v  -104.000000 -128.000000 83.999992
v  -94.000000 -128.000000 83.999992
v  88.000000 127.999992 -79.999992
v  88.000000 127.999992 -84.000000
v  104.000000 127.999992 -96.000000
v  104.000000 127.999992 -92.000000
v  104.000000 127.999992 -79.999992
v  98.000000 127.999985 92.000008
v  104.000000 127.999985 92.000008
v  -104.000000 127.999992 -84.000000
v  -98.000000 127.999992 -84.000000
v  -98.000000 127.999992 -92.000000
v  -88.000000 127.999992 -84.000000
v  -88.000000 127.999992 -79.999992
v  -104.000000 127.999992 84.000008
v  -104.000000 127.999992 80.000008
v  -88.000000 127.999992 80.000008
v  -94.000000 127.999992 84.000008
v  88.000000 91.301804 -79.989571
v  88.000000 85.629814 -79.989555
v  94.001129 85.629814 -79.989555
v  104.000000 85.629814 -79.989555
v  -93.977921 85.629814 -79.989555
v  -104.000000 85.629814 -79.989555
v  -97.998871 85.629814 -79.989555
v  -88.000000 85.629814 -79.989555
v  -88.000000 91.301796 -79.989571
v  -104.000000 91.301804 -79.989571
v  104.000000 91.301796 -79.989563
v  88.000000 85.629814 -79.989555
v  104.000000 85.629814 -79.989555
v  94.001129 85.629814 -79.989555
v  98.022087 85.629814 -79.989555
v  -88.000000 91.301796 -79.989563
v  -104.000000 85.629814 -79.989555
v  -88.000000 85.629814 -79.989555
v  -97.998871 85.629814 -79.989555
v  -93.977913 85.629814 -79.989555
v  -92.000000 127.999992 -91.999992
v  -96.000000 -128.000000 -96.000000
v  -92.000000 -128.000000 -91.999992
v  92.000015 -128.000000 -92.000000
v  -92.000000 -128.000000 91.999992
v  -96.000008 -128.000000 96.000000
v  96.000000 127.999992 -96.000000
v  -96.000008 127.999985 96.000008
v  80.000000 -128.000000 88.000000
v  84.000000 -128.000000 94.000000
v  92.000000 -128.000000 94.000008
v  96.000000 -128.000000 104.000008
v  92.000000 -128.000000 104.000008
v  92.000000 -128.000000 98.000008
v  84.000000 -128.000000 98.000000
v  -84.000000 -128.000000 94.000000
v  -84.000000 -128.000000 88.000000
v  -80.000000 -128.000000 88.000000
v  -84.000000 -128.000000 104.000000
v  -84.000000 -128.000000 98.000000
v  -92.000000 -128.000000 97.999992
v  -92.000000 -128.000000 103.999992
v  -96.000000 -128.000000 103.999992
v  79.989555 -91.300545 88.000000
v  83.999992 -91.308220 88.000000
v  -84.000008 -91.308220 88.000000
v  83.999985 91.310768 88.000000
v  -84.000015 91.310768 88.000000
v  79.989563 91.301804 88.000000
v  -79.982864 91.295082 88.000000
v  -79.982857 -91.293831 88.000000
v  92.000000 127.999992 -97.999992
v  96.000000 127.999992 -103.999992
v  92.000000 127.999992 -93.999992
v  80.000015 -128.000000 -103.999992
v  84.000015 -128.000000 -103.999992
v  84.000015 -128.000000 -97.999992
v  92.000015 -128.000000 -97.999992
v  92.000015 -128.000000 -103.999992
v  96.000015 -128.000000 -103.999992
v  92.000015 -128.000000 -93.999992
v  84.000015 -128.000000 -93.999992
v  84.000015 -128.000000 -87.999992
v  80.000015 -128.000000 -87.999992
v  -84.000000 127.999992 -104.000008
v  -80.000000 127.999992 -104.000008
v  -84.000000 127.999992 -88.000008
v  -95.999985 -128.000000 -104.000008
v  -91.999985 -128.000000 -104.000008
v  -91.999985 -128.000000 -98.000008
v  -83.999985 -128.000000 -97.999992
v  -83.999985 -128.000000 -103.999992
v  -79.999985 -128.000000 -103.999992
v  -79.999985 -128.000000 -87.999992
v  -83.999985 -128.000000 -87.999992
v  -83.999985 -128.000000 -93.999992
v  -91.999985 -128.000000 -94.000008
v  84.000008 -91.308220 -88.000000
v  79.989571 -91.300545 -88.000000
v  -83.999992 -91.308220 -88.000000
v  84.000000 91.310768 -88.000000
v  79.989578 91.301804 -88.000008
v  -84.000000 91.310768 -88.000000
v  -79.982849 91.295082 -88.000000
v  -79.982841 -91.293831 -88.000000
v  84.000000 -128.000000 88.000000
v  84.000000 -128.000000 104.000000
v  80.000000 -128.000000 104.000000
v  -92.000000 -128.000000 93.999992
v  -80.000000 -128.000000 104.000000
v  79.999985 127.999985 88.000000
v  83.999985 127.999985 88.000000
v  83.999985 127.999985 94.000000
v  91.999985 127.999985 94.000008
v  95.999985 127.999985 104.000008
v  91.999985 127.999985 104.000008
v  91.999985 127.999985 98.000008
v  83.999985 127.999985 98.000000
v  83.999985 127.999985 104.000000
v  79.999985 127.999985 104.000000
v  -92.000015 127.999985 93.999992
v  -84.000015 127.999985 94.000000
v  -84.000015 127.999985 88.000000
v  -80.000015 127.999985 88.000000
v  -80.000015 127.999985 104.000000
v  -84.000015 127.999985 104.000000
v  -84.000015 127.999985 98.000000
v  -92.000015 127.999985 97.999992
v  -92.000015 127.999985 103.999992
v  -96.000015 127.999985 103.999992
v  80.000000 127.999992 -104.000008
v  84.000000 127.999992 -104.000008
v  84.000000 127.999992 -98.000008
v  92.000000 127.999992 -103.999992
v  84.000000 127.999992 -94.000008
v  84.000000 127.999992 -88.000008
v  80.000000 127.999992 -88.000008
v  -96.000000 127.999992 -104.000008
v  -92.000000 127.999992 -104.000008
v  -92.000000 127.999992 -98.000008
v  -84.000000 127.999992 -98.000008
v  -80.000000 127.999992 -88.000008
v  -84.000000 127.999992 -94.000008
v  -92.000000 127.999992 -94.000008
v  79.989563 91.301804 88.000000
v  79.989571 91.301796 -88.000000
v  92.000000 -128.000000 91.999992
v  96.000000 -128.000000 95.999992
v  92.000000 127.999985 92.000000
v  96.000000 127.999985 96.000000
v  -96.000000 127.999992 -96.000000
v  96.000015 -128.000000 -96.000008
v  -92.000008 127.999985 92.000008
v  92.000000 127.999992 -92.000000
v  88.000000 83.999992 -84.000000
v  94.000000 84.000000 -84.000000
v  104.000000 96.000000 -96.000008
v  104.000000 92.000000 -91.999992
v  98.000000 92.000000 -91.999992
v  98.000000 84.000000 -84.000000
v  104.000000 84.000000 -84.000000
v  88.000000 79.989555 -79.989563
v  104.000000 79.989555 -79.989563
v  98.000000 0.040981 -0.002593
v  98.022087 79.989555 -79.989563
v  98.011017 39.933475 -39.933464
v  94.001129 79.989555 -79.989563
v  94.000015 1.448974 -1.448974
v  -104.000000 83.999992 -84.000000
v  -98.000000 84.000000 -84.000000
v  -98.000000 92.000000 -91.999992
v  -104.000000 92.000000 -91.999992
v  -94.000000 84.000000 -84.000000
v  -104.000000 79.989555 -79.989563
v  -94.000000 0.032681 -0.032681
v  -93.988983 39.933475 -39.933464
v  -97.998871 79.989555 -79.989563
v  -97.999985 1.448974 -1.448974
v  92.000008 92.000000 -91.999992
v  84.000008 104.000000 -103.999992
v  92.000008 97.999992 -97.999985
v  92.000008 93.999992 -93.999985
v  84.000015 94.000000 -93.999992
v  84.000000 88.000000 -88.000000
v  -92.000000 104.000015 -104.000008
v  -95.999992 104.000015 -104.000008
v  -83.999992 98.000000 -98.000008
v  -92.000000 94.000015 -94.000008
v  79.993179 104.000000 -103.999992
v  -79.988785 104.000000 -103.999992
v  -79.982849 91.294449 -91.294441
v  79.989563 88.000000 -88.000008
v  -79.982849 88.000000 -87.999992
v  76.689720 88.000015 -87.999992
v  79.989578 91.301376 -91.301369
v  77.239098 88.550583 -88.550560
v  94.000000 -92.000015 91.999992
v  88.000000 -84.000008 84.000015
v  104.000000 -84.000015 84.000015
v  98.000000 -84.000008 84.000008
v  104.000000 -92.000015 91.999992
v  104.000000 -96.000015 96.000008
v  88.000000 -79.982857 79.982857
v  104.000000 -79.982857 79.982857
v  94.001129 -79.982857 79.982857
v  98.022095 -79.982857 79.982857
v  94.000000 0.012760 0.025627
v  -104.000000 -92.000015 91.999992
v  -104.000000 -96.000015 96.000008
v  -98.000000 -84.000008 84.000008
v  -104.000000 -84.000008 84.000015
v  -88.000000 -84.000015 84.000015
v  -94.000000 -84.000008 84.000008
v  -104.000000 -79.982857 79.982857
v  -88.000000 -79.982857 79.982857
v  -97.998871 -79.982857 79.982857
v  -93.977921 -79.982857 79.982857
v  -98.000000 0.012760 0.025627
v  -94.000000 -0.042332 0.000002
v  -96.000008 -96.000015 96.000008
v  83.999992 -94.000015 94.000008
v  92.000000 -94.000023 94.000015
v  96.000000 -104.000031 104.000015
v  92.000000 -104.000031 104.000015
v  92.000000 -98.000023 98.000015
v  79.993164 -104.000015 104.000008
v  79.989563 -91.301392 91.301384
v  -92.000008 -94.000000 93.999992
v  -84.000015 -94.000015 94.000008
v  -84.000015 -88.000015 88.000008
v  -79.982864 -91.294464 91.294456
v  -79.988800 -104.000015 104.000000
v  -84.000015 -104.000015 104.000008
v  -92.000008 -98.000000 97.999992
v  -79.982864 -88.000015 88.000008
v  -76.685242 -88.000015 88.000008
v  91.999992 -92.000008 91.999992
v  96.000000 -96.000015 95.999992
v  -92.000008 -92.000015 91.999992
v  88.000000 -84.000008 -83.999992
v  104.000000 -84.000008 -83.999992
v  88.000000 -79.986214 -79.986198
v  104.000000 -79.986214 -79.986198
v  98.022079 -79.986214 -79.986198
v  94.001129 -79.986214 -79.986198
v  94.000000 -0.011103 -0.039322
v  -104.000000 -84.000008 -83.999992
v  -88.000000 -84.000008 -83.999992
v  -104.000000 -79.986214 -79.986198
v  -88.000000 -79.986214 -79.986198
v  -93.977921 -79.986214 -79.986198
v  -97.998871 -79.986214 -79.986198
v  -98.000000 -0.011103 -0.039322
v  -92.000000 -92.000000 -91.999985
v  94.000000 -84.000008 -83.999992
v  98.000000 -84.000008 -83.999992
v  -98.000000 -84.000008 -83.999992
v  -94.000000 -84.000008 -83.999992
v  -92.000000 -94.000000 -93.999992
v  104.000000 96.000000 95.999992
v  83.999992 88.000000 87.999992
v  84.000000 93.999992 93.999992
v  92.000000 94.000000 93.999992
v  96.000000 104.000000 103.999992
v  92.000000 98.000000 97.999992
v  84.000000 98.000000 97.999992
v  83.999992 104.000000 103.999992
v  -92.000000 93.999992 93.999985
v  -84.000000 93.999992 93.999992
v  -84.000008 88.000000 87.999992
v  -84.000008 104.000000 103.999992
v  -84.000000 98.000000 97.999992
v  -92.000000 98.000000 97.999992
v  -92.000000 104.000000 103.999985
v  -96.000000 104.000000 103.999985
v  79.993179 104.000000 103.999992
v  -79.988792 104.000000 103.999992
v  -79.982857 91.295090 91.295082
v  -79.982857 88.000000 87.999992
v  79.989555 88.000000 87.999985
v  79.989563 91.301804 91.301796
v  76.688766 88.000000 87.999992
v  92.000000 91.999985 91.999992
v  -96.000015 95.999992 96.000000
v  -104.000000 95.999985 95.999992
v  96.000000 95.999992 95.999992
v  -94.000000 -0.000002 -0.000002
# 847 vertices

vt  0.866912 0.998875 -0.000018
vt  0.851310 0.998875 -0.000015
vt  0.827928 0.998875 -0.000013
vt  0.796771 0.998875 -0.000014
vt  0.695561 0.998875 -0.000043
vt  0.679989 0.998875 -0.000052
vt  0.656655 0.998875 -0.000072
vt  0.968109 0.998875 -0.000075
vt  0.944755 0.998875 -0.000050
vt  0.929169 0.998875 -0.000040
vt  0.866934 0.003548 -0.000002
vt  0.851334 0.003548 -0.000002
vt  0.827953 0.003548 -0.000002
vt  0.796795 0.003548 -0.000001
vt  0.695573 0.003548 0.000006
vt  0.679998 0.003548 0.000008
vt  0.656659 0.003548 0.000014
vt  0.968115 0.003548 0.000005
vt  0.944768 0.003548 0.000001
vt  0.929186 0.003548 0.000000
vt  0.999224 0.998875 -0.000137
vt  0.999226 0.003548 0.000014
vt  0.483268 0.998875 -0.000013
vt  0.452111 0.998875 -0.000014
vt  0.428734 0.998875 -0.000016
vt  0.413142 0.998875 -0.000020
vt  0.350901 0.998875 -0.000043
vt  0.335329 0.998875 -0.000052
vt  0.311995 0.998875 -0.000072
vt  0.623449 0.998875 -0.000075
vt  0.600095 0.998875 -0.000050
vt  0.584509 0.998875 -0.000040
vt  0.483293 0.003548 -0.000002
vt  0.452135 0.003548 -0.000001
vt  0.428756 0.003548 -0.000000
vt  0.413160 0.003548 0.000001
vt  0.350913 0.003548 0.000006
vt  0.335338 0.003548 0.000008
vt  0.311999 0.003548 0.000014
vt  0.623455 0.003548 0.000005
vt  0.600108 0.003548 0.000001
vt  0.584526 0.003548 0.000000
vt  0.654564 0.998875 -0.000137
vt  0.654566 0.003548 0.000014
vt  0.866931 0.146205 -0.000004
vt  0.851331 0.146205 -0.000004
vt  0.944766 0.146205 -0.000006
vt  0.929184 0.146205 -0.000006
vt  0.428753 0.146205 -0.000003
vt  0.413158 0.146205 -0.000002
vt  0.350911 0.146205 -0.000001
vt  0.335336 0.146205 -0.000000
vt  0.851330 0.168549 -0.000004
vt  0.944766 0.168549 -0.000007
vt  0.929183 0.168549 -0.000006
vt  0.428752 0.168549 -0.000003
vt  0.413157 0.168549 -0.000003
vt  0.350911 0.168549 -0.000002
vt  0.335336 0.168549 -0.000002
vt  0.866930 0.168549 -0.000004
vt  0.851314 0.856227 -0.000013
vt  0.944757 0.856227 -0.000042
vt  0.929172 0.856227 -0.000034
vt  0.428738 0.856227 -0.000014
vt  0.413145 0.856227 -0.000017
vt  0.350902 0.856227 -0.000036
vt  0.335330 0.856227 -0.000043
vt  0.866915 0.856227 -0.000016
vt  0.866916 0.834116 -0.000015
vt  0.851314 0.834116 -0.000013
vt  0.944758 0.834116 -0.000041
vt  0.929172 0.834116 -0.000033
vt  0.428738 0.834116 -0.000014
vt  0.413145 0.834116 -0.000016
vt  0.350903 0.834116 -0.000035
vt  0.335331 0.834116 -0.000042
vt  0.890284 0.168549 -0.000005
vt  0.890271 0.834116 -0.000022
vt  0.389796 0.834116 -0.000023
vt  0.906010 0.168549 -0.000006
vt  0.905998 0.834116 -0.000026
vt  0.374072 0.834116 -0.000028
vt  0.413146 0.790304 -0.000016
vt  0.389796 0.790304 -0.000022
vt  0.350903 0.790304 -0.000033
vt  0.374072 0.790304 -0.000026
vt  0.522264 0.461596 -0.000009
vt  0.506663 0.477148 -0.000008
vt  0.483281 0.477148 -0.000007
vt  0.623452 0.477148 -0.000033
vt  0.600102 0.477148 -0.000023
vt  0.584518 0.461596 -0.000018
vt  0.452123 0.508252 -0.000007
vt  0.428745 0.508252 -0.000008
vt  0.413151 0.523804 -0.000010
vt  0.350906 0.523804 -0.000020
vt  0.335333 0.508252 -0.000022
vt  0.311997 0.508252 -0.000030
vt  0.654565 0.508252 -0.000062
vt  0.851322 0.530879 -0.000009
vt  0.827940 0.530879 -0.000008
vt  0.968112 0.530879 -0.000038
vt  0.944761 0.530879 -0.000026
vt  0.929177 0.546431 -0.000022
vt  0.866922 0.546431 -0.000010
vt  0.796783 0.499775 -0.000007
vt  0.773405 0.499775 -0.000008
vt  0.757812 0.484223 -0.000009
vt  0.695567 0.484223 -0.000018
vt  0.679993 0.499775 -0.000022
vt  0.656657 0.499775 -0.000029
vt  0.999225 0.499775 -0.000061
vt  0.452112 0.948257 -0.000013
vt  0.428736 0.948257 -0.000015
vt  0.413143 0.963809 -0.000019
vt  0.350901 0.963809 -0.000042
vt  0.335330 0.948257 -0.000049
vt  0.311995 0.948257 -0.000067
vt  0.654564 0.948257 -0.000129
vt  0.796794 0.059771 -0.000002
vt  0.773415 0.059771 -0.000001
vt  0.757820 0.044219 -0.000000
vt  0.695572 0.044219 0.000004
vt  0.679997 0.059771 0.000005
vt  0.656658 0.059771 0.000009
vt  0.999226 0.059771 0.000006
vt  0.522273 0.022151 -0.000002
vt  0.506673 0.037703 -0.000002
vt  0.483292 0.037703 -0.000002
vt  0.623455 0.037703 0.000002
vt  0.600108 0.037703 -0.000000
vt  0.584526 0.022151 -0.000001
vt  0.851311 0.970324 -0.000014
vt  0.827929 0.970324 -0.000013
vt  0.968109 0.970324 -0.000073
vt  0.944756 0.970324 -0.000048
vt  0.929169 0.985876 -0.000039
vt  0.866912 0.985876 -0.000018
vt  0.866912 0.998875 -0.000018
vt  0.851310 0.998875 -0.000015
vt  0.827928 0.998875 -0.000013
vt  0.796771 0.998875 -0.000014
vt  0.773395 0.998875 -0.000016
vt  0.757802 0.998875 -0.000020
vt  0.656655 0.998875 -0.000072
vt  0.968109 0.998875 -0.000075
vt  0.944755 0.998875 -0.000050
vt  0.929169 0.998875 -0.000040
vt  0.866934 0.003548 -0.000002
vt  0.851334 0.003548 -0.000002
vt  0.827953 0.003548 -0.000002
vt  0.796795 0.003548 -0.000001
vt  0.773416 0.003548 -0.000000
vt  0.757820 0.003548 0.000001
vt  0.656659 0.003548 0.000014
vt  0.968115 0.003548 0.000005
vt  0.944768 0.003548 0.000001
vt  0.929186 0.003548 0.000000
vt  0.999224 0.998875 -0.000137
vt  0.999226 0.003548 0.000014
vt  0.522252 0.998875 -0.000018
vt  0.506650 0.998875 -0.000015
vt  0.483268 0.998875 -0.000013
vt  0.452111 0.998875 -0.000014
vt  0.428734 0.998875 -0.000016
vt  0.413142 0.998875 -0.000020
vt  0.350901 0.998875 -0.000043
vt  0.335329 0.998875 -0.000052
vt  0.311995 0.998875 -0.000072
vt  0.623449 0.998875 -0.000075
vt  0.522274 0.003548 -0.000002
vt  0.506674 0.003548 -0.000002
vt  0.483293 0.003548 -0.000002
vt  0.452135 0.003548 -0.000001
vt  0.428756 0.003548 -0.000000
vt  0.413160 0.003548 0.000001
vt  0.350913 0.003548 0.000006
vt  0.335338 0.003548 0.000008
vt  0.311999 0.003548 0.000014
vt  0.623455 0.003548 0.000005
vt  0.654564 0.998875 -0.000137
vt  0.654566 0.003548 0.000014
vt  0.866931 0.146205 -0.000004
vt  0.851331 0.146205 -0.000004
vt  0.944766 0.146205 -0.000006
vt  0.929184 0.146205 -0.000006
vt  0.428753 0.146205 -0.000003
vt  0.413158 0.146205 -0.000002
vt  0.350911 0.146205 -0.000001
vt  0.335336 0.146205 -0.000000
vt  0.851330 0.168549 -0.000004
vt  0.944766 0.168549 -0.000007
vt  0.929183 0.168549 -0.000006
vt  0.428752 0.168549 -0.000003
vt  0.413157 0.168549 -0.000003
vt  0.350911 0.168549 -0.000002
vt  0.335336 0.168549 -0.000002
vt  0.866930 0.168549 -0.000004
vt  0.851314 0.856227 -0.000013
vt  0.944757 0.856227 -0.000042
vt  0.929172 0.856227 -0.000034
vt  0.428738 0.856227 -0.000014
vt  0.413145 0.856227 -0.000017
vt  0.350902 0.856227 -0.000036
vt  0.335330 0.856227 -0.000043
vt  0.866915 0.856227 -0.000016
vt  0.866916 0.834116 -0.000015
vt  0.851314 0.834116 -0.000013
vt  0.944758 0.834116 -0.000041
vt  0.929172 0.834116 -0.000033
vt  0.428738 0.834116 -0.000014
vt  0.413145 0.834116 -0.000016
vt  0.350903 0.834116 -0.000035
vt  0.335331 0.834116 -0.000042
vt  0.890284 0.168549 -0.000005
vt  0.890271 0.834116 -0.000022
vt  0.389796 0.834116 -0.000023
vt  0.906010 0.168549 -0.000006
vt  0.905998 0.834116 -0.000026
vt  0.374072 0.834116 -0.000028
vt  0.413146 0.790304 -0.000016
vt  0.389796 0.790304 -0.000022
vt  0.350903 0.790304 -0.000033
vt  0.374072 0.790304 -0.000026
vt  0.522264 0.461596 -0.000009
vt  0.506663 0.477148 -0.000008
vt  0.483281 0.477148 -0.000007
vt  0.623452 0.477148 -0.000033
vt  0.600102 0.477148 -0.000023
vt  0.584518 0.461596 -0.000018
vt  0.452123 0.508252 -0.000007
vt  0.428745 0.508252 -0.000008
vt  0.413151 0.523804 -0.000010
vt  0.350906 0.523804 -0.000020
vt  0.335333 0.508252 -0.000022
vt  0.311997 0.508252 -0.000030
vt  0.654565 0.508252 -0.000062
vt  0.851322 0.530879 -0.000009
vt  0.827940 0.530879 -0.000008
vt  0.968112 0.530879 -0.000038
vt  0.944761 0.530879 -0.000026
vt  0.929177 0.546431 -0.000022
vt  0.866922 0.546431 -0.000010
vt  0.796783 0.499775 -0.000007
vt  0.773405 0.499775 -0.000008
vt  0.757812 0.484223 -0.000009
vt  0.695567 0.484223 -0.000018
vt  0.679993 0.499775 -0.000022
vt  0.656657 0.499775 -0.000029
vt  0.999225 0.499775 -0.000061
vt  0.452112 0.948257 -0.000013
vt  0.428736 0.948257 -0.000015
vt  0.413143 0.963809 -0.000019
vt  0.350901 0.963809 -0.000042
vt  0.335330 0.948257 -0.000049
vt  0.311995 0.948257 -0.000067
vt  0.654564 0.948257 -0.000129
vt  0.796794 0.059771 -0.000002
vt  0.773415 0.059771 -0.000001
vt  0.757820 0.044219 -0.000000
vt  0.695572 0.044219 0.000004
vt  0.679997 0.059771 0.000005
vt  0.656658 0.059771 0.000009
vt  0.999226 0.059771 0.000006
vt  0.522273 0.022151 -0.000002
vt  0.506673 0.037703 -0.000002
vt  0.483292 0.037703 -0.000002
vt  0.623455 0.037703 0.000002
vt  0.600108 0.037703 -0.000000
vt  0.584526 0.022151 -0.000001
vt  0.851311 0.970324 -0.000014
vt  0.827929 0.970324 -0.000013
vt  0.968109 0.970324 -0.000073
vt  0.944756 0.970324 -0.000048
vt  0.929169 0.985876 -0.000039
vt  0.866912 0.985876 -0.000018
vt  0.004043 0.995622 4.000000
vt  0.004043 0.964102 4.000000
vt  0.051322 0.964102 4.000000
vt  0.051322 0.901064 4.000000
vt  0.130120 0.869545 4.000000
vt  0.130120 0.901064 4.000000
vt  0.082841 0.901064 4.000000
vt  0.082841 0.964102 4.000000
vt  0.130120 0.964102 4.000000
vt  0.130120 0.995622 4.000000
vt  0.051788 0.829404 4.000000
vt  0.051788 0.766366 4.000000
vt  0.004509 0.766366 4.000000
vt  0.004509 0.734847 4.000000
vt  0.130586 0.734847 4.000000
vt  0.130586 0.766366 4.000000
vt  0.083307 0.766366 4.000000
vt  0.083307 0.829404 4.000000
vt  0.130586 0.829404 4.000000
vt  0.130586 0.860923 4.000000
vt  0.004043 0.995622 4.000000
vt  0.004043 0.964102 4.000000
vt  0.051322 0.964102 4.000000
vt  0.051322 0.901064 4.000000
vt  0.004043 0.901064 4.000000
vt  0.004043 0.869545 4.000000
vt  0.082841 0.901064 4.000000
vt  0.082841 0.964102 4.000000
vt  0.130120 0.964102 4.000000
vt  0.130120 0.995622 4.000000
vt  0.004509 0.860923 4.000000
vt  0.004509 0.829404 4.000000
vt  0.051788 0.829404 4.000000
vt  0.051788 0.766366 4.000000
vt  0.004509 0.766366 4.000000
vt  0.004509 0.734847 4.000000
vt  0.130586 0.734847 4.000000
vt  0.130586 0.766366 4.000000
vt  0.083307 0.766366 4.000000
vt  0.083307 0.829404 4.000000
vt  0.146551 0.995622 -4.000000
vt  0.146551 0.964102 -4.000000
vt  0.193830 0.964102 -4.000000
vt  0.193830 0.901064 -4.000000
vt  0.272628 0.869545 -4.000000
vt  0.272628 0.901064 -4.000000
vt  0.225349 0.901064 -4.000000
vt  0.225349 0.964102 -4.000000
vt  0.272628 0.964102 -4.000000
vt  0.272628 0.995622 -4.000000
vt  0.194296 0.829404 -4.000000
vt  0.194296 0.766366 -4.000000
vt  0.147017 0.766366 -4.000000
vt  0.147017 0.734847 -4.000000
vt  0.273094 0.734847 -4.000000
vt  0.273094 0.766366 -4.000000
vt  0.225815 0.766366 -4.000000
vt  0.225815 0.829404 -4.000000
vt  0.273094 0.829404 -4.000000
vt  0.273094 0.860923 -4.000000
vt  0.146551 0.995622 -4.000000
vt  0.146551 0.964102 -4.000000
vt  0.193830 0.964102 -4.000000
vt  0.193830 0.901064 -4.000000
vt  0.146551 0.901064 -4.000000
vt  0.146551 0.869545 -4.000000
vt  0.225349 0.901064 -4.000000
vt  0.225349 0.964102 -4.000000
vt  0.272628 0.964102 -4.000000
vt  0.272628 0.995622 -4.000000
vt  0.147017 0.860923 -4.000000
vt  0.147017 0.829404 -4.000000
vt  0.194296 0.829404 -4.000000
vt  0.194296 0.766366 -4.000000
vt  0.147017 0.766366 -4.000000
vt  0.147017 0.734847 -4.000000
vt  0.273094 0.734847 -4.000000
vt  0.273094 0.766366 -4.000000
vt  0.225815 0.766366 -4.000000
vt  0.225815 0.829404 -4.000000
vt  0.726682 0.998875 -0.000032
vt  0.726696 0.003548 0.000003
vt  0.664433 0.998875 -0.000065
vt  0.664438 0.003548 0.000012
vt  0.067081 0.869545 4.000000
vt  0.098601 0.901064 4.000000
vt  0.209590 0.869545 -4.000000
vt  0.241109 0.901064 -4.000000
vt  0.491062 0.998875 -0.000014
vt  0.491087 0.003548 -0.000002
vt  0.553381 0.998875 -0.000029
vt  0.553400 0.003548 -0.000001
vt  0.036028 0.829404 4.000000
vt  0.067548 0.860923 4.000000
vt  0.178537 0.829404 -4.000000
vt  0.210056 0.860923 -4.000000
vt  0.788979 0.998875 -0.000014
vt  0.789002 0.003548 -0.000001
vt  0.726682 0.998875 -0.000032
vt  0.726696 0.003548 0.000003
vt  0.615664 0.998875 -0.000067
vt  0.615673 0.003548 0.000004
vt  0.553381 0.998875 -0.000029
vt  0.553400 0.003548 -0.000001
vt  0.035563 0.901064 4.000000
vt  0.067082 0.869545 4.000000
vt  0.099067 0.829404 4.000000
vt  0.067548 0.860923 4.000000
vt  0.178071 0.901064 -4.000000
vt  0.209590 0.869545 -4.000000
vt  0.241575 0.829404 -4.000000
vt  0.210055 0.860923 -4.000000
vt  0.866912 0.998875 -0.000018
vt  0.851310 0.998875 -0.000015
vt  0.827928 0.998875 -0.000013
vt  0.796771 0.998875 -0.000014
vt  0.695561 0.998875 -0.000043
vt  0.679989 0.998875 -0.000052
vt  0.656655 0.998875 -0.000072
vt  0.968109 0.998875 -0.000075
vt  0.944755 0.998875 -0.000050
vt  0.929169 0.998875 -0.000040
vt  0.866934 0.003548 -0.000002
vt  0.851334 0.003548 -0.000002
vt  0.827953 0.003548 -0.000002
vt  0.796795 0.003548 -0.000001
vt  0.695573 0.003548 0.000006
vt  0.679998 0.003548 0.000008
vt  0.656659 0.003548 0.000014
vt  0.968115 0.003548 0.000005
vt  0.944768 0.003548 0.000001
vt  0.929186 0.003548 0.000000
vt  0.999224 0.998875 -0.000137
vt  0.999226 0.003548 0.000014
vt  0.483268 0.998875 -0.000013
vt  0.452111 0.998875 -0.000014
vt  0.428734 0.998875 -0.000016
vt  0.413142 0.998875 -0.000020
vt  0.350901 0.998875 -0.000043
vt  0.335329 0.998875 -0.000052
vt  0.311995 0.998875 -0.000072
vt  0.623449 0.998875 -0.000075
vt  0.600095 0.998875 -0.000050
vt  0.584509 0.998875 -0.000040
vt  0.483293 0.003548 -0.000002
vt  0.452135 0.003548 -0.000001
vt  0.428756 0.003548 -0.000000
vt  0.413160 0.003548 0.000001
vt  0.350913 0.003548 0.000006
vt  0.335338 0.003548 0.000008
vt  0.311999 0.003548 0.000014
vt  0.623455 0.003548 0.000005
vt  0.600108 0.003548 0.000001
vt  0.584526 0.003548 0.000000
vt  0.654564 0.998875 -0.000137
vt  0.654566 0.003548 0.000014
vt  0.866931 0.146205 -0.000004
vt  0.851331 0.146205 -0.000004
vt  0.428753 0.146205 -0.000003
vt  0.413158 0.146205 -0.000002
vt  0.851314 0.856227 -0.000013
vt  0.428738 0.856227 -0.000014
vt  0.413145 0.856227 -0.000017
vt  0.866915 0.856227 -0.000016
vt  0.413143 0.963809 -0.000019
vt  0.757820 0.044219 -0.000000
vt  0.522273 0.022151 -0.000002
vt  0.866912 0.985876 -0.000018
vt  0.866912 0.998875 -0.000018
vt  0.851310 0.998875 -0.000015
vt  0.827928 0.998875 -0.000013
vt  0.796771 0.998875 -0.000014
vt  0.773395 0.998875 -0.000016
vt  0.757802 0.998875 -0.000020
vt  0.656655 0.998875 -0.000072
vt  0.968109 0.998875 -0.000075
vt  0.944755 0.998875 -0.000050
vt  0.929169 0.998875 -0.000040
vt  0.866934 0.003548 -0.000002
vt  0.851334 0.003548 -0.000002
vt  0.827953 0.003548 -0.000002
vt  0.796795 0.003548 -0.000001
vt  0.773416 0.003548 -0.000000
vt  0.757820 0.003548 0.000001
vt  0.656659 0.003548 0.000014
vt  0.968115 0.003548 0.000005
vt  0.944768 0.003548 0.000001
vt  0.929186 0.003548 0.000000
vt  0.999224 0.998875 -0.000137
vt  0.999226 0.003548 0.000014
vt  0.522252 0.998875 -0.000018
vt  0.506650 0.998875 -0.000015
vt  0.483268 0.998875 -0.000013
vt  0.452111 0.998875 -0.000014
vt  0.428734 0.998875 -0.000016
vt  0.413142 0.998875 -0.000020
vt  0.350901 0.998875 -0.000043
vt  0.335329 0.998875 -0.000052
vt  0.311995 0.998875 -0.000072
vt  0.623449 0.998875 -0.000075
vt  0.522274 0.003548 -0.000002
vt  0.506674 0.003548 -0.000002
vt  0.483293 0.003548 -0.000002
vt  0.452135 0.003548 -0.000001
vt  0.428756 0.003548 -0.000000
vt  0.413160 0.003548 0.000001
vt  0.350913 0.003548 0.000006
vt  0.335338 0.003548 0.000008
vt  0.311999 0.003548 0.000014
vt  0.623455 0.003548 0.000005
vt  0.654564 0.998875 -0.000137
vt  0.654566 0.003548 0.000014
vt  0.944766 0.146205 -0.000006
vt  0.929184 0.146205 -0.000006
vt  0.350911 0.146205 -0.000001
vt  0.335336 0.146205 -0.000000
vt  0.944757 0.856227 -0.000042
vt  0.929172 0.856227 -0.000034
vt  0.350902 0.856227 -0.000036
vt  0.335330 0.856227 -0.000043
vt  0.350901 0.963809 -0.000042
vt  0.695572 0.044219 0.000004
vt  0.584526 0.022151 -0.000001
vt  0.929169 0.985876 -0.000039
vt  0.004043 0.995622 4.000000
vt  0.004043 0.964102 4.000000
vt  0.051322 0.964102 4.000000
vt  0.051322 0.901064 4.000000
vt  0.130120 0.869545 4.000000
vt  0.130120 0.901064 4.000000
vt  0.082841 0.901064 4.000000
vt  0.082841 0.964102 4.000000
vt  0.130120 0.964102 4.000000
vt  0.130120 0.995622 4.000000
vt  0.051788 0.829404 4.000000
vt  0.051788 0.766366 4.000000
vt  0.004509 0.766366 4.000000
vt  0.004509 0.734847 4.000000
vt  0.130586 0.734847 4.000000
vt  0.130586 0.766366 4.000000
vt  0.083307 0.766366 4.000000
vt  0.083307 0.829404 4.000000
vt  0.130586 0.829404 4.000000
vt  0.130586 0.860923 4.000000
vt  0.004043 0.995622 4.000000
vt  0.004043 0.964102 4.000000
vt  0.051322 0.964102 4.000000
vt  0.051322 0.901064 4.000000
vt  0.004043 0.901064 4.000000
vt  0.004043 0.869545 4.000000
vt  0.082841 0.901064 4.000000
vt  0.082841 0.964102 4.000000
vt  0.130120 0.964102 4.000000
vt  0.130120 0.995622 4.000000
vt  0.004509 0.860923 4.000000
vt  0.004509 0.829404 4.000000
vt  0.051788 0.829404 4.000000
vt  0.051788 0.766366 4.000000
vt  0.004509 0.766366 4.000000
vt  0.004509 0.734847 4.000000
vt  0.130586 0.734847 4.000000
vt  0.130586 0.766366 4.000000
vt  0.083307 0.766366 4.000000
vt  0.083307 0.829404 4.000000
vt  0.146551 0.995622 -4.000000
vt  0.146551 0.964102 -4.000000
vt  0.193830 0.964102 -4.000000
vt  0.193830 0.901064 -4.000000
vt  0.272628 0.869545 -4.000000
vt  0.272628 0.901064 -4.000000
vt  0.225349 0.901064 -4.000000
vt  0.225349 0.964102 -4.000000
vt  0.272628 0.964102 -4.000000
vt  0.272628 0.995622 -4.000000
vt  0.194296 0.829404 -4.000000
vt  0.194296 0.766366 -4.000000
vt  0.147017 0.766366 -4.000000
vt  0.147017 0.734847 -4.000000
vt  0.273094 0.734847 -4.000000
vt  0.273094 0.766366 -4.000000
vt  0.225815 0.766366 -4.000000
vt  0.225815 0.829404 -4.000000
vt  0.273094 0.829404 -4.000000
vt  0.273094 0.860923 -4.000000
vt  0.146551 0.995622 -4.000000
vt  0.146551 0.964102 -4.000000
vt  0.193830 0.964102 -4.000000
vt  0.193830 0.901064 -4.000000
vt  0.146551 0.901064 -4.000000
vt  0.146551 0.869545 -4.000000
vt  0.225349 0.901064 -4.000000
vt  0.225349 0.964102 -4.000000
vt  0.272628 0.964102 -4.000000
vt  0.272628 0.995622 -4.000000
vt  0.147017 0.860923 -4.000000
vt  0.147017 0.829404 -4.000000
vt  0.194296 0.829404 -4.000000
vt  0.194296 0.766366 -4.000000
vt  0.147017 0.766366 -4.000000
vt  0.147017 0.734847 -4.000000
vt  0.273094 0.734847 -4.000000
vt  0.273094 0.766366 -4.000000
vt  0.225815 0.766366 -4.000000
vt  0.225815 0.829404 -4.000000
vt  0.788979 0.998875 -0.000014
vt  0.789002 0.003548 -0.000001
vt  0.726682 0.998875 -0.000032
vt  0.726696 0.003548 0.000003
vt  0.035562 0.901064 4.000000
vt  0.067081 0.869545 4.000000
vt  0.178070 0.901064 -4.000000
vt  0.209589 0.869545 -4.000000
vt  0.615664 0.998875 -0.000067
vt  0.615672 0.003548 0.000004
vt  0.553381 0.998875 -0.000029
vt  0.553400 0.003548 -0.000001
vt  0.099067 0.829404 4.000000
vt  0.067548 0.860923 4.000000
vt  0.241575 0.829404 -4.000000
vt  0.210056 0.860923 -4.000000
vt  0.491062 0.998875 -0.000014
vt  0.491087 0.003548 -0.000002
vt  0.553381 0.998875 -0.000029
vt  0.553400 0.003548 -0.000001
vt  0.726682 0.998875 -0.000032
vt  0.726696 0.003548 0.000003
vt  0.664433 0.998875 -0.000065
vt  0.664438 0.003548 0.000012
vt  0.036028 0.829404 4.000000
vt  0.067548 0.860923 4.000000
vt  0.067081 0.869545 4.000000
vt  0.098601 0.901064 4.000000
vt  0.178537 0.829404 -4.000000
vt  0.210056 0.860923 -4.000000
vt  0.209590 0.869545 -4.000000
vt  0.241109 0.901064 -4.000000
vt  0.483272 0.858907 -0.000011
vt  0.452115 0.827803 -0.000011
vt  0.428738 0.827803 -0.000013
vt  0.335331 0.827803 -0.000042
vt  0.311996 0.827803 -0.000057
vt  0.654565 0.827803 -0.000111
vt  0.623450 0.858907 -0.000064
vt  0.600097 0.858907 -0.000042
vt  0.584511 0.874459 -0.000035
vt  0.413146 0.812237 -0.000016
vt  0.389796 0.812237 -0.000023
vt  0.467672 0.932705 -0.000012
vt  0.350903 0.812237 -0.000034
vt  0.374072 0.812237 -0.000027
vt  0.639026 0.932705 -0.000099
vt  0.506654 0.858907 -0.000013
vt  0.522255 0.874459 -0.000016
vt  0.483272 0.858907 -0.000011
vt  0.452115 0.827803 -0.000011
vt  0.428738 0.827803 -0.000013
vt  0.335331 0.827803 -0.000042
vt  0.311996 0.827803 -0.000057
vt  0.654565 0.827803 -0.000111
vt  0.623450 0.858907 -0.000064
vt  0.413146 0.812237 -0.000016
vt  0.389796 0.812237 -0.000023
vt  0.467672 0.932705 -0.000012
vt  0.350903 0.812237 -0.000034
vt  0.374072 0.812237 -0.000027
vt  0.639026 0.932705 -0.000099
vt  0.491066 0.858907 -0.000012
vt  0.553383 0.874459 -0.000025
vt  0.615665 0.858907 -0.000057
vt  0.553383 0.874459 -0.000025
vt  0.851314 0.843355 -0.000013
vt  0.827931 0.866683 -0.000011
vt  0.796774 0.866683 -0.000012
vt  0.695562 0.905563 -0.000039
vt  0.679990 0.905563 -0.000046
vt  0.656655 0.882235 -0.000062
vt  0.999224 0.882235 -0.000119
vt  0.968109 0.882235 -0.000066
vt  0.944757 0.905563 -0.000045
vt  0.483271 0.866683 -0.000011
vt  0.452114 0.866683 -0.000012
vt  0.428738 0.843355 -0.000014
vt  0.335330 0.905563 -0.000046
vt  0.311995 0.882235 -0.000062
vt  0.654564 0.882235 -0.000119
vt  0.623449 0.882235 -0.000066
vt  0.600097 0.905563 -0.000045
vt  0.584511 0.905563 -0.000036
vt  0.929171 0.905586 -0.000036
vt  0.879763 0.856227 -0.000019
vt  0.350902 0.905603 -0.000039
vt  0.400327 0.856227 -0.000021
vt  0.400325 0.963809 -0.000024
vt  0.866916 0.843356 -0.000015
vt  0.413145 0.843382 -0.000017
vt  0.422201 0.954774 -0.000017
vt  0.413143 0.945674 -0.000019
vt  0.866913 0.967729 -0.000017
vt  0.857831 0.976823 -0.000016
vt  0.879760 0.985876 -0.000022
vt  0.866913 0.967729 -0.000017
vt  0.788982 0.858907 -0.000013
vt  0.726683 0.874459 -0.000027
vt  0.491066 0.858907 -0.000012
vt  0.553383 0.874459 -0.000025
vt  0.851330 0.174620 -0.000004
vt  0.827949 0.174620 -0.000004
vt  0.796792 0.143516 -0.000003
vt  0.695571 0.127964 -0.000000
vt  0.679996 0.143516 -0.000000
vt  0.656658 0.143516 0.000002
vt  0.999226 0.143516 -0.000007
vt  0.968114 0.174620 -0.000009
vt  0.944766 0.174620 -0.000007
vt  0.866930 0.190259 -0.000005
vt  0.929183 0.190259 -0.000007
vt  0.906010 0.190259 -0.000006
vt  0.638957 0.053185 0.000003
vt  0.467767 0.053185 -0.000002
vt  0.890283 0.190259 -0.000006
vt  0.812246 0.514893 -0.000007
vt  0.467703 0.492700 -0.000007
vt  0.812045 0.515011 -0.000007
vt  0.983943 0.515011 -0.000051
vt  0.639008 0.492700 -0.000047
vt  0.851330 0.174620 -0.000004
vt  0.827949 0.174620 -0.000004
vt  0.796792 0.143516 -0.000003
vt  0.773413 0.143516 -0.000002
vt  0.757818 0.127964 -0.000002
vt  0.999226 0.143516 -0.000007
vt  0.656658 0.143516 0.000002
vt  0.968114 0.174620 -0.000009
vt  0.944766 0.174620 -0.000007
vt  0.866930 0.190259 -0.000005
vt  0.929183 0.190259 -0.000007
vt  0.906010 0.190259 -0.000006
vt  0.638957 0.053185 0.000003
vt  0.467767 0.053185 -0.000002
vt  0.890283 0.190259 -0.000006
vt  0.812246 0.514893 -0.000007
vt  0.983943 0.515011 -0.000051
vt  0.639008 0.492700 -0.000047
vt  0.467703 0.492700 -0.000007
vt  0.812045 0.515011 -0.000007
vt  0.726695 0.127964 -0.000001
vt  0.664438 0.143516 0.000001
vt  0.788999 0.143516 -0.000003
vt  0.726695 0.127964 -0.000001
vt  0.866932 0.096840 -0.000003
vt  0.851332 0.096860 -0.000003
vt  0.827950 0.120188 -0.000003
vt  0.796793 0.120188 -0.000002
vt  0.773414 0.096860 -0.000002
vt  0.757819 0.096860 -0.000001
vt  0.999226 0.135740 -0.000006
vt  0.656658 0.135740 0.000003
vt  0.968114 0.135740 -0.000006
vt  0.944766 0.159068 -0.000007
vt  0.916342 0.146205 -0.000005
vt  0.571684 0.022151 -0.000001
vt  0.506672 0.096860 -0.000003
vt  0.522272 0.096860 -0.000003
vt  0.483290 0.120188 -0.000003
vt  0.452133 0.120188 -0.000002
vt  0.428754 0.096860 -0.000002
vt  0.413159 0.096823 -0.000001
vt  0.363725 0.146205 -0.000001
vt  0.708387 0.044219 0.000003
vt  0.335336 0.159068 -0.000001
vt  0.311998 0.135740 0.000003
vt  0.654566 0.135740 -0.000006
vt  0.623454 0.135740 -0.000006
vt  0.929183 0.159139 -0.000006
vt  0.593545 0.031153 -0.000001
vt  0.350911 0.159148 -0.000002
vt  0.686550 0.053227 0.000005
vt  0.695572 0.062339 0.000003
vt  0.584525 0.040284 -0.000001
vt  0.615671 0.143516 -0.000006
vt  0.553397 0.127964 -0.000004
vt  0.726695 0.127964 -0.000001
vt  0.664438 0.143516 0.000001
vt  0.851315 0.827803 -0.000013
vt  0.827932 0.827803 -0.000011
vt  0.796775 0.858907 -0.000012
vt  0.695562 0.874459 -0.000037
vt  0.679990 0.858907 -0.000043
vt  0.656656 0.858907 -0.000060
vt  0.999225 0.858907 -0.000116
vt  0.968110 0.827803 -0.000062
vt  0.944758 0.827803 -0.000041
vt  0.866916 0.812236 -0.000015
vt  0.929172 0.812235 -0.000032
vt  0.905998 0.812236 -0.000026
vt  0.890271 0.812236 -0.000021
vt  0.467545 0.493015 -0.000007
vt  0.812363 0.515329 -0.000007
vt  0.983667 0.515329 -0.000050
vt  0.983649 0.954776 -0.000100
vt  0.983633 0.734576 -0.000083
vt  0.983633 0.734576 -0.000083
vt  0.812369 0.954776 -0.000013
vt  0.812362 0.522977 -0.000008
vt  0.812362 0.522977 -0.000008
vt  0.851315 0.827803 -0.000013
vt  0.827932 0.827803 -0.000011
vt  0.796775 0.858907 -0.000012
vt  0.773398 0.858907 -0.000014
vt  0.757805 0.874459 -0.000017
vt  0.656656 0.858907 -0.000060
vt  0.999225 0.858907 -0.000116
vt  0.968110 0.827803 -0.000062
vt  0.944758 0.827803 -0.000041
vt  0.866916 0.812236 -0.000015
vt  0.929172 0.812235 -0.000032
vt  0.905998 0.812236 -0.000026
vt  0.890271 0.812236 -0.000021
vt  0.467545 0.493015 -0.000007
vt  0.812363 0.515329 -0.000007
vt  0.639321 0.493013 -0.000047
vt  0.983667 0.515329 -0.000050
vt  0.983649 0.954776 -0.000100
vt  0.983633 0.734576 -0.000083
vt  0.983633 0.734576 -0.000083
vt  0.812369 0.954776 -0.000013
vt  0.812362 0.522977 -0.000008
vt  0.812362 0.522977 -0.000008
vt  0.726684 0.874459 -0.000027
vt  0.788982 0.858907 -0.000013
vt  0.851313 0.905563 -0.000014
vt  0.827931 0.882235 -0.000012
vt  0.796774 0.882235 -0.000012
vt  0.773396 0.905563 -0.000015
vt  0.757804 0.905563 -0.000018
vt  0.656656 0.866683 -0.000060
vt  0.999224 0.866683 -0.000117
vt  0.968109 0.866683 -0.000065
vt  0.944757 0.843355 -0.000042
vt  0.506653 0.905563 -0.000014
vt  0.483271 0.882235 -0.000012
vt  0.452114 0.882235 -0.000012
vt  0.428737 0.905563 -0.000015
vt  0.335331 0.843355 -0.000042
vt  0.311996 0.866683 -0.000060
vt  0.654564 0.866683 -0.000117
vt  0.623450 0.866683 -0.000065
vt  0.866914 0.905586 -0.000016
vt  0.916324 0.856227 -0.000030
vt  0.413144 0.905603 -0.000018
vt  0.363721 0.856227 -0.000032
vt  0.363719 0.963809 -0.000037
vt  0.929172 0.843355 -0.000033
vt  0.350902 0.843382 -0.000036
vt  0.341855 0.954774 -0.000046
vt  0.350901 0.945675 -0.000041
vt  0.938243 0.976823 -0.000044
vt  0.929170 0.967730 -0.000038
vt  0.916322 0.985876 -0.000035
vt  0.927027 0.970755 -0.000038
vt  0.929170 0.967730 -0.000038
vt  0.927027 0.970755 -0.000038
vt  0.615665 0.858907 -0.000057
vt  0.726684 0.874459 -0.000027
vt  0.664434 0.858907 -0.000054
vt  0.726683 0.874459 -0.000027
vt  0.522254 0.905563 -0.000016
vt  0.553383 0.874459 -0.000025
vt  0.664434 0.858907 -0.000054
vt  0.639165 0.493015 -0.000047
vt  0.639009 0.493016 -0.000047
vt  0.428752 0.174620 -0.000003
vt  0.335336 0.174620 -0.000002
vt  0.413157 0.190291 -0.000003
vt  0.413146 0.812167 -0.000016
vt  0.350910 0.190291 -0.000003
vt  0.350903 0.812167 -0.000034
vt  0.389796 0.812197 -0.000023
vt  0.812363 0.075293 -0.000002
vt  0.983680 0.075293 0.000002
vt  0.374072 0.812197 -0.000027
vt  0.983666 0.514776 -0.000050
vt  0.522271 0.127964 -0.000004
vt  0.428752 0.174620 -0.000003
vt  0.335336 0.174620 -0.000002
vt  0.413157 0.190291 -0.000003
vt  0.413146 0.812167 -0.000016
vt  0.350910 0.190291 -0.000003
vt  0.350903 0.812167 -0.000034
vt  0.389796 0.812197 -0.000023
vt  0.812363 0.075293 -0.000002
vt  0.983680 0.075293 0.000002
vt  0.374072 0.812197 -0.000027
vt  0.983666 0.514776 -0.000050
vt  0.491083 0.143516 -0.000003
vt  0.553397 0.127964 -0.000004
vt  0.851331 0.159068 -0.000004
vt  0.944767 0.096860 -0.000004
vt  0.929184 0.096840 -0.000004
vt  0.879773 0.146205 -0.000004
vt  0.535115 0.022151 -0.000002
vt  0.428753 0.159068 -0.000003
vt  0.400343 0.146205 -0.000002
vt  0.745005 0.044219 0.000001
vt  0.350911 0.096823 0.000002
vt  0.335337 0.096860 0.000003
vt  0.866930 0.159139 -0.000004
vt  0.513243 0.031153 -0.000002
vt  0.413157 0.159148 -0.000003
vt  0.766853 0.053227 -0.000001
vt  0.757819 0.062339 -0.000001
vt  0.522273 0.040284 -0.000002
vt  0.726695 0.127964 -0.000001
vt  0.491083 0.143516 -0.000003
vt  0.483290 0.143516 -0.000003
vt  0.452131 0.174620 -0.000003
vt  0.311998 0.174620 -0.000001
vt  0.654566 0.174620 -0.000012
vt  0.623454 0.143516 -0.000006
vt  0.600106 0.143516 -0.000006
vt  0.584524 0.127964 -0.000005
vt  0.506671 0.143516 -0.000004
vt  0.483290 0.143516 -0.000003
vt  0.452131 0.174620 -0.000003
vt  0.311998 0.174620 -0.000001
vt  0.654566 0.174620 -0.000012
vt  0.623454 0.143516 -0.000006
vt  0.553397 0.127964 -0.000004
vt  0.615671 0.143516 -0.000006
vt  0.827950 0.135740 -0.000003
vt  0.796792 0.135740 -0.000003
vt  0.695571 0.096860 0.000002
vt  0.679997 0.096860 0.000003
vt  0.656658 0.120188 0.000004
vt  0.999226 0.120188 -0.000003
vt  0.968114 0.120188 -0.000005
vt  0.483290 0.135740 -0.000003
vt  0.452132 0.135740 -0.000003
vt  0.311998 0.120188 0.000004
vt  0.654566 0.120188 -0.000003
vt  0.623454 0.120188 -0.000005
vt  0.600107 0.096860 -0.000004
vt  0.584524 0.096860 -0.000004
vt  0.788999 0.143516 -0.000003
vt  0.553397 0.127964 -0.000004
vt  0.866912 0.998875 -0.000018
vt  0.851310 0.998875 -0.000015
vt  0.827928 0.998875 -0.000013
vt  0.796771 0.998875 -0.000014
vt  0.695561 0.998875 -0.000043
vt  0.679989 0.998875 -0.000052
vt  0.656655 0.998875 -0.000072
vt  0.968109 0.998875 -0.000075
vt  0.944755 0.998875 -0.000050
vt  0.929169 0.998875 -0.000040
vt  0.866934 0.003548 -0.000002
vt  0.851334 0.003548 -0.000002
vt  0.827953 0.003548 -0.000002
vt  0.796795 0.003548 -0.000001
vt  0.695573 0.003548 0.000006
vt  0.679998 0.003548 0.000008
vt  0.656659 0.003548 0.000014
vt  0.968115 0.003548 0.000005
vt  0.944768 0.003548 0.000001
vt  0.929186 0.003548 0.000000
vt  0.999224 0.998875 -0.000137
vt  0.999226 0.003548 0.000014
vt  0.483268 0.998875 -0.000013
vt  0.452111 0.998875 -0.000014
vt  0.428734 0.998875 -0.000016
vt  0.413142 0.998875 -0.000020
vt  0.350901 0.998875 -0.000043
vt  0.335329 0.998875 -0.000052
vt  0.311995 0.998875 -0.000072
vt  0.623449 0.998875 -0.000075
vt  0.600095 0.998875 -0.000050
vt  0.584509 0.998875 -0.000040
vt  0.483293 0.003548 -0.000002
vt  0.452135 0.003548 -0.000001
vt  0.428756 0.003548 -0.000000
vt  0.413160 0.003548 0.000001
vt  0.350913 0.003548 0.000006
vt  0.335338 0.003548 0.000008
vt  0.311999 0.003548 0.000014
vt  0.623455 0.003548 0.000005
vt  0.600108 0.003548 0.000001
vt  0.584526 0.003548 0.000000
vt  0.654564 0.998875 -0.000137
vt  0.654566 0.003548 0.000014
vt  0.866931 0.146205 -0.000004
vt  0.851331 0.146205 -0.000004
vt  0.944766 0.146205 -0.000006
vt  0.929184 0.146205 -0.000006
vt  0.428753 0.146205 -0.000003
vt  0.413158 0.146205 -0.000002
vt  0.350911 0.146205 -0.000001
vt  0.335336 0.146205 -0.000000
vt  0.851330 0.168549 -0.000004
vt  0.944766 0.168549 -0.000007
vt  0.929183 0.168549 -0.000006
vt  0.428752 0.168549 -0.000003
vt  0.413157 0.168549 -0.000003
vt  0.350911 0.168549 -0.000002
vt  0.335336 0.168549 -0.000002
vt  0.866930 0.168549 -0.000004
vt  0.851314 0.856227 -0.000013
vt  0.944757 0.856227 -0.000042
vt  0.929172 0.856227 -0.000034
vt  0.428738 0.856227 -0.000014
vt  0.413145 0.856227 -0.000017
vt  0.350902 0.856227 -0.000036
vt  0.335330 0.856227 -0.000043
vt  0.866915 0.856227 -0.000016
vt  0.866916 0.834116 -0.000015
vt  0.851314 0.834116 -0.000013
vt  0.944758 0.834116 -0.000041
vt  0.929172 0.834116 -0.000033
vt  0.428738 0.834116 -0.000014
vt  0.413145 0.834116 -0.000016
vt  0.350903 0.834116 -0.000035
vt  0.335331 0.834116 -0.000042
vt  0.890284 0.168549 -0.000005
vt  0.890271 0.834116 -0.000022
vt  0.389796 0.834116 -0.000023
vt  0.906010 0.168549 -0.000006
vt  0.905998 0.834116 -0.000026
vt  0.374072 0.834116 -0.000028
vt  0.413146 0.790304 -0.000016
vt  0.389796 0.790304 -0.000022
vt  0.350903 0.790304 -0.000033
vt  0.374072 0.790304 -0.000026
vt  0.522264 0.461596 -0.000009
vt  0.506663 0.477148 -0.000008
vt  0.483281 0.477148 -0.000007
vt  0.623452 0.477148 -0.000033
vt  0.600102 0.477148 -0.000023
vt  0.584518 0.461596 -0.000018
vt  0.452123 0.508252 -0.000007
vt  0.428745 0.508252 -0.000008
vt  0.413151 0.523804 -0.000010
vt  0.350906 0.523804 -0.000020
vt  0.335333 0.508252 -0.000022
vt  0.311997 0.508252 -0.000030
vt  0.654565 0.508252 -0.000062
vt  0.851322 0.530879 -0.000009
vt  0.827940 0.530879 -0.000008
vt  0.968112 0.530879 -0.000038
vt  0.944761 0.530879 -0.000026
vt  0.929177 0.546431 -0.000022
vt  0.866922 0.546431 -0.000010
vt  0.796783 0.499775 -0.000007
vt  0.773405 0.499775 -0.000008
vt  0.757812 0.484223 -0.000009
vt  0.695567 0.484223 -0.000018
vt  0.679993 0.499775 -0.000022
vt  0.656657 0.499775 -0.000029
vt  0.999225 0.499775 -0.000061
vt  0.452112 0.948257 -0.000013
vt  0.428736 0.948257 -0.000015
vt  0.413143 0.963809 -0.000019
vt  0.350901 0.963809 -0.000042
vt  0.335330 0.948257 -0.000049
vt  0.311995 0.948257 -0.000067
vt  0.654564 0.948257 -0.000129
vt  0.796794 0.059771 -0.000002
vt  0.773415 0.059771 -0.000001
vt  0.757820 0.044219 -0.000000
vt  0.695572 0.044219 0.000004
vt  0.679997 0.059771 0.000005
vt  0.656658 0.059771 0.000009
vt  0.999226 0.059771 0.000006
vt  0.522273 0.022151 -0.000002
vt  0.506673 0.037703 -0.000002
vt  0.483292 0.037703 -0.000002
vt  0.623455 0.037703 0.000002
vt  0.600108 0.037703 -0.000000
vt  0.584526 0.022151 -0.000001
vt  0.851311 0.970324 -0.000014
vt  0.827929 0.970324 -0.000013
vt  0.968109 0.970324 -0.000073
vt  0.944756 0.970324 -0.000048
vt  0.929169 0.985876 -0.000039
vt  0.866912 0.985876 -0.000018
vt  0.866912 0.998875 -0.000018
vt  0.851310 0.998875 -0.000015
vt  0.827928 0.998875 -0.000013
vt  0.796771 0.998875 -0.000014
vt  0.773395 0.998875 -0.000016
vt  0.757802 0.998875 -0.000020
vt  0.656655 0.998875 -0.000072
vt  0.968109 0.998875 -0.000075
vt  0.944755 0.998875 -0.000050
vt  0.929169 0.998875 -0.000040
vt  0.866934 0.003548 -0.000002
vt  0.851334 0.003548 -0.000002
vt  0.827953 0.003548 -0.000002
vt  0.796795 0.003548 -0.000001
vt  0.773416 0.003548 -0.000000
vt  0.757820 0.003548 0.000001
vt  0.656659 0.003548 0.000014
vt  0.968115 0.003548 0.000005
vt  0.944768 0.003548 0.000001
vt  0.929186 0.003548 0.000000
vt  0.999224 0.998875 -0.000137
vt  0.999226 0.003548 0.000014
vt  0.522252 0.998875 -0.000018
vt  0.506650 0.998875 -0.000015
vt  0.483268 0.998875 -0.000013
vt  0.452111 0.998875 -0.000014
vt  0.428734 0.998875 -0.000016
vt  0.413142 0.998875 -0.000020
vt  0.350901 0.998875 -0.000043
vt  0.335329 0.998875 -0.000052
vt  0.311995 0.998875 -0.000072
vt  0.623449 0.998875 -0.000075
vt  0.522274 0.003548 -0.000002
vt  0.506674 0.003548 -0.000002
vt  0.483293 0.003548 -0.000002
vt  0.452135 0.003548 -0.000001
vt  0.428756 0.003548 -0.000000
vt  0.413160 0.003548 0.000001
vt  0.350913 0.003548 0.000006
vt  0.335338 0.003548 0.000008
vt  0.311999 0.003548 0.000014
vt  0.623455 0.003548 0.000005
vt  0.654564 0.998875 -0.000137
vt  0.654566 0.003548 0.000014
vt  0.866931 0.146205 -0.000004
vt  0.851331 0.146205 -0.000004
vt  0.944766 0.146205 -0.000006
vt  0.929184 0.146205 -0.000006
vt  0.428753 0.146205 -0.000003
vt  0.413158 0.146205 -0.000002
vt  0.350911 0.146205 -0.000001
vt  0.335336 0.146205 -0.000000
vt  0.851330 0.168549 -0.000004
vt  0.944766 0.168549 -0.000007
vt  0.929183 0.168549 -0.000006
vt  0.428752 0.168549 -0.000003
vt  0.413157 0.168549 -0.000003
vt  0.350911 0.168549 -0.000002
vt  0.335336 0.168549 -0.000002
vt  0.866930 0.168549 -0.000004
vt  0.851314 0.856227 -0.000013
vt  0.944757 0.856227 -0.000042
vt  0.929172 0.856227 -0.000034
vt  0.428738 0.856227 -0.000014
vt  0.413145 0.856227 -0.000017
vt  0.350902 0.856227 -0.000036
vt  0.335330 0.856227 -0.000043
vt  0.866915 0.856227 -0.000016
vt  0.866916 0.834116 -0.000015
vt  0.851314 0.834116 -0.000013
vt  0.944758 0.834116 -0.000041
vt  0.929172 0.834116 -0.000033
vt  0.428738 0.834116 -0.000014
vt  0.413145 0.834116 -0.000016
vt  0.350903 0.834116 -0.000035
vt  0.335331 0.834116 -0.000042
vt  0.890284 0.168549 -0.000005
vt  0.890271 0.834116 -0.000022
vt  0.389796 0.834116 -0.000023
vt  0.906010 0.168549 -0.000006
vt  0.905998 0.834116 -0.000026
vt  0.374072 0.834116 -0.000028
vt  0.413146 0.790304 -0.000016
vt  0.389796 0.790304 -0.000022
vt  0.350903 0.790304 -0.000033
vt  0.374072 0.790304 -0.000026
vt  0.522264 0.461596 -0.000009
vt  0.506663 0.477148 -0.000008
vt  0.483281 0.477148 -0.000007
vt  0.623452 0.477148 -0.000033
vt  0.600102 0.477148 -0.000023
vt  0.584518 0.461596 -0.000018
vt  0.452123 0.508252 -0.000007
vt  0.428745 0.508252 -0.000008
vt  0.413151 0.523804 -0.000010
vt  0.350906 0.523804 -0.000020
vt  0.335333 0.508252 -0.000022
vt  0.311997 0.508252 -0.000030
vt  0.654565 0.508252 -0.000062
vt  0.851322 0.530879 -0.000009
vt  0.827940 0.530879 -0.000008
vt  0.968112 0.530879 -0.000038
vt  0.944761 0.530879 -0.000026
vt  0.929177 0.546431 -0.000022
vt  0.866922 0.546431 -0.000010
vt  0.796783 0.499775 -0.000007
vt  0.773405 0.499775 -0.000008
vt  0.757812 0.484223 -0.000009
vt  0.695567 0.484223 -0.000018
vt  0.679993 0.499775 -0.000022
vt  0.656657 0.499775 -0.000029
vt  0.999225 0.499775 -0.000061
vt  0.452112 0.948257 -0.000013
vt  0.428736 0.948257 -0.000015
vt  0.413143 0.963809 -0.000019
vt  0.350901 0.963809 -0.000042
vt  0.335330 0.948257 -0.000049
vt  0.311995 0.948257 -0.000067
vt  0.654564 0.948257 -0.000129
vt  0.796794 0.059771 -0.000002
vt  0.773415 0.059771 -0.000001
vt  0.757820 0.044219 -0.000000
vt  0.695572 0.044219 0.000004
vt  0.679997 0.059771 0.000005
vt  0.656658 0.059771 0.000009
vt  0.999226 0.059771 0.000006
vt  0.522273 0.022151 -0.000002
vt  0.506673 0.037703 -0.000002
vt  0.483292 0.037703 -0.000002
vt  0.623455 0.037703 0.000002
vt  0.600108 0.037703 -0.000000
vt  0.584526 0.022151 -0.000001
vt  0.851311 0.970324 -0.000014
vt  0.827929 0.970324 -0.000013
vt  0.968109 0.970324 -0.000073
vt  0.944756 0.970324 -0.000048
vt  0.929169 0.985876 -0.000039
vt  0.866912 0.985876 -0.000018
vt  0.004043 0.995622 4.000000
vt  0.004043 0.964102 4.000000
vt  0.051322 0.964102 4.000000
vt  0.051322 0.901064 4.000000
vt  0.130120 0.869545 4.000000
vt  0.130120 0.901064 4.000000
vt  0.082841 0.901064 4.000000
vt  0.082841 0.964102 4.000000
vt  0.130120 0.964102 4.000000
vt  0.130120 0.995622 4.000000
vt  0.051788 0.829404 4.000000
vt  0.051788 0.766366 4.000000
vt  0.004509 0.766366 4.000000
vt  0.004509 0.734847 4.000000
vt  0.130586 0.734847 4.000000
vt  0.130586 0.766366 4.000000
vt  0.083307 0.766366 4.000000
vt  0.083307 0.829404 4.000000
vt  0.130586 0.829404 4.000000
vt  0.130586 0.860923 4.000000
vt  0.004043 0.995622 4.000000
vt  0.004043 0.964102 4.000000
vt  0.051322 0.964102 4.000000
vt  0.051322 0.901064 4.000000
vt  0.004043 0.901064 4.000000
vt  0.004043 0.869545 4.000000
vt  0.082841 0.901064 4.000000
vt  0.082841 0.964102 4.000000
vt  0.130120 0.964102 4.000000
vt  0.130120 0.995622 4.000000
vt  0.004509 0.860923 4.000000
vt  0.004509 0.829404 4.000000
vt  0.051788 0.829404 4.000000
vt  0.051788 0.766366 4.000000
vt  0.004509 0.766366 4.000000
vt  0.004509 0.734847 4.000000
vt  0.130586 0.734847 4.000000
vt  0.130586 0.766366 4.000000
vt  0.083307 0.766366 4.000000
vt  0.083307 0.829404 4.000000
vt  0.146551 0.995622 -4.000000
vt  0.146551 0.964102 -4.000000
vt  0.193830 0.964102 -4.000000
vt  0.193830 0.901064 -4.000000
vt  0.272628 0.869545 -4.000000
vt  0.272628 0.901064 -4.000000
vt  0.225349 0.901064 -4.000000
vt  0.225349 0.964102 -4.000000
vt  0.272628 0.964102 -4.000000
vt  0.272628 0.995622 -4.000000
vt  0.194296 0.829404 -4.000000
vt  0.194296 0.766366 -4.000000
vt  0.147017 0.766366 -4.000000
vt  0.147017 0.734847 -4.000000
vt  0.273094 0.734847 -4.000000
vt  0.273094 0.766366 -4.000000
vt  0.225815 0.766366 -4.000000
vt  0.225815 0.829404 -4.000000
vt  0.273094 0.829404 -4.000000
vt  0.273094 0.860923 -4.000000
vt  0.146551 0.995622 -4.000000
vt  0.146551 0.964102 -4.000000
vt  0.193830 0.964102 -4.000000
vt  0.193830 0.901064 -4.000000
vt  0.146551 0.901064 -4.000000
vt  0.146551 0.869545 -4.000000
vt  0.225349 0.901064 -4.000000
vt  0.225349 0.964102 -4.000000
vt  0.272628 0.964102 -4.000000
vt  0.272628 0.995622 -4.000000
vt  0.147017 0.860923 -4.000000
vt  0.147017 0.829404 -4.000000
vt  0.194296 0.829404 -4.000000
vt  0.194296 0.766366 -4.000000
vt  0.147017 0.766366 -4.000000
vt  0.147017 0.734847 -4.000000
vt  0.273094 0.734847 -4.000000
vt  0.273094 0.766366 -4.000000
vt  0.225815 0.766366 -4.000000
vt  0.225815 0.829404 -4.000000
vt  0.726682 0.998875 -0.000032
vt  0.726696 0.003548 0.000003
vt  0.664433 0.998875 -0.000065
vt  0.664438 0.003548 0.000012
vt  0.067081 0.869545 4.000000
vt  0.098601 0.901064 4.000000
vt  0.209590 0.869545 -4.000000
vt  0.241109 0.901064 -4.000000
vt  0.491062 0.998875 -0.000014
vt  0.491087 0.003548 -0.000002
vt  0.553381 0.998875 -0.000029
vt  0.553400 0.003548 -0.000001
vt  0.036028 0.829404 4.000000
vt  0.067548 0.860923 4.000000
vt  0.178537 0.829404 -4.000000
vt  0.210056 0.860923 -4.000000
vt  0.788979 0.998875 -0.000014
vt  0.789002 0.003548 -0.000001
vt  0.726682 0.998875 -0.000032
vt  0.726696 0.003548 0.000003
vt  0.615664 0.998875 -0.000067
vt  0.615673 0.003548 0.000004
vt  0.553381 0.998875 -0.000029
vt  0.553400 0.003548 -0.000001
vt  0.035563 0.901064 4.000000
vt  0.067082 0.869545 4.000000
vt  0.099067 0.829404 4.000000
vt  0.067548 0.860923 4.000000
vt  0.178071 0.901064 -4.000000
vt  0.209590 0.869545 -4.000000
vt  0.241575 0.829404 -4.000000
vt  0.210055 0.860923 -4.000000
vt  0.866912 0.998875 -0.000018
vt  0.851310 0.998875 -0.000015
vt  0.827928 0.998875 -0.000013
vt  0.796771 0.998875 -0.000014
vt  0.695561 0.998875 -0.000043
vt  0.679989 0.998875 -0.000052
vt  0.656655 0.998875 -0.000072
vt  0.968109 0.998875 -0.000075
vt  0.944755 0.998875 -0.000050
vt  0.929169 0.998875 -0.000040
vt  0.866934 0.003548 -0.000002
vt  0.851334 0.003548 -0.000002
vt  0.827953 0.003548 -0.000002
vt  0.796795 0.003548 -0.000001
vt  0.695573 0.003548 0.000006
vt  0.679998 0.003548 0.000008
vt  0.656659 0.003548 0.000014
vt  0.968115 0.003548 0.000005
vt  0.944768 0.003548 0.000001
vt  0.929186 0.003548 0.000000
vt  0.999224 0.998875 -0.000137
vt  0.999226 0.003548 0.000014
vt  0.483268 0.998875 -0.000013
vt  0.452111 0.998875 -0.000014
vt  0.428734 0.998875 -0.000016
vt  0.413142 0.998875 -0.000020
vt  0.350901 0.998875 -0.000043
vt  0.335329 0.998875 -0.000052
vt  0.311995 0.998875 -0.000072
vt  0.623449 0.998875 -0.000075
vt  0.600095 0.998875 -0.000050
vt  0.584509 0.998875 -0.000040
vt  0.483293 0.003548 -0.000002
vt  0.452135 0.003548 -0.000001
vt  0.428756 0.003548 -0.000000
vt  0.413160 0.003548 0.000001
vt  0.350913 0.003548 0.000006
vt  0.335338 0.003548 0.000008
vt  0.311999 0.003548 0.000014
vt  0.623455 0.003548 0.000005
vt  0.600108 0.003548 0.000001
vt  0.584526 0.003548 0.000000
vt  0.654564 0.998875 -0.000137
vt  0.654566 0.003548 0.000014
vt  0.866931 0.146205 -0.000004
vt  0.851331 0.146205 -0.000004
vt  0.428753 0.146205 -0.000003
vt  0.413158 0.146205 -0.000002
vt  0.851314 0.856227 -0.000013
vt  0.428738 0.856227 -0.000014
vt  0.413145 0.856227 -0.000017
vt  0.866915 0.856227 -0.000016
vt  0.413143 0.963809 -0.000019
vt  0.757820 0.044219 -0.000000
vt  0.522273 0.022151 -0.000002
vt  0.866912 0.985876 -0.000018
vt  0.866912 0.998875 -0.000018
vt  0.851310 0.998875 -0.000015
vt  0.827928 0.998875 -0.000013
vt  0.796771 0.998875 -0.000014
vt  0.773395 0.998875 -0.000016
vt  0.757802 0.998875 -0.000020
vt  0.656655 0.998875 -0.000072
vt  0.968109 0.998875 -0.000075
vt  0.944755 0.998875 -0.000050
vt  0.929169 0.998875 -0.000040
vt  0.866934 0.003548 -0.000002
vt  0.851334 0.003548 -0.000002
vt  0.827953 0.003548 -0.000002
vt  0.796795 0.003548 -0.000001
vt  0.773416 0.003548 -0.000000
vt  0.757820 0.003548 0.000001
vt  0.656659 0.003548 0.000014
vt  0.968115 0.003548 0.000005
vt  0.944768 0.003548 0.000001
vt  0.929186 0.003548 0.000000
vt  0.999224 0.998875 -0.000137
vt  0.999226 0.003548 0.000014
vt  0.522252 0.998875 -0.000018
vt  0.506650 0.998875 -0.000015
vt  0.483268 0.998875 -0.000013
vt  0.452111 0.998875 -0.000014
vt  0.428734 0.998875 -0.000016
vt  0.413142 0.998875 -0.000020
vt  0.350901 0.998875 -0.000043
vt  0.335329 0.998875 -0.000052
vt  0.311995 0.998875 -0.000072
vt  0.623449 0.998875 -0.000075
vt  0.522274 0.003548 -0.000002
vt  0.506674 0.003548 -0.000002
vt  0.483293 0.003548 -0.000002
vt  0.452135 0.003548 -0.000001
vt  0.428756 0.003548 -0.000000
vt  0.413160 0.003548 0.000001
vt  0.350913 0.003548 0.000006
vt  0.335338 0.003548 0.000008
vt  0.311999 0.003548 0.000014
vt  0.623455 0.003548 0.000005
vt  0.654564 0.998875 -0.000137
vt  0.654566 0.003548 0.000014
vt  0.944766 0.146205 -0.000006
vt  0.929184 0.146205 -0.000006
vt  0.350911 0.146205 -0.000001
vt  0.335336 0.146205 -0.000000
vt  0.944757 0.856227 -0.000042
vt  0.929172 0.856227 -0.000034
vt  0.350902 0.856227 -0.000036
vt  0.335330 0.856227 -0.000043
vt  0.350901 0.963809 -0.000042
vt  0.695572 0.044219 0.000004
vt  0.584526 0.022151 -0.000001
vt  0.929169 0.985876 -0.000039
vt  0.004043 0.995622 4.000000
vt  0.004043 0.964102 4.000000
vt  0.051322 0.964102 4.000000
vt  0.051322 0.901064 4.000000
vt  0.130120 0.869545 4.000000
vt  0.130120 0.901064 4.000000
vt  0.082841 0.901064 4.000000
vt  0.082841 0.964102 4.000000
vt  0.130120 0.964102 4.000000
vt  0.130120 0.995622 4.000000
vt  0.051788 0.829404 4.000000
vt  0.051788 0.766366 4.000000
vt  0.004509 0.766366 4.000000
vt  0.004509 0.734847 4.000000
vt  0.130586 0.734847 4.000000
vt  0.130586 0.766366 4.000000
vt  0.083307 0.766366 4.000000
vt  0.083307 0.829404 4.000000
vt  0.130586 0.829404 4.000000
vt  0.130586 0.860923 4.000000
vt  0.004043 0.995622 4.000000
vt  0.004043 0.964102 4.000000
vt  0.051322 0.964102 4.000000
vt  0.051322 0.901064 4.000000
vt  0.004043 0.901064 4.000000
vt  0.004043 0.869545 4.000000
vt  0.082841 0.901064 4.000000
vt  0.082841 0.964102 4.000000
vt  0.130120 0.964102 4.000000
vt  0.130120 0.995622 4.000000
vt  0.004509 0.860923 4.000000
vt  0.004509 0.829404 4.000000
vt  0.051788 0.829404 4.000000
vt  0.051788 0.766366 4.000000
vt  0.004509 0.766366 4.000000
vt  0.004509 0.734847 4.000000
vt  0.130586 0.734847 4.000000
vt  0.130586 0.766366 4.000000
vt  0.083307 0.766366 4.000000
vt  0.083307 0.829404 4.000000
vt  0.146551 0.995622 -4.000000
vt  0.146551 0.964102 -4.000000
vt  0.193830 0.964102 -4.000000
vt  0.193830 0.901064 -4.000000
vt  0.272628 0.869545 -4.000000
vt  0.272628 0.901064 -4.000000
vt  0.225349 0.901064 -4.000000
vt  0.225349 0.964102 -4.000000
vt  0.272628 0.964102 -4.000000
vt  0.272628 0.995622 -4.000000
vt  0.194296 0.829404 -4.000000
vt  0.194296 0.766366 -4.000000
vt  0.147017 0.766366 -4.000000
vt  0.147017 0.734847 -4.000000
vt  0.273094 0.734847 -4.000000
vt  0.273094 0.766366 -4.000000
vt  0.225815 0.766366 -4.000000
vt  0.225815 0.829404 -4.000000
vt  0.273094 0.829404 -4.000000
vt  0.273094 0.860923 -4.000000
vt  0.146551 0.995622 -4.000000
vt  0.146551 0.964102 -4.000000
vt  0.193830 0.964102 -4.000000
vt  0.193830 0.901064 -4.000000
vt  0.146551 0.901064 -4.000000
vt  0.146551 0.869545 -4.000000
vt  0.225349 0.901064 -4.000000
vt  0.225349 0.964102 -4.000000
vt  0.272628 0.964102 -4.000000
vt  0.272628 0.995622 -4.000000
vt  0.147017 0.860923 -4.000000
vt  0.147017 0.829404 -4.000000
vt  0.194296 0.829404 -4.000000
vt  0.194296 0.766366 -4.000000
vt  0.147017 0.766366 -4.000000
vt  0.147017 0.734847 -4.000000
vt  0.273094 0.734847 -4.000000
vt  0.273094 0.766366 -4.000000
vt  0.225815 0.766366 -4.000000
vt  0.225815 0.829404 -4.000000
vt  0.788979 0.998875 -0.000014
vt  0.789002 0.003548 -0.000001
vt  0.726682 0.998875 -0.000032
vt  0.726696 0.003548 0.000003
vt  0.035562 0.901064 4.000000
vt  0.067081 0.869545 4.000000
vt  0.178070 0.901064 -4.000000
vt  0.209589 0.869545 -4.000000
vt  0.615664 0.998875 -0.000067
vt  0.615672 0.003548 0.000004
vt  0.553381 0.998875 -0.000029
vt  0.553400 0.003548 -0.000001
vt  0.099067 0.829404 4.000000
vt  0.067548 0.860923 4.000000
vt  0.241575 0.829404 -4.000000
vt  0.210056 0.860923 -4.000000
vt  0.491062 0.998875 -0.000014
vt  0.491087 0.003548 -0.000002
vt  0.553381 0.998875 -0.000029
vt  0.553400 0.003548 -0.000001
vt  0.726682 0.998875 -0.000032
vt  0.726696 0.003548 0.000003
vt  0.664433 0.998875 -0.000065
vt  0.664438 0.003548 0.000012
vt  0.036028 0.829404 4.000000
vt  0.067548 0.860923 4.000000
vt  0.067081 0.869545 4.000000
vt  0.098601 0.901064 4.000000
vt  0.178537 0.829404 -4.000000
vt  0.210056 0.860923 -4.000000
vt  0.209590 0.869545 -4.000000
vt  0.241109 0.901064 -4.000000
vt  0.851314 0.827803 -0.000013
vt  0.827932 0.827803 -0.000011
vt  0.796775 0.858907 -0.000012
vt  0.695562 0.874459 -0.000037
vt  0.679990 0.858907 -0.000043
vt  0.656656 0.858907 -0.000060
vt  0.999224 0.858907 -0.000116
vt  0.968110 0.827803 -0.000062
vt  0.944758 0.827803 -0.000041
vt  0.866916 0.812236 -0.000015
vt  0.929172 0.812236 -0.000032
vt  0.905998 0.812236 -0.000026
vt  0.890271 0.812236 -0.000021
vt  0.467389 0.493013 -0.000007
vt  0.812363 0.515329 -0.000007
vt  0.639321 0.493013 -0.000047
vt  0.983667 0.515329 -0.000050
vt  0.983648 0.954776 -0.000100
vt  0.983633 0.734575 -0.000083
vt  0.983633 0.734575 -0.000083
vt  0.812369 0.954776 -0.000013
vt  0.812362 0.522978 -0.000008
vt  0.812362 0.522978 -0.000008
vt  0.851314 0.827803 -0.000013
vt  0.827932 0.827803 -0.000011
vt  0.796775 0.858907 -0.000012
vt  0.773398 0.858907 -0.000014
vt  0.757805 0.874459 -0.000017
vt  0.656656 0.858907 -0.000060
vt  0.999224 0.858907 -0.000116
vt  0.968110 0.827803 -0.000062
vt  0.944758 0.827803 -0.000041
vt  0.866916 0.812236 -0.000015
vt  0.929172 0.812236 -0.000032
vt  0.905998 0.812236 -0.000026
vt  0.890271 0.812236 -0.000021
vt  0.467389 0.493013 -0.000007
vt  0.812363 0.515329 -0.000007
vt  0.639321 0.493013 -0.000047
vt  0.983667 0.515329 -0.000050
vt  0.983648 0.954776 -0.000100
vt  0.983633 0.734575 -0.000083
vt  0.983633 0.734575 -0.000083
vt  0.812369 0.954776 -0.000013
vt  0.812362 0.522978 -0.000008
vt  0.812362 0.522978 -0.000008
vt  0.726683 0.874459 -0.000027
vt  0.664434 0.858907 -0.000054
vt  0.788982 0.858907 -0.000013
vt  0.726683 0.874459 -0.000027
vt  0.851313 0.905563 -0.000014
vt  0.827931 0.882235 -0.000012
vt  0.796774 0.882235 -0.000012
vt  0.773397 0.905563 -0.000015
vt  0.757804 0.905563 -0.000018
vt  0.656656 0.866683 -0.000060
vt  0.999225 0.866683 -0.000117
vt  0.968110 0.866683 -0.000065
vt  0.944757 0.843355 -0.000042
vt  0.506653 0.905563 -0.000014
vt  0.522254 0.905563 -0.000016
vt  0.483271 0.882235 -0.000012
vt  0.452114 0.882235 -0.000012
vt  0.428737 0.905563 -0.000015
vt  0.335331 0.843355 -0.000042
vt  0.311996 0.866683 -0.000060
vt  0.654564 0.866683 -0.000117
vt  0.623450 0.866683 -0.000065
vt  0.866914 0.905586 -0.000016
vt  0.916324 0.856227 -0.000030
vt  0.413144 0.905603 -0.000018
vt  0.363721 0.856227 -0.000032
vt  0.363719 0.963809 -0.000037
vt  0.929172 0.843356 -0.000033
vt  0.350902 0.843382 -0.000036
vt  0.341855 0.954774 -0.000046
vt  0.350901 0.945675 -0.000041
vt  0.938243 0.976823 -0.000044
vt  0.929170 0.967730 -0.000038
vt  0.916322 0.985876 -0.000035
vt  0.927027 0.970755 -0.000038
vt  0.929170 0.967730 -0.000038
vt  0.927027 0.970755 -0.000038
vt  0.615665 0.858907 -0.000057
vt  0.553383 0.874459 -0.000025
vt  0.726684 0.874459 -0.000027
vt  0.664434 0.858907 -0.000054
vt  0.483290 0.143516 -0.000003
vt  0.452131 0.174620 -0.000003
vt  0.428752 0.174620 -0.000003
vt  0.335336 0.174620 -0.000002
vt  0.311998 0.174620 -0.000001
vt  0.654566 0.174620 -0.000012
vt  0.623454 0.143516 -0.000006
vt  0.600106 0.143516 -0.000006
vt  0.584524 0.127964 -0.000005
vt  0.413157 0.190290 -0.000003
vt  0.413146 0.812166 -0.000016
vt  0.350910 0.190290 -0.000003
vt  0.350903 0.812167 -0.000034
vt  0.389796 0.812197 -0.000023
vt  0.812363 0.075293 -0.000002
vt  0.983680 0.075293 0.000002
vt  0.374072 0.812197 -0.000027
vt  0.812364 0.514776 -0.000007
vt  0.506671 0.143516 -0.000004
vt  0.522271 0.127964 -0.000004
vt  0.483290 0.143516 -0.000003
vt  0.452131 0.174620 -0.000003
vt  0.428752 0.174620 -0.000003
vt  0.335336 0.174620 -0.000002
vt  0.311998 0.174620 -0.000001
vt  0.654566 0.174620 -0.000012
vt  0.623454 0.143516 -0.000006
vt  0.413157 0.190290 -0.000003
vt  0.413146 0.812166 -0.000016
vt  0.350910 0.190290 -0.000003
vt  0.350903 0.812167 -0.000034
vt  0.389796 0.812197 -0.000023
vt  0.812363 0.075293 -0.000002
vt  0.983680 0.075293 0.000002
vt  0.374072 0.812197 -0.000027
vt  0.812364 0.514776 -0.000007
vt  0.983784 0.514893 -0.000051
vt  0.491083 0.143516 -0.000003
vt  0.553397 0.127964 -0.000004
vt  0.615671 0.143516 -0.000006
vt  0.553397 0.127964 -0.000004
vt  0.851331 0.159068 -0.000004
vt  0.827950 0.135740 -0.000003
vt  0.796792 0.135740 -0.000003
vt  0.695571 0.096860 0.000002
vt  0.679997 0.096860 0.000003
vt  0.656658 0.120188 0.000004
vt  0.999226 0.120188 -0.000003
vt  0.968114 0.120188 -0.000005
vt  0.944767 0.096860 -0.000004
vt  0.929184 0.096840 -0.000004
vt  0.879772 0.146205 -0.000004
vt  0.535115 0.022151 -0.000002
vt  0.483290 0.135740 -0.000003
vt  0.452132 0.135740 -0.000003
vt  0.428753 0.159068 -0.000003
vt  0.400343 0.146205 -0.000002
vt  0.745005 0.044219 0.000001
vt  0.350911 0.096823 0.000002
vt  0.335337 0.096860 0.000003
vt  0.311998 0.120188 0.000004
vt  0.654566 0.120188 -0.000003
vt  0.623454 0.120188 -0.000005
vt  0.600107 0.096860 -0.000004
vt  0.584524 0.096860 -0.000004
vt  0.866930 0.159139 -0.000004
vt  0.513243 0.031153 -0.000002
vt  0.413157 0.159148 -0.000003
vt  0.766853 0.053227 -0.000001
vt  0.757819 0.062339 -0.000001
vt  0.522273 0.040284 -0.000002
vt  0.788999 0.143516 -0.000003
vt  0.726695 0.127964 -0.000001
vt  0.491083 0.143516 -0.000003
vt  0.553397 0.127964 -0.000004
vt  0.851330 0.174620 -0.000004
vt  0.944766 0.174620 -0.000007
vt  0.866930 0.190259 -0.000005
vt  0.929183 0.190259 -0.000007
vt  0.906010 0.190259 -0.000006
vt  0.638957 0.053185 0.000003
vt  0.890283 0.190259 -0.000006
vt  0.467767 0.053185 -0.000002
vt  0.812087 0.515011 -0.000007
vt  0.467703 0.492700 -0.000007
vt  0.639008 0.492700 -0.000047
vt  0.983851 0.514932 -0.000051
vt  0.851330 0.174620 -0.000004
vt  0.944766 0.174620 -0.000007
vt  0.866930 0.190259 -0.000005
vt  0.929183 0.190259 -0.000007
vt  0.906010 0.190259 -0.000006
vt  0.638957 0.053185 0.000003
vt  0.890283 0.190259 -0.000006
vt  0.467767 0.053185 -0.000002
vt  0.812087 0.515011 -0.000007
vt  0.983985 0.515011 -0.000051
vt  0.639008 0.492700 -0.000047
vt  0.467703 0.492700 -0.000007
vt  0.664438 0.143516 0.000001
vt  0.726695 0.127964 -0.000001
vt  0.866932 0.096840 -0.000003
vt  0.851332 0.096860 -0.000003
vt  0.944766 0.159068 -0.000007
vt  0.916342 0.146205 -0.000005
vt  0.571684 0.022151 -0.000001
vt  0.522272 0.096860 -0.000003
vt  0.428754 0.096860 -0.000002
vt  0.413159 0.096823 -0.000001
vt  0.363725 0.146205 -0.000001
vt  0.708387 0.044219 0.000003
vt  0.335336 0.159068 -0.000001
vt  0.929183 0.159139 -0.000006
vt  0.593545 0.031153 -0.000001
vt  0.350911 0.159148 -0.000002
vt  0.686550 0.053227 0.000005
vt  0.695572 0.062339 0.000003
vt  0.584525 0.040284 -0.000001
vt  0.553397 0.127964 -0.000004
vt  0.664438 0.143516 0.000001
vt  0.827949 0.174620 -0.000004
vt  0.796792 0.143516 -0.000003
vt  0.695571 0.127964 -0.000000
vt  0.679996 0.143516 -0.000000
vt  0.656658 0.143516 0.000002
vt  0.999226 0.143516 -0.000007
vt  0.968114 0.174620 -0.000009
vt  0.827949 0.174620 -0.000004
vt  0.796792 0.143516 -0.000003
vt  0.773413 0.143516 -0.000002
vt  0.757818 0.127964 -0.000002
vt  0.656658 0.143516 0.000002
vt  0.999226 0.143516 -0.000007
vt  0.968114 0.174620 -0.000009
vt  0.726695 0.127964 -0.000001
vt  0.788999 0.143516 -0.000003
vt  0.827950 0.120188 -0.000003
vt  0.796793 0.120188 -0.000002
vt  0.773414 0.096860 -0.000002
vt  0.757819 0.096860 -0.000001
vt  0.656658 0.135740 0.000003
vt  0.999226 0.135740 -0.000006
vt  0.968114 0.135740 -0.000006
vt  0.506672 0.096860 -0.000003
vt  0.483290 0.120188 -0.000003
vt  0.452133 0.120188 -0.000002
vt  0.311998 0.135740 0.000003
vt  0.654566 0.135740 -0.000006
vt  0.623454 0.135740 -0.000006
vt  0.615671 0.143516 -0.000006
vt  0.726695 0.127964 -0.000001
vt  0.483272 0.858907 -0.000011
vt  0.452115 0.827803 -0.000011
vt  0.428738 0.827803 -0.000013
vt  0.335331 0.827803 -0.000042
vt  0.654565 0.827803 -0.000111
vt  0.311996 0.827803 -0.000057
vt  0.623450 0.858907 -0.000064
vt  0.600097 0.858907 -0.000042
vt  0.584511 0.874459 -0.000035
vt  0.413146 0.812237 -0.000016
vt  0.389796 0.812237 -0.000023
vt  0.467672 0.932705 -0.000012
vt  0.350903 0.812237 -0.000034
vt  0.374072 0.812237 -0.000027
vt  0.639026 0.932705 -0.000099
vt  0.506654 0.858907 -0.000013
vt  0.483272 0.858907 -0.000011
vt  0.452115 0.827803 -0.000011
vt  0.428738 0.827803 -0.000013
vt  0.335331 0.827803 -0.000042
vt  0.654565 0.827803 -0.000111
vt  0.311996 0.827803 -0.000057
vt  0.623450 0.858907 -0.000064
vt  0.413146 0.812237 -0.000016
vt  0.389796 0.812237 -0.000023
vt  0.467672 0.932705 -0.000012
vt  0.350903 0.812237 -0.000034
vt  0.374072 0.812237 -0.000027
vt  0.639026 0.932705 -0.000099
vt  0.553383 0.874459 -0.000025
vt  0.615665 0.858907 -0.000057
vt  0.851314 0.843355 -0.000013
vt  0.827931 0.866683 -0.000011
vt  0.796774 0.866683 -0.000012
vt  0.695562 0.905563 -0.000039
vt  0.679990 0.905563 -0.000046
vt  0.656655 0.882235 -0.000062
vt  0.999224 0.882235 -0.000119
vt  0.968109 0.882235 -0.000066
vt  0.944757 0.905563 -0.000045
vt  0.483271 0.866683 -0.000011
vt  0.452114 0.866683 -0.000012
vt  0.428738 0.843355 -0.000014
vt  0.335330 0.905563 -0.000046
vt  0.654564 0.882235 -0.000119
vt  0.311995 0.882235 -0.000062
vt  0.623449 0.882235 -0.000066
vt  0.600097 0.905563 -0.000045
vt  0.584511 0.905563 -0.000036
vt  0.929171 0.905586 -0.000036
vt  0.879763 0.856227 -0.000019
vt  0.350902 0.905603 -0.000039
vt  0.400327 0.856227 -0.000021
vt  0.400325 0.963809 -0.000024
vt  0.866916 0.843356 -0.000015
vt  0.413145 0.843382 -0.000017
vt  0.422201 0.954774 -0.000017
vt  0.413143 0.945674 -0.000019
vt  0.866913 0.967729 -0.000017
vt  0.857831 0.976823 -0.000016
vt  0.879760 0.985876 -0.000022
vt  0.866913 0.967729 -0.000017
vt  0.788982 0.858907 -0.000013
vt  0.553383 0.874459 -0.000025
vt  0.522255 0.874459 -0.000016
vt  0.491066 0.858907 -0.000012
vt  0.553383 0.874459 -0.000025
vt  0.726683 0.874459 -0.000027
vt  0.491066 0.858907 -0.000012
vt  0.467703 0.493014 -0.000007
vt  0.639008 0.493014 -0.000047
vt  0.467703 0.493014 -0.000007
vt  0.639008 0.493014 -0.000047
# 1844 texture vertices

vn  -2.000000 0.000000 0.000000
vn  -1.000000 0.000000 0.000000
vn  -2.000000 0.000000 0.000000
vn  -1.000000 0.000000 0.000000
vn  1.000000 0.000000 0.000000
vn  2.000000 0.000000 0.000000
vn  0.000000 -2.000000 -0.000001
vn  2.000000 0.000000 0.000000
vn  0.000000 1.000000 -0.000000
vn  1.000000 0.000000 0.000000
vn  -2.000000 0.000000 0.000000
vn  -0.000001 4.000000 0.000000
vn  0.000000 0.000000 -3.000000
vn  0.000000 0.000000 -4.000000
vn  0.000000 0.000000 -1.000000
vn  0.000000 0.000000 -4.000000
vn  0.000000 0.000000 -3.000000
vn  2.000000 0.000000 0.000000
vn  1.000000 0.000000 0.000000
vn  -1.000000 0.000000 0.000000
vn  -2.000000 0.000000 0.000000
vn  0.000000 -1.000000 -0.000000
vn  -1.000000 0.000000 0.000000
vn  0.000000 1.000000 0.000468
vn  1.000000 0.000000 0.000000
vn  2.000000 0.000000 0.000000
vn  1.000000 0.000000 0.000000
vn  0.000000 2.000000 0.000001
vn  1.000000 0.000000 0.000000
vn  -1.000000 0.000000 0.000000
vn  -2.000000 0.000000 0.000000
vn  2.000000 0.000000 0.000000
vn  2.000000 0.000000 0.000000
vn  -2.000000 0.000000 0.000000
vn  2.000000 0.000000 0.000000
vn  0.000000 2.000000 0.000000
vn  2.000000 0.000000 0.000000
vn  1.000000 0.000000 0.000000
vn  -3.000000 0.000000 0.000000
vn  0.000000 -2.000000 -0.000000
vn  -4.000000 0.000000 0.000000
vn  -3.000000 0.000000 0.000000
vn  0.000001 2.000000 -0.000000
vn  -0.000001 -2.000000 -0.000000
vn  3.000000 0.000000 0.000000
vn  -1.000000 0.000000 0.000000
vn  -3.000000 0.000000 0.000000
vn  0.000036 2.000000 0.000005
vn  0.000000 0.707161 -0.707053
vn  0.000031 -2.000000 -0.000005
vn  3.000000 0.000000 0.000000
vn  0.000000 1.414300 1.414127
vn  0.000000 0.707150 0.707063
vn  -2.000000 0.000000 0.000000
vn  0.000000 -0.706710 0.707503
vn  0.001831 -1.413487 1.414937
vn  0.000000 -0.706779 0.707435
vn  1.000000 0.000000 0.000000
vn  0.000000 0.706840 -0.707373
vn  0.003394 -0.706647 -0.707558
vn  0.003394 -1.413426 -1.414992
vn  -2.000000 0.000000 0.000000
vn  0.000255 1.413411 1.415015
vn  1.000000 0.000000 0.000000
vn  0.000000 -1.413303 -1.415124
vn  0.000000 2.000000 0.000003
vn  -4.000000 0.000000 0.000000
vn  -2.000000 0.000000 0.000000
vn  0.000000 2.000000 0.000935
vn  3.000000 0.000000 0.000000
vn  0.000000 2.000000 0.000003
vn  0.001831 -0.706777 0.707434
vn  -1.000000 0.000000 0.000000
vn  -2.000000 0.000000 0.000000
vn  0.000000 2.000000 -0.000934
vn  4.000000 0.000000 0.000000
vn  -0.001838 -1.413487 1.414937
vn  -2.000000 0.000000 0.000000
vn  -1.000000 0.000000 0.000000
vn  -2.000000 0.000000 0.000000
vn  -1.000000 0.000000 0.000000
vn  0.000000 -2.000000 -0.000001
vn  -1.000000 0.000000 0.000000
vn  1.000000 0.000000 0.000000
vn  2.000000 0.000000 0.000000
vn  0.000000 1.000000 -0.000000
vn  1.000000 0.000000 0.000000
vn  -1.000000 0.000000 0.000000
vn  -0.000001 4.000000 0.000000
vn  0.000000 0.000000 -3.000000
vn  0.000000 0.000000 -4.000000
vn  2.000000 0.000000 0.000000
vn  1.000000 0.000000 0.000000
vn  -1.000000 0.000000 0.000000
vn  -2.000000 0.000000 0.000000
vn  0.000000 2.000000 0.000001
vn  -2.000000 0.000000 0.000000
vn  0.000000 -1.000000 -0.000000
vn  -1.000000 0.000000 0.000000
vn  0.000000 1.000000 0.000468
vn  1.000000 0.000000 0.000000
vn  2.000000 0.000000 0.000000
vn  1.000000 0.000000 0.000000
vn  0.000000 0.000000 -1.000000
vn  -1.000000 0.000000 0.000000
vn  0.000000 1.000000 -0.000467
vn  -1.000000 0.000000 0.000000
vn  -2.000000 0.000000 0.000000
vn  2.000000 0.000000 0.000000
vn  2.000000 0.000000 0.000000
vn  -2.000000 0.000000 0.000000
vn  2.000000 0.000000 0.000000
vn  0.000000 2.000000 0.000000
vn  2.000000 0.000000 0.000000
vn  1.000000 0.000000 0.000000
vn  -3.000000 0.000000 0.000000
vn  0.000000 -2.000000 -0.000000
vn  -4.000000 0.000000 0.000000
vn  -3.000000 0.000000 0.000000
vn  0.000001 2.000000 -0.000000
vn  -0.000001 -2.000000 -0.000000
vn  3.000000 0.000000 0.000000
vn  -1.000000 0.000000 0.000000
vn  -3.000000 0.000000 0.000000
vn  0.000036 2.000000 0.000005
vn  0.000031 -2.000000 -0.000005
vn  3.000000 0.000000 0.000000
vn  0.000000 1.414300 1.414127
vn  0.000000 0.707150 0.707063
vn  -2.000000 0.000000 0.000000
vn  0.000000 -0.706710 0.707503
vn  0.001831 -1.413487 1.414937
vn  0.000000 -0.706779 0.707435
vn  1.000000 0.000000 0.000000
vn  0.000000 0.706840 -0.707373
vn  0.003394 -0.706647 -0.707558
vn  0.003394 -1.413426 -1.414992
vn  -2.000000 0.000000 0.000000
vn  0.000255 1.413411 1.415015
vn  1.000000 0.000000 0.000000
vn  0.000000 -1.413303 -1.415124
vn  0.000000 2.000000 0.000003
vn  -4.000000 0.000000 0.000000
vn  -2.000000 0.000000 0.000000
vn  0.000000 2.000000 0.000935
vn  3.000000 0.000000 0.000000
vn  0.000000 2.000000 0.000003
vn  0.001831 -0.706777 0.707434
vn  -1.000000 0.000000 0.000000
vn  -2.000000 0.000000 0.000000
vn  0.000000 2.000000 -0.000934
vn  4.000000 0.000000 0.000000
vn  -0.001838 -1.413487 1.414937
vn  -1.000000 0.000000 0.000000
vn  0.000000 0.000000 -4.000000
vn  0.000000 0.000000 -3.000000
vn  -2.000000 0.000000 0.000000
vn  -1.000000 0.000000 0.000000
vn  0.000000 1.000000 -0.000467
vn  1.000000 0.000000 0.000000
vn  0.000000 -4.000000 -0.000000
vn  0.000000 0.000000 -3.000000
vn  0.000000 0.000000 -1.000000
vn  0.000000 0.000000 -4.000000
vn  -2.000000 0.000000 0.000000
vn  0.000000 0.000000 -1.000000
vn  0.000000 0.000000 -4.000000
vn  0.000000 0.000000 -3.000000
vn  0.000000 0.000000 -2.000000
vn  0.000000 0.000000 -3.000000
vn  0.000000 0.000000 -3.000000
vn  -2.000000 0.000000 0.000000
vn  1.000000 0.000000 0.000000
vn  0.000000 -4.000000 -0.000000
vn  0.000000 0.000000 -2.000000
vn  0.000000 1.414322 -1.414105
vn  -2.000000 0.000000 0.000000
vn  0.000000 0.707161 -0.707053
vn  1.000000 0.000000 0.000000
vn  -1.000000 0.000000 0.000000
vn  -1.000000 0.000000 0.000000
vn  -2.000000 0.000000 0.000000
vn  0.000000 0.707161 -0.707053
vn  0.000000 1.414322 -1.414105
vn  0.000000 0.707161 -0.707053
vn  1.000000 0.000000 0.000000
vn  2.000000 0.000000 0.000000
vn  -1.000000 0.000000 0.000000
vn  2.000000 0.000000 0.000000
vn  0.000037 -1.000000 0.000278
vn  -0.000031 -1.000000 0.000297
vn  2.000000 0.000000 0.000000
vn  -1.000000 0.000000 0.000000
vn  2.000000 0.000000 0.000000
vn  0.000037 -1.000000 0.000278
vn  -0.000031 -1.000000 0.000297
vn  -0.000001 2.000000 0.000000
vn  0.000000 -0.000000 2.000000
vn  0.000000 0.000000 -3.000000
vn  0.000000 0.000000 -6.000000
vn  -0.000002 -2.000000 -0.000001
vn  0.000000 -0.000000 1.000000
vn  0.000000 0.000000 -6.000000
vn  0.000000 2.000000 0.000000
vn  0.000000 1.000000 0.000000
vn  0.000002 1.000000 0.000000
vn  0.000003 2.000000 0.000000
vn  0.000000 -1.000000 -0.000000
vn  0.000000 -2.000000 -0.000000
vn  -2.000000 -0.000000 -0.000001
vn  -0.000003 -2.000000 -0.000000
vn  1.000000 0.000000 -0.000000
vn  0.000000 -2.000000 -0.000000
vn  0.000000 2.000000 0.000000
vn  0.000000 1.000000 0.000000
vn  3.000000 0.000015 -0.000002
vn  0.000000 0.000000 -3.000000
vn  0.000000 0.000000 -4.000000
vn  0.000000 0.000000 -1.000000
vn  0.000000 0.000000 -4.000000
vn  0.000000 0.000000 -3.000000
vn  0.000000 -1.000000 -0.000000
vn  0.000000 -2.000000 -0.000000
vn  0.000001 1.000000 0.000000
vn  0.000003 2.000000 0.000000
vn  -1.000000 -0.000000 0.000000
vn  0.000000 1.000000 0.000000
vn  2.000000 -0.000000 0.000934
vn  0.000000 -2.000000 -0.000000
vn  -0.000001 -1.000000 -0.000000
vn  0.000000 0.000000 -4.000000
vn  0.000000 0.000000 -3.000000
vn  0.000000 2.000000 0.000000
vn  0.000000 1.000000 0.000000
vn  2.000000 0.000001 -0.000934
vn  0.000000 -2.000000 -0.000000
vn  -2.000000 0.000000 0.000000
vn  0.000000 0.000000 -3.000000
vn  0.000000 0.000000 -1.000000
vn  0.000000 0.000000 -4.000000
vn  0.000000 1.000000 0.000000
vn  0.000000 2.000000 0.000000
vn  -0.000000 2.000000 0.000002
vn  0.000000 4.000000 0.000000
vn  -2.000000 -0.000003 0.000000
vn  0.000000 1.000000 0.000000
vn  0.000000 2.000000 0.000000
vn  0.000000 2.000000 0.000000
vn  0.000002 1.000000 0.000001
vn  0.000002 2.000000 0.000002
vn  -1.000000 -0.000000 0.000000
vn  0.000000 2.000000 0.000003
vn  -0.000001 -1.000000 -0.000001
vn  0.000000 -2.000000 -0.000001
vn  0.000000 1.000000 0.000000
vn  0.000000 2.000000 0.000000
vn  2.000000 0.000001 0.000000
vn  0.000000 0.000000 -3.000000
vn  0.000000 0.000000 -1.000000
vn  0.000000 0.000000 -4.000000
vn  0.000000 0.000000 -4.000000
vn  0.000000 0.000000 -3.000000
vn  0.000000 -2.000000 -0.000000
vn  0.000000 -1.000000 -0.000000
vn  0.000000 1.000000 0.000001
vn  0.000000 2.000000 0.000001
vn  2.000000 0.000000 0.000000
vn  0.000000 0.000000 -1.000000
vn  0.000000 0.000000 -3.000000
vn  0.000000 -1.000000 -0.000000
vn  -3.000000 -0.000012 -0.000003
vn  0.000000 0.000000 -2.000000
vn  0.000000 -1.000000 -0.000000
vn  0.000000 -2.000000 -0.000000
vn  0.000000 -2.000000 -0.000000
vn  2.000000 0.000013 -0.000003
vn  -0.707202 -0.000000 0.707012
vn  -0.000000 -4.000000 -0.000009
vn  3.000000 0.000003 0.001399
vn  3.000000 0.000003 -0.001399
vn  0.000000 0.000000 -2.000000
vn  0.000000 0.000000 -3.000000
vn  0.000000 1.000000 0.000000
vn  0.000000 2.000000 0.000000
vn  1.000000 0.000000 -0.000467
vn  -0.000003 -2.000000 -0.000000
vn  1.000000 0.000000 -0.000001
vn  0.000000 -2.000000 -0.000000
vn  0.000000 1.000000 0.000001
vn  0.000000 2.000000 0.000001
vn  1.000000 0.000000 -0.000000
vn  0.000000 -1.000000 -0.000000
vn  0.000000 2.000000 0.000001
vn  -1.000000 -0.000000 0.000000
vn  0.000000 2.000000 0.000001
vn  1.000000 -0.000000 0.000467
vn  0.000000 -1.000000 -0.000000
vn  -0.000001 -1.000000 -0.000000
vn  -0.000001 -2.000000 -0.000000
vn  0.000000 1.000000 0.000000
vn  0.000000 -2.000000 -0.000000
vn  0.000000 0.000000 -4.000000
vn  0.000000 0.000000 -2.000000
vn  0.000004 1.000000 0.000000
vn  0.000000 2.000000 0.000001
vn  0.000000 0.000000 -3.000000
vn  0.000000 1.000000 0.000000
vn  0.000000 0.000000 -2.000000
vn  0.000000 0.000000 -4.000000
vn  0.000004 -2.000000 -0.000000
vn  -1.000000 0.000000 0.000000
vn  2.000000 0.000000 0.000000
vn  0.000000 1.000000 0.000000
vn  2.000000 0.000000 0.000000
vn  0.000000 1.000000 0.000000
vn  -0.000001 -1.000000 -0.000000
vn  2.000000 -0.000001 -0.000000
vn  -0.000003 -2.000000 -0.000000
vn  2.000000 -0.000002 -0.000001
vn  0.000000 -1.000000 -0.000000
vn  0.000000 2.000000 0.000000
vn  0.000000 1.000000 0.000000
vn  -2.000000 0.000000 0.000000
vn  -2.000000 0.000000 0.000000
vn  2.000000 0.000000 0.000000
vn  0.000035 2.000000 -0.000005
vn  1.000000 0.000000 0.000000
vn  0.000000 -1.000000 -0.000000
vn  0.000000 1.000000 -0.000000
vn  -0.000004 -2.000000 0.000000
vn  1.000000 0.000001 0.000000
vn  -2.000000 0.000001 -0.000000
vn  0.000000 1.000000 -0.000001
vn  1.000000 0.000001 0.000001
vn  0.000000 2.000000 0.000000
vn  -2.000000 -0.000012 -0.000003
vn  -1.000000 0.000001 -0.000000
vn  0.706712 -0.000133 -0.707501
vn  0.000001 2.000000 -0.000000
vn  -2.000000 0.000000 0.000000
vn  -1.000000 0.000000 0.000000
vn  -2.000000 0.000000 0.000000
vn  1.000000 0.000000 0.000000
vn  0.000000 -1.000000 -0.000000
vn  1.000000 0.000000 0.000000
vn  0.000036 2.000000 0.000005
vn  -1.000000 0.000000 0.000000
vn  1.000000 0.000000 0.000000
vn  -0.000186 -2.000000 0.000792
vn  1.000000 -0.000276 0.000000
vn  0.000186 -3.000000 0.001188
vn  -1.000000 -0.000009 0.000022
vn  -2.000000 0.000000 0.000000
vn  -1.000000 0.000000 0.000000
vn  -2.000000 0.000000 0.000000
vn  0.000000 -1.000000 -0.000000
vn  2.000000 0.000000 0.000000
vn  1.000000 0.000000 0.000000
vn  0.000036 2.000000 0.000005
vn  -1.000000 0.000000 0.000000
vn  1.000000 0.000000 0.000000
vn  0.000186 -3.000000 0.001188
vn  -0.000186 -2.000000 0.000792
vn  1.000000 -0.000277 0.000000
vn  -1.000000 -0.000009 0.000022
vn  -2.000000 -0.000000 0.000001
vn  0.706707 0.000005 0.707506
vn  -0.707208 -0.000064 0.707005
vn  -0.000004 -2.000000 -0.000000
vn  1.000000 -0.000000 -0.000055
vn  -2.000000 0.000000 0.000000
vn  0.000001 -2.000000 -0.000001
vn  2.000000 0.000015 -0.000002
vn  0.000000 -2.000000 -0.000000
vn  0.000000 -1.000000 -0.000000
vn  -0.959689 -0.198744 -0.198739
vn  -0.000002 2.000000 0.000002
vn  0.959593 -0.198973 -0.198977
vn  2.000000 0.000003 -0.000937
vn  0.000000 -1.000000 -0.000000
vn  0.000002 3.000000 0.000007
vn  0.000000 2.000000 0.000000
vn  0.000002 1.000000 0.000000
vn  0.000002 1.000000 0.000002
vn  -0.000002 -1.000000 -0.000000
vn  -2.000000 0.000000 0.000000
vn  2.000000 0.000000 0.000000
vn  0.000000 1.000000 0.000000
vn  2.000000 0.000000 0.000000
vn  -1.000000 0.000000 0.000000
vn  0.000000 1.000000 0.000000
vn  2.000000 0.000000 0.000000
vn  1.000000 0.000000 0.000000
vn  -0.000001 1.000000 -0.000000
vn  0.000000 -2.000000 -0.000000
vn  0.000000 -1.000000 -0.000000
vn  -1.000000 0.000000 0.000000
vn  0.000002 -1.000000 -0.000001
vn  0.000001 1.000000 0.000000
vn  -1.000000 0.000000 0.000000
vn  -0.000002 -1.000000 -0.000000
vn  2.000000 0.000000 0.000000
vn  0.000000 -1.000000 -0.000001
vn  0.000008 2.000000 0.000001
vn  -2.000000 0.000000 0.000000
vn  -1.000000 0.000000 0.000000
vn  0.000000 0.000000 2.000000
vn  2.000000 0.000000 0.000000
vn  0.000000 -0.000000 -1.000000
vn  -1.000000 0.000000 0.000000
vn  0.000028 0.000004 -4.000000
vn  0.000000 -3.000000 -0.000000
vn  0.000000 -4.000000 -0.000000
vn  0.000000 -3.000000 -0.000000
vn  1.000000 0.000000 0.000000
vn  -1.000000 0.000000 0.000000
vn  -2.000000 0.000000 0.000000
vn  0.000000 -0.000000 1.000000
vn  -1.000000 0.000000 0.000000
vn  0.000000 0.000467 -1.000000
vn  1.000000 0.000000 0.000000
vn  2.000000 0.000000 0.000000
vn  1.000000 0.000000 0.000000
vn  0.000000 -4.000000 -0.000000
vn  1.000000 0.000000 0.000000
vn  0.000058 -0.000009 4.000000
vn  0.000000 -3.000000 -0.000000
vn  0.000000 -1.000000 -0.000000
vn  0.000000 -4.000000 -0.000000
vn  -1.000000 0.000000 0.000000
vn  -2.000000 0.000000 0.000000
vn  2.000000 0.000000 0.000000
vn  2.000000 0.000000 0.000000
vn  -2.000000 0.000000 0.000000
vn  2.000000 0.000000 0.000000
vn  0.000028 0.000004 -2.000000
vn  3.000000 0.000000 0.000000
vn  1.000000 0.000000 0.000000
vn  -2.000000 0.000000 0.000000
vn  0.000060 -0.000009 2.000000
vn  -4.000000 0.000000 0.000000
vn  -3.000000 0.000000 0.000000
vn  -0.000007 -0.000001 -2.000000
vn  1.000000 0.000000 0.000000
vn  -0.000008 0.000001 2.000000
vn  3.000000 0.000000 0.000000
vn  -1.000000 0.000000 0.000000
vn  -3.000000 0.000000 0.000000
vn  0.000029 0.000003 -2.000000
vn  0.000093 -0.000013 2.000000
vn  3.000000 0.000000 0.000000
vn  0.000000 1.414127 -1.414300
vn  0.000000 0.707063 -0.707150
vn  0.000000 -1.414105 -1.414322
vn  -2.000000 0.000000 0.000000
vn  0.000000 0.707503 0.706710
vn  0.001831 1.414937 1.413487
vn  0.000000 0.707435 0.706779
vn  1.000000 0.000000 0.000000
vn  0.000000 -0.707373 -0.706840
vn  0.003394 -0.707558 0.706647
vn  0.003394 -1.414992 1.413426
vn  -2.000000 0.000000 0.000000
vn  0.000255 1.415015 -1.413411
vn  1.000000 0.000000 0.000000
vn  0.000000 -1.415124 1.413303
vn  0.000184 -0.001379 -1.999999
vn  -4.000000 0.000000 0.000000
vn  -2.000000 0.000000 0.000000
vn  0.000000 0.000935 -2.000000
vn  3.000000 0.000000 0.000000
vn  -0.000185 -0.001379 -2.000000
vn  0.001831 0.707434 0.706777
vn  -1.000000 0.000000 0.000000
vn  -2.000000 0.000000 0.000000
vn  0.000000 -0.000934 -2.000000
vn  4.000000 0.000000 0.000000
vn  -0.001838 1.414937 1.413487
vn  -2.000000 0.000000 0.000000
vn  0.000000 0.000000 2.000000
vn  -1.000000 0.000000 0.000000
vn  1.000000 0.000000 0.000000
vn  2.000000 0.000000 0.000000
vn  -2.000000 0.000000 0.000000
vn  0.000000 -3.000000 -0.000000
vn  0.000000 -4.000000 -0.000000
vn  0.000000 -3.000000 -0.000000
vn  1.000000 0.000000 0.000000
vn  -1.000000 0.000000 0.000000
vn  -2.000000 0.000000 0.000000
vn  0.000000 0.000001 -2.000000
vn  -2.000000 0.000000 0.000000
vn  1.000000 0.000000 0.000000
vn  1.000000 0.000000 0.000000
vn  0.000000 -3.000000 -0.000000
vn  0.000000 -3.000000 -0.000000
vn  -1.000000 0.000000 0.000000
vn  0.000000 -0.000467 -1.000000
vn  1.000000 0.000000 0.000000
vn  0.000000 -2.000000 -0.000000
vn  -1.000000 0.000000 0.000000
vn  -2.000000 0.000000 0.000000
vn  2.000000 0.000000 0.000000
vn  2.000000 0.000000 0.000000
vn  -2.000000 0.000000 0.000000
vn  2.000000 0.000000 0.000000
vn  0.000028 0.000004 -2.000000
vn  3.000000 0.000000 0.000000
vn  1.000000 0.000000 0.000000
vn  -2.000000 0.000000 0.000000
vn  0.000060 -0.000009 2.000000
vn  -4.000000 0.000000 0.000000
vn  -3.000000 0.000000 0.000000
vn  -0.000007 -0.000001 -2.000000
vn  -0.000008 0.000001 2.000000
vn  3.000000 0.000000 0.000000
vn  -1.000000 0.000000 0.000000
vn  -3.000000 0.000000 0.000000
vn  0.000029 0.000003 -2.000000
vn  0.000093 -0.000013 2.000000
vn  3.000000 0.000000 0.000000
vn  0.000000 1.414127 -1.414300
vn  0.000000 0.707063 -0.707150
vn  -2.000000 0.000000 0.000000
vn  0.000000 0.707503 0.706710
vn  0.001831 1.414937 1.413487
vn  0.000000 0.707435 0.706779
vn  1.000000 0.000000 0.000000
vn  0.000000 -0.707373 -0.706840
vn  0.003394 -0.707558 0.706647
vn  0.003394 -1.414992 1.413426
vn  -2.000000 0.000000 0.000000
vn  0.000255 1.415015 -1.413411
vn  1.000000 0.000000 0.000000
vn  0.000000 -1.415124 1.413303
vn  0.000184 -0.001379 -1.999999
vn  -4.000000 0.000000 0.000000
vn  -2.000000 0.000000 0.000000
vn  0.000000 0.000935 -2.000000
vn  3.000000 0.000000 0.000000
vn  -0.000185 -0.001379 -2.000000
vn  0.001831 0.707434 0.706777
vn  -1.000000 0.000000 0.000000
vn  -2.000000 0.000000 0.000000
vn  0.000000 -0.000934 -2.000000
vn  4.000000 0.000000 0.000000
vn  -0.001838 1.414937 1.413487
vn  -2.000000 0.000000 0.000000
vn  0.000000 -4.000000 -0.000000
vn  0.000000 -1.000000 -0.000000
vn  2.000000 0.000000 0.000000
vn  0.000000 -3.000000 -0.000000
vn  -2.000000 0.000000 0.000000
vn  -1.000000 0.000000 0.000000
vn  0.000000 -0.000467 -1.000000
vn  -1.000000 0.000000 0.000000
vn  0.000028 0.000004 -4.000000
vn  0.000000 -1.000000 -0.000000
vn  0.000000 -4.000000 -0.000000
vn  2.000000 0.000000 0.000000
vn  0.000000 -1.000000 -0.000000
vn  0.000000 -2.000000 -0.000000
vn  -2.000000 0.000000 0.000000
vn  0.000058 -0.000009 4.000000
vn  -2.000000 0.000000 0.000000
vn  -1.000000 0.000000 0.000000
vn  1.000000 0.000000 0.000000
vn  2.000000 0.000000 0.000000
vn  1.000000 0.000000 0.000000
vn  1.000000 0.000000 0.000000
vn  0.000000 0.000001 -2.000000
vn  -1.000000 0.000000 0.000000
vn  -2.000000 0.000000 0.000000
vn  -1.000000 0.000000 0.000000
vn  0.000000 -0.000000 -1.000000
vn  1.000000 0.000000 0.000000
vn  0.000000 -0.000000 1.000000
vn  -1.000000 0.000000 0.000000
vn  0.000000 0.000467 -1.000000
vn  2.000000 0.000000 0.000000
vn  -1.000000 0.000000 0.000000
vn  -2.000000 0.000000 0.000000
vn  0.000000 -0.707053 -0.707161
vn  0.000000 -0.707053 -0.707161
vn  0.000000 -1.414105 -1.414322
vn  -2.000000 0.000000 0.000000
vn  0.000000 -0.707053 -0.707161
vn  0.000000 -0.707053 -0.707161
vn  1.000000 0.000000 0.000000
vn  -1.000000 0.000000 0.000000
vn  2.000000 0.000000 0.000000
vn  -1.000000 0.000000 0.000000
vn  2.000000 0.000000 0.000000
vn  0.000000 0.000000 1.000000
vn  0.000000 -0.000000 1.000000
vn  2.000000 0.000000 0.000000
vn  -1.000000 0.000000 0.000000
vn  2.000000 0.000000 0.000000
vn  0.000000 0.000000 1.000000
vn  0.000000 -0.000000 1.000000
vn  0.000000 2.000000 0.000000
vn  0.000000 -6.000000 -0.000000
vn  0.000000 -3.000000 -0.000000
vn  0.000000 -4.000000 -0.000000
vn  0.000000 -3.000000 -0.000000
vn  0.000000 -6.000000 -0.000000
vn  0.000000 0.000000 -1.000000
vn  0.000000 1.000000 0.000000
vn  0.000000 0.000000 -2.000000
vn  3.000000 0.000003 0.000012
vn  0.000000 -3.000000 -0.000000
vn  0.000000 -4.000000 -0.000000
vn  0.000000 -1.000000 -0.000000
vn  0.000000 -4.000000 -0.000000
vn  0.000000 -3.000000 -0.000000
vn  0.000000 -3.000000 -0.000000
vn  0.000000 0.000000 -2.000000
vn  0.000000 0.000000 -1.000000
vn  0.000002 -0.000000 2.000000
vn  -2.000000 -0.000001 -0.000001
vn  0.000000 -3.000000 -0.000000
vn  0.000000 -1.000000 -0.000000
vn  0.000000 -4.000000 -0.000000
vn  0.000000 0.000000 -1.000000
vn  0.000000 0.000000 -2.000000
vn  0.000000 0.000000 -1.000000
vn  0.000002 0.000007 -4.000000
vn  -2.000000 -0.000002 0.000014
vn  0.000000 0.000000 -1.000000
vn  0.000000 0.000000 -2.000000
vn  0.000000 0.000000 -2.000000
vn  0.000005 -0.000000 -2.000000
vn  0.000000 0.000000 -2.000000
vn  -0.000002 0.000000 1.000000
vn  0.000000 0.000000 -1.000000
vn  0.000000 0.000000 -2.000000
vn  2.000000 0.000001 -0.000001
vn  0.000000 -3.000000 -0.000000
vn  0.000000 -1.000000 -0.000000
vn  0.000000 -4.000000 -0.000000
vn  0.000000 -4.000000 -0.000000
vn  0.000000 -3.000000 -0.000000
vn  0.000000 0.000000 2.000000
vn  0.000000 0.000000 1.000000
vn  -1.000000 0.000000 0.000000
vn  0.000000 -0.000001 -2.000000
vn  0.000000 0.000000 1.000000
vn  0.000000 -1.000000 -0.000000
vn  0.000000 -2.000000 -0.000000
vn  0.000000 -3.000000 -0.000000
vn  0.000000 -3.000000 -0.000000
vn  0.000000 0.000000 -1.000000
vn  0.000000 0.000000 -2.000000
vn  1.000000 -0.000467 -0.000000
vn  0.000000 0.000000 1.000000
vn  -3.000000 -0.000003 0.000013
vn  0.000000 -2.000000 -0.000000
vn  -0.000000 -0.000002 2.000000
vn  0.000000 0.000000 2.000000
vn  -0.000000 0.000000 2.000000
vn  2.000000 0.000000 0.000000
vn  -0.707193 0.707021 -0.000091
vn  -0.000002 0.000003 4.000000
vn  3.000000 0.001402 -0.000000
vn  3.000000 -0.001399 -0.000003
vn  0.000000 0.000000 -1.000000
vn  0.000000 -0.000000 1.000000
vn  0.000000 -0.000001 2.000000
vn  0.000000 -4.000000 -0.000000
vn  2.000000 -0.000934 0.000001
vn  0.000000 0.000000 -2.000000
vn  0.000000 0.000000 -1.000000
vn  0.000001 0.000000 -1.000000
vn  0.000001 0.000001 -2.000000
vn  0.000000 -0.000001 1.000000
vn  0.000000 -0.000001 2.000000
vn  -2.000000 -0.000001 0.000001
vn  -0.000001 -0.000001 2.000000
vn  1.000000 0.000000 0.000000
vn  0.000000 -0.000001 2.000000
vn  0.000001 0.000000 -1.000000
vn  0.000002 0.000001 -2.000000
vn  -1.000000 0.000000 0.000000
vn  0.000000 0.000000 -1.000000
vn  2.000000 0.000935 -0.000001
vn  0.000000 -0.000001 2.000000
vn  -0.000001 -0.000000 1.000000
vn  -0.000001 -0.000000 2.000000
vn  1.000000 0.000001 0.000000
vn  0.000000 -0.000001 2.000000
vn  0.000000 -0.000001 -1.000000
vn  0.000000 -0.000001 -2.000000
vn  0.000002 0.000000 -1.000000
vn  -1.000000 -0.000001 -0.000000
vn  -0.000003 0.000001 2.000000
vn  1.000000 0.000000 0.000000
vn  0.000000 0.000000 1.000000
vn  0.000000 0.000000 -1.000000
vn  0.000000 0.000000 -2.000000
vn  2.000000 0.000000 0.000000
vn  0.000000 0.000000 -2.000000
vn  1.000000 0.000467 0.000000
vn  0.000000 0.000000 1.000000
vn  -0.000002 0.000000 2.000000
vn  -0.000002 0.000005 -1.000000
vn  -0.000000 0.000000 2.000000
vn  0.000000 -4.000000 -0.000000
vn  0.000000 -2.000000 -0.000000
vn  0.000004 0.000000 -1.000000
vn  -0.000001 -0.000001 2.000000
vn  0.000001 0.000000 -2.000000
vn  0.000000 -2.000000 -0.000000
vn  0.000000 0.000001 -2.000000
vn  0.000000 0.000000 2.000000
vn  -0.000001 2.000000 -0.000000
vn  -0.000001 1.000000 -0.000000
vn  2.000000 0.000000 0.000000
vn  1.000000 0.000000 0.000000
vn  0.000000 -1.000000 -0.000000
vn  1.000000 0.000000 0.000000
vn  0.000035 2.000000 -0.000005
vn  -1.000000 0.000000 0.000000
vn  1.000000 0.000000 0.000000
vn  4.000000 0.000240 0.000310
vn  0.000000 -1.000000 -0.000000
vn  1.000000 0.000001 0.000277
vn  -2.000000 0.000028 0.000000
vn  -1.000000 0.000020 0.000007
vn  -0.000001 2.000000 -0.000000
vn  -0.000001 1.000000 -0.000000
vn  -2.000000 0.000000 0.000000
vn  0.000000 -1.000000 -0.000000
vn  1.000000 0.000000 0.000000
vn  -1.000000 0.000000 0.000000
vn  4.000000 0.000357 0.000192
vn  1.000000 0.000001 0.000277
vn  -2.000000 0.000028 0.000000
vn  -1.000000 0.000020 0.000007
vn  0.000000 -1.000000 -0.000000
vn  0.000000 1.000000 0.000000
vn  0.000001 1.000000 -0.000000
vn  -0.000003 -2.000000 0.000000
vn  -0.000001 -1.000000 -0.000000
vn  2.000000 0.000010 0.000002
vn  0.000000 1.000000 -0.000001
vn  0.000000 2.000000 -0.000001
vn  0.000002 1.000000 0.000000
vn  -0.000002 -1.000000 0.000000
vn  0.000000 2.000000 0.000000
vn  0.000000 1.000000 0.000000
vn  1.000000 0.000002 -0.000465
vn  -0.000005 -2.000000 -0.000000
vn  0.000000 -3.000000 -0.000000
vn  -0.000005 -1.000000 -0.000000
vn  -3.707180 0.000108 -0.707319
vn  -0.707253 0.706960 0.000512
vn  -2.000000 0.000000 0.000000
vn  0.000032 -2.000000 -0.000005
vn  2.000000 0.000000 0.000000
vn  1.000000 0.000000 0.000000
vn  0.000000 1.000000 0.000000
vn  2.000000 0.000000 0.000000
vn  -1.000000 0.000000 0.000000
vn  1.000000 0.000000 0.000000
vn  0.000000 1.000000 0.000001
vn  0.000000 1.000000 0.000001
vn  -2.000000 -0.000019 0.000044
vn  -1.000000 0.000000 0.000000
vn  -2.000000 0.000000 0.000000
vn  -1.000000 0.000000 0.000000
vn  0.000032 -2.000000 -0.000005
vn  2.000000 0.000000 0.000000
vn  1.000000 0.000000 0.000000
vn  -1.000000 0.000000 0.000000
vn  1.000000 0.000000 0.000000
vn  0.000000 1.000000 0.000001
vn  0.000000 1.000000 0.000001
vn  -2.000000 -0.000019 0.000044
vn  1.000000 0.000084 0.000192
vn  0.000000 -2.000000 -0.000001
vn  0.000003 2.000000 0.000000
vn  0.000001 1.000000 0.000000
vn  0.000000 -2.000000 -0.000000
vn  0.000000 -1.000000 -0.000000
vn  -1.000000 -0.000000 -0.000000
vn  0.000000 -1.000000 -0.000000
vn  -2.000000 -0.000000 0.000288
vn  0.000003 2.000000 0.000000
vn  0.000002 1.000000 0.000000
vn  -2.000000 -0.000002 0.000000
vn  2.706833 -0.000599 0.707849
vn  2.000000 -0.000001 0.000934
vn  0.000000 -1.000000 -0.000000
vn  -0.000002 -1.000000 -0.000000
vn  0.000000 2.000000 0.000000
vn  0.706833 -0.000134 0.707380
vn  0.000008 2.000000 0.000001
vn  0.000000 -1.000000 -0.000000
vn  0.000000 1.000000 0.000000
vn  -2.000000 0.000000 0.000000
vn  0.000000 -2.000000 -0.000000
vn  -1.000000 0.000000 0.000000
vn  1.000000 0.000000 0.000000
vn  2.000000 0.000242 0.000310
vn  0.000000 1.000000 0.000596
vn  -1.000000 -0.000004 0.000005
vn  -2.000000 0.000000 0.000000
vn  0.000000 -2.000000 -0.000000
vn  -1.000000 0.000000 0.000000
vn  1.000000 0.000000 0.000000
vn  2.000000 0.000360 0.000192
vn  0.000000 1.000000 0.000596
vn  -1.000000 -0.000004 0.000005
vn  -0.000004 1.000000 0.000000
vn  -1.000000 0.000000 0.000000
vn  0.000000 -1.000000 -0.000000
vn  -1.000000 0.000000 0.000000
vn  0.000000 -1.000000 -0.000000
vn  0.000002 2.000000 0.000001
vn  2.000000 0.000000 0.000000
vn  2.000000 0.000012 -0.000003
vn  0.000001 -1.000000 -0.000000
vn  0.000000 -2.000000 -0.000001
vn  0.000000 1.000000 0.000001
vn  0.000000 1.000000 0.000001
vn  0.000002 2.000000 0.000002
vn  0.000000 1.000000 0.000001
vn  0.000000 -1.000000 -0.000000
vn  -0.000001 -2.000000 -0.000000
vn  0.000000 -1.000000 -0.000005
vn  -2.000000 -0.000001 0.000000
vn  0.000000 1.000000 0.000001
vn  1.000000 0.000000 0.000000
vn  0.000000 1.000000 0.000001
vn  0.000000 2.000000 0.000001
vn  0.000000 2.000000 0.000001
vn  0.000000 1.000000 0.000001
vn  1.000000 0.000002 0.000465
vn  -0.000000 -3.000000 -0.000014
vn  0.000000 -1.000000 -0.000005
vn  -2.000000 -0.000005 0.000292
vn  -0.000000 -1.000000 -0.000005
vn  0.000004 -1.000000 -0.000000
vn  -0.000001 1.000000 0.000000
vn  -2.000000 0.000000 0.000000
vn  -0.000001 2.000000 0.000001
vn  -0.000000 -0.000279 0.000003
# 847 vertex normals

g beam
usemtl ENV_ARC_TBeam_16x256_V01_M
s 1
f 11/11/11 30/45/30 31/46/31 154/12/154
s 2
f 31/46/31 36/53/36 12/13/12 154/12/154
f 715/682/715 716/683/716 12/13/12 36/53/36
s 1
f 342/762/342 341/761/341 3/3/3 4/4/4
s 2
f 342/762/342 4/4/4 310/373/310 843/806/843
s 1
f 820/763/820 5/5/5 6/6/6 343/764/343
s 2
f 343/764/343 6/6/6 7/7/7 344/765/344
s 1
f 344/766/344 7/21/7 8/8/8 345/767/345
s 2
f 43/62/43 48/71/48 8/8/8 9/9/9
f 346/768/346 345/767/345 8/8/8 48/71/48
s 1
f 18/19/18 32/47/32 33/48/33 19/20/19
s 2
f 19/20/19 33/48/33 30/45/30 11/11/11
s 1
f 757/613/757 20/23/20 21/24/21 311/614/311
s 2
f 44/64/44 50/73/50 21/24/21 22/25/22
f 758/615/758 311/614/311 21/24/21 50/73/50
s 1
f 157/35/157 34/49/34 74/50/74 158/36/158
s 4
f 158/36/158 74/50/74 75/51/75 159/37/159
s 1
f 159/37/159 75/51/75 35/52/35 160/38/160
s 2
f 35/52/35 40/59/40 161/39/161 160/38/160
f 801/849/801 816/893/816 161/39/161 40/59/40
s 1
f 312/619/312 760/618/760 26/43/26 27/30/27
s 2
f 312/619/312 27/30/27 28/31/28 761/620/761
s 1
f 762/621/762 761/620/761 28/31/28 29/32/29
s 2
f 762/621/762 29/32/29 201/367/201 798/644/798
s 1
f 41/60/41 36/53/36 31/46/31 30/45/30
f 37/54/37 38/55/38 33/48/33 32/47/32
f 39/56/39 73/57/73 74/50/74 34/49/34
f 76/58/76 40/59/40 35/52/35 75/51/75
f 1/1/1 2/2/2 42/61/42 46/68/46
f 9/9/9 10/10/10 187/63/187 43/62/43
s 2
f 10/10/10 1/1/1 46/68/46 187/63/187
s 1
f 22/25/22 23/26/23 68/65/68 44/64/44
s 2
f 23/26/23 24/27/24 69/66/69 68/65/68
s 1
f 24/27/24 25/28/25 45/67/45 69/66/69
f 46/68/46 42/61/42 47/70/47 188/69/188
f 43/62/43 187/63/187 189/72/189 48/71/48
s 2
f 188/69/188 190/78/190 187/63/187 46/68/46
f 191/81/191 189/72/189 187/63/187 190/78/190
s 1
f 44/64/44 68/65/68 67/74/67 50/73/50
f 69/66/69 45/67/45 51/76/51 70/75/70
f 340/760/340 347/769/347 188/69/188 47/70/47
f 346/768/346 48/71/48 189/72/189 348/770/348
s 2
f 348/770/348 189/72/189 191/81/191 349/771/349
s 1
f 758/615/758 50/73/50 67/74/67 763/622/763
s 2
f 763/622/763 67/74/67 66/79/66 765/623/765
s 1
f 759/616/759 764/625/764 70/75/70 51/76/51
s 2
f 190/78/190 188/69/188 347/769/347 351/772/351
f 191/81/191 190/78/190 351/772/351 349/771/349
f 71/82/71 70/75/70 764/625/764 766/626/766
s 4
f 66/113/66 67/114/67 61/94/61 60/93/60
s 1
f 67/114/67 68/115/68 62/95/62 61/94/61
s 4
f 68/115/68 69/116/69 63/96/63 62/95/62
s 1
f 63/96/63 69/116/69 70/117/70 64/97/64
s 4
f 70/117/70 71/118/71 65/98/65 64/97/64
s 1
f 178/134/178 352/781/352 767/774/767 60/101/60
s 2
f 56/106/56 55/107/55 73/121/73 72/120/72
s 1
f 73/121/73 55/107/55 54/108/54 74/122/74
s 4
f 54/108/54 59/109/59 75/123/75 74/122/74
s 1
f 59/109/59 58/110/58 76/124/76 75/123/75
s 2
f 58/110/58 57/111/57 77/125/77 76/124/76
s 1
f 804/856/804 77/126/77 724/700/724 370/858/370
f 54/87/54 55/88/55 41/128/41 30/127/30
s 4
f 55/88/55 56/89/56 52/129/52 41/128/41
s 8
f 727/695/727 52/129/52 56/89/56 767/698/767
s 4
f 57/90/57 58/91/58 38/131/38 53/130/53
s 1
f 38/131/38 58/91/58 59/92/59 33/132/33
s 2
f 59/92/59 54/87/54 30/127/30 33/132/33
s 1
f 165/149/165 107/183/107 108/184/108 88/150/88
s 2
f 108/184/108 113/191/113 89/151/89 88/150/88
f 729/702/729 730/703/730 89/151/89 113/191/113
s 1
f 355/784/355 354/783/354 80/141/80 81/142/81
s 2
f 355/784/355 81/142/81 82/143/82 356/785/356
s 1
f 845/786/845 356/785/356 82/143/82 83/144/83
s 2
f 845/786/845 83/144/83 197/357/197 844/805/844
s 1
f 357/788/357 84/159/84 85/146/85 358/789/358
s 2
f 120/200/120 125/209/125 85/146/85 86/147/86
f 359/790/359 358/789/358 85/146/85 125/209/125
s 1
f 92/157/92 109/185/109 110/186/110 93/158/93
s 2
f 93/158/93 110/186/110 107/183/107 165/149/165
s 1
f 769/629/769 94/161/94 95/162/95 768/628/768
s 2
f 768/628/768 95/162/95 96/163/96 313/630/313
s 1
f 313/630/313 96/163/96 97/164/97 770/631/770
s 2
f 121/202/121 126/211/126 97/164/97 98/165/98
f 771/632/771 770/631/770 97/164/97 126/211/126
s 1
f 172/175/172 111/187/111 150/188/150 105/176/105
s 4
f 105/176/105 150/188/150 151/189/151 106/177/106
s 1
f 106/177/106 151/189/151 112/190/112 173/178/173
s 2
f 112/190/112 117/197/117 174/179/174 173/178/173
f 808/861/808 818/901/818 174/179/174 117/197/117
s 1
f 314/636/314 773/635/773 102/181/102 103/170/103
s 2
f 314/636/314 103/170/103 305/377/305 799/645/799
s 1
f 118/198/118 113/191/113 108/184/108 107/183/107
f 114/192/114 115/193/115 110/186/110 109/185/109
f 116/194/116 149/195/149 150/188/150 111/187/111
f 152/196/152 117/197/117 112/190/112 151/189/151
f 78/139/78 79/140/79 119/199/119 123/206/123
f 86/147/86 87/148/87 192/201/192 120/200/120
s 2
f 87/148/87 78/139/78 123/206/123 192/201/192
s 1
f 98/165/98 99/166/99 144/203/144 121/202/121
s 2
f 99/166/99 100/167/100 145/204/145 144/203/144
s 1
f 100/167/100 101/168/101 122/205/122 145/204/145
f 123/206/123 119/199/119 124/208/124 193/207/193
f 120/200/120 192/201/192 194/210/194 125/209/125
s 2
f 193/207/193 195/216/195 192/201/192 123/206/123
f 196/219/196 194/210/194 192/201/192 195/216/195
s 1
f 121/202/121 144/203/144 143/212/143 126/211/126
f 145/204/145 122/205/122 127/214/127 146/213/146
f 353/782/353 360/791/360 193/207/193 124/208/124
f 359/790/359 125/209/125 194/210/194 361/792/361
s 2
f 361/792/361 194/210/194 196/219/196 363/793/363
s 1
f 771/632/771 126/211/126 143/212/143 774/637/774
s 2
f 774/637/774 143/212/143 142/217/142 776/638/776
s 1
f 772/633/772 775/640/775 146/213/146 127/214/127
s 2
f 195/216/195 193/207/193 360/791/360 362/794/362
f 196/219/196 195/216/195 362/794/362 363/793/363
f 147/220/147 146/213/146 775/640/775 777/641/777
s 4
f 142/251/142 143/252/143 137/232/137 136/231/136
s 1
f 143/252/143 144/253/144 138/233/138 137/232/137
s 4
f 144/253/144 145/254/145 139/234/139 138/233/138
s 1
f 139/234/139 145/254/145 146/255/146 140/235/140
s 4
f 146/255/146 147/256/147 141/236/141 140/235/140
s 1
f 183/272/183 365/804/365 778/796/778 136/239/136
s 2
f 132/244/132 131/245/131 149/259/149 148/258/148
s 1
f 149/259/149 131/245/131 130/246/130 150/260/150
s 4
f 130/246/130 135/247/135 151/261/151 150/260/150
s 1
f 135/247/135 134/248/134 152/262/152 151/261/151
s 2
f 134/248/134 133/249/133 153/263/153 152/262/152
s 1
f 811/868/811 153/264/153 735/718/735 779/870/779
f 130/225/130 131/226/131 118/266/118 107/265/107
s 4
f 131/226/131 132/227/132 128/267/128 118/266/118
s 8
f 737/715/737 128/267/128 132/227/132 778/720/778
s 4
f 133/228/133 134/229/134 115/269/115 129/268/129
s 1
f 115/269/115 134/229/134 135/230/135 110/270/110
s 2
f 135/230/135 130/225/130 107/265/107 110/270/110
s 4
f 12/279/12 13/280/13 16/283/16 17/284/17
f 12/279/12 17/284/17 11/277/11 154/278/154
f 18/285/18 19/286/19 11/277/11 17/284/17
f 16/283/16 13/280/13 14/281/14 15/282/15
f 309/381/309 308/382/308 14/281/14 13/280/13
s 8
f 161/293/161 156/288/156 159/291/159 160/292/160
f 164/296/164 155/287/155 162/294/162 163/295/163
f 302/369/302 155/287/155 164/296/164 303/370/303
f 155/287/155 156/288/156 161/293/161 162/294/162
f 157/289/157 158/290/158 159/291/159 156/288/156
s 4
f 89/299/89 90/300/90 167/303/167 168/304/168
f 89/299/89 168/304/168 165/297/165 88/298/88
f 92/305/92 93/306/93 165/297/165 168/304/168
s 8
f 174/315/174 171/310/171 106/313/106 173/314/173
f 203/384/203 174/315/174 175/316/175 306/383/306
f 169/308/169 170/309/170 203/384/203 104/307/104
f 170/309/170 171/310/171 174/315/174 203/384/203
f 172/311/172 105/312/105 106/313/106 171/310/171
s 4
f 9/325/9 8/324/8 1/317/1 10/326/10
f 3/319/3 2/318/2 1/317/1 8/324/8
f 7/323/7 4/320/4 3/319/3 8/324/8
f 86/345/86 85/344/85 78/337/78 87/346/87
f 80/339/80 79/338/79 78/337/78 85/344/85
f 84/343/84 81/340/81 80/339/80 85/344/85
f 81/340/81 84/343/84 83/342/83 82/341/82
f 198/364/198 197/363/197 83/342/83 84/343/84
f 305/387/305 103/356/103 94/347/94 202/388/202
f 100/353/100 97/350/97 102/355/102 101/354/101
f 98/351/98 97/350/97 100/353/100 99/352/99
f 97/350/97 96/349/96 103/356/103 102/355/102
f 96/349/96 95/348/95 94/347/94 103/356/103
s 2
f 797/643/797 304/365/304 20/23/20 757/613/757
f 369/841/369 198/359/198 84/145/84 357/787/357
s 4
f 91/302/91 167/303/167 90/300/90 166/301/166
f 91/302/91 200/361/200 199/362/199 167/303/167
f 28/335/28 27/334/27 201/372/201 29/336/29
f 24/331/24 21/328/21 26/333/26 25/332/25
f 22/329/22 21/328/21 24/331/24 23/330/23
f 21/328/21 201/372/201 27/334/27 26/333/26
f 20/327/20 304/371/304 201/372/201 21/328/21
s 2
f 846/842/846 307/375/307 5/5/5 820/763/820
f 780/646/780 202/379/202 94/161/94 769/629/769
s 4
f 5/321/5 4/320/4 7/323/7 6/322/6
f 5/321/5 307/386/307 310/385/310 4/320/4
s 1
f 214/399/214 241/433/241 242/434/242 215/400/215
s 2
f 242/434/242 373/873/373 216/401/216 215/400/215
s 1
f 781/648/781 206/391/206 207/392/207 782/649/782
s 8
f 782/649/782 207/392/207 304/581/304 797/678/797
s 1
f 783/650/783 208/393/208 209/394/209 784/651/784
s 2
f 784/651/784 209/394/209 210/395/210 785/652/785
s 1
f 785/653/785 210/409/210 211/396/211 316/654/316
s 2
f 317/655/317 316/654/316 211/396/211 212/397/212
s 1
f 223/408/223 222/407/222 374/874/374 375/875/375
s 2
f 241/433/241 223/408/223 375/875/375 376/876/376
s 1
f 788/656/788 224/411/224 225/412/225 789/657/789
s 2
f 245/438/245 790/658/790 225/412/225 226/413/226
s 1
f 233/423/233 243/435/243 248/436/248 234/424/234
s 2
f 379/881/379 235/425/235 248/436/248 378/879/378
s 1
f 236/426/236 235/425/235 379/881/379 380/882/380
s 2
f 380/882/380 400/915/400 237/427/237 236/426/236
s 1
f 318/661/318 230/431/230 286/418/286 794/662/794
s 2
f 319/663/319 794/662/794 286/418/286 287/419/287
s 1
f 319/663/319 287/419/287 288/420/288 320/664/320
s 8
f 320/664/320 288/420/288 202/599/202 780/681/780
s 1
f 204/389/204 205/390/205 244/437/244 246/440/246
f 317/655/317 212/397/212 213/398/213 786/665/786
s 2
f 246/440/246 786/665/786 213/398/213 204/389/204
s 1
f 226/413/226 227/414/227 247/439/247 245/438/245
s 2
f 247/439/247 228/415/228 792/667/792 791/668/791
s 1
f 792/667/792 228/415/228 229/416/229 793/659/793
f 321/670/321 246/440/246 244/437/244 315/647/315
f 790/658/790 245/438/245 247/439/247 795/671/795
f 256/456/256 255/455/255 749/726/749 740/727/740
s 2
f 740/727/740 331/728/331 257/457/257 256/456/256
s 1
f 826/808/826 249/447/249 250/448/250 825/809/825
s 2
f 366/810/366 825/809/825 250/448/250 251/449/251
s 1
f 366/810/366 251/449/251 252/450/252 824/811/824
s 8
f 824/811/824 252/450/252 307/601/307 846/840/846
s 1
f 823/813/823 253/465/253 254/452/254 822/814/822
s 2
f 276/493/276 821/815/821 254/452/254 291/453/291
s 1
f 263/463/263 273/489/273 274/490/274 264/464/264
s 2
f 749/726/749 255/455/255 274/490/274 755/736/755
s 1
f 835/843/835 265/467/265 266/468/266 834/816/834
s 2
f 834/816/834 266/468/266 267/469/267 833/817/833
s 1
f 833/817/833 267/469/267 293/470/293 832/818/832
s 2
f 831/819/831 832/818/832 293/470/293 294/471/294
s 1
f 284/482/284 283/481/283 335/742/335 750/743/750
s 2
f 280/491/280 284/482/284 750/743/750 751/744/751
s 1
f 285/483/285 280/491/280 275/492/275 270/484/270
s 2
f 275/492/275 336/746/336 271/485/271 270/484/270
s 1
f 829/822/829 298/487/298 299/476/299 828/823/828
s 8
f 828/823/828 299/476/299 198/589/198 369/839/369
s 1
f 836/824/836 289/445/289 290/446/290 827/807/827
f 291/453/291 292/454/292 301/494/301 276/493/276
s 2
f 301/494/301 289/445/289 836/824/836 841/825/841
s 1
f 831/819/831 294/471/294 295/472/295 837/826/837
s 2
f 279/495/279 837/826/837 295/472/295 296/473/296
s 1
f 296/473/296 297/474/297 278/496/278 279/495/279
f 821/815/821 276/493/276 301/494/301 840/829/840
f 839/830/839 279/495/279 278/496/278 830/820/830
s 8
f 216/503/216 217/504/217 220/507/220 221/508/221
f 216/503/216 221/508/221 214/501/214 215/502/215
f 222/509/222 223/510/223 214/501/214 221/508/221
f 220/507/220 217/504/217 218/505/218 219/506/219
f 302/585/302 303/586/303 218/505/218 217/504/217
f 237/517/237 232/512/232 235/515/235 236/516/236
f 240/520/240 231/511/231 238/518/238 239/519/239
f 306/605/306 231/511/231 240/520/240 203/606/203
f 231/511/231 232/512/232 237/517/237 238/518/238
f 233/513/233 234/514/234 235/515/235 232/512/232
s 4
f 257/523/257 258/524/258 261/527/261 262/528/262
f 257/523/257 262/528/262 255/521/255 256/522/256
f 263/529/263 264/530/264 255/521/255 262/528/262
f 271/539/271 269/534/269 285/537/285 270/538/270
f 200/594/200 271/539/271 272/540/272 199/593/199
f 281/532/281 282/533/282 200/594/200 268/531/268
f 282/533/282 269/534/269 271/539/271 200/594/200
f 283/535/283 284/536/284 285/537/285 269/534/269
f 212/549/212 211/548/211 204/541/204 213/550/213
f 206/543/206 205/542/205 204/541/204 211/548/211
f 210/547/210 207/544/207 206/543/206 211/548/211
f 291/569/291 254/568/254 289/561/289 292/570/292
f 249/563/249 290/562/290 289/561/289 254/568/254
f 253/567/253 250/564/250 249/563/249 254/568/254
f 250/564/250 253/567/253 252/566/252 251/565/251
f 310/612/310 307/611/307 252/566/252 253/567/253
f 198/595/198 299/580/299 265/571/265 197/596/197
f 296/577/296 293/574/293 298/579/298 297/578/297
f 294/575/294 293/574/293 296/577/296 295/576/295
f 293/574/293 267/573/267 299/580/299 298/579/298
f 267/573/267 266/572/266 265/571/265 299/580/299
s 8
f 783/650/783 798/679/798 201/583/201 208/393/208
f 835/843/835 844/844/844 197/591/197 265/467/265
s 4
f 208/545/208 207/544/207 210/547/210 209/546/209
f 208/545/208 201/588/201 304/587/304 207/544/207
s 8
f 788/656/788 799/680/799 305/597/305 224/411/224
f 823/812/823 843/845/843 310/603/310 253/451/253
s 4
f 260/526/260 261/527/261 258/524/258 259/525/259
f 260/526/260 308/607/308 309/608/309 261/527/261
f 287/559/287 286/558/286 202/610/202 288/560/288
f 228/555/228 225/552/225 230/557/230 229/556/229
f 226/553/226 225/552/225 228/555/228 227/554/227
f 225/552/225 202/610/202 286/558/286 230/557/230
f 224/551/224 305/609/305 202/610/202 225/552/225
s 1
f 12/13/12 716/683/716 323/684/323 13/14/13
s 2
f 323/684/323 739/724/739 309/374/309 13/14/13
s 1
f 717/685/717 718/686/718 15/16/15 14/15/14
s 2
f 718/686/718 719/687/719 16/17/16 15/16/15
s 1
f 719/688/719 720/689/720 17/18/17 16/22/16
s 2
f 17/18/17 37/54/37 32/47/32 18/19/18
f 17/18/17 720/689/720 721/690/721 37/54/37
f 26/29/26 51/76/51 45/67/45 25/28/25
f 26/29/26 760/617/760 759/616/759 51/76/51
s 1
f 41/60/41 722/691/722 715/682/715 36/53/36
f 721/690/721 723/692/723 38/55/38 37/54/37
s 2
f 723/692/723 725/693/725 53/80/53 38/55/38
f 727/696/727 722/691/722 41/60/41 52/77/52
s 1
f 767/773/767 765/624/765 66/113/66 60/93/60
f 725/694/725 724/701/724 57/90/57 53/130/53
f 89/151/89 730/703/730 731/704/731 90/152/90
s 2
f 731/704/731 732/705/732 166/153/166 90/152/90
s 1
f 166/153/166 732/705/732 324/706/324 91/154/91
s 2
f 324/706/324 329/722/329 200/358/200 91/154/91
s 1
f 325/707/325 733/709/733 168/156/168 167/160/167
s 2
f 168/156/168 114/192/114 109/185/109 92/157/92
f 168/156/168 733/709/733 326/710/326 114/192/114
f 102/169/102 127/214/127 122/205/122 101/168/101
f 102/169/102 773/634/773 772/633/772 127/214/127
s 1
f 118/198/118 734/711/734 729/702/729 113/191/113
f 326/710/326 327/712/327 115/193/115 114/192/114
s 2
f 327/712/327 328/713/328 129/218/129 115/193/115
f 737/716/737 734/711/734 118/198/118 128/215/128
s 1
f 778/795/778 776/639/776 142/251/142 136/231/136
f 328/714/328 735/719/735 133/228/133 129/268/129
s 2
f 330/723/330 325/708/325 167/155/167 199/360/199
f 339/725/339 717/685/717 14/15/14 308/376/308
f 206/391/206 315/647/315 244/437/244 205/390/205
f 230/417/230 318/660/318 793/659/793 229/416/229
s 1
f 331/728/331 741/729/741 258/458/258 257/457/257
s 2
f 258/458/258 741/729/741 332/730/332 259/459/259
s 1
f 332/730/332 333/731/333 260/460/260 259/459/259
s 8
f 333/731/333 339/758/339 308/602/308 260/460/260
s 1
f 742/732/742 743/734/743 262/462/262 261/466/261
s 2
f 262/462/262 744/735/744 273/489/273 263/463/263
s 1
f 746/739/746 745/738/745 281/478/281 268/477/268
s 2
f 745/738/745 334/740/334 282/479/282 281/478/281
s 1
f 334/740/334 747/741/747 269/480/269 282/479/282
s 2
f 269/480/269 747/741/747 335/742/335 283/481/283
s 1
f 337/748/337 748/749/748 272/486/272 271/488/271
s 8
f 748/749/748 330/756/330 199/590/199 272/486/272
s 1
f 744/735/744 752/750/752 274/490/274 273/489/273
f 753/752/753 336/746/336 275/492/275 280/491/280
s 8
f 200/592/200 329/757/329 746/739/746 268/477/268
f 309/604/309 739/759/739 742/733/742 261/461/261
s 1
f 800/848/800 802/850/802 73/57/73 39/56/39
f 76/58/76 803/852/803 801/849/801 40/59/40
s 4
f 802/851/802 805/854/805 72/84/72 73/83/73
f 804/857/804 803/853/803 76/85/76 77/86/77
s 8
f 349/776/349 176/135/176 65/102/65 350/777/350
f 56/106/56 805/855/805 806/697/806 767/699/767
s 1
f 807/860/807 809/862/809 149/195/149 116/194/116
f 152/196/152 810/864/810 808/861/808 117/197/117
s 4
f 809/863/809 812/866/812 148/222/148 149/221/149
f 811/869/811 810/865/810 152/223/152 153/224/153
s 8
f 363/799/363 184/273/184 141/240/141 364/800/364
f 132/244/132 812/867/812 813/717/813 778/721/778
s 1
f 381/883/381 373/873/373 242/434/242 241/433/241
f 377/878/377 382/885/382 248/436/248 243/435/243
s 2
f 3/3/3 47/70/47 42/61/42 2/2/2
f 3/3/3 341/761/341 340/760/340 47/70/47
s 1
f 386/891/386 815/892/815 156/34/156 155/33/155
s 2
f 156/34/156 39/56/39 34/49/34 157/35/157
f 156/34/156 815/892/815 800/848/800 39/56/39
s 1
f 161/44/161 816/894/816 387/895/387 162/40/162
s 2
f 387/895/387 388/896/388 163/41/163 162/40/162
s 1
f 163/41/163 388/896/388 389/897/389 164/42/164
s 2
f 389/897/389 385/904/385 303/368/303 164/42/164
s 8
f 766/627/766 724/846/724 65/99/65 71/119/71
s 2
f 80/141/80 124/208/124 119/199/119 79/140/79
f 80/141/80 354/783/354 353/782/353 124/208/124
s 1
f 371/859/371 390/898/390 169/172/169 104/171/104
s 2
f 390/898/390 391/899/391 170/173/170 169/172/169
s 1
f 391/899/391 817/900/817 171/174/171 170/173/170
s 2
f 171/174/171 116/194/116 111/187/111 172/175/172
f 171/174/171 817/900/817 807/860/807 116/194/116
s 1
f 174/182/174 818/902/818 392/903/392 175/180/175
s 2
f 392/903/392 814/905/814 306/378/306 175/180/175
s 8
f 777/642/777 735/847/735 141/237/141 147/257/147
s 2
f 404/871/404 386/891/386 155/33/155 302/366/302
f 372/872/372 371/859/371 104/171/104 203/380/203
s 1
f 393/906/393 394/907/394 217/402/217 216/401/216
s 4
f 394/907/394 404/920/404 302/582/302 217/402/217
s 1
f 395/908/395 396/909/396 219/404/219 218/403/218
s 2
f 396/909/396 397/910/397 220/405/220 219/404/219
s 1
f 397/911/397 398/912/398 221/406/221 220/410/220
s 2
f 221/406/221 398/912/398 374/874/374 222/407/222
s 1
f 819/913/819 399/914/399 232/422/232 231/421/231
s 2
f 232/422/232 377/878/377 243/435/243 233/423/233
s 1
f 400/916/400 401/917/401 238/428/238 237/432/237
s 2
f 238/428/238 401/917/401 402/918/402 239/429/239
s 1
f 402/918/402 403/919/403 240/430/240 239/429/239
s 4
f 403/919/403 372/921/372 203/600/203 240/430/240
s 2
f 249/447/249 826/808/826 827/807/827 290/446/290
f 298/475/298 830/820/830 278/496/278 297/474/297
s 4
f 303/584/303 385/889/385 395/908/395 218/403/218
f 306/598/306 814/890/814 819/913/819 231/421/231
s 1
f 548/932/548 430/966/430 431/967/431 410/933/410
s 4
f 431/967/431 436/974/436 411/934/411 410/933/410
f 800/1696/800 815/1741/815 411/934/411 436/974/436
s 1
f 323/1536/323 716/1535/716 405/924/405 406/925/406
s 4
f 323/1536/323 406/925/406 714/1294/714 739/1582/739
s 1
f 717/1537/717 567/926/567 568/927/568 718/1538/718
s 4
f 718/1538/718 568/927/568 407/928/407 719/1539/719
s 1
f 719/1540/719 407/942/407 408/929/408 720/1541/720
s 4
f 443/983/443 449/992/449 408/929/408 409/930/409
f 721/1542/721 720/1541/720 408/929/408 449/992/449
s 1
f 551/940/551 432/968/432 433/969/433 415/941/415
s 2
f 415/941/415 433/969/433 430/966/430 548/932/548
s 1
f 342/1772/342 416/944/416 417/945/417 341/1773/341
s 4
f 445/985/445 450/994/450 417/945/417 418/946/418
f 340/1774/340 341/1773/341 417/945/417 450/994/450
s 1
f 553/956/553 434/970/434 475/971/475 554/957/554
s 4
f 554/957/554 475/971/475 476/972/476 555/958/555
s 1
f 555/958/555 476/972/476 435/973/435 425/959/425
s 4
f 435/973/435 440/980/440 426/960/426 425/959/425
f 759/1624/759 760/1625/760 426/960/426 440/980/440
s 1
f 344/1778/344 345/1776/345 422/964/422 570/951/570
s 4
f 344/1778/344 570/951/570 571/952/571 343/1779/343
s 1
f 820/1780/820 343/1779/343 571/952/571 423/953/423
s 4
f 820/1780/820 423/953/423 710/1288/710 846/1801/846
s 1
f 441/981/441 436/974/436 431/967/431 430/966/430
f 437/975/437 438/976/438 433/969/433 432/968/432
f 439/977/439 474/978/474 475/971/475 434/970/434
f 477/979/477 440/980/440 435/973/435 476/972/476
f 565/922/565 566/923/566 442/982/442 447/989/447
f 409/930/409 569/931/569 591/984/591 443/983/443
s 4
f 569/931/569 565/922/565 447/989/447 591/984/591
s 1
f 418/946/418 419/947/419 469/986/469 445/985/445
s 2
f 419/947/419 420/948/420 470/987/470 469/986/469
s 1
f 420/948/420 421/949/421 446/988/446 470/987/470
f 447/989/447 442/982/442 448/991/448 592/990/592
f 443/983/443 591/984/591 593/993/593 449/992/449
s 4
f 592/990/592 594/999/594 591/984/591 447/989/447
f 595/1002/595 593/993/593 591/984/591 594/999/594
s 1
f 445/985/445 469/986/469 468/995/468 450/994/450
f 470/987/470 446/988/446 451/997/451 471/996/471
f 715/1534/715 722/1543/722 592/990/592 448/991/448
f 721/1542/721 449/992/449 593/993/593 723/1544/723
s 4
f 723/1544/723 593/993/593 595/1002/595 725/1545/725
s 1
f 340/1774/340 450/994/450 468/995/468 347/1781/347
s 4
f 347/1781/347 468/995/468 467/1000/467 351/1782/351
s 1
f 346/1775/346 348/1784/348 471/996/471 451/997/451
s 4
f 594/999/594 592/990/592 722/1543/722 727/1546/727
f 595/1002/595 594/999/594 727/1546/727 725/1545/725
f 472/1003/472 471/996/471 348/1784/348 349/1785/349
s 2
f 467/1034/467 468/1035/468 462/1015/462 461/1014/461
s 1
f 468/1035/468 469/1036/469 463/1016/463 462/1015/462
s 4
f 469/1036/469 470/1037/470 464/1017/464 463/1016/463
s 1
f 464/1017/464 470/1037/470 471/1038/471 465/1018/465
s 2
f 471/1038/471 472/1039/472 466/1019/466 465/1018/465
s 8
f 583/1055/583 728/1556/728 767/1548/767 461/1022/461
s 2
f 457/1027/457 456/1028/456 474/1042/474 473/1041/473
s 1
f 474/1042/474 456/1028/456 455/1029/455 475/1043/475
s 4
f 455/1029/455 460/1030/460 476/1044/476 475/1043/475
s 1
f 460/1030/460 459/1031/459 477/1045/477 476/1044/476
s 2
f 459/1031/459 458/1032/458 478/1046/478 477/1045/477
s 1
f 478/1047/478 458/1033/458 370/1707/370 766/1636/766
f 455/1008/455 456/1009/456 441/1049/441 430/1048/430
s 4
f 456/1009/456 457/1010/457 452/1050/452 441/1049/441
s 8
f 805/1703/805 452/1050/452 457/1010/457 806/1705/806
s 4
f 458/1011/458 459/1012/459 438/1052/438 453/1051/453
s 1
f 438/1052/438 459/1012/459 460/1013/460 433/1053/433
s 2
f 460/1013/460 455/1008/455 430/1048/430 433/1053/433
s 1
f 484/1070/484 501/1104/501 502/1105/502 556/1071/556
s 4
f 502/1105/502 507/1112/507 557/1072/557 556/1071/556
f 807/1708/807 817/1748/817 557/1072/557 507/1112/507
s 1
f 731/1559/731 730/1558/730 573/1062/573 574/1063/574
s 4
f 731/1559/731 574/1063/574 480/1064/480 732/1560/732
s 1
f 324/1561/324 732/1560/732 480/1064/480 481/1065/481
s 4
f 324/1561/324 481/1065/481 711/1278/711 329/1580/329
s 1
f 325/1563/325 482/1080/482 483/1067/483 733/1564/733
s 4
f 514/1121/514 519/1130/519 483/1067/483 575/1068/575
f 326/1565/326 733/1564/733 483/1067/483 519/1130/519
s 1
f 560/1078/560 503/1106/503 504/1107/504 488/1079/488
s 2
f 488/1079/488 504/1107/504 501/1104/501 484/1070/484
s 1
f 845/1836/845 489/1082/489 490/1083/490 356/1787/356
s 4
f 356/1787/356 490/1083/490 491/1084/491 355/1788/355
s 1
f 355/1788/355 491/1084/491 492/1085/492 354/1789/354
s 4
f 515/1123/515 520/1132/520 492/1085/492 577/1086/577
f 353/1790/353 354/1789/354 492/1085/492 520/1132/520
s 1
f 563/1096/563 505/1108/505 544/1109/544 497/1097/497
s 4
f 497/1097/497 544/1109/544 545/1110/545 498/1098/498
s 1
f 498/1098/498 545/1110/545 506/1111/506 499/1099/499
s 4
f 506/1111/506 511/1118/511 564/1100/564 499/1099/499
f 772/1644/772 773/1645/773 564/1100/564 511/1118/511
s 1
f 357/1794/357 358/1792/358 580/1102/580 494/1091/494
s 4
f 357/1794/357 494/1091/494 713/1298/713 369/1802/369
s 1
f 512/1119/512 507/1112/507 502/1105/502 501/1104/501
f 508/1113/508 509/1114/509 504/1107/504 503/1106/503
f 510/1115/510 543/1116/543 544/1109/544 505/1108/505
f 546/1117/546 511/1118/511 506/1111/506 545/1110/545
f 479/1060/479 572/1061/572 513/1120/513 517/1127/517
f 575/1068/575 576/1069/576 596/1122/596 514/1121/514
s 4
f 576/1069/576 479/1060/479 517/1127/517 596/1122/596
s 1
f 577/1086/577 578/1087/578 538/1124/538 515/1123/515
s 2
f 578/1087/578 579/1088/579 539/1125/539 538/1124/538
s 1
f 579/1088/579 493/1089/493 516/1126/516 539/1125/539
f 517/1127/517 513/1120/513 518/1129/518 597/1128/597
f 514/1121/514 596/1122/596 598/1131/598 519/1130/519
s 4
f 597/1128/597 599/1137/599 596/1122/596 517/1127/517
f 600/1140/600 598/1131/598 596/1122/596 599/1137/599
s 1
f 515/1123/515 538/1124/538 537/1133/537 520/1132/520
f 539/1125/539 516/1126/516 521/1135/521 540/1134/540
f 729/1557/729 734/1566/734 597/1128/597 518/1129/518
f 326/1565/326 519/1130/519 598/1131/598 327/1567/327
s 4
f 327/1567/327 598/1131/598 600/1140/600 328/1568/328
s 1
f 353/1790/353 520/1132/520 537/1133/537 360/1795/360
s 4
f 360/1795/360 537/1133/537 536/1138/536 362/1796/362
s 1
f 359/1791/359 361/1798/361 540/1134/540 521/1135/521
s 4
f 599/1137/599 597/1128/597 734/1566/734 737/1569/737
f 600/1140/600 599/1137/599 737/1569/737 328/1568/328
f 541/1141/541 540/1134/540 361/1798/361 363/1799/363
s 2
f 536/1172/536 537/1173/537 531/1153/531 530/1152/530
s 1
f 537/1173/537 538/1174/538 532/1154/532 531/1153/531
s 4
f 538/1174/538 539/1175/539 533/1155/533 532/1154/532
s 1
f 533/1155/533 539/1175/539 540/1176/540 534/1156/534
s 2
f 540/1176/540 541/1177/541 535/1157/535 534/1156/534
s 8
f 587/1193/587 738/1579/738 778/1571/778 530/1160/530
s 2
f 526/1165/526 525/1166/525 543/1180/543 542/1179/542
s 1
f 543/1180/543 525/1166/525 524/1167/524 544/1181/544
s 4
f 524/1167/524 529/1168/529 545/1182/545 544/1181/544
s 1
f 529/1168/529 528/1169/528 546/1183/546 545/1182/545
s 2
f 528/1169/528 527/1170/527 547/1184/547 546/1183/546
s 16
f 777/1654/777 547/1185/547 847/1717/847 779/1657/779
s 1
f 524/1146/524 525/1147/525 512/1187/512 501/1186/501
s 4
f 525/1147/525 526/1148/526 522/1188/522 512/1187/512
s 8
f 812/1715/812 522/1188/522 526/1148/526 813/1719/813
s 4
f 527/1149/527 528/1150/528 509/1190/509 523/1189/523
s 1
f 509/1190/509 528/1150/528 529/1151/529 504/1191/504
s 2
f 529/1151/529 524/1146/524 501/1186/501 504/1191/504
s 8
f 411/1200/411 412/1201/412 413/1204/413 414/1205/414
f 411/1200/411 414/1205/414 548/1198/548 410/1199/410
f 551/1206/551 415/1207/415 548/1198/548 414/1205/414
f 413/1204/413 412/1201/412 549/1202/549 550/1203/550
f 604/1302/604 712/1303/712 549/1202/549 412/1201/412
s 16
f 426/1214/426 552/1209/552 555/1212/555 425/1213/425
f 429/1217/429 424/1208/424 427/1215/427 428/1216/428
f 707/1290/707 424/1208/424 429/1217/429 708/1291/708
f 424/1208/424 552/1209/552 426/1214/426 427/1215/427
f 553/1210/553 554/1211/554 555/1212/555 552/1209/552
s 8
f 557/1220/557 485/1221/485 486/1224/486 487/1225/487
f 557/1220/557 487/1225/487 484/1218/484 556/1219/556
f 560/1226/560 488/1227/488 484/1218/484 487/1225/487
s 16
f 564/1236/564 496/1231/496 498/1234/498 499/1235/499
f 606/1305/606 564/1236/564 500/1237/500 605/1304/605
f 562/1229/562 495/1230/495 606/1305/606 561/1228/561
f 495/1230/495 496/1231/496 564/1236/564 606/1305/606
f 563/1232/563 497/1233/497 498/1234/498 496/1231/496
f 409/1246/409 408/1245/408 565/1238/565 569/1247/569
f 405/1240/405 566/1239/566 565/1238/565 408/1245/408
f 407/1244/407 406/1241/406 405/1240/405 408/1245/408
f 575/1266/575 483/1265/483 479/1258/479 576/1267/576
f 573/1260/573 572/1259/572 479/1258/479 483/1265/483
f 482/1264/482 574/1261/574 573/1260/573 483/1265/483
f 574/1261/574 482/1264/482 481/1263/481 480/1262/480
f 601/1285/601 711/1284/711 481/1263/481 482/1264/482
f 713/1308/713 494/1277/494 489/1268/489 608/1309/608
f 579/1274/579 492/1271/492 580/1276/580 493/1275/493
f 577/1272/577 492/1271/492 579/1274/579 578/1273/578
f 492/1271/492 491/1270/491 494/1277/494 580/1276/580
f 491/1270/491 490/1269/490 489/1268/489 494/1277/494
s 4
f 843/1837/843 709/1286/709 416/944/416 342/1772/342
f 330/1581/330 601/1280/601 482/1066/482 325/1562/325
s 8
f 559/1223/559 486/1224/486 485/1221/485 558/1222/558
f 559/1223/559 602/1282/602 603/1283/603 486/1224/486
s 16
f 571/1256/571 570/1255/570 710/1293/710 423/1257/423
f 420/1252/420 417/1249/417 422/1254/422 421/1253/421
f 418/1250/418 417/1249/417 420/1252/420 419/1251/419
f 417/1249/417 710/1293/710 570/1255/570 422/1254/422
f 416/1248/416 709/1292/709 710/1293/710 417/1249/417
s 4
f 339/1583/339 607/1296/607 567/926/567 717/1537/717
f 844/1838/844 608/1300/608 489/1082/489 845/1836/845
s 16
f 567/1242/567 406/1241/406 407/1244/407 568/1243/568
f 567/1242/567 607/1307/607 714/1306/714 406/1241/406
s 8
f 609/1320/609 624/1354/624 625/1355/625 666/1321/666
s 2
f 625/1355/625 315/1662/315 610/1322/610 666/1321/666
s 4
f 822/1804/822 673/1312/673 674/1313/674 823/1805/823
s 8
f 823/1805/823 674/1313/674 709/1502/709 843/1834/843
s 4
f 824/1806/824 675/1314/675 676/1315/676 366/1807/366
s 2
f 366/1807/366 676/1315/676 677/1316/677 825/1808/825
s 4
f 825/1809/825 677/1330/677 678/1317/678 826/1810/826
s 2
f 827/1811/827 826/1810/826 678/1317/678 679/1318/679
s 4
f 668/1329/668 667/1328/667 317/1670/317 786/1671/786
s 2
f 624/1354/624 668/1329/668 786/1671/786 787/1672/787
s 4
f 828/1812/828 681/1332/681 682/1333/682 829/1813/829
s 2
f 628/1359/628 830/1814/830 682/1333/682 683/1334/683
s 4
f 617/1344/617 626/1356/626 631/1357/631 618/1345/618
s 2
f 792/1679/792 670/1346/670 631/1357/631 791/1677/791
s 4
f 619/1347/619 670/1346/670 792/1679/792 793/1680/793
s 2
f 793/1680/793 318/1681/318 620/1348/620 619/1347/619
s 4
f 832/1816/832 687/1352/687 688/1339/688 833/1818/833
s 2
f 834/1819/834 833/1818/833 688/1339/688 689/1340/689
s 4
f 834/1819/834 689/1340/689 690/1341/690 835/1820/835
s 8
f 835/1820/835 690/1341/690 608/1520/608 844/1835/844
f 671/1310/671 672/1311/672 627/1358/627 629/1361/629
s 4
f 827/1811/827 679/1318/679 680/1319/680 836/1821/836
s 2
f 629/1361/629 836/1821/836 680/1319/680 671/1310/671
s 8
f 683/1334/683 684/1335/684 630/1360/630 628/1359/628
s 2
f 630/1360/630 685/1336/685 837/1823/837 838/1824/838
s 4
f 837/1823/837 685/1336/685 686/1337/686 831/1815/831
s 8
f 840/1826/840 629/1361/629 627/1358/627 821/1803/821
f 830/1814/830 628/1359/628 630/1360/630 839/1827/839
s 4
f 636/1377/636 635/1376/635 375/1722/375 374/1723/374
s 2
f 374/1723/374 398/1757/398 637/1378/637 636/1377/636
s 4
f 331/1585/331 693/1368/693 632/1369/632 741/1586/741
s 2
f 332/1587/332 741/1586/741 632/1369/632 694/1370/694
s 4
f 332/1587/332 694/1370/694 633/1371/633 333/1588/333
s 8
f 333/1588/333 633/1371/633 607/1522/607 339/1619/339
s 4
f 742/1590/742 634/1386/634 695/1373/695 743/1591/743
s 2
f 661/1414/661 744/1592/744 695/1373/695 696/1374/696
s 4
f 643/1384/643 658/1410/658 659/1411/659 644/1385/644
s 2
f 375/1722/375 635/1376/635 659/1411/659 376/1725/376
s 4
f 746/1594/746 698/1388/698 699/1389/699 745/1593/745
s 2
f 745/1593/745 699/1389/699 700/1390/700 334/1595/334
s 4
f 334/1595/334 700/1390/700 701/1391/701 747/1596/747
s 2
f 335/1597/335 747/1596/747 701/1391/701 645/1392/645
s 4
f 653/1403/653 652/1402/652 380/1728/380 379/1729/379
s 2
f 665/1412/665 653/1403/653 379/1729/379 378/1730/378
s 4
f 654/1404/654 665/1412/665 660/1413/660 655/1405/655
s 2
f 660/1413/660 377/1732/377 656/1406/656 655/1405/655
s 4
f 337/1600/337 703/1408/703 704/1397/704 748/1601/748
s 8
f 748/1601/748 704/1397/704 601/1510/601 330/1617/330
s 4
f 749/1602/749 691/1366/691 692/1367/692 740/1584/740
f 696/1374/696 697/1375/697 706/1415/706 661/1414/661
s 2
f 706/1415/706 691/1366/691 749/1602/749 755/1603/755
s 4
f 335/1597/335 645/1392/645 646/1393/646 750/1604/750
s 2
f 664/1416/664 750/1604/750 646/1393/646 702/1394/702
s 8
f 702/1394/702 647/1395/647 663/1417/663 664/1416/664
s 4
f 744/1592/744 661/1414/661 706/1415/706 752/1607/752
s 8
f 753/1608/753 664/1416/664 663/1417/663 336/1598/336
s 16
f 610/1424/610 611/1425/611 614/1428/614 615/1429/615
f 610/1424/610 615/1429/615 609/1422/609 666/1423/666
f 667/1430/667 668/1431/668 609/1422/609 615/1429/615
f 614/1428/614 611/1425/611 612/1426/612 613/1427/613
f 707/1506/707 708/1507/708 612/1426/612 611/1425/611
f 620/1438/620 616/1433/616 670/1436/670 619/1437/619
f 623/1441/623 669/1432/669 621/1439/621 622/1440/622
f 605/1526/605 669/1432/669 623/1441/623 606/1527/606
f 669/1432/669 616/1433/616 620/1438/620 621/1439/621
f 617/1434/617 618/1435/618 670/1436/670 616/1433/616
s 8
f 637/1444/637 638/1445/638 641/1448/641 642/1449/642
f 637/1444/637 642/1449/642 635/1442/635 636/1443/636
f 643/1450/643 644/1451/644 635/1442/635 642/1449/642
f 656/1460/656 651/1455/651 654/1458/654 655/1459/655
f 602/1515/602 656/1460/656 657/1461/657 603/1514/603
f 649/1453/649 650/1454/650 602/1515/602 648/1452/648
f 650/1454/650 651/1455/651 656/1460/656 602/1515/602
f 652/1456/652 653/1457/653 654/1458/654 651/1455/651
s 16
f 679/1470/679 678/1469/678 671/1462/671 680/1471/680
f 673/1464/673 672/1463/672 671/1462/671 678/1469/678
f 677/1468/677 674/1465/674 673/1464/673 678/1469/678
f 696/1490/696 695/1489/695 691/1482/691 697/1491/697
f 693/1484/693 692/1483/692 691/1482/691 695/1489/695
f 634/1488/634 632/1485/632 693/1484/693 695/1489/695
f 632/1485/632 634/1488/634 633/1487/633 694/1486/694
f 714/1533/714 607/1532/607 633/1487/633 634/1488/634
f 601/1516/601 704/1501/704 698/1492/698 711/1517/711
f 702/1498/702 701/1495/701 703/1500/703 647/1499/647
f 645/1496/645 701/1495/701 702/1498/702 646/1497/646
f 701/1495/701 700/1494/700 704/1501/704 703/1500/703
f 700/1494/700 699/1493/699 698/1492/698 704/1501/704
s 8
f 824/1806/824 846/1839/846 710/1504/710 675/1314/675
f 746/1594/746 329/1618/329 711/1512/711 698/1388/698
s 16
f 675/1466/675 674/1465/674 677/1468/677 676/1467/676
f 675/1466/675 710/1509/710 709/1508/709 674/1465/674
s 8
f 828/1812/828 369/1840/369 713/1518/713 681/1332/681
f 742/1589/742 739/1620/739 714/1524/714 634/1372/634
f 640/1447/640 641/1448/641 638/1445/638 639/1446/639
f 640/1447/640 712/1528/712 604/1529/604 641/1448/641
s 16
f 689/1480/689 688/1479/688 608/1531/608 690/1481/690
f 685/1476/685 682/1473/682 687/1478/687 686/1477/686
f 683/1474/683 682/1473/682 685/1476/685 684/1475/684
f 682/1473/682 608/1531/608 688/1479/688 687/1478/687
f 681/1472/681 713/1530/713 608/1531/608 682/1473/682
s 4
f 405/924/405 448/991/448 442/982/442 566/923/566
f 405/924/405 716/1535/716 715/1534/715 448/991/448
s 1
f 757/1621/757 311/1622/311 552/955/552 424/954/424
s 4
f 552/955/552 439/977/439 434/970/434 553/956/553
f 552/955/552 311/1622/311 758/1623/758 439/977/439
s 1
f 426/965/426 760/1626/760 312/1627/312 427/961/427
s 4
f 312/1627/312 761/1628/761 428/962/428 427/961/427
s 1
f 428/962/428 761/1628/761 762/1629/762 429/963/429
s 4
f 762/1629/762 798/1659/798 708/1289/708 429/963/429
s 1
f 758/1623/758 763/1630/763 474/978/474 439/977/439
f 477/979/477 764/1632/764 759/1624/759 440/980/440
s 4
f 763/1631/763 765/1634/765 473/1005/473 474/1004/474
f 766/1637/766 764/1633/764 477/1006/477 478/1007/478
s 1
f 725/1551/725 454/1056/454 466/1023/466 726/1552/726
s 8
f 765/1635/765 806/1704/806 457/1027/457 473/1041/473
s 4
f 573/1062/573 518/1129/518 513/1120/513 572/1061/572
f 573/1062/573 730/1558/730 729/1557/729 518/1129/518
s 1
f 769/1640/769 768/1639/768 562/1093/562 561/1092/561
s 4
f 768/1639/768 313/1641/313 495/1094/495 562/1093/562
s 1
f 313/1641/313 770/1642/770 496/1095/496 495/1094/495
s 4
f 496/1095/496 510/1115/510 505/1108/505 563/1096/563
f 496/1095/496 770/1642/770 771/1643/771 510/1115/510
s 1
f 564/1103/564 773/1646/773 314/1647/314 500/1101/500
s 4
f 314/1647/314 799/1660/799 605/1299/605 500/1101/500
s 1
f 771/1643/771 774/1648/774 543/1116/543 510/1115/510
f 546/1117/546 775/1650/775 772/1644/772 511/1118/511
s 4
f 774/1649/774 776/1652/776 542/1143/542 543/1142/543
f 777/1655/777 775/1651/775 546/1144/546 547/1145/547
s 8
f 328/1574/328 585/1194/585 535/1161/535 736/1575/736
f 776/1653/776 813/1716/813 526/1165/526 542/1179/542
s 4
f 797/1658/797 757/1621/757 424/954/424 707/1287/707
f 780/1661/780 769/1640/769 561/1092/561 606/1301/606
f 781/1663/781 782/1664/782 611/1323/611 610/1322/610
s 8
f 782/1664/782 797/1692/797 707/1503/707 611/1323/611
s 4
f 783/1665/783 784/1666/784 613/1325/613 612/1324/612
s 2
f 784/1666/784 785/1667/785 614/1326/614 613/1325/613
s 4
f 785/1668/785 316/1669/316 615/1327/615 614/1331/614
s 2
f 615/1327/615 316/1669/316 317/1670/317 667/1328/667
s 4
f 788/1674/788 789/1675/789 616/1343/616 669/1342/669
s 2
f 616/1343/616 790/1676/790 626/1356/626 617/1344/617
s 4
f 318/1682/318 794/1683/794 621/1349/621 620/1353/620
s 2
f 621/1349/621 794/1683/794 319/1684/319 622/1350/622
s 4
f 319/1684/319 320/1685/320 623/1351/623 622/1350/622
s 8
f 320/1685/320 780/1695/780 606/1521/606 623/1351/623
f 321/1686/321 315/1662/315 625/1355/625 624/1354/624
s 4
f 790/1676/790 795/1688/795 631/1357/631 626/1356/626
s 2
f 693/1368/693 331/1585/331 740/1584/740 692/1367/692
f 703/1396/703 336/1598/336 663/1417/663 647/1395/647
s 8
f 708/1505/708 798/1693/798 783/1665/783 612/1324/612
f 605/1519/605 799/1694/799 788/1674/788 669/1342/669
s 1
f 441/981/441 802/1698/802 800/1696/800 436/974/436
f 801/1697/801 803/1699/803 438/976/438 437/975/437
s 2
f 803/1699/803 804/1700/804 453/1001/453 438/976/438
f 805/1702/805 802/1698/802 441/981/441 452/998/452
s 8
f 806/1841/806 467/1034/467 461/1014/461 767/1547/767
s 1
f 349/1786/349 724/1549/724 466/1020/466 472/1040/472
f 804/1701/804 370/1706/370 458/1011/458 453/1051/453
f 512/1119/512 809/1710/809 807/1708/807 507/1112/507
f 808/1709/808 810/1711/810 509/1114/509 508/1113/508
s 2
f 810/1711/810 811/1712/811 523/1139/523 509/1114/509
f 812/1714/812 809/1710/809 512/1119/512 522/1136/522
s 8
f 813/1843/813 536/1172/536 530/1152/530 778/1570/778
f 363/1800/363 735/1572/735 535/1158/535 541/1178/541
s 16
f 811/1713/811 847/1718/847 527/1149/527 523/1189/523
s 4
f 373/1724/373 381/1733/381 659/1411/659 658/1410/658
f 382/1735/382 377/1732/377 660/1413/660 665/1412/665
s 1
f 411/934/411 815/1741/815 386/1742/386 412/935/412
s 16
f 386/1742/386 404/1756/404 604/1295/604 412/935/412
s 1
f 389/1743/389 388/1744/388 550/937/550 549/936/549
s 4
f 388/1744/388 387/1745/387 413/938/413 550/937/550
s 1
f 387/1746/387 816/1747/816 414/939/414 413/943/413
s 4
f 414/939/414 437/975/437 432/968/432 551/940/551
f 414/939/414 816/1747/816 801/1697/801 437/975/437
f 422/950/422 451/997/451 446/988/446 421/949/421
f 422/950/422 345/1777/345 346/1775/346 451/997/451
s 1
f 557/1072/557 817/1748/817 391/1749/391 485/1073/485
s 4
f 391/1749/391 390/1750/390 558/1074/558 485/1073/485
s 1
f 558/1074/558 390/1750/390 371/1751/371 559/1075/559
s 16
f 371/1751/371 372/1755/372 602/1279/602 559/1075/559
s 1
f 392/1753/392 818/1754/818 487/1077/487 486/1081/486
s 4
f 487/1077/487 508/1113/508 503/1106/503 560/1078/560
f 487/1077/487 818/1754/818 808/1709/808 508/1113/508
f 580/1090/580 521/1135/521 516/1126/516 493/1089/493
f 580/1090/580 358/1793/358 359/1791/359 521/1135/521
s 16
f 814/1720/814 392/1752/392 486/1076/486 603/1281/603
f 385/1721/385 389/1743/389 549/936/549 712/1297/712
s 2
f 673/1312/673 821/1803/821 627/1358/627 672/1311/672
f 687/1338/687 832/1817/832 831/1815/831 686/1337/686
s 4
f 398/1757/398 397/1758/397 638/1379/638 637/1378/637
s 2
f 638/1379/638 397/1758/397 396/1759/396 639/1380/639
s 16
f 396/1759/396 395/1760/395 640/1381/640 639/1380/639
s 4
f 395/1760/395 385/1771/385 712/1523/712 640/1381/640
s 16
f 394/1762/394 393/1763/393 642/1383/642 641/1387/641
s 2
f 642/1383/642 373/1724/373 658/1410/658 643/1384/643
s 16
f 403/1727/403 402/1764/402 649/1399/649 648/1398/648
s 2
f 402/1764/402 401/1765/401 650/1400/650 649/1399/649
s 4
f 401/1765/401 400/1766/400 651/1401/651 650/1400/650
s 2
f 651/1401/651 400/1766/400 380/1728/380 652/1402/652
s 16
f 399/1768/399 819/1769/819 657/1407/657 656/1409/656
s 4
f 819/1769/819 814/1770/814 603/1511/603 657/1407/657
f 602/1513/602 372/1739/372 403/1727/403 648/1398/648
f 604/1525/604 404/1740/404 394/1761/394 641/1382/641
s 1
f 62/105/62 180/138/180 177/133/177
f 177/133/177 61/100/61 62/105/62
s 2
f 177/133/177 178/134/178 60/101/60
f 60/101/60 61/100/61 177/133/177
s 1
f 178/134/178 351/779/351 352/780/352
s 2
f 176/135/176 49/136/49 64/103/64
f 64/103/64 65/102/65 176/135/176
s 1
f 49/136/49 179/137/179 63/104/63
f 63/104/63 64/103/64 49/136/49
s 2
f 179/137/179 180/138/180 62/105/62
f 62/105/62 63/104/63 179/137/179
s 1
f 57/112/57 724/700/724 77/126/77
f 138/243/138 181/276/181 182/271/182
f 182/271/182 137/238/137 138/243/138
s 2
f 182/271/182 183/272/183 136/239/136
f 136/239/136 137/238/137 182/271/182
s 1
f 183/272/183 362/802/362 365/803/365
s 2
f 184/273/184 185/274/185 140/241/140
f 140/241/140 141/240/141 184/273/184
s 1
f 185/274/185 186/275/186 139/242/139
f 139/242/139 140/241/140 185/274/185
s 2
f 186/275/186 181/276/181 138/243/138
f 138/243/138 139/242/139 186/275/186
s 1
f 133/250/133 735/718/735 153/264/153
s 2
f 216/401/216 373/873/373 393/906/393
f 223/408/223 241/433/241 214/399/214
f 225/412/225 790/658/790 789/657/789
f 234/424/234 248/436/248 235/425/235
f 246/440/246 787/666/787 786/665/786
f 227/414/227 228/415/228 247/439/247
f 247/441/247 791/669/791 796/673/796
f 254/452/254 821/815/821 822/814/822
f 264/464/264 274/490/274 255/455/255
f 284/482/284 280/491/280 285/483/285
f 271/485/271 336/746/336 337/747/337
f 292/454/292 289/445/289 301/494/301
f 279/495/279 838/827/838 837/826/837
f 301/494/301 841/825/841 840/829/840
s 1
f 277/500/277 841/835/841 368/836/368
s 2
f 315/647/315 206/391/206 781/648/781
f 787/666/787 246/440/246 321/670/321
s 1
f 795/672/795 247/441/247 796/673/796
s 4
f 322/674/322 300/444/300 321/675/321
s 1
f 787/676/787 300/444/300 322/677/322
s 2
f 744/735/744 262/462/262 743/734/743
s 4
f 338/754/338 280/498/280 751/745/751
s 1
f 753/753/753 280/498/280 338/754/338
f 754/755/754 274/499/274 752/751/752
s 2
f 755/737/755 274/499/274 754/755/754
s 8
f 350/778/350 65/102/65 724/775/724
f 56/106/56 72/120/72 805/855/805
f 364/801/364 141/240/141 847/798/847
f 132/244/132 148/258/148 812/867/812
s 1
f 383/887/383 248/442/248 382/886/382
s 2
f 378/880/378 248/442/248 383/887/383
s 1
f 381/884/381 241/443/241 384/888/384
s 2
f 384/888/384 241/443/241 376/877/376
s 4
f 838/828/838 279/497/279 367/832/367
s 1
f 367/832/367 279/497/279 839/831/839
s 4
f 840/833/840 277/500/277 842/834/842
s 1
f 842/837/842 277/500/277 368/838/368
s 8
f 847/797/847 141/237/141 735/847/735
s 2
f 377/878/377 232/422/232 399/914/399
f 830/820/830 298/475/298 829/821/829
s 1
f 463/1026/463 581/1059/581 582/1054/582
f 582/1054/582 462/1021/462 463/1026/463
s 4
f 582/1054/582 583/1055/583 461/1022/461
f 461/1022/461 462/1021/462 582/1054/582
s 8
f 583/1055/583 727/1554/727 728/1555/728
s 4
f 454/1056/454 584/1057/584 465/1024/465
f 465/1024/465 466/1023/466 454/1056/454
s 1
f 584/1057/584 444/1058/444 464/1025/464
f 464/1025/464 465/1024/465 584/1057/584
s 2
f 444/1058/444 581/1059/581 463/1026/463
f 463/1026/463 464/1025/464 444/1058/444
s 1
f 532/1164/532 590/1197/590 586/1192/586
f 586/1192/586 531/1159/531 532/1164/532
s 4
f 586/1192/586 587/1193/587 530/1160/530
f 530/1160/530 531/1159/531 586/1192/586
s 8
f 587/1193/587 737/1577/737 738/1578/738
s 4
f 585/1194/585 588/1195/588 534/1162/534
f 534/1162/534 535/1161/535 585/1194/585
s 1
f 588/1195/588 589/1196/589 533/1163/533
f 533/1163/533 534/1162/534 588/1195/588
s 2
f 589/1196/589 590/1197/590 532/1164/532
f 532/1164/532 533/1163/533 589/1196/589
s 16
f 527/1171/527 847/1717/847 547/1185/547
s 2
f 610/1322/610 315/1662/315 781/1663/781
f 668/1329/668 624/1354/624 609/1320/609
f 682/1333/682 830/1814/830 829/1813/829
f 618/1345/618 631/1357/631 670/1346/670
f 629/1361/629 841/1822/841 836/1821/836
f 684/1335/684 685/1336/685 630/1360/630
s 16
f 630/1362/630 838/1825/838 367/1829/367
s 2
f 695/1373/695 744/1592/744 743/1591/743
f 644/1385/644 659/1411/659 635/1376/635
f 653/1403/653 665/1412/665 654/1404/654
f 656/1406/656 377/1732/377 399/1767/399
f 697/1375/697 691/1366/691 706/1415/706
f 664/1416/664 751/1605/751 750/1604/750
f 706/1415/706 755/1603/755 752/1607/752
s 4
f 662/1421/662 755/1613/755 756/1614/756
s 1
f 726/1553/726 466/1023/466 724/1550/724
s 8
f 767/1638/767 806/1704/806 765/1635/765
f 736/1576/736 535/1161/535 735/1573/735
f 778/1656/778 813/1716/813 776/1653/776
s 2
f 790/1676/790 616/1343/616 789/1675/789
s 4
f 796/1690/796 631/1363/631 795/1689/795
s 8
f 791/1678/791 631/1363/631 796/1690/796
f 321/1687/321 624/1364/624 322/1691/322
s 2
f 322/1691/322 624/1364/624 787/1673/787
f 336/1598/336 703/1396/703 337/1599/337
f 751/1606/751 664/1418/664 338/1610/338
s 8
f 338/1610/338 664/1418/664 753/1609/753
f 752/1611/752 662/1421/662 754/1612/754
s 4
f 754/1615/754 662/1421/662 756/1616/756
s 8
f 351/1783/351 467/1034/467 806/1841/806
s 1
f 370/1842/370 724/1549/724 349/1786/349
s 8
f 362/1797/362 536/1172/536 813/1843/813
f 847/1844/847 735/1572/735 363/1800/363
s 2
f 841/1822/841 629/1361/629 840/1826/840
s 8
f 839/1828/839 630/1362/630 367/1829/367
s 16
f 842/1830/842 705/1365/705 840/1831/840
s 8
f 841/1832/841 705/1365/705 842/1833/842
s 2
f 383/1737/383 665/1419/665 378/1731/378
s 4
f 382/1736/382 665/1419/665 383/1737/383
f 384/1738/384 659/1420/659 381/1734/381
s 2
f 376/1726/376 659/1420/659 384/1738/384
f 821/1803/821 673/1312/673 822/1804/822
f 373/1724/373 642/1383/642 393/1763/393
# 890 faces

g
