# Max2Obj Version 4.0 Mar 10th, 2001
#
mtllib ./tris.mtl
g
# object beam to come ...
#
v  88.000000 128.000000 -80.000000
v  88.000000 128.000000 -84.000000
v  94.000000 128.000000 -84.000000
v  94.000000 128.000000 -92.000000
v  88.000000 128.000000 -92.000000
v  88.000000 128.000000 -96.000000
v  104.000000 128.000000 -96.000000
v  104.000000 128.000000 -92.000000
v  98.000000 128.000000 -92.000000
v  98.000000 128.000000 -84.000000
v  104.000000 128.000000 -84.000000
v  104.000000 128.000000 -80.000000
v  88.000000 -128.000000 -80.000000
v  88.000000 -128.000000 -84.000000
v  94.000000 -128.000000 -84.000000
v  94.000000 -128.000000 -92.000000
v  88.000000 -128.000000 -92.000000
v  88.000000 -128.000000 -96.000000
v  104.000000 -128.000000 -96.000000
v  104.000000 -128.000000 -92.000000
v  98.000000 -128.000000 -92.000000
v  98.000000 -128.000000 -84.000000
v  104.000000 -128.000000 -84.000000
v  104.000000 -128.000000 -80.000000
v  88.000000 128.000000 96.000000
v  88.000000 128.000000 92.000000
v  94.000000 128.000000 92.000000
v  94.000000 128.000000 84.000000
v  88.000000 128.000000 84.000000
v  88.000000 128.000000 80.000000
v  104.000000 128.000000 80.000000
v  104.000000 128.000000 84.000000
v  98.000000 128.000000 84.000000
v  98.000000 128.000000 92.000000
v  104.000000 128.000000 92.000000
v  104.000000 128.000000 96.000000
v  88.000000 -128.000000 96.000000
v  88.000000 -128.000000 92.000000
v  94.000000 -128.000000 92.000000
v  94.000000 -128.000000 84.000000
v  88.000000 -128.000000 84.000000
v  88.000000 -128.000000 80.000000
v  104.000000 -128.000000 80.000000
v  104.000000 -128.000000 84.000000
v  98.000000 -128.000000 84.000000
v  98.000000 -128.000000 92.000000
v  104.000000 -128.000000 92.000000
v  104.000000 -128.000000 96.000000
v  88.000000 -91.300537 -79.989563
v  88.000000 -91.308212 -84.000000
v  104.000000 -91.308212 -84.000000
v  104.000000 -91.300537 -79.989563
v  88.000000 -91.308212 84.000000
v  104.000000 -91.308212 84.000000
v  88.000000 -85.561401 -84.000000
v  104.000000 -85.561401 -84.000000
v  104.000000 -85.598694 -79.989563
v  88.000000 -85.561401 84.000000
v  104.000000 -85.561401 84.000000
v  88.000000 -85.598694 -79.989563
v  88.000000 -74.355164 -84.000000
v  104.000000 -74.355164 -84.000000
v  88.000000 -74.355164 84.000000
v  104.000000 -74.355164 84.000000
v  88.000000 -68.573227 -84.000000
v  104.000000 -68.573227 -84.000000
v  104.000000 -68.573227 -80.000000
v  88.000000 -68.573227 84.000000
v  88.000000 -68.617157 79.982849
v  104.000000 -68.617157 79.982849
v  104.000000 -68.573227 84.000000
v  88.000000 -68.573227 -80.000000
v  88.000000 91.310776 -83.999992
v  104.000000 91.310776 -83.999992
v  104.000000 91.301804 -79.989563
v  88.000000 91.310776 84.000008
v  104.000000 91.310776 84.000008
v  88.000000 91.301811 -79.989571
v  88.000000 85.629822 -79.989555
v  88.000000 85.623657 -83.999992
v  104.000000 85.623657 -83.999992
v  104.000000 85.629822 -79.989555
v  88.000000 85.623642 84.000008
v  104.000000 85.623642 84.000008
v  88.000000 74.336098 -79.989555
v  88.000000 74.355324 -83.999992
v  104.000000 74.355324 -83.999992
v  104.000000 74.336105 -79.989555
v  88.000000 74.355316 84.000008
v  88.000000 74.328552 79.982857
v  104.000000 74.328552 79.982857
v  104.000000 74.355316 84.000008
v  88.000000 68.691101 -79.989555
v  88.000000 68.723816 -83.999992
v  104.000000 68.723816 -83.999992
v  104.000000 68.691101 -79.989555
v  88.000000 68.723801 84.000008
v  88.000000 68.683563 79.982857
v  104.000000 68.683563 79.982857
v  104.000000 68.723801 84.000008
v  94.001129 -85.598694 -79.989563
v  94.001129 85.629822 -79.989555
v  94.001129 74.336098 -79.989555
v  94.001129 74.328552 79.982857
v  98.022087 -85.598694 -79.989563
v  98.022087 85.629822 -79.989555
v  98.022087 74.336098 -79.989555
v  94.000000 -0.042328 -5.656860
v  88.000000 -0.042328 -5.656860
v  88.000000 -0.042328 -11.313713
v  104.000000 -0.042328 -11.313713
v  104.000000 -0.042328 -5.656860
v  98.000000 -0.042328 -5.656860
v  88.000000 -0.042328 5.656845
v  98.000000 -0.042328 5.656845
v  88.000000 -11.371307 -0.057587
v  88.000000 -5.714447 -0.057579
v  94.000000 -5.714447 -0.057579
v  98.000000 -5.714447 -0.057579
v  104.000000 -5.714447 -0.057579
v  104.000000 -11.371307 -0.057587
v  94.000000 5.599258 -0.057594
v  88.000000 5.599258 -0.057594
v  88.000000 11.256104 -0.057594
v  104.000000 11.256104 -0.057594
v  104.000000 5.599258 -0.057594
v  98.000000 5.599258 -0.057594
v  94.000000 -0.042328 -0.057587
v  88.000000 -0.042328 11.313683
v  94.000000 -0.042328 5.656845
v  104.000000 -0.042328 5.656845
v  104.000000 -0.042328 11.313690
v  88.000000 5.714409 -0.057571
v  94.000000 5.714409 -0.057571
v  98.000000 5.714409 -0.057571
v  104.000000 5.714409 -0.057571
v  104.000000 11.371254 -0.057571
v  88.000000 11.371262 -0.057579
v  98.000000 -0.042328 -0.057587
v  94.000000 -5.599304 -0.057587
v  88.000000 -5.599304 -0.057587
v  88.000000 -11.256149 -0.057595
v  104.000000 -11.256149 -0.057595
v  104.000000 -5.599304 -0.057587
v  98.000000 -5.599304 -0.057587
v  94.001129 85.623093 79.982857
v  88.000000 85.623093 79.982857
v  88.000000 91.295090 79.982857
v  104.000000 91.295090 79.982857
v  104.000000 85.623093 79.982857
v  98.022087 85.623093 79.982857
v  98.022087 74.328552 79.982857
v  88.000000 -74.335754 79.982849
v  94.001129 -74.335754 79.982849
v  98.022087 -74.335754 79.982849
v  104.000000 -74.335754 79.982849
v  94.001129 -85.623047 79.982849
v  88.000000 -85.607513 79.982849
v  88.000000 -91.293823 79.982849
v  104.000000 -91.293823 79.982849
v  104.000000 -85.607513 79.982849
v  98.022087 -85.623047 79.982849
v  94.001129 -74.341644 -79.989563
v  88.000000 -74.341644 -79.989563
v  88.000000 -68.672897 -79.979126
v  104.000000 -68.672897 -79.979126
v  104.000000 -74.341644 -79.989563
v  98.022087 -74.341644 -79.989563
v  -94.000000 1.999992 96.000008
v  94.000000 1.999992 96.000008
v  -94.000000 29.999992 96.000008
v  94.000000 29.999992 96.000008
v  -94.000000 1.999992 100.000008
v  94.000000 1.999992 100.000008
v  -94.000000 29.999992 100.000008
v  94.000000 29.999992 100.000008
v  -94.000000 33.999992 96.000008
v  94.000000 33.999992 96.000008
v  -94.000000 61.999992 96.000015
v  94.000000 61.999992 96.000015
v  -94.000000 33.999992 100.000008
v  94.000000 33.999992 100.000008
v  -94.000000 61.999992 100.000015
v  94.000000 61.999992 100.000015
v  -94.000000 66.000000 96.000015
v  94.000000 66.000000 96.000015
v  -94.000000 94.000000 96.000015
v  94.000000 94.000000 96.000015
v  -94.000000 66.000000 100.000015
v  94.000000 66.000000 100.000015
v  -94.000000 94.000000 100.000015
v  94.000000 94.000000 100.000015
v  -94.000000 98.000000 96.000015
v  94.000000 98.000000 96.000015
v  -94.000000 125.999992 96.000015
v  94.000000 125.999992 96.000015
v  -94.000000 98.000000 100.000015
v  94.000000 98.000000 100.000015
v  -94.000000 125.999992 100.000015
v  94.000000 125.999992 100.000015
v  -94.000000 -30.000000 96.000008
v  94.000000 -30.000000 96.000008
v  -94.000000 -2.000000 96.000008
v  94.000000 -2.000000 96.000008
v  -94.000000 -30.000000 100.000008
v  94.000000 -30.000000 100.000008
v  -94.000000 -2.000000 100.000008
v  94.000000 -2.000000 100.000008
v  -94.000000 -62.000000 96.000008
v  94.000000 -62.000000 96.000008
v  -94.000000 -34.000000 96.000008
v  94.000000 -34.000000 96.000008
v  -94.000000 -62.000000 100.000008
v  94.000000 -62.000000 100.000008
v  -94.000000 -34.000000 100.000008
v  94.000000 -34.000000 100.000008
v  -94.000000 -94.000000 96.000008
v  94.000000 -94.000000 96.000008
v  -94.000000 -66.000000 96.000008
v  94.000000 -66.000000 96.000008
v  -94.000000 -94.000000 100.000008
v  94.000000 -94.000000 100.000008
v  -94.000000 -66.000000 100.000008
v  94.000000 -66.000000 100.000008
v  -94.000000 -126.000000 96.000008
v  94.000000 -126.000000 96.000008
v  -94.000000 -98.000000 96.000008
v  94.000000 -98.000000 96.000008
v  -94.000000 -126.000000 100.000008
v  94.000000 -126.000000 100.000008
v  -94.000000 -98.000000 100.000008
v  94.000000 -98.000000 100.000008
v  -104.000000 128.000000 -80.000000
v  -104.000000 128.000000 -84.000000
v  -98.000000 128.000000 -84.000000
v  -98.000000 128.000000 -92.000000
v  -104.000000 128.000000 -92.000000
v  -104.000000 128.000000 -96.000000
v  -88.000000 128.000000 -96.000000
v  -88.000000 128.000000 -92.000000
v  -94.000000 128.000000 -92.000000
v  -94.000000 128.000000 -84.000000
v  -88.000000 128.000000 -84.000000
v  -88.000000 128.000000 -80.000000
v  -104.000000 -128.000000 -80.000000
v  -104.000000 -128.000000 -84.000000
v  -98.000000 -128.000000 -84.000000
v  -98.000000 -128.000000 -92.000000
v  -104.000000 -128.000000 -92.000000
v  -104.000000 -128.000000 -96.000000
v  -88.000000 -128.000000 -96.000000
v  -88.000000 -128.000000 -92.000000
v  -94.000000 -128.000000 -92.000000
v  -94.000000 -128.000000 -84.000000
v  -88.000000 -128.000000 -84.000000
v  -88.000000 -128.000000 -80.000000
v  -104.000000 128.000000 96.000000
v  -104.000000 128.000000 92.000000
v  -98.000000 128.000000 92.000000
v  -98.000000 128.000000 84.000000
v  -104.000000 128.000000 84.000000
v  -104.000000 128.000000 80.000000
v  -88.000000 128.000000 80.000000
v  -88.000000 128.000000 84.000000
v  -94.000000 128.000000 84.000000
v  -94.000000 128.000000 92.000000
v  -88.000000 128.000000 92.000000
v  -88.000000 128.000000 96.000000
v  -104.000000 -128.000000 96.000000
v  -104.000000 -128.000000 92.000000
v  -98.000000 -128.000000 92.000000
v  -98.000000 -128.000000 84.000000
v  -104.000000 -128.000000 84.000000
v  -104.000000 -128.000000 80.000000
v  -88.000000 -128.000000 80.000000
v  -88.000000 -128.000000 84.000000
v  -94.000000 -128.000000 84.000000
v  -94.000000 -128.000000 92.000000
v  -88.000000 -128.000000 92.000000
v  -88.000000 -128.000000 96.000000
v  -104.000000 -91.300537 -79.989563
v  -104.000000 -91.308212 -84.000000
v  -88.000000 -91.308212 -84.000000
v  -88.000000 -91.300537 -79.989563
v  -104.000000 -91.308212 84.000000
v  -88.000000 -91.308212 84.000000
v  -104.000000 -85.561401 -84.000000
v  -88.000000 -85.561401 -84.000000
v  -88.000000 -85.598694 -79.989563
v  -104.000000 -85.561401 84.000000
v  -88.000000 -85.561401 84.000000
v  -104.000000 -85.598694 -79.989563
v  -104.000000 -74.355164 -84.000000
v  -88.000000 -74.355164 -84.000000
v  -104.000000 -74.355164 84.000000
v  -88.000000 -74.355164 84.000000
v  -104.000000 -68.573227 -84.000000
v  -88.000000 -68.573227 -84.000000
v  -88.000000 -68.573227 -80.000000
v  -104.000000 -68.573227 84.000000
v  -104.000000 -68.617157 79.982849
v  -88.000000 -68.617157 79.982849
v  -88.000000 -68.573227 84.000000
v  -104.000000 -68.573227 -80.000000
v  -104.000000 91.310776 -83.999992
v  -88.000000 91.310776 -83.999992
v  -88.000000 91.301804 -79.989563
v  -104.000000 91.310776 84.000008
v  -88.000000 91.310776 84.000008
v  -104.000000 91.301811 -79.989571
v  -104.000000 85.629822 -79.989555
v  -104.000000 85.623657 -83.999992
v  -88.000000 85.623657 -83.999992
v  -88.000000 85.629822 -79.989555
v  -104.000000 85.623642 84.000008
v  -88.000000 85.623642 84.000008
v  -104.000000 74.336098 -79.989555
v  -104.000000 74.355324 -83.999992
v  -88.000000 74.355324 -83.999992
v  -88.000000 74.336105 -79.989555
v  -104.000000 74.355316 84.000008
v  -104.000000 74.328552 79.982857
v  -88.000000 74.328552 79.982857
v  -88.000000 74.355316 84.000008
v  -104.000000 68.691101 -79.989555
v  -104.000000 68.723816 -83.999992
v  -88.000000 68.723816 -83.999992
v  -88.000000 68.691101 -79.989555
v  -104.000000 68.723801 84.000008
v  -104.000000 68.683563 79.982857
v  -88.000000 68.683563 79.982857
v  -88.000000 68.723801 84.000008
v  -97.998871 -85.598694 -79.989563
v  -97.998871 85.629822 -79.989555
v  -97.998871 74.336098 -79.989555
v  -97.998871 74.328552 79.982857
v  -93.977921 -85.598694 -79.989563
v  -93.977913 85.629822 -79.989555
v  -93.977913 74.336098 -79.989555
v  -98.000000 -0.042328 -5.656860
v  -104.000000 -0.042328 -5.656860
v  -104.000000 -0.042328 -11.313713
v  -88.000000 -0.042328 -11.313713
v  -88.000000 -0.042328 -5.656860
v  -94.000000 -0.042328 -5.656860
v  -104.000000 -0.042328 5.656845
v  -94.000000 -0.042328 5.656845
v  -104.000000 -11.371307 -0.057587
v  -104.000000 -5.714447 -0.057579
v  -98.000000 -5.714447 -0.057579
v  -94.000000 -5.714447 -0.057579
v  -88.000000 -5.714447 -0.057579
v  -88.000000 -11.371307 -0.057587
v  -98.000000 5.599258 -0.057594
v  -104.000000 5.599258 -0.057594
v  -104.000000 11.256104 -0.057594
v  -88.000000 11.256104 -0.057594
v  -88.000000 5.599258 -0.057594
v  -94.000000 5.599258 -0.057594
v  -98.000000 -0.042328 -0.057587
v  -104.000000 -0.042328 11.313683
v  -98.000000 -0.042328 5.656845
v  -88.000000 -0.042328 5.656845
v  -88.000000 -0.042328 11.313690
v  -104.000000 5.714409 -0.057571
v  -98.000000 5.714409 -0.057571
v  -94.000000 5.714409 -0.057571
v  -88.000000 5.714409 -0.057571
v  -88.000000 11.371254 -0.057571
v  -104.000000 11.371262 -0.057579
v  -94.000000 -0.042328 -0.057587
v  -98.000000 -5.599304 -0.057587
v  -104.000000 -5.599304 -0.057587
v  -104.000000 -11.256149 -0.057595
v  -88.000000 -11.256149 -0.057595
v  -88.000000 -5.599304 -0.057587
v  -94.000000 -5.599304 -0.057587
v  -97.998871 85.623093 79.982857
v  -104.000000 85.623093 79.982857
v  -104.000000 91.295090 79.982857
v  -88.000000 91.295090 79.982857
v  -88.000000 85.623093 79.982857
v  -93.977921 85.623093 79.982857
v  -93.977921 74.328552 79.982857
v  -104.000000 -74.335754 79.982849
v  -97.998871 -74.335754 79.982849
v  -93.977921 -74.335754 79.982849
v  -88.000000 -74.335754 79.982849
v  -97.998871 -85.623047 79.982849
v  -104.000000 -85.607513 79.982849
v  -104.000000 -91.293823 79.982849
v  -88.000000 -91.293823 79.982849
v  -88.000000 -85.607513 79.982849
v  -93.977921 -85.623047 79.982849
v  -97.998871 -74.341644 -79.989563
v  -104.000000 -74.341644 -79.989563
v  -104.000000 -68.672897 -79.979126
v  -88.000000 -68.672897 -79.979126
v  -88.000000 -74.341644 -79.989563
v  -93.977921 -74.341644 -79.989563
v  -7.999992 -128.000000 80.000000
v  -7.999992 -128.000000 84.000000
v  -1.999992 -128.000000 84.000000
v  -1.999992 -128.000000 92.000000
v  -7.999992 -128.000000 92.000000
v  -7.999992 -128.000000 96.000000
v  8.000008 -128.000000 96.000000
v  8.000008 -128.000000 92.000000
v  2.000008 -128.000000 92.000000
v  2.000008 -128.000000 84.000000
v  8.000008 -128.000000 84.000000
v  8.000008 -128.000000 80.000000
v  -7.999992 128.000000 80.000000
v  -7.999992 128.000000 84.000000
v  -1.999992 128.000000 84.000000
v  -1.999992 128.000000 92.000000
v  -7.999992 128.000000 92.000000
v  -7.999992 128.000000 96.000000
v  8.000008 128.000000 96.000000
v  8.000008 128.000000 92.000000
v  2.000008 128.000000 92.000000
v  2.000008 128.000000 84.000000
v  8.000008 128.000000 84.000000
v  8.000008 128.000000 80.000000
v  88.000000 -384.000000 -80.000008
v  88.000000 -384.000000 -84.000008
v  94.000000 -384.000000 -84.000008
v  94.000000 -384.000000 -92.000008
v  88.000000 -384.000000 -92.000008
v  88.000000 -384.000000 -96.000008
v  104.000000 -384.000000 -96.000008
v  104.000000 -384.000000 -92.000008
v  98.000000 -384.000000 -92.000008
v  98.000000 -384.000000 -84.000008
v  104.000000 -384.000000 -84.000008
v  104.000000 -384.000000 -80.000008
v  88.000000 -384.000000 95.999992
v  88.000000 -384.000000 91.999992
v  94.000000 -384.000000 91.999992
v  94.000000 -384.000000 83.999992
v  88.000000 -384.000000 83.999992
v  88.000000 -384.000000 79.999992
v  104.000000 -384.000000 79.999992
v  104.000000 -384.000000 83.999992
v  98.000000 -384.000000 83.999992
v  98.000000 -384.000000 91.999992
v  104.000000 -384.000000 91.999992
v  104.000000 -384.000000 95.999992
v  88.000000 -347.300537 -79.989571
v  88.000000 -347.308228 -84.000008
v  104.000000 -347.308228 -84.000008
v  104.000000 -347.300537 -79.989571
v  88.000000 -347.308228 83.999992
v  104.000000 -347.308228 83.999992
v  88.000000 -341.561401 -84.000008
v  104.000000 -341.561401 -84.000008
v  104.000000 -341.598694 -79.989571
v  88.000000 -341.561401 83.999992
v  104.000000 -341.561401 83.999992
v  88.000000 -341.598694 -79.989571
v  88.000000 -330.355164 -84.000008
v  104.000000 -330.355164 -84.000008
v  88.000000 -330.355164 83.999992
v  104.000000 -330.355164 83.999992
v  88.000000 -324.573242 -84.000008
v  104.000000 -324.573242 -84.000008
v  104.000000 -324.573242 -80.000008
v  88.000000 -324.573242 83.999992
v  88.000000 -324.617157 79.982841
v  104.000000 -324.617157 79.982841
v  104.000000 -324.573242 83.999992
v  88.000000 -324.573242 -80.000008
v  88.000000 -164.689224 -84.000000
v  104.000000 -164.689224 -84.000000
v  104.000000 -164.698196 -79.989571
v  88.000000 -164.689224 84.000000
v  104.000000 -164.689224 84.000000
v  88.000000 -164.698181 -79.989578
v  88.000000 -170.370178 -79.989563
v  88.000000 -170.376343 -84.000000
v  104.000000 -170.376343 -84.000000
v  104.000000 -170.370178 -79.989563
v  88.000000 -170.376358 84.000000
v  104.000000 -170.376358 84.000000
v  88.000000 -181.663910 -79.989563
v  88.000000 -181.644684 -84.000000
v  104.000000 -181.644684 -84.000000
v  104.000000 -181.663910 -79.989563
v  88.000000 -181.644684 84.000000
v  88.000000 -181.671448 79.982849
v  104.000000 -181.671448 79.982849
v  104.000000 -181.644684 84.000000
v  88.000000 -187.308899 -79.989563
v  88.000000 -187.276184 -84.000000
v  104.000000 -187.276184 -84.000000
v  104.000000 -187.308899 -79.989563
v  88.000000 -187.276199 84.000000
v  88.000000 -187.316437 79.982849
v  104.000000 -187.316437 79.982849
v  104.000000 -187.276199 84.000000
v  94.001129 -341.598694 -79.989571
v  94.001129 -170.370178 -79.989563
v  94.001129 -181.663910 -79.989563
v  94.001129 -181.671448 79.982849
v  98.022087 -341.598694 -79.989571
v  98.022087 -170.370178 -79.989563
v  98.022087 -181.663910 -79.989563
v  94.000000 -256.042328 -5.656868
v  88.000000 -256.042328 -5.656868
v  88.000000 -256.042328 -11.313721
v  104.000000 -256.042328 -11.313721
v  104.000000 -256.042328 -5.656868
v  98.000000 -256.042328 -5.656868
v  88.000000 -256.042328 5.656837
v  98.000000 -256.042328 5.656837
v  88.000000 -267.371307 -0.057595
v  88.000000 -261.714447 -0.057587
v  94.000000 -261.714447 -0.057587
v  98.000000 -261.714447 -0.057587
v  104.000000 -261.714447 -0.057587
v  104.000000 -267.371307 -0.057595
v  94.000000 -250.400742 -0.057602
v  88.000000 -250.400742 -0.057602
v  88.000000 -244.743896 -0.057601
v  104.000000 -244.743896 -0.057601
v  104.000000 -250.400742 -0.057602
v  98.000000 -250.400742 -0.057602
v  94.000000 -256.042328 -0.057594
v  88.000000 -256.042328 11.313675
v  94.000000 -256.042328 5.656837
v  104.000000 -256.042328 5.656837
v  104.000000 -256.042328 11.313683
v  88.000000 -250.285583 -0.057579
v  94.000000 -250.285583 -0.057579
v  98.000000 -250.285583 -0.057579
v  104.000000 -250.285583 -0.057579
v  104.000000 -244.628754 -0.057579
v  88.000000 -244.628738 -0.057586
v  98.000000 -256.042328 -0.057594
v  94.000000 -261.599304 -0.057595
v  88.000000 -261.599304 -0.057595
v  88.000000 -267.256165 -0.057602
v  104.000000 -267.256165 -0.057602
v  104.000000 -261.599304 -0.057595
v  98.000000 -261.599304 -0.057595
v  94.001129 -170.376907 79.982849
v  88.000000 -170.376907 79.982849
v  88.000000 -164.704910 79.982849
v  104.000000 -164.704910 79.982849
v  104.000000 -170.376907 79.982849
v  98.022087 -170.376907 79.982849
v  98.022087 -181.671448 79.982849
v  88.000000 -330.335754 79.982841
v  94.001129 -330.335754 79.982841
v  98.022087 -330.335754 79.982841
v  104.000000 -330.335754 79.982841
v  94.001129 -341.623047 79.982841
v  88.000000 -341.607513 79.982841
v  88.000000 -347.293823 79.982841
v  104.000000 -347.293823 79.982841
v  104.000000 -341.607513 79.982841
v  98.022087 -341.623047 79.982841
v  94.001129 -330.341644 -79.989571
v  88.000000 -330.341644 -79.989571
v  88.000000 -324.672913 -79.979134
v  104.000000 -324.672913 -79.979134
v  104.000000 -330.341644 -79.989571
v  98.022087 -330.341644 -79.989571
v  -94.000000 -254.000000 96.000000
v  94.000000 -254.000000 96.000000
v  -94.000000 -226.000000 96.000000
v  94.000000 -226.000000 96.000000
v  -94.000000 -254.000000 100.000000
v  94.000000 -254.000000 100.000000
v  -94.000000 -226.000000 100.000000
v  94.000000 -226.000000 100.000000
v  -94.000000 -222.000000 96.000000
v  94.000000 -222.000000 96.000000
v  -94.000000 -194.000000 96.000008
v  94.000000 -194.000000 96.000008
v  -94.000000 -222.000000 100.000000
v  94.000000 -222.000000 100.000000
v  -94.000000 -194.000000 100.000008
v  94.000000 -194.000000 100.000008
v  -94.000000 -190.000000 96.000008
v  94.000000 -190.000000 96.000008
v  -94.000000 -162.000000 96.000008
v  94.000000 -162.000000 96.000008
v  -94.000000 -190.000000 100.000008
v  94.000000 -190.000000 100.000008
v  -94.000000 -162.000000 100.000008
v  94.000000 -162.000000 100.000008
v  -94.000000 -158.000000 96.000008
v  94.000000 -158.000000 96.000008
v  -94.000000 -130.000000 96.000008
v  94.000000 -130.000000 96.000008
v  -94.000000 -158.000000 100.000008
v  94.000000 -158.000000 100.000008
v  -94.000000 -130.000000 100.000008
v  94.000000 -130.000000 100.000008
v  -94.000000 -286.000000 96.000000
v  94.000000 -286.000000 96.000000
v  -94.000000 -258.000000 96.000000
v  94.000000 -258.000000 96.000000
v  -94.000000 -286.000000 100.000000
v  94.000000 -286.000000 100.000000
v  -94.000000 -258.000000 100.000000
v  94.000000 -258.000000 100.000000
v  -94.000000 -318.000000 96.000000
v  94.000000 -318.000000 96.000000
v  -94.000000 -290.000000 96.000000
v  94.000000 -290.000000 96.000000
v  -94.000000 -318.000000 100.000000
v  94.000000 -318.000000 100.000000
v  -94.000000 -290.000000 100.000000
v  94.000000 -290.000000 100.000000
v  -94.000000 -350.000000 96.000000
v  94.000000 -350.000000 96.000000
v  -94.000000 -322.000000 96.000000
v  94.000000 -322.000000 96.000000
v  -94.000000 -350.000000 100.000000
v  94.000000 -350.000000 100.000000
v  -94.000000 -322.000000 100.000000
v  94.000000 -322.000000 100.000000
v  -94.000000 -382.000000 96.000000
v  94.000000 -382.000000 96.000000
v  -94.000000 -354.000000 96.000000
v  94.000000 -354.000000 96.000000
v  -94.000000 -382.000000 100.000000
v  94.000000 -382.000000 100.000000
v  -94.000000 -354.000000 100.000000
v  94.000000 -354.000000 100.000000
v  -104.000000 -384.000000 -80.000008
v  -104.000000 -384.000000 -84.000008
v  -98.000000 -384.000000 -84.000008
v  -98.000000 -384.000000 -92.000008
v  -104.000000 -384.000000 -92.000008
v  -104.000000 -384.000000 -96.000008
v  -88.000000 -384.000000 -96.000008
v  -88.000000 -384.000000 -92.000008
v  -94.000000 -384.000000 -92.000008
v  -94.000000 -384.000000 -84.000008
v  -88.000000 -384.000000 -84.000008
v  -88.000000 -384.000000 -80.000008
v  -104.000000 -384.000000 95.999992
v  -104.000000 -384.000000 91.999992
v  -98.000000 -384.000000 91.999992
v  -98.000000 -384.000000 83.999992
v  -104.000000 -384.000000 83.999992
v  -104.000000 -384.000000 79.999992
v  -88.000000 -384.000000 79.999992
v  -88.000000 -384.000000 83.999992
v  -94.000000 -384.000000 83.999992
v  -94.000000 -384.000000 91.999992
v  -88.000000 -384.000000 91.999992
v  -88.000000 -384.000000 95.999992
v  -104.000000 -347.300537 -79.989571
v  -104.000000 -347.308228 -84.000008
v  -88.000000 -347.308228 -84.000008
v  -88.000000 -347.300537 -79.989571
v  -104.000000 -347.308228 83.999992
v  -88.000000 -347.308228 83.999992
v  -104.000000 -341.561401 -84.000008
v  -88.000000 -341.561401 -84.000008
v  -88.000000 -341.598694 -79.989571
v  -104.000000 -341.561401 83.999992
v  -88.000000 -341.561401 83.999992
v  -104.000000 -341.598694 -79.989571
v  -104.000000 -330.355164 -84.000008
v  -88.000000 -330.355164 -84.000008
v  -104.000000 -330.355164 83.999992
v  -88.000000 -330.355164 83.999992
v  -104.000000 -324.573242 -84.000008
v  -88.000000 -324.573242 -84.000008
v  -88.000000 -324.573242 -80.000008
v  -104.000000 -324.573242 83.999992
v  -104.000000 -324.617157 79.982841
v  -88.000000 -324.617157 79.982841
v  -88.000000 -324.573242 83.999992
v  -104.000000 -324.573242 -80.000008
v  -104.000000 -164.689224 -84.000000
v  -88.000000 -164.689224 -84.000000
v  -88.000000 -164.698196 -79.989571
v  -104.000000 -164.689224 84.000000
v  -88.000000 -164.689224 84.000000
v  -104.000000 -164.698181 -79.989578
v  -104.000000 -170.370178 -79.989563
v  -104.000000 -170.376343 -84.000000
v  -88.000000 -170.376343 -84.000000
v  -88.000000 -170.370178 -79.989563
v  -104.000000 -170.376358 84.000000
v  -88.000000 -170.376358 84.000000
v  -104.000000 -181.663910 -79.989563
v  -104.000000 -181.644684 -84.000000
v  -88.000000 -181.644684 -84.000000
v  -88.000000 -181.663910 -79.989563
v  -104.000000 -181.644684 84.000000
v  -104.000000 -181.671448 79.982849
v  -88.000000 -181.671448 79.982849
v  -88.000000 -181.644684 84.000000
v  -104.000000 -187.308899 -79.989563
v  -104.000000 -187.276184 -84.000000
v  -88.000000 -187.276184 -84.000000
v  -88.000000 -187.308899 -79.989563
v  -104.000000 -187.276199 84.000000
v  -104.000000 -187.316437 79.982849
v  -88.000000 -187.316437 79.982849
v  -88.000000 -187.276199 84.000000
v  -97.998871 -341.598694 -79.989571
v  -97.998871 -170.370178 -79.989563
v  -97.998871 -181.663910 -79.989563
v  -97.998871 -181.671448 79.982849
v  -93.977921 -341.598694 -79.989571
v  -93.977913 -170.370178 -79.989563
v  -93.977913 -181.663910 -79.989563
v  -98.000000 -256.042328 -5.656868
v  -104.000000 -256.042328 -5.656868
v  -104.000000 -256.042328 -11.313721
v  -88.000000 -256.042328 -11.313721
v  -88.000000 -256.042328 -5.656868
v  -94.000000 -256.042328 -5.656868
v  -104.000000 -256.042328 5.656837
v  -94.000000 -256.042328 5.656837
v  -104.000000 -267.371307 -0.057595
v  -104.000000 -261.714447 -0.057587
v  -98.000000 -261.714447 -0.057587
v  -94.000000 -261.714447 -0.057587
v  -88.000000 -261.714447 -0.057587
v  -88.000000 -267.371307 -0.057595
v  -98.000000 -250.400742 -0.057602
v  -104.000000 -250.400742 -0.057602
v  -104.000000 -244.743896 -0.057601
v  -88.000000 -244.743896 -0.057601
v  -88.000000 -250.400742 -0.057602
v  -94.000000 -250.400742 -0.057602
v  -98.000000 -256.042328 -0.057594
v  -104.000000 -256.042328 11.313675
v  -98.000000 -256.042328 5.656837
v  -88.000000 -256.042328 5.656837
v  -88.000000 -256.042328 11.313683
v  -104.000000 -250.285583 -0.057579
v  -98.000000 -250.285583 -0.057579
v  -94.000000 -250.285583 -0.057579
v  -88.000000 -250.285583 -0.057579
v  -88.000000 -244.628754 -0.057579
v  -104.000000 -244.628738 -0.057586
v  -94.000000 -256.042328 -0.057594
v  -98.000000 -261.599304 -0.057595
v  -104.000000 -261.599304 -0.057595
v  -104.000000 -267.256165 -0.057602
v  -88.000000 -267.256165 -0.057602
v  -88.000000 -261.599304 -0.057595
v  -94.000000 -261.599304 -0.057595
v  -97.998871 -170.376907 79.982849
v  -104.000000 -170.376907 79.982849
v  -104.000000 -164.704910 79.982849
v  -88.000000 -164.704910 79.982849
v  -88.000000 -170.376907 79.982849
v  -93.977921 -170.376907 79.982849
v  -93.977921 -181.671448 79.982849
v  -104.000000 -330.335754 79.982841
v  -97.998871 -330.335754 79.982841
v  -93.977921 -330.335754 79.982841
v  -88.000000 -330.335754 79.982841
v  -97.998871 -341.623047 79.982841
v  -104.000000 -341.607513 79.982841
v  -104.000000 -347.293823 79.982841
v  -88.000000 -347.293823 79.982841
v  -88.000000 -341.607513 79.982841
v  -93.977921 -341.623047 79.982841
v  -97.998871 -330.341644 -79.989571
v  -104.000000 -330.341644 -79.989571
v  -104.000000 -324.672913 -79.979134
v  -88.000000 -324.672913 -79.979134
v  -88.000000 -330.341644 -79.989571
v  -93.977921 -330.341644 -79.989571
v  -7.999992 -384.000000 80.000000
v  -7.999992 -384.000000 84.000000
v  -1.999992 -384.000000 84.000000
v  -1.999992 -384.000000 92.000000
v  -7.999992 -384.000000 92.000000
v  -7.999992 -384.000000 96.000000
v  8.000008 -384.000000 96.000000
v  8.000008 -384.000000 92.000000
v  2.000008 -384.000000 92.000000
v  2.000008 -384.000000 84.000000
v  8.000008 -384.000000 84.000000
v  8.000008 -384.000000 80.000000
v  88.000000 384.000000 -79.999992
v  88.000000 384.000000 -83.999992
v  94.000000 384.000000 -83.999992
v  94.000000 384.000000 -91.999992
v  88.000000 384.000000 -91.999992
v  88.000000 384.000000 -95.999992
v  104.000000 384.000000 -95.999992
v  104.000000 384.000000 -91.999992
v  98.000000 384.000000 -91.999992
v  98.000000 384.000000 -83.999992
v  104.000000 384.000000 -83.999992
v  104.000000 384.000000 -79.999992
v  88.000000 384.000000 96.000008
v  88.000000 384.000000 92.000008
v  94.000000 384.000000 92.000008
v  94.000000 384.000000 84.000008
v  88.000000 384.000000 84.000008
v  88.000000 384.000000 80.000008
v  104.000000 384.000000 80.000008
v  104.000000 384.000000 84.000008
v  98.000000 384.000000 84.000008
v  98.000000 384.000000 92.000008
v  104.000000 384.000000 92.000008
v  104.000000 384.000000 96.000008
v  88.000000 164.699463 -79.989563
v  88.000000 164.691788 -84.000000
v  104.000000 164.691788 -84.000000
v  104.000000 164.699463 -79.989563
v  88.000000 164.691788 84.000000
v  104.000000 164.691788 84.000000
v  88.000000 170.438599 -84.000000
v  104.000000 170.438599 -84.000000
v  104.000000 170.401306 -79.989563
v  88.000000 170.438599 84.000000
v  104.000000 170.438599 84.000000
v  88.000000 170.401306 -79.989563
v  88.000000 181.644836 -84.000000
v  104.000000 181.644836 -84.000000
v  88.000000 181.644836 84.000000
v  104.000000 181.644836 84.000000
v  88.000000 187.426773 -84.000000
v  104.000000 187.426773 -84.000000
v  104.000000 187.426773 -80.000000
v  88.000000 187.426773 84.000000
v  88.000000 187.382843 79.982849
v  104.000000 187.382843 79.982849
v  104.000000 187.426773 84.000000
v  88.000000 187.426773 -80.000000
v  88.000000 347.310791 -83.999992
v  104.000000 347.310791 -83.999992
v  104.000000 347.301819 -79.989563
v  88.000000 347.310791 84.000008
v  104.000000 347.310791 84.000008
v  88.000000 347.301819 -79.989571
v  88.000000 341.629822 -79.989555
v  88.000000 341.623657 -83.999992
v  104.000000 341.623657 -83.999992
v  104.000000 341.629822 -79.989555
v  88.000000 341.623657 84.000008
v  104.000000 341.623657 84.000008
v  88.000000 330.336121 -79.989555
v  88.000000 330.355316 -83.999992
v  104.000000 330.355316 -83.999992
v  104.000000 330.336121 -79.989555
v  88.000000 330.355316 84.000008
v  88.000000 330.328552 79.982857
v  104.000000 330.328552 79.982857
v  104.000000 330.355316 84.000008
v  88.000000 324.691101 -79.989555
v  88.000000 324.723816 -83.999992
v  104.000000 324.723816 -83.999992
v  104.000000 324.691101 -79.989555
v  88.000000 324.723816 84.000008
v  88.000000 324.683563 79.982857
v  104.000000 324.683563 79.982857
v  104.000000 324.723816 84.000008
v  94.001129 170.401306 -79.989563
v  94.001129 341.629822 -79.989555
v  94.001129 330.336121 -79.989555
v  94.001129 330.328552 79.982857
v  98.022087 170.401306 -79.989563
v  98.022087 341.629822 -79.989555
v  98.022087 330.336121 -79.989555
v  94.000000 255.957672 -5.656860
v  88.000000 255.957672 -5.656860
v  88.000000 255.957672 -11.313713
v  104.000000 255.957672 -11.313713
v  104.000000 255.957672 -5.656860
v  98.000000 255.957672 -5.656860
v  88.000000 255.957672 5.656845
v  98.000000 255.957672 5.656845
v  88.000000 244.628693 -0.057587
v  88.000000 250.285553 -0.057579
v  94.000000 250.285553 -0.057579
v  98.000000 250.285553 -0.057579
v  104.000000 250.285553 -0.057579
v  104.000000 244.628693 -0.057587
v  94.000000 261.599243 -0.057594
v  88.000000 261.599243 -0.057594
v  88.000000 267.256104 -0.057594
v  104.000000 267.256104 -0.057594
v  104.000000 261.599243 -0.057594
v  98.000000 261.599243 -0.057594
v  94.000000 255.957672 -0.057587
v  88.000000 255.957672 11.313683
v  94.000000 255.957672 5.656845
v  104.000000 255.957672 5.656845
v  104.000000 255.957672 11.313690
v  88.000000 261.714417 -0.057571
v  94.000000 261.714417 -0.057571
v  98.000000 261.714417 -0.057571
v  104.000000 261.714417 -0.057571
v  104.000000 267.371246 -0.057571
v  88.000000 267.371277 -0.057579
v  98.000000 255.957672 -0.057587
v  94.000000 250.400696 -0.057587
v  88.000000 250.400696 -0.057587
v  88.000000 244.743851 -0.057595
v  104.000000 244.743851 -0.057595
v  104.000000 250.400696 -0.057587
v  98.000000 250.400696 -0.057587
v  94.001129 341.623108 79.982857
v  88.000000 341.623108 79.982857
v  88.000000 347.295105 79.982857
v  104.000000 347.295105 79.982857
v  104.000000 341.623108 79.982857
v  98.022087 341.623108 79.982857
v  98.022087 330.328552 79.982857
v  88.000000 181.664246 79.982849
v  94.001129 181.664246 79.982849
v  98.022087 181.664246 79.982849
v  104.000000 181.664246 79.982849
v  94.001129 170.376953 79.982849
v  88.000000 170.392487 79.982849
v  88.000000 164.706177 79.982849
v  104.000000 164.706177 79.982849
v  104.000000 170.392487 79.982849
v  98.022087 170.376953 79.982849
v  94.001129 181.658356 -79.989563
v  88.000000 181.658356 -79.989563
v  88.000000 187.327103 -79.979126
v  104.000000 187.327103 -79.979126
v  104.000000 181.658356 -79.989563
v  98.022087 181.658356 -79.989563
v  -94.000000 258.000000 96.000008
v  94.000000 258.000000 96.000008
v  -94.000000 286.000000 96.000008
v  94.000000 286.000000 96.000008
v  -94.000000 258.000000 100.000008
v  94.000000 258.000000 100.000008
v  -94.000000 286.000000 100.000008
v  94.000000 286.000000 100.000008
v  -94.000000 290.000000 96.000008
v  94.000000 290.000000 96.000008
v  -94.000000 318.000000 96.000015
v  94.000000 318.000000 96.000015
v  -94.000000 290.000000 100.000008
v  94.000000 290.000000 100.000008
v  -94.000000 318.000000 100.000015
v  94.000000 318.000000 100.000015
v  -94.000000 322.000000 96.000015
v  94.000000 322.000000 96.000015
v  -94.000000 350.000000 96.000015
v  94.000000 350.000000 96.000015
v  -94.000000 322.000000 100.000015
v  94.000000 322.000000 100.000015
v  -94.000000 350.000000 100.000015
v  94.000000 350.000000 100.000015
v  -94.000000 354.000000 96.000015
v  94.000000 354.000000 96.000015
v  -94.000000 382.000000 96.000015
v  94.000000 382.000000 96.000015
v  -94.000000 354.000000 100.000015
v  94.000000 354.000000 100.000015
v  -94.000000 382.000000 100.000015
v  94.000000 382.000000 100.000015
v  -94.000000 226.000000 96.000008
v  94.000000 226.000000 96.000008
v  -94.000000 254.000000 96.000008
v  94.000000 254.000000 96.000008
v  -94.000000 226.000000 100.000008
v  94.000000 226.000000 100.000008
v  -94.000000 254.000000 100.000008
v  94.000000 254.000000 100.000008
v  -94.000000 194.000000 96.000008
v  94.000000 194.000000 96.000008
v  -94.000000 222.000000 96.000008
v  94.000000 222.000000 96.000008
v  -94.000000 194.000000 100.000008
v  94.000000 194.000000 100.000008
v  -94.000000 222.000000 100.000008
v  94.000000 222.000000 100.000008
v  -94.000000 162.000000 96.000008
v  94.000000 162.000000 96.000008
v  -94.000000 190.000000 96.000008
v  94.000000 190.000000 96.000008
v  -94.000000 162.000000 100.000008
v  94.000000 162.000000 100.000008
v  -94.000000 190.000000 100.000008
v  94.000000 190.000000 100.000008
v  -94.000000 130.000000 96.000008
v  94.000000 130.000000 96.000008
v  -94.000000 158.000000 96.000008
v  94.000000 158.000000 96.000008
v  -94.000000 130.000000 100.000008
v  94.000000 130.000000 100.000008
v  -94.000000 158.000000 100.000008
v  94.000000 158.000000 100.000008
v  -104.000000 384.000000 -79.999992
v  -104.000000 384.000000 -83.999992
v  -98.000000 384.000000 -83.999992
v  -98.000000 384.000000 -91.999992
v  -104.000000 384.000000 -91.999992
v  -104.000000 384.000000 -95.999992
v  -88.000000 384.000000 -95.999992
v  -88.000000 384.000000 -91.999992
v  -94.000000 384.000000 -91.999992
v  -94.000000 384.000000 -83.999992
v  -88.000000 384.000000 -83.999992
v  -88.000000 384.000000 -79.999992
v  -104.000000 384.000000 96.000008
v  -104.000000 384.000000 92.000008
v  -98.000000 384.000000 92.000008
v  -98.000000 384.000000 84.000008
v  -104.000000 384.000000 84.000008
v  -104.000000 384.000000 80.000008
v  -88.000000 384.000000 80.000008
v  -88.000000 384.000000 84.000008
v  -94.000000 384.000000 84.000008
v  -94.000000 384.000000 92.000008
v  -88.000000 384.000000 92.000008
v  -88.000000 384.000000 96.000008
v  -104.000000 164.699463 -79.989563
v  -104.000000 164.691788 -84.000000
v  -88.000000 164.691788 -84.000000
v  -88.000000 164.699463 -79.989563
v  -104.000000 164.691788 84.000000
v  -88.000000 164.691788 84.000000
v  -104.000000 170.438599 -84.000000
v  -88.000000 170.438599 -84.000000
v  -88.000000 170.401306 -79.989563
v  -104.000000 170.438599 84.000000
v  -88.000000 170.438599 84.000000
v  -104.000000 170.401306 -79.989563
v  -104.000000 181.644836 -84.000000
v  -88.000000 181.644836 -84.000000
v  -104.000000 181.644836 84.000000
v  -88.000000 181.644836 84.000000
v  -104.000000 187.426773 -84.000000
v  -88.000000 187.426773 -84.000000
v  -88.000000 187.426773 -80.000000
v  -104.000000 187.426773 84.000000
v  -104.000000 187.382843 79.982849
v  -88.000000 187.382843 79.982849
v  -88.000000 187.426773 84.000000
v  -104.000000 187.426773 -80.000000
v  -104.000000 347.310791 -83.999992
v  -88.000000 347.310791 -83.999992
v  -88.000000 347.301819 -79.989563
v  -104.000000 347.310791 84.000008
v  -88.000000 347.310791 84.000008
v  -104.000000 347.301819 -79.989571
v  -104.000000 341.629822 -79.989555
v  -104.000000 341.623657 -83.999992
v  -88.000000 341.623657 -83.999992
v  -88.000000 341.629822 -79.989555
v  -104.000000 341.623657 84.000008
v  -88.000000 341.623657 84.000008
v  -104.000000 330.336121 -79.989555
v  -104.000000 330.355316 -83.999992
v  -88.000000 330.355316 -83.999992
v  -88.000000 330.336121 -79.989555
v  -104.000000 330.355316 84.000008
v  -104.000000 330.328552 79.982857
v  -88.000000 330.328552 79.982857
v  -88.000000 330.355316 84.000008
v  -104.000000 324.691101 -79.989555
v  -104.000000 324.723816 -83.999992
v  -88.000000 324.723816 -83.999992
v  -88.000000 324.691101 -79.989555
v  -104.000000 324.723816 84.000008
v  -104.000000 324.683563 79.982857
v  -88.000000 324.683563 79.982857
v  -88.000000 324.723816 84.000008
v  -97.998871 170.401306 -79.989563
v  -97.998871 341.629822 -79.989555
v  -97.998871 330.336121 -79.989555
v  -97.998871 330.328552 79.982857
v  -93.977921 170.401306 -79.989563
v  -93.977913 341.629822 -79.989555
v  -93.977913 330.336121 -79.989555
v  -98.000000 255.957672 -5.656860
v  -104.000000 255.957672 -5.656860
v  -104.000000 255.957672 -11.313713
v  -88.000000 255.957672 -11.313713
v  -88.000000 255.957672 -5.656860
v  -94.000000 255.957672 -5.656860
v  -104.000000 255.957672 5.656845
v  -94.000000 255.957672 5.656845
v  -104.000000 244.628693 -0.057587
v  -104.000000 250.285553 -0.057579
v  -98.000000 250.285553 -0.057579
v  -94.000000 250.285553 -0.057579
v  -88.000000 250.285553 -0.057579
v  -88.000000 244.628693 -0.057587
v  -98.000000 261.599243 -0.057594
v  -104.000000 261.599243 -0.057594
v  -104.000000 267.256104 -0.057594
v  -88.000000 267.256104 -0.057594
v  -88.000000 261.599243 -0.057594
v  -94.000000 261.599243 -0.057594
v  -98.000000 255.957672 -0.057587
v  -104.000000 255.957672 11.313683
v  -98.000000 255.957672 5.656845
v  -88.000000 255.957672 5.656845
v  -88.000000 255.957672 11.313690
v  -104.000000 261.714417 -0.057571
v  -98.000000 261.714417 -0.057571
v  -94.000000 261.714417 -0.057571
v  -88.000000 261.714417 -0.057571
v  -88.000000 267.371246 -0.057571
v  -104.000000 267.371277 -0.057579
v  -94.000000 255.957672 -0.057587
v  -98.000000 250.400696 -0.057587
v  -104.000000 250.400696 -0.057587
v  -104.000000 244.743851 -0.057595
v  -88.000000 244.743851 -0.057595
v  -88.000000 250.400696 -0.057587
v  -94.000000 250.400696 -0.057587
v  -97.998871 341.623108 79.982857
v  -104.000000 341.623108 79.982857
v  -104.000000 347.295105 79.982857
v  -88.000000 347.295105 79.982857
v  -88.000000 341.623108 79.982857
v  -93.977921 341.623108 79.982857
v  -93.977921 330.328552 79.982857
v  -104.000000 181.664246 79.982849
v  -97.998871 181.664246 79.982849
v  -93.977921 181.664246 79.982849
v  -88.000000 181.664246 79.982849
v  -97.998871 170.376953 79.982849
v  -104.000000 170.392487 79.982849
v  -104.000000 164.706177 79.982849
v  -88.000000 164.706177 79.982849
v  -88.000000 170.392487 79.982849
v  -93.977921 170.376953 79.982849
v  -97.998871 181.658356 -79.989563
v  -104.000000 181.658356 -79.989563
v  -104.000000 187.327103 -79.979126
v  -88.000000 187.327103 -79.979126
v  -88.000000 181.658356 -79.989563
v  -93.977921 181.658356 -79.989563
v  -7.999992 384.000000 79.999992
v  -7.999992 384.000000 83.999992
v  -1.999992 384.000000 83.999992
v  -1.999992 384.000000 91.999992
v  -7.999992 384.000000 91.999992
v  -7.999992 384.000000 95.999992
v  8.000008 384.000000 95.999992
v  8.000008 384.000000 91.999992
v  2.000008 384.000000 91.999992
v  2.000008 384.000000 83.999992
v  8.000008 384.000000 83.999992
v  8.000008 384.000000 79.999992
v  -7.999992 128.000000 -76.000000
v  -7.999992 128.000000 -80.000000
v  -7.999992 -127.999992 -80.000000
v  -7.999992 -127.999992 -76.000000
v  -1.999992 128.000000 -76.000000
v  -1.999992 -127.999992 -76.000000
v  -1.999992 128.000000 -68.000000
v  -1.999992 -127.999992 -68.000000
v  -7.999992 128.000000 -68.000000
v  -7.999992 -127.999992 -68.000000
v  -7.999992 128.000000 -64.000000
v  -7.999992 -127.999992 -64.000000
v  8.000008 128.000000 -64.000000
v  8.000008 -127.999992 -64.000000
v  8.000008 128.000000 -68.000000
v  8.000008 -127.999992 -68.000000
v  2.000008 128.000000 -68.000000
v  2.000008 -127.999992 -68.000000
v  2.000008 128.000000 -76.000000
v  2.000008 -127.999992 -76.000000
v  8.000008 128.000000 -76.000000
v  8.000008 -127.999992 -76.000000
v  8.000008 128.000000 -80.000000
v  8.000008 -127.999992 -80.000000
v  -7.999992 -384.000000 -80.000000
v  -7.999992 -384.000000 -76.000000
v  -1.999992 -384.000000 -76.000000
v  -1.999992 -384.000000 -68.000000
v  -7.999992 -384.000000 -68.000000
v  -7.999992 -384.000000 -64.000000
v  8.000008 -384.000000 -64.000000
v  8.000008 -384.000000 -68.000000
v  2.000008 -384.000000 -68.000000
v  2.000008 -384.000000 -76.000000
v  8.000008 -384.000000 -76.000000
v  8.000008 -384.000000 -80.000000
v  -7.999993 384.000000 -76.000008
v  -7.999993 384.000000 -80.000008
v  -1.999992 384.000000 -76.000008
v  -1.999992 384.000000 -68.000008
v  -7.999993 384.000000 -68.000008
v  -7.999993 384.000000 -64.000008
v  8.000008 384.000000 -64.000008
v  8.000008 384.000000 -68.000008
v  2.000008 384.000000 -68.000008
v  2.000008 384.000000 -76.000008
v  8.000008 384.000000 -76.000008
v  8.000008 384.000000 -80.000008
v  83.840591 128.000000 -7.840580
v  87.840591 128.000000 -7.840580
v  87.840584 -127.999992 -7.840592
v  83.840584 -127.999992 -7.840592
v  83.840591 128.000000 -1.840580
v  83.840584 -127.999992 -1.840591
v  75.840591 128.000000 -1.840580
v  75.840584 -127.999992 -1.840591
v  75.840591 128.000000 -7.840580
v  75.840584 -127.999992 -7.840591
v  71.840591 128.000000 -7.840580
v  71.840591 -127.999992 -7.840591
v  71.840591 128.000000 8.159420
v  71.840591 -127.999992 8.159409
v  75.840591 128.000000 8.159420
v  75.840584 -127.999992 8.159409
v  75.840591 128.000000 2.159420
v  75.840584 -127.999992 2.159409
v  83.840591 128.000000 2.159420
v  83.840584 -127.999992 2.159409
v  83.840591 128.000000 8.159420
v  83.840584 -127.999992 8.159409
v  87.840591 128.000000 8.159420
v  87.840584 -127.999992 8.159409
v  87.840576 -384.000000 -7.840603
v  83.840576 -384.000000 -7.840603
v  83.840576 -384.000000 -1.840603
v  75.840576 -384.000000 -1.840603
v  75.840576 -384.000000 -7.840603
v  71.840576 -384.000000 -7.840603
v  71.840576 -384.000000 8.159397
v  75.840576 -384.000000 8.159397
v  75.840576 -384.000000 2.159397
v  83.840576 -384.000000 2.159397
v  83.840576 -384.000000 8.159397
v  87.840576 -384.000000 8.159397
v  83.840614 384.000000 -7.840569
v  87.840614 384.000000 -7.840569
v  83.840614 384.000000 -1.840569
v  75.840614 384.000000 -1.840569
v  75.840614 384.000000 -7.840569
v  71.840614 384.000000 -7.840569
v  71.840614 384.000000 8.159431
v  75.840614 384.000000 8.159431
v  75.840614 384.000000 2.159431
v  83.840614 384.000000 2.159431
v  83.840614 384.000000 8.159431
v  87.840614 384.000000 8.159431
v  -76.159409 128.000000 -7.840580
v  -72.159409 128.000000 -7.840580
v  -72.159416 -127.999992 -7.840592
v  -76.159416 -127.999992 -7.840592
v  -76.159409 128.000000 -1.840580
v  -76.159416 -127.999992 -1.840591
v  -84.159409 128.000000 -1.840580
v  -84.159416 -127.999992 -1.840591
v  -84.159409 128.000000 -7.840580
v  -84.159416 -127.999992 -7.840591
v  -88.159409 128.000000 -7.840580
v  -88.159409 -127.999992 -7.840591
v  -88.159409 128.000000 8.159420
v  -88.159409 -127.999992 8.159409
v  -84.159409 128.000000 8.159420
v  -84.159416 -127.999992 8.159409
v  -84.159409 128.000000 2.159420
v  -84.159416 -127.999992 2.159409
v  -76.159409 128.000000 2.159420
v  -76.159416 -127.999992 2.159409
v  -76.159409 128.000000 8.159420
v  -76.159416 -127.999992 8.159409
v  -72.159409 128.000000 8.159420
v  -72.159416 -127.999992 8.159409
v  -72.159424 -384.000000 -7.840603
v  -76.159424 -384.000000 -7.840603
v  -76.159424 -384.000000 -1.840603
v  -84.159424 -384.000000 -1.840603
v  -84.159424 -384.000000 -7.840603
v  -88.159424 -384.000000 -7.840603
v  -88.159424 -384.000000 8.159397
v  -84.159424 -384.000000 8.159397
v  -84.159424 -384.000000 2.159397
v  -76.159424 -384.000000 2.159397
v  -76.159424 -384.000000 8.159397
v  -72.159424 -384.000000 8.159397
v  -76.159386 384.000000 -7.840569
v  -72.159386 384.000000 -7.840569
v  -76.159386 384.000000 -1.840569
v  -84.159386 384.000000 -1.840569
v  -84.159386 384.000000 -7.840569
v  -88.159386 384.000000 -7.840569
v  -88.159386 384.000000 8.159431
v  -84.159386 384.000000 8.159431
v  -84.159386 384.000000 2.159431
v  -76.159386 384.000000 2.159431
v  -76.159386 384.000000 8.159431
v  -72.159386 384.000000 8.159431
v  -79.999992 128.000000 -80.000008
v  -83.999992 128.000000 -80.000008
v  -83.999992 128.000000 -86.000008
v  -91.999992 127.999977 -86.000008
v  -91.999992 127.999977 -90.000008
v  -83.999992 128.000000 -90.000008
v  -83.999992 128.000000 -96.000015
v  -79.999992 128.000000 -96.000015
v  -79.999992 -128.000000 -80.000008
v  -83.999992 -128.000000 -80.000008
v  -83.999992 -128.000000 -86.000008
v  -91.999992 -128.000000 -86.000008
v  -91.999992 -128.000000 -90.000008
v  -83.999992 -128.000000 -90.000008
v  -83.999992 -128.000000 -96.000008
v  -79.999992 -128.000000 -96.000008
v  92.000008 128.000000 -85.999992
v  84.000008 127.999977 -85.999992
v  84.000008 127.999977 -79.999992
v  80.000008 127.999977 -79.999992
v  80.000008 127.999977 -96.000000
v  84.000008 127.999977 -96.000000
v  84.000008 127.999977 -89.999992
v  92.000008 128.000000 -89.999992
v  92.000008 -127.999969 -85.999992
v  84.000008 -128.000000 -85.999992
v  84.000008 -128.000000 -79.999992
v  80.000008 -128.000000 -79.999992
v  80.000008 -128.000000 -95.999992
v  84.000008 -128.000000 -95.999992
v  84.000008 -128.000000 -89.999992
v  92.000008 -127.999969 -89.999992
v  -79.989548 -91.300537 -80.000000
v  -83.999985 -91.308212 -80.000000
v  -83.999985 -91.308212 -96.000000
v  -79.989548 -91.300537 -96.000000
v  84.000008 -91.308235 -79.999985
v  84.000008 -91.308235 -95.999985
v  -84.000000 -85.561401 -80.000015
v  -84.000000 -85.561401 -96.000015
v  -79.989563 -85.598694 -96.000015
v  84.000008 -85.561424 -80.000000
v  84.000008 -85.561424 -96.000000
v  -79.989563 -85.598694 -80.000015
v  -84.000000 -74.355164 -80.000015
v  -84.000000 -74.355164 -96.000015
v  84.000008 -74.355186 -80.000000
v  84.000008 -74.355186 -96.000000
v  -83.999992 -68.573227 -80.000015
v  -83.999992 -68.573227 -96.000015
v  -79.999992 -68.573227 -96.000015
v  84.000008 -68.573250 -80.000000
v  79.982857 -68.617180 -80.000000
v  79.982857 -68.617180 -96.000000
v  84.000008 -68.573250 -96.000000
v  -79.999992 -68.573227 -80.000015
v  -83.999985 91.310776 -80.000015
v  -83.999985 91.310776 -96.000015
v  -79.989563 91.301804 -96.000015
v  84.000008 91.310753 -80.000000
v  84.000008 91.310753 -96.000000
v  -79.989563 91.301811 -80.000015
v  -79.989548 85.629822 -80.000015
v  -83.999985 85.623657 -80.000015
v  -83.999985 85.623657 -96.000015
v  -79.989548 85.629822 -96.000015
v  84.000008 85.623619 -80.000000
v  84.000008 85.623619 -96.000000
v  -79.989548 74.336098 -80.000000
v  -83.999985 74.355324 -80.000000
v  -83.999985 74.355324 -96.000000
v  -79.989548 74.336105 -96.000000
v  84.000008 74.355293 -79.999985
v  79.982857 74.328529 -79.999985
v  79.982857 74.328529 -95.999985
v  84.000008 74.355293 -95.999985
v  -79.989548 68.691101 -80.000008
v  -83.999985 68.723816 -80.000008
v  -83.999985 68.723816 -96.000000
v  -79.989548 68.691101 -96.000000
v  84.000008 68.723778 -79.999992
v  79.982857 68.683540 -79.999992
v  79.982857 68.683540 -95.999985
v  84.000008 68.723778 -95.999985
v  -79.989563 -85.598694 -86.001144
v  -79.989548 85.629822 -86.001129
v  -79.989548 74.336098 -86.001129
v  79.982857 74.328529 -86.001114
v  -79.989563 -85.598694 -90.022110
v  -79.989548 85.629822 -90.022095
v  -79.989548 74.336098 -90.022095
v  -5.656853 -0.042336 -86.000000
v  -11.313705 -0.042336 -80.000000
v  -5.656853 -0.042336 -96.000000
v  -5.656853 -0.042336 -90.000000
v  5.656853 -0.042337 -80.000000
v  5.656853 -0.042336 -90.000000
v  -0.057583 -11.313739 -80.000000
v  -0.057575 -5.656884 -80.000000
v  -0.057575 -5.656884 -86.000000
v  -0.057575 -5.656883 -90.000000
v  -0.057575 -5.656884 -96.000000
v  -0.057583 -11.313741 -96.000000
v  -0.057570 5.685613 -86.000000
v  -0.057575 5.656826 -80.000000
v  -0.057574 11.348221 -80.000000
v  -0.057570 11.342461 -96.000000
v  -0.057570 5.685613 -96.000000
v  -0.057570 5.685613 -90.000000
v  11.313690 -0.042336 -80.000000
v  5.656853 -0.042336 -86.000000
v  5.656853 -0.042336 -96.000000
v  11.313698 -0.042335 -96.000000
v  79.982857 85.623070 -86.001114
v  79.982857 85.623070 -80.000000
v  79.982857 91.295067 -80.000000
v  79.982857 91.295067 -96.000000
v  79.982857 85.623070 -96.000000
v  79.982857 85.623070 -90.022079
v  79.982857 74.328529 -90.022079
v  79.982857 -74.335777 -80.000000
v  79.982857 -74.335777 -86.001129
v  79.982857 -74.335777 -90.022079
v  79.982857 -74.335777 -96.000000
v  79.982857 -85.623070 -86.001129
v  79.982857 -85.607536 -80.000000
v  79.982857 -91.293846 -79.999985
v  79.982857 -91.293846 -95.999985
v  79.982857 -85.607536 -96.000000
v  79.982857 -85.623070 -90.022095
v  -79.989563 -74.341644 -86.001144
v  -79.989563 -74.341644 -80.000015
v  -79.979118 -68.672897 -80.000015
v  -79.979118 -68.672897 -96.000015
v  -79.989563 -74.341644 -96.000015
v  -79.989563 -74.341644 -90.022095
v  -80.000000 -383.999939 -80.000008
v  -84.000000 -383.999939 -80.000008
v  -84.000000 -383.999939 -86.000008
v  -92.000000 -383.999939 -86.000008
v  -92.000000 -383.999939 -90.000008
v  -84.000000 -383.999939 -90.000008
v  -84.000000 -383.999939 -96.000008
v  -80.000000 -383.999939 -96.000008
v  91.999992 -383.999939 -85.999992
v  83.999992 -383.999939 -85.999992
v  83.999992 -383.999939 -79.999992
v  79.999992 -383.999939 -79.999992
v  79.999992 -383.999939 -95.999992
v  83.999992 -383.999939 -95.999992
v  83.999992 -383.999939 -89.999992
v  91.999992 -383.999939 -89.999992
v  -79.989563 -347.300476 -80.000008
v  -84.000000 -347.308167 -80.000008
v  -84.000000 -347.308167 -96.000008
v  -79.989563 -347.300476 -96.000008
v  83.999992 -347.308167 -79.999992
v  83.999992 -347.308167 -95.999992
v  -84.000000 -341.561340 -80.000008
v  -84.000000 -341.561340 -96.000008
v  -79.989563 -341.598633 -96.000008
v  83.999992 -341.561340 -79.999992
v  83.999992 -341.561340 -95.999992
v  -79.989563 -341.598633 -80.000008
v  -84.000000 -330.355103 -80.000008
v  -84.000000 -330.355103 -96.000008
v  83.999992 -330.355103 -79.999992
v  83.999992 -330.355103 -95.999992
v  -84.000000 -324.573181 -80.000008
v  -84.000000 -324.573181 -96.000008
v  -80.000000 -324.573181 -96.000008
v  83.999992 -324.573181 -79.999992
v  79.982841 -324.617096 -79.999992
v  79.982841 -324.617096 -95.999992
v  83.999992 -324.573181 -95.999992
v  -80.000000 -324.573181 -80.000008
v  -83.999992 -164.689224 -80.000008
v  -83.999992 -164.689224 -96.000008
v  -79.989563 -164.698196 -96.000008
v  84.000008 -164.689224 -79.999992
v  84.000008 -164.689224 -95.999992
v  -79.989571 -164.698181 -80.000008
v  -79.989555 -170.370178 -80.000008
v  -83.999992 -170.376343 -80.000008
v  -83.999992 -170.376343 -96.000008
v  -79.989555 -170.370178 -96.000008
v  83.999992 -170.376358 -79.999992
v  83.999992 -170.376358 -95.999992
v  -79.989555 -181.663910 -80.000008
v  -83.999992 -181.644684 -80.000008
v  -83.999992 -181.644684 -96.000008
v  -79.989555 -181.663910 -96.000008
v  83.999992 -181.644684 -79.999992
v  79.982841 -181.671448 -79.999992
v  79.982841 -181.671448 -95.999992
v  83.999992 -181.644684 -95.999992
v  -79.989555 -187.308899 -80.000008
v  -83.999992 -187.276184 -80.000008
v  -83.999992 -187.276184 -96.000008
v  -79.989555 -187.308899 -96.000008
v  83.999992 -187.276199 -79.999992
v  79.982841 -187.316437 -79.999992
v  79.982841 -187.316437 -95.999992
v  83.999992 -187.276199 -95.999992
v  -79.989563 -341.598633 -86.001137
v  -79.989555 -170.370178 -86.001137
v  -79.989555 -181.663910 -86.001137
v  79.982841 -181.671448 -86.001122
v  -79.989563 -341.598633 -90.022095
v  -79.989555 -170.370178 -90.022095
v  -79.989555 -181.663910 -90.022095
v  -5.656860 -256.042267 -86.000000
v  -5.656860 -256.042267 -80.000000
v  -11.313713 -256.042267 -96.000000
v  5.656845 -256.042267 -80.000000
v  5.656845 -256.042267 -90.000000
v  -0.057598 -267.313660 -80.000000
v  -0.057606 -261.656799 -80.000000
v  -0.057606 -261.656799 -86.000000
v  -0.057606 -261.656799 -90.000000
v  -0.057606 -261.656799 -96.000000
v  -0.057598 -267.313660 -96.000000
v  -0.057577 -250.314377 -86.000000
v  -0.057583 -250.343170 -80.000000
v  -0.057582 -244.651764 -80.000000
v  -0.057577 -244.657532 -96.000000
v  -0.057577 -250.314377 -96.000000
v  -0.057577 -250.314377 -90.000000
v  -0.057587 -256.042267 -86.000000
v  11.313690 -256.042267 -80.000000
v  5.656845 -256.042267 -86.000000
v  5.656845 -256.042267 -96.000000
v  11.313690 -256.042267 -96.000000
v  -0.057587 -256.042267 -90.000000
v  79.982841 -170.376907 -86.001122
v  79.982841 -170.376907 -79.999992
v  79.982857 -164.704910 -79.999992
v  79.982857 -164.704910 -95.999992
v  79.982841 -170.376907 -95.999992
v  79.982841 -170.376907 -90.022079
v  79.982841 -181.671448 -90.022079
v  79.982841 -330.335693 -79.999992
v  79.982841 -330.335693 -86.001122
v  79.982841 -330.335693 -90.022079
v  79.982841 -330.335693 -95.999992
v  79.982841 -341.622986 -86.001122
v  79.982841 -341.607452 -79.999992
v  79.982841 -347.293762 -79.999992
v  79.982841 -347.293762 -95.999992
v  79.982841 -341.607452 -95.999992
v  79.982841 -341.622986 -90.022079
v  -79.989563 -330.341583 -86.001137
v  -79.989563 -330.341583 -80.000008
v  -79.979126 -324.672852 -80.000008
v  -79.979126 -324.672852 -96.000008
v  -79.989563 -330.341583 -96.000008
v  -79.989563 -330.341583 -90.022095
v  -79.999985 384.000061 -80.000008
v  -83.999985 384.000061 -80.000008
v  -83.999985 384.000061 -86.000008
v  -91.999985 384.000061 -86.000008
v  -91.999985 384.000061 -90.000008
v  -83.999985 384.000061 -90.000008
v  -83.999985 384.000061 -96.000008
v  -79.999985 384.000061 -96.000008
v  92.000023 384.000061 -85.999992
v  84.000023 384.000061 -85.999992
v  84.000023 384.000061 -79.999992
v  80.000023 384.000061 -79.999992
v  80.000023 384.000061 -95.999992
v  84.000023 384.000061 -95.999992
v  84.000023 384.000061 -89.999992
v  92.000023 384.000061 -89.999992
v  -79.989555 164.699463 -80.000008
v  -83.999992 164.691788 -80.000008
v  -83.999992 164.691788 -96.000008
v  -79.989555 164.699463 -96.000008
v  84.000008 164.691788 -79.999992
v  84.000008 164.691788 -95.999992
v  -83.999992 170.438599 -80.000008
v  -83.999992 170.438599 -96.000008
v  -79.989555 170.401306 -96.000008
v  84.000008 170.438599 -79.999992
v  84.000008 170.438599 -95.999992
v  -79.989555 170.401306 -80.000008
v  -83.999992 181.644836 -80.000008
v  -83.999992 181.644836 -96.000008
v  84.000023 181.644836 -79.999992
v  84.000023 181.644836 -95.999992
v  -83.999992 187.426773 -80.000008
v  -83.999992 187.426773 -96.000008
v  -79.999992 187.426773 -96.000008
v  84.000023 187.426773 -79.999992
v  79.982872 187.382843 -79.999992
v  79.982872 187.382843 -95.999992
v  84.000023 187.426773 -95.999992
v  -79.999992 187.426773 -80.000008
v  -83.999985 347.310852 -80.000008
v  -83.999985 347.310852 -96.000008
v  -79.989555 347.301880 -96.000008
v  84.000023 347.310852 -79.999992
v  84.000023 347.310852 -95.999992
v  -79.989563 347.301880 -80.000008
v  -79.989548 341.629883 -80.000008
v  -83.999985 341.623718 -80.000008
v  -83.999985 341.623718 -96.000008
v  -79.989548 341.629883 -96.000008
v  84.000023 341.623718 -79.999992
v  84.000023 341.623718 -95.999992
v  -79.989548 330.336182 -80.000008
v  -83.999985 330.355377 -80.000008
v  -83.999985 330.355377 -96.000008
v  -79.989548 330.336182 -96.000008
v  84.000023 330.355377 -79.999992
v  79.982872 330.328613 -79.999992
v  79.982872 330.328613 -95.999992
v  84.000023 330.355377 -95.999992
v  -79.989548 324.691162 -80.000008
v  -83.999985 324.723877 -80.000008
v  -83.999985 324.723877 -96.000008
v  -79.989548 324.691162 -96.000008
v  84.000023 324.723877 -79.999992
v  79.982872 324.683624 -79.999992
v  79.982872 324.683624 -95.999992
v  84.000023 324.723877 -95.999992
v  -79.989555 170.401306 -86.001137
v  -79.989548 341.629883 -86.001137
v  -79.989548 330.336182 -86.001137
v  79.982872 330.328613 -86.001122
v  -79.989555 170.401306 -90.022095
v  -79.989548 341.629883 -90.022095
v  -79.989548 330.336182 -90.022095
v  -5.656853 255.957672 -86.000000
v  -11.313705 255.957672 -80.000000
v  -11.313705 255.957672 -96.000000
v  -5.656853 255.957672 -96.000000
v  5.656845 255.957672 -80.000000
v  5.656853 255.957672 -90.000000
v  -0.057590 244.686279 -80.000000
v  -0.057583 250.343124 -80.000000
v  -0.057583 250.343124 -86.000000
v  -0.057575 250.343124 -90.000000
v  -0.057575 250.343124 -96.000000
v  -0.057583 244.686279 -96.000000
v  -0.057577 261.685669 -86.000000
v  -0.057583 261.656891 -80.000000
v  -0.057579 267.348297 -80.000000
v  -0.057568 267.342529 -96.000000
v  -0.057570 261.685669 -96.000000
v  -0.057570 261.685669 -90.000000
v  11.313675 255.957672 -80.000000
v  5.656845 255.957672 -86.000000
v  5.656853 255.957672 -96.000000
v  11.313690 255.957672 -96.000000
v  79.982872 341.623169 -86.001122
v  79.982872 341.623169 -79.999992
v  79.982872 347.295166 -79.999992
v  79.982872 347.295166 -95.999992
v  79.982872 341.623169 -95.999992
v  79.982872 341.623169 -90.022079
v  79.982872 330.328613 -90.022079
v  79.982872 181.664246 -79.999992
v  79.982872 181.664246 -86.001122
v  79.982872 181.664246 -90.022079
v  79.982872 181.664246 -95.999992
v  79.982857 170.376953 -86.001122
v  79.982857 170.392487 -79.999992
v  79.982857 164.706177 -79.999992
v  79.982857 164.706177 -95.999992
v  79.982857 170.392487 -95.999992
v  79.982857 170.376953 -90.022079
v  -79.989555 181.658356 -86.001137
v  -79.989555 181.658356 -80.000008
v  -79.979118 187.327103 -80.000008
v  -79.979118 187.327103 -96.000008
v  -79.989555 181.658356 -96.000008
v  -79.989555 181.658356 -90.022095
v  -79.989548 74.336098 -86.001129
v  -79.989548 74.336098 -80.000000
v  -79.989548 74.336098 -80.000000
v  -79.989548 68.691101 -80.000008
v  -79.989548 68.691101 -80.000008
v  -79.989548 68.691101 -96.000000
v  -79.989548 68.691101 -96.000000
v  -79.989548 74.336105 -96.000000
v  -79.989548 74.336105 -96.000000
v  -79.989548 74.336098 -90.022095
v  -79.989548 74.336098 -90.022095
v  -79.989548 85.629822 -90.022095
v  -79.989563 91.301811 -80.000015
v  -79.989548 85.629822 -80.000015
v  -79.989548 85.629822 -80.000015
v  -79.989548 85.629822 -86.001129
v  -79.989548 85.629822 -86.001129
v  -79.989548 74.336098 -86.001129
v  -79.989548 85.629822 -90.022095
v  -79.989548 85.629822 -96.000015
v  -79.989548 85.629822 -96.000015
v  -79.989563 91.301804 -96.000015
v  -79.989563 91.301804 -96.000015
v  -79.989563 91.301811 -80.000015
v  -79.989555 -181.663910 -86.001137
v  -79.989555 -181.663910 -80.000008
v  -79.989555 -181.663910 -80.000008
v  -79.989555 -187.308899 -80.000008
v  -79.989555 -187.308899 -80.000008
v  -79.989555 -187.308899 -96.000008
v  -79.989555 -187.308899 -96.000008
v  -79.989555 -181.663910 -96.000008
v  -79.989555 -181.663910 -96.000008
v  -79.989555 -181.663910 -90.022095
v  -79.989555 -181.663910 -90.022095
v  -79.989555 -170.370178 -90.022095
v  -79.989571 -164.698181 -80.000008
v  -79.989555 -170.370178 -80.000008
v  -79.989555 -170.370178 -80.000008
v  -79.989555 -170.370178 -86.001137
v  -79.989555 -170.370178 -86.001137
v  -79.989555 -181.663910 -86.001137
v  -79.989555 -170.370178 -90.022095
v  -79.989555 -170.370178 -96.000008
v  -79.989555 -170.370178 -96.000008
v  -79.989563 -164.698196 -96.000008
v  -79.989563 -164.698196 -96.000008
v  -79.989571 -164.698181 -80.000008
v  -79.989548 330.336182 -86.001137
v  -79.989548 330.336182 -80.000008
v  -79.989548 330.336182 -80.000008
v  -79.989548 324.691162 -80.000008
v  -79.989548 324.691162 -80.000008
v  -79.989548 324.691162 -96.000008
v  -79.989548 324.691162 -96.000008
v  -79.989548 330.336182 -96.000008
v  -79.989548 330.336182 -96.000008
v  -79.989548 330.336182 -90.022095
v  -79.989548 330.336182 -90.022095
v  -79.989548 341.629883 -90.022095
v  -79.989563 347.301880 -80.000008
v  -79.989548 341.629883 -80.000008
v  -79.989548 341.629883 -80.000008
v  -79.989548 341.629883 -86.001137
v  -79.989548 341.629883 -86.001137
v  -79.989548 330.336182 -86.001137
v  -79.989548 341.629883 -90.022095
v  -79.989548 341.629883 -96.000008
v  -79.989548 341.629883 -96.000008
v  -79.989555 347.301880 -96.000008
v  -79.989555 347.301880 -96.000008
v  -79.989563 347.301880 -80.000008
v  -79.989563 91.301804 -96.000015
v  -79.989548 85.629822 -80.000015
v  -79.989548 85.629822 -96.000015
v  -79.989548 74.336098 -80.000000
v  -79.989548 74.336105 -96.000000
v  -79.989548 68.691101 -80.000008
v  -79.989548 68.691101 -96.000000
v  -79.989548 85.629822 -86.001129
v  -79.989548 74.336098 -86.001129
v  -79.989548 85.629822 -90.022095
v  -79.989548 74.336098 -90.022095
v  -5.656853 -0.042337 -80.000000
v  -11.313705 -0.042336 -96.000000
v  -0.057579 -0.042336 -90.000000
v  -79.989563 -164.698196 -96.000008
v  -79.989555 -170.370178 -80.000008
v  -79.989555 -170.370178 -96.000008
v  -79.989555 -181.663910 -80.000008
v  -79.989555 -181.663910 -96.000008
v  -79.989555 -187.308899 -80.000008
v  -79.989555 -187.308899 -96.000008
v  -79.989555 -170.370178 -86.001137
v  -79.989555 -181.663910 -86.001137
v  -79.989555 -170.370178 -90.022095
v  -79.989555 -181.663910 -90.022095
v  -11.313713 -256.042267 -80.000000
v  -5.656860 -256.042267 -96.000000
v  -5.656860 -256.042267 -90.000000
v  -79.989555 347.301880 -96.000008
v  -79.989548 341.629883 -80.000008
v  -79.989548 341.629883 -96.000008
v  -79.989548 330.336182 -80.000008
v  -79.989548 330.336182 -96.000008
v  -79.989548 324.691162 -80.000008
v  -79.989548 324.691162 -96.000008
v  -79.989548 341.629883 -86.001137
v  -79.989548 330.336182 -86.001137
v  -79.989548 341.629883 -90.022095
v  -79.989548 330.336182 -90.022095
v  -5.656853 255.957672 -80.000000
v  -5.656853 255.957672 -90.000000
v  -0.057579 255.957672 -90.000000
v  -0.057579 -0.042336 -86.000000
v  -0.057587 255.957672 -86.000000
# 1789 vertices

vt  0.146551 0.995622 -4.000000
vt  0.146551 0.964102 -4.000000
vt  0.193830 0.964102 -4.000000
vt  0.193830 0.901064 -4.000000
vt  0.146551 0.901064 -4.000000
vt  0.146551 0.869545 -4.000000
vt  0.272628 0.869545 -4.000000
vt  0.272628 0.901064 -4.000000
vt  0.225349 0.901064 -4.000000
vt  0.225349 0.964102 -4.000000
vt  0.272628 0.964102 -4.000000
vt  0.272628 0.995622 -4.000000
vt  0.004043 0.995622 4.000000
vt  0.004043 0.964102 4.000000
vt  0.051322 0.964102 4.000000
vt  0.051322 0.901064 4.000000
vt  0.004043 0.901064 4.000000
vt  0.004043 0.869545 4.000000
vt  0.130120 0.869545 4.000000
vt  0.130120 0.901064 4.000000
vt  0.082841 0.901064 4.000000
vt  0.082841 0.964102 4.000000
vt  0.130120 0.964102 4.000000
vt  0.130120 0.995622 4.000000
vt  0.866912 0.998875 -0.000018
vt  0.851310 0.998875 -0.000015
vt  0.827928 0.998875 -0.000013
vt  0.796771 0.998875 -0.000014
vt  0.773395 0.998875 -0.000016
vt  0.757802 0.998875 -0.000020
vt  0.695561 0.998875 -0.000043
vt  0.679989 0.998875 -0.000052
vt  0.656655 0.998875 -0.000072
vt  0.968109 0.998875 -0.000075
vt  0.944755 0.998875 -0.000050
vt  0.929169 0.998875 -0.000040
vt  0.866934 0.003548 -0.000002
vt  0.851334 0.003548 -0.000002
vt  0.827953 0.003548 -0.000002
vt  0.796795 0.003548 -0.000001
vt  0.773416 0.003548 -0.000000
vt  0.757820 0.003548 0.000001
vt  0.695573 0.003548 0.000006
vt  0.679998 0.003548 0.000008
vt  0.656659 0.003548 0.000014
vt  0.968115 0.003548 0.000005
vt  0.944768 0.003548 0.000001
vt  0.929186 0.003548 0.000000
vt  0.999224 0.998875 -0.000137
vt  0.999226 0.003548 0.000014
vt  0.147017 0.860923 -4.000000
vt  0.147017 0.829404 -4.000000
vt  0.194296 0.829404 -4.000000
vt  0.194296 0.766366 -4.000000
vt  0.147017 0.766366 -4.000000
vt  0.147017 0.734847 -4.000000
vt  0.273094 0.734847 -4.000000
vt  0.273094 0.766366 -4.000000
vt  0.225815 0.766366 -4.000000
vt  0.225815 0.829404 -4.000000
vt  0.273094 0.829404 -4.000000
vt  0.273094 0.860923 -4.000000
vt  0.004509 0.860923 4.000000
vt  0.004509 0.829404 4.000000
vt  0.051788 0.829404 4.000000
vt  0.051788 0.766366 4.000000
vt  0.004509 0.766366 4.000000
vt  0.004509 0.734847 4.000000
vt  0.130586 0.734847 4.000000
vt  0.130586 0.766366 4.000000
vt  0.083307 0.766366 4.000000
vt  0.083307 0.829404 4.000000
vt  0.130586 0.829404 4.000000
vt  0.130586 0.860923 4.000000
vt  0.522252 0.998875 -0.000018
vt  0.506650 0.998875 -0.000015
vt  0.483268 0.998875 -0.000013
vt  0.452111 0.998875 -0.000014
vt  0.428734 0.998875 -0.000016
vt  0.413142 0.998875 -0.000020
vt  0.350901 0.998875 -0.000043
vt  0.335329 0.998875 -0.000052
vt  0.311995 0.998875 -0.000072
vt  0.623449 0.998875 -0.000075
vt  0.600095 0.998875 -0.000050
vt  0.584509 0.998875 -0.000040
vt  0.522274 0.003548 -0.000002
vt  0.506674 0.003548 -0.000002
vt  0.483293 0.003548 -0.000002
vt  0.452135 0.003548 -0.000001
vt  0.428756 0.003548 -0.000000
vt  0.413160 0.003548 0.000001
vt  0.350913 0.003548 0.000006
vt  0.335338 0.003548 0.000008
vt  0.311999 0.003548 0.000014
vt  0.623455 0.003548 0.000005
vt  0.600108 0.003548 0.000001
vt  0.584526 0.003548 0.000000
vt  0.654564 0.998875 -0.000137
vt  0.654566 0.003548 0.000014
vt  0.866931 0.146205 -0.000004
vt  0.851331 0.146205 -0.000004
vt  0.944766 0.146205 -0.000006
vt  0.929184 0.146205 -0.000006
vt  0.428753 0.146205 -0.000003
vt  0.413158 0.146205 -0.000002
vt  0.350911 0.146205 -0.000001
vt  0.335336 0.146205 -0.000000
vt  0.851330 0.168549 -0.000004
vt  0.944766 0.168549 -0.000007
vt  0.929183 0.168549 -0.000006
vt  0.428752 0.168549 -0.000003
vt  0.413157 0.168549 -0.000003
vt  0.350911 0.168549 -0.000002
vt  0.335336 0.168549 -0.000002
vt  0.866930 0.168549 -0.000004
vt  0.851329 0.212119 -0.000004
vt  0.944766 0.212119 -0.000009
vt  0.929182 0.212119 -0.000008
vt  0.428751 0.212119 -0.000004
vt  0.413157 0.212119 -0.000004
vt  0.350910 0.212119 -0.000004
vt  0.335336 0.212119 -0.000004
vt  0.866929 0.212119 -0.000005
vt  0.851329 0.234599 -0.000005
vt  0.944765 0.234599 -0.000011
vt  0.929182 0.234599 -0.000009
vt  0.428751 0.234599 -0.000004
vt  0.413156 0.234599 -0.000004
vt  0.350910 0.234599 -0.000005
vt  0.335336 0.234599 -0.000006
vt  0.866929 0.234599 -0.000005
vt  0.851314 0.856227 -0.000013
vt  0.944757 0.856227 -0.000042
vt  0.929172 0.856227 -0.000034
vt  0.428738 0.856227 -0.000014
vt  0.413145 0.856227 -0.000017
vt  0.350902 0.856227 -0.000036
vt  0.335330 0.856227 -0.000043
vt  0.866915 0.856227 -0.000016
vt  0.866916 0.834116 -0.000015
vt  0.851314 0.834116 -0.000013
vt  0.944758 0.834116 -0.000041
vt  0.929172 0.834116 -0.000033
vt  0.428738 0.834116 -0.000014
vt  0.413145 0.834116 -0.000016
vt  0.350903 0.834116 -0.000035
vt  0.335331 0.834116 -0.000042
vt  0.866917 0.790304 -0.000014
vt  0.851315 0.790304 -0.000012
vt  0.944758 0.790304 -0.000039
vt  0.929173 0.790304 -0.000031
vt  0.428739 0.790304 -0.000013
vt  0.413146 0.790304 -0.000016
vt  0.350903 0.790304 -0.000033
vt  0.335331 0.790304 -0.000039
vt  0.866917 0.768409 -0.000014
vt  0.851316 0.768409 -0.000012
vt  0.944758 0.768409 -0.000038
vt  0.929173 0.768409 -0.000030
vt  0.428739 0.768409 -0.000013
vt  0.413147 0.768409 -0.000015
vt  0.350903 0.768409 -0.000032
vt  0.335331 0.768409 -0.000038
vt  0.890284 0.168549 -0.000005
vt  0.890283 0.212119 -0.000006
vt  0.890271 0.834116 -0.000022
vt  0.389796 0.834116 -0.000023
vt  0.890271 0.790304 -0.000021
vt  0.389796 0.790304 -0.000022
vt  0.906010 0.168549 -0.000006
vt  0.906009 0.212119 -0.000007
vt  0.905998 0.834116 -0.000026
vt  0.905999 0.790304 -0.000025
vt  0.374072 0.834116 -0.000028
vt  0.374072 0.790304 -0.000026
vt  0.413146 0.790304 -0.000016
vt  0.413145 0.834116 -0.000016
vt  0.389796 0.834116 -0.000023
vt  0.389796 0.790304 -0.000022
vt  0.374072 0.834116 -0.000028
vt  0.350903 0.834116 -0.000035
vt  0.350903 0.790304 -0.000033
vt  0.374072 0.790304 -0.000026
vt  0.452124 0.477232 -0.000007
vt  0.428746 0.477232 -0.000008
vt  0.413152 0.461680 -0.000009
vt  0.350907 0.461680 -0.000017
vt  0.335334 0.477232 -0.000020
vt  0.311997 0.477232 -0.000027
vt  0.654565 0.477232 -0.000058
vt  0.522262 0.523888 -0.000010
vt  0.506662 0.508336 -0.000008
vt  0.483280 0.508336 -0.000007
vt  0.623452 0.508336 -0.000036
vt  0.600102 0.508336 -0.000025
vt  0.584517 0.523888 -0.000021
vt  0.522264 0.461596 -0.000009
vt  0.506663 0.477148 -0.000008
vt  0.483281 0.477148 -0.000007
vt  0.623452 0.477148 -0.000033
vt  0.600102 0.477148 -0.000023
vt  0.584518 0.461596 -0.000018
vt  0.467660 0.492742 -0.000007
vt  0.639050 0.492742 -0.000047
vt  0.452123 0.508252 -0.000007
vt  0.428745 0.508252 -0.000008
vt  0.413151 0.523804 -0.000010
vt  0.350906 0.523804 -0.000020
vt  0.335333 0.508252 -0.000022
vt  0.311997 0.508252 -0.000030
vt  0.654565 0.508252 -0.000062
vt  0.467660 0.492742 -0.000007
vt  0.639050 0.492742 -0.000047
vt  0.866923 0.483674 -0.000009
vt  0.851322 0.499226 -0.000008
vt  0.827941 0.499226 -0.000007
vt  0.968112 0.499226 -0.000035
vt  0.944762 0.499226 -0.000024
vt  0.929178 0.483674 -0.000019
vt  0.796783 0.530330 -0.000008
vt  0.773405 0.530330 -0.000009
vt  0.757811 0.545882 -0.000010
vt  0.695566 0.545882 -0.000021
vt  0.679993 0.530330 -0.000024
vt  0.656657 0.530330 -0.000031
vt  0.999225 0.530330 -0.000066
vt  0.851322 0.530879 -0.000009
vt  0.827940 0.530879 -0.000008
vt  0.968112 0.530879 -0.000038
vt  0.944761 0.530879 -0.000026
vt  0.929177 0.546431 -0.000022
vt  0.866922 0.546431 -0.000010
vt  0.812087 0.515053 -0.000007
vt  0.983943 0.515053 -0.000051
vt  0.796783 0.499775 -0.000007
vt  0.773405 0.499775 -0.000008
vt  0.757812 0.484223 -0.000009
vt  0.695567 0.484223 -0.000018
vt  0.679993 0.499775 -0.000022
vt  0.656657 0.499775 -0.000029
vt  0.999225 0.499775 -0.000061
vt  0.812087 0.515053 -0.000007
vt  0.983943 0.515053 -0.000051
vt  0.506652 0.917114 -0.000014
vt  0.483270 0.917114 -0.000012
vt  0.452112 0.948257 -0.000013
vt  0.428736 0.948257 -0.000015
vt  0.413143 0.963809 -0.000019
vt  0.350901 0.963809 -0.000042
vt  0.335330 0.948257 -0.000049
vt  0.311995 0.948257 -0.000067
vt  0.654564 0.948257 -0.000129
vt  0.623449 0.917114 -0.000069
vt  0.600096 0.917114 -0.000045
vt  0.584511 0.901553 -0.000036
vt  0.522254 0.901553 -0.000016
vt  0.866932 0.106377 -0.000003
vt  0.851332 0.090834 -0.000003
vt  0.827951 0.090834 -0.000003
vt  0.968114 0.090834 -0.000002
vt  0.944767 0.090834 -0.000003
vt  0.929184 0.106377 -0.000004
vt  0.796794 0.059771 -0.000002
vt  0.773415 0.059771 -0.000001
vt  0.757820 0.044219 -0.000000
vt  0.695572 0.044219 0.000004
vt  0.679997 0.059771 0.000005
vt  0.656658 0.059771 0.000009
vt  0.999226 0.059771 0.000006
vt  0.522273 0.022151 -0.000002
vt  0.452134 0.068775 -0.000002
vt  0.428755 0.068775 -0.000001
vt  0.413159 0.084318 -0.000001
vt  0.350912 0.084318 0.000002
vt  0.335337 0.068775 0.000004
vt  0.311998 0.068775 0.000008
vt  0.654566 0.068775 0.000005
vt  0.506673 0.037703 -0.000002
vt  0.483292 0.037703 -0.000002
vt  0.623455 0.037703 0.000002
vt  0.600108 0.037703 -0.000000
vt  0.584526 0.022151 -0.000001
vt  0.851311 0.970324 -0.000014
vt  0.827929 0.970324 -0.000013
vt  0.796773 0.939191 -0.000013
vt  0.773396 0.939191 -0.000015
vt  0.757804 0.923630 -0.000018
vt  0.695562 0.923630 -0.000040
vt  0.679990 0.939191 -0.000048
vt  0.656655 0.939191 -0.000067
vt  0.999224 0.939191 -0.000128
vt  0.968109 0.970324 -0.000073
vt  0.944756 0.970324 -0.000048
vt  0.929169 0.985876 -0.000039
vt  0.866912 0.985876 -0.000018
vt  0.313121 1.434930 0.000000
vt  0.617640 1.434930 0.000000
vt  0.313121 1.472995 0.000000
vt  0.617640 1.472995 0.000000
vt  0.313556 1.428536 0.000000
vt  0.313556 -0.401466 0.000000
vt  0.275431 1.428536 0.000000
vt  0.275431 -0.401466 0.000000
vt  0.314011 1.433759 0.000000
vt  0.314011 -0.401947 0.000000
vt  0.619962 1.433759 0.000000
vt  0.619962 -0.401947 0.000000
vt  0.969948 1.418422 0.000000
vt  0.664139 1.418422 0.000000
vt  0.969948 1.457131 0.000000
vt  0.664139 1.457131 0.000000
vt  0.656473 -0.395513 0.000000
vt  0.656473 1.434490 0.000000
vt  0.618348 -0.395513 0.000000
vt  0.618348 1.434490 0.000000
vt  0.970380 1.432242 0.000000
vt  0.970380 -0.403464 0.000000
vt  0.664429 1.432242 0.000000
vt  0.664429 -0.403464 0.000000
vt  0.313121 1.001619 0.000000
vt  0.617640 1.001619 0.000000
vt  0.313121 1.039684 0.000000
vt  0.617640 1.039684 0.000000
vt  0.313556 0.995225 0.000000
vt  0.313556 -0.834777 0.000000
vt  0.275431 0.995225 0.000000
vt  0.275431 -0.834777 0.000000
vt  0.314011 1.000448 0.000000
vt  0.314011 -0.835258 0.000000
vt  0.619962 1.000448 0.000000
vt  0.619962 -0.835258 0.000000
vt  0.969948 0.985111 0.000000
vt  0.664139 0.985111 0.000000
vt  0.969948 1.023820 0.000000
vt  0.664139 1.023820 0.000000
vt  0.656473 -0.828824 0.000000
vt  0.656473 1.001179 0.000000
vt  0.618348 -0.828824 0.000000
vt  0.618348 1.001179 0.000000
vt  0.970380 0.998931 0.000000
vt  0.970380 -0.836775 0.000000
vt  0.664429 0.998931 0.000000
vt  0.664429 -0.836775 0.000000
vt  0.968839 1.574982 0.000000
vt  0.664320 1.574982 0.000000
vt  0.968839 1.613047 0.000000
vt  0.664320 1.613047 0.000000
vt  0.968404 1.568588 0.000000
vt  0.968404 -0.261414 0.000000
vt  1.006529 1.568588 0.000000
vt  1.006529 -0.261414 0.000000
vt  0.967949 1.573811 0.000000
vt  0.967949 -0.261895 0.000000
vt  0.661998 1.573811 0.000000
vt  0.661998 -0.261895 0.000000
vt  0.312012 1.558474 0.000000
vt  0.617821 1.558474 0.000000
vt  0.312012 1.597184 0.000000
vt  0.617821 1.597184 0.000000
vt  0.625487 -0.255461 0.000000
vt  0.625487 1.574542 0.000000
vt  0.663612 -0.255461 0.000000
vt  0.663612 1.574542 0.000000
vt  0.311580 1.572294 0.000000
vt  0.311580 -0.263412 0.000000
vt  0.617531 1.572294 0.000000
vt  0.617531 -0.263412 0.000000
vt  0.968839 1.001619 0.000000
vt  0.664320 1.001619 0.000000
vt  0.968839 1.039684 0.000000
vt  0.664320 1.039684 0.000000
vt  0.968404 0.995225 0.000000
vt  0.968404 -0.834777 0.000000
vt  1.006529 0.995225 0.000000
vt  1.006529 -0.834777 0.000000
vt  0.967949 1.000448 0.000000
vt  0.967949 -0.835258 0.000000
vt  0.661998 1.000448 0.000000
vt  0.661998 -0.835258 0.000000
vt  0.312012 0.985111 0.000000
vt  0.617821 0.985111 0.000000
vt  0.312012 1.023820 0.000000
vt  0.617821 1.023820 0.000000
vt  0.625487 -0.828824 0.000000
vt  0.625487 1.001179 0.000000
vt  0.663612 -0.828824 0.000000
vt  0.663612 1.001179 0.000000
vt  0.311580 0.998931 0.000000
vt  0.311580 -0.836775 0.000000
vt  0.617531 0.998931 0.000000
vt  0.617531 -0.836775 0.000000
vt  0.968839 1.001619 0.000000
vt  0.664320 1.001619 0.000000
vt  0.968839 1.039684 0.000000
vt  0.664320 1.039684 0.000000
vt  0.968404 0.995225 0.000000
vt  0.968404 -0.834777 0.000000
vt  1.006529 0.995225 0.000000
vt  1.006529 -0.834777 0.000000
vt  0.967949 1.000448 0.000000
vt  0.967949 -0.835258 0.000000
vt  0.661998 1.000448 0.000000
vt  0.661998 -0.835258 0.000000
vt  0.312012 0.985111 0.000000
vt  0.617821 0.985111 0.000000
vt  0.312012 1.023820 0.000000
vt  0.617821 1.023820 0.000000
vt  0.625487 -0.828824 0.000000
vt  0.625487 1.001179 0.000000
vt  0.663612 -0.828824 0.000000
vt  0.663612 1.001179 0.000000
vt  0.311580 0.998931 0.000000
vt  0.311580 -0.836775 0.000000
vt  0.617531 0.998931 0.000000
vt  0.617531 -0.836775 0.000000
vt  0.968839 1.574982 0.000000
vt  0.664320 1.574982 0.000000
vt  0.968839 1.613047 0.000000
vt  0.664320 1.613047 0.000000
vt  0.968404 1.568588 0.000000
vt  0.968404 -0.261414 0.000000
vt  1.006529 1.568588 0.000000
vt  1.006529 -0.261414 0.000000
vt  0.967949 1.573811 0.000000
vt  0.967949 -0.261895 0.000000
vt  0.661998 1.573811 0.000000
vt  0.661998 -0.261895 0.000000
vt  0.312012 1.558474 0.000000
vt  0.617821 1.558474 0.000000
vt  0.312012 1.597184 0.000000
vt  0.617821 1.597184 0.000000
vt  0.625487 -0.255461 0.000000
vt  0.625487 1.574542 0.000000
vt  0.663612 -0.255461 0.000000
vt  0.663612 1.574542 0.000000
vt  0.311580 1.572294 0.000000
vt  0.311580 -0.263412 0.000000
vt  0.617531 1.572294 0.000000
vt  0.617531 -0.263412 0.000000
vt  0.313121 1.001619 0.000000
vt  0.617640 1.001619 0.000000
vt  0.313121 1.039684 0.000000
vt  0.617640 1.039684 0.000000
vt  0.313556 0.995225 0.000000
vt  0.313556 -0.834777 0.000000
vt  0.275431 0.995225 0.000000
vt  0.275431 -0.834777 0.000000
vt  0.314011 1.000448 0.000000
vt  0.314011 -0.835258 0.000000
vt  0.619962 1.000448 0.000000
vt  0.619962 -0.835258 0.000000
vt  0.969948 0.985111 0.000000
vt  0.664139 0.985111 0.000000
vt  0.969948 1.023820 0.000000
vt  0.664139 1.023820 0.000000
vt  0.656473 -0.828824 0.000000
vt  0.656473 1.001179 0.000000
vt  0.618348 -0.828824 0.000000
vt  0.618348 1.001179 0.000000
vt  0.970380 0.998931 0.000000
vt  0.970380 -0.836775 0.000000
vt  0.664429 0.998931 0.000000
vt  0.664429 -0.836775 0.000000
vt  0.313121 1.434930 0.000000
vt  0.617640 1.434930 0.000000
vt  0.313121 1.472995 0.000000
vt  0.617640 1.472995 0.000000
vt  0.313556 1.428536 0.000000
vt  0.313556 -0.401466 0.000000
vt  0.275431 1.428536 0.000000
vt  0.275431 -0.401466 0.000000
vt  0.314011 1.433759 0.000000
vt  0.314011 -0.401947 0.000000
vt  0.619962 1.433759 0.000000
vt  0.619962 -0.401947 0.000000
vt  0.969948 1.418422 0.000000
vt  0.664139 1.418422 0.000000
vt  0.969948 1.457131 0.000000
vt  0.664139 1.457131 0.000000
vt  0.656473 -0.395513 0.000000
vt  0.656473 1.434490 0.000000
vt  0.618348 -0.395513 0.000000
vt  0.618348 1.434490 0.000000
vt  0.970380 1.432242 0.000000
vt  0.970380 -0.403464 0.000000
vt  0.664429 1.432242 0.000000
vt  0.664429 -0.403464 0.000000
vt  0.146551 0.995622 -4.000000
vt  0.146551 0.964102 -4.000000
vt  0.193830 0.964102 -4.000000
vt  0.193830 0.901064 -4.000000
vt  0.146551 0.901064 -4.000000
vt  0.146551 0.869545 -4.000000
vt  0.272628 0.869545 -4.000000
vt  0.272628 0.901064 -4.000000
vt  0.225349 0.901064 -4.000000
vt  0.225349 0.964102 -4.000000
vt  0.272628 0.964102 -4.000000
vt  0.272628 0.995622 -4.000000
vt  0.004043 0.995622 4.000000
vt  0.004043 0.964102 4.000000
vt  0.051322 0.964102 4.000000
vt  0.051322 0.901064 4.000000
vt  0.004043 0.901064 4.000000
vt  0.004043 0.869545 4.000000
vt  0.130120 0.869545 4.000000
vt  0.130120 0.901064 4.000000
vt  0.082841 0.901064 4.000000
vt  0.082841 0.964102 4.000000
vt  0.130120 0.964102 4.000000
vt  0.130120 0.995622 4.000000
vt  0.866912 0.998875 -0.000018
vt  0.851310 0.998875 -0.000015
vt  0.827928 0.998875 -0.000013
vt  0.796771 0.998875 -0.000014
vt  0.773395 0.998875 -0.000016
vt  0.757802 0.998875 -0.000020
vt  0.695561 0.998875 -0.000043
vt  0.679989 0.998875 -0.000052
vt  0.656655 0.998875 -0.000072
vt  0.968109 0.998875 -0.000075
vt  0.944755 0.998875 -0.000050
vt  0.929169 0.998875 -0.000040
vt  0.866934 0.003548 -0.000002
vt  0.851334 0.003548 -0.000002
vt  0.827953 0.003548 -0.000002
vt  0.796795 0.003548 -0.000001
vt  0.773416 0.003548 -0.000000
vt  0.757820 0.003548 0.000001
vt  0.695573 0.003548 0.000006
vt  0.679998 0.003548 0.000008
vt  0.656659 0.003548 0.000014
vt  0.968115 0.003548 0.000005
vt  0.944768 0.003548 0.000001
vt  0.929186 0.003548 0.000000
vt  0.999224 0.998875 -0.000137
vt  0.999226 0.003548 0.000014
vt  0.147017 0.860923 -4.000000
vt  0.147017 0.829404 -4.000000
vt  0.194296 0.829404 -4.000000
vt  0.194296 0.766366 -4.000000
vt  0.147017 0.766366 -4.000000
vt  0.147017 0.734847 -4.000000
vt  0.273094 0.734847 -4.000000
vt  0.273094 0.766366 -4.000000
vt  0.225815 0.766366 -4.000000
vt  0.225815 0.829404 -4.000000
vt  0.273094 0.829404 -4.000000
vt  0.273094 0.860923 -4.000000
vt  0.004509 0.860923 4.000000
vt  0.004509 0.829404 4.000000
vt  0.051788 0.829404 4.000000
vt  0.051788 0.766366 4.000000
vt  0.004509 0.766366 4.000000
vt  0.004509 0.734847 4.000000
vt  0.130586 0.734847 4.000000
vt  0.130586 0.766366 4.000000
vt  0.083307 0.766366 4.000000
vt  0.083307 0.829404 4.000000
vt  0.130586 0.829404 4.000000
vt  0.130586 0.860923 4.000000
vt  0.522252 0.998875 -0.000018
vt  0.506650 0.998875 -0.000015
vt  0.483268 0.998875 -0.000013
vt  0.452111 0.998875 -0.000014
vt  0.428734 0.998875 -0.000016
vt  0.413142 0.998875 -0.000020
vt  0.350901 0.998875 -0.000043
vt  0.335329 0.998875 -0.000052
vt  0.311995 0.998875 -0.000072
vt  0.623449 0.998875 -0.000075
vt  0.600095 0.998875 -0.000050
vt  0.584509 0.998875 -0.000040
vt  0.522274 0.003548 -0.000002
vt  0.506674 0.003548 -0.000002
vt  0.483293 0.003548 -0.000002
vt  0.452135 0.003548 -0.000001
vt  0.428756 0.003548 -0.000000
vt  0.413160 0.003548 0.000001
vt  0.350913 0.003548 0.000006
vt  0.335338 0.003548 0.000008
vt  0.311999 0.003548 0.000014
vt  0.623455 0.003548 0.000005
vt  0.600108 0.003548 0.000001
vt  0.584526 0.003548 0.000000
vt  0.654564 0.998875 -0.000137
vt  0.654566 0.003548 0.000014
vt  0.866931 0.146205 -0.000004
vt  0.851331 0.146205 -0.000004
vt  0.944766 0.146205 -0.000006
vt  0.929184 0.146205 -0.000006
vt  0.428753 0.146205 -0.000003
vt  0.413158 0.146205 -0.000002
vt  0.350911 0.146205 -0.000001
vt  0.335336 0.146205 -0.000000
vt  0.851330 0.168549 -0.000004
vt  0.944766 0.168549 -0.000007
vt  0.929183 0.168549 -0.000006
vt  0.428752 0.168549 -0.000003
vt  0.413157 0.168549 -0.000003
vt  0.350911 0.168549 -0.000002
vt  0.335336 0.168549 -0.000002
vt  0.866930 0.168549 -0.000004
vt  0.851329 0.212119 -0.000004
vt  0.944766 0.212119 -0.000009
vt  0.929182 0.212119 -0.000008
vt  0.428751 0.212119 -0.000004
vt  0.413157 0.212119 -0.000004
vt  0.350910 0.212119 -0.000004
vt  0.335336 0.212119 -0.000004
vt  0.866929 0.212119 -0.000005
vt  0.851329 0.234599 -0.000005
vt  0.944765 0.234599 -0.000011
vt  0.929182 0.234599 -0.000009
vt  0.428751 0.234599 -0.000004
vt  0.413156 0.234599 -0.000004
vt  0.350910 0.234599 -0.000005
vt  0.335336 0.234599 -0.000006
vt  0.866929 0.234599 -0.000005
vt  0.851314 0.856227 -0.000013
vt  0.944757 0.856227 -0.000042
vt  0.929172 0.856227 -0.000034
vt  0.428738 0.856227 -0.000014
vt  0.413145 0.856227 -0.000017
vt  0.350902 0.856227 -0.000036
vt  0.335330 0.856227 -0.000043
vt  0.866915 0.856227 -0.000016
vt  0.866916 0.834116 -0.000015
vt  0.851314 0.834116 -0.000013
vt  0.944758 0.834116 -0.000041
vt  0.929172 0.834116 -0.000033
vt  0.428738 0.834116 -0.000014
vt  0.413145 0.834116 -0.000016
vt  0.350903 0.834116 -0.000035
vt  0.335331 0.834116 -0.000042
vt  0.866917 0.790304 -0.000014
vt  0.851315 0.790304 -0.000012
vt  0.944758 0.790304 -0.000039
vt  0.929173 0.790304 -0.000031
vt  0.428739 0.790304 -0.000013
vt  0.413146 0.790304 -0.000016
vt  0.350903 0.790304 -0.000033
vt  0.335331 0.790304 -0.000039
vt  0.866917 0.768409 -0.000014
vt  0.851316 0.768409 -0.000012
vt  0.944758 0.768409 -0.000038
vt  0.929173 0.768409 -0.000030
vt  0.428739 0.768409 -0.000013
vt  0.413147 0.768409 -0.000015
vt  0.350903 0.768409 -0.000032
vt  0.335331 0.768409 -0.000038
vt  0.890284 0.168549 -0.000005
vt  0.890283 0.212119 -0.000006
vt  0.890271 0.834116 -0.000022
vt  0.389796 0.834116 -0.000023
vt  0.890271 0.790304 -0.000021
vt  0.389796 0.790304 -0.000022
vt  0.906010 0.168549 -0.000006
vt  0.906009 0.212119 -0.000007
vt  0.905998 0.834116 -0.000026
vt  0.905999 0.790304 -0.000025
vt  0.374072 0.834116 -0.000028
vt  0.374072 0.790304 -0.000026
vt  0.413146 0.790304 -0.000016
vt  0.413145 0.834116 -0.000016
vt  0.389796 0.834116 -0.000023
vt  0.389796 0.790304 -0.000022
vt  0.374072 0.834116 -0.000028
vt  0.350903 0.834116 -0.000035
vt  0.350903 0.790304 -0.000033
vt  0.374072 0.790304 -0.000026
vt  0.452124 0.477232 -0.000007
vt  0.428746 0.477232 -0.000008
vt  0.413152 0.461680 -0.000009
vt  0.350907 0.461680 -0.000017
vt  0.335334 0.477232 -0.000020
vt  0.311997 0.477232 -0.000027
vt  0.654565 0.477232 -0.000058
vt  0.522262 0.523888 -0.000010
vt  0.506662 0.508336 -0.000008
vt  0.483280 0.508336 -0.000007
vt  0.623452 0.508336 -0.000036
vt  0.600102 0.508336 -0.000025
vt  0.584517 0.523888 -0.000021
vt  0.522264 0.461596 -0.000009
vt  0.506663 0.477148 -0.000008
vt  0.483281 0.477148 -0.000007
vt  0.623452 0.477148 -0.000033
vt  0.600102 0.477148 -0.000023
vt  0.584518 0.461596 -0.000018
vt  0.467660 0.492742 -0.000007
vt  0.639050 0.492742 -0.000047
vt  0.452123 0.508252 -0.000007
vt  0.428745 0.508252 -0.000008
vt  0.413151 0.523804 -0.000010
vt  0.350906 0.523804 -0.000020
vt  0.335333 0.508252 -0.000022
vt  0.311997 0.508252 -0.000030
vt  0.654565 0.508252 -0.000062
vt  0.467660 0.492742 -0.000007
vt  0.639050 0.492742 -0.000047
vt  0.866923 0.483674 -0.000009
vt  0.851322 0.499226 -0.000008
vt  0.827941 0.499226 -0.000007
vt  0.968112 0.499226 -0.000035
vt  0.944762 0.499226 -0.000024
vt  0.929178 0.483674 -0.000019
vt  0.796783 0.530330 -0.000008
vt  0.773405 0.530330 -0.000009
vt  0.757811 0.545882 -0.000010
vt  0.695566 0.545882 -0.000021
vt  0.679993 0.530330 -0.000024
vt  0.656657 0.530330 -0.000031
vt  0.999225 0.530330 -0.000066
vt  0.851322 0.530879 -0.000009
vt  0.827940 0.530879 -0.000008
vt  0.968112 0.530879 -0.000038
vt  0.944761 0.530879 -0.000026
vt  0.929177 0.546431 -0.000022
vt  0.866922 0.546431 -0.000010
vt  0.812087 0.515053 -0.000007
vt  0.983943 0.515053 -0.000051
vt  0.796783 0.499775 -0.000007
vt  0.773405 0.499775 -0.000008
vt  0.757812 0.484223 -0.000009
vt  0.695567 0.484223 -0.000018
vt  0.679993 0.499775 -0.000022
vt  0.656657 0.499775 -0.000029
vt  0.999225 0.499775 -0.000061
vt  0.812087 0.515053 -0.000007
vt  0.983943 0.515053 -0.000051
vt  0.506652 0.917114 -0.000014
vt  0.483270 0.917114 -0.000012
vt  0.452112 0.948257 -0.000013
vt  0.428736 0.948257 -0.000015
vt  0.413143 0.963809 -0.000019
vt  0.350901 0.963809 -0.000042
vt  0.335330 0.948257 -0.000049
vt  0.311995 0.948257 -0.000067
vt  0.654564 0.948257 -0.000129
vt  0.623449 0.917114 -0.000069
vt  0.600096 0.917114 -0.000045
vt  0.584511 0.901553 -0.000036
vt  0.522254 0.901553 -0.000016
vt  0.866932 0.106377 -0.000003
vt  0.851332 0.090834 -0.000003
vt  0.827951 0.090834 -0.000003
vt  0.968114 0.090834 -0.000002
vt  0.944767 0.090834 -0.000003
vt  0.929184 0.106377 -0.000004
vt  0.796794 0.059771 -0.000002
vt  0.773415 0.059771 -0.000001
vt  0.757820 0.044219 -0.000000
vt  0.695572 0.044219 0.000004
vt  0.679997 0.059771 0.000005
vt  0.656658 0.059771 0.000009
vt  0.999226 0.059771 0.000006
vt  0.522273 0.022151 -0.000002
vt  0.452134 0.068775 -0.000002
vt  0.428755 0.068775 -0.000001
vt  0.413159 0.084318 -0.000001
vt  0.350912 0.084318 0.000002
vt  0.335337 0.068775 0.000004
vt  0.311998 0.068775 0.000008
vt  0.654566 0.068775 0.000005
vt  0.506673 0.037703 -0.000002
vt  0.483292 0.037703 -0.000002
vt  0.623455 0.037703 0.000002
vt  0.600108 0.037703 -0.000000
vt  0.584526 0.022151 -0.000001
vt  0.851311 0.970324 -0.000014
vt  0.827929 0.970324 -0.000013
vt  0.796773 0.939191 -0.000013
vt  0.773396 0.939191 -0.000015
vt  0.757804 0.923630 -0.000018
vt  0.695562 0.923630 -0.000040
vt  0.679990 0.939191 -0.000048
vt  0.656655 0.939191 -0.000067
vt  0.999224 0.939191 -0.000128
vt  0.968109 0.970324 -0.000073
vt  0.944756 0.970324 -0.000048
vt  0.929169 0.985876 -0.000039
vt  0.866912 0.985876 -0.000018
vt  0.147017 0.860923 -4.000000
vt  0.147017 0.829404 -4.000000
vt  0.194296 0.829404 -4.000000
vt  0.194296 0.766366 -4.000000
vt  0.147017 0.766366 -4.000000
vt  0.147017 0.734847 -4.000000
vt  0.273094 0.734847 -4.000000
vt  0.273094 0.766366 -4.000000
vt  0.225815 0.766366 -4.000000
vt  0.225815 0.829404 -4.000000
vt  0.273094 0.829404 -4.000000
vt  0.273094 0.860923 -4.000000
vt  0.004509 0.860923 4.000000
vt  0.004509 0.829404 4.000000
vt  0.051788 0.829404 4.000000
vt  0.051788 0.766366 4.000000
vt  0.004509 0.766366 4.000000
vt  0.004509 0.734847 4.000000
vt  0.130586 0.734847 4.000000
vt  0.130586 0.766366 4.000000
vt  0.083307 0.766366 4.000000
vt  0.083307 0.829404 4.000000
vt  0.130586 0.829404 4.000000
vt  0.130586 0.860923 4.000000
vt  0.522252 0.998875 -0.000018
vt  0.506650 0.998875 -0.000015
vt  0.483268 0.998875 -0.000013
vt  0.452111 0.998875 -0.000014
vt  0.428734 0.998875 -0.000016
vt  0.413142 0.998875 -0.000020
vt  0.350901 0.998875 -0.000043
vt  0.335329 0.998875 -0.000052
vt  0.311995 0.998875 -0.000072
vt  0.623449 0.998875 -0.000075
vt  0.600095 0.998875 -0.000050
vt  0.584509 0.998875 -0.000040
vt  0.522274 0.003548 -0.000002
vt  0.506674 0.003548 -0.000002
vt  0.483293 0.003548 -0.000002
vt  0.452135 0.003548 -0.000001
vt  0.428756 0.003548 -0.000000
vt  0.413160 0.003548 0.000001
vt  0.350913 0.003548 0.000006
vt  0.335338 0.003548 0.000008
vt  0.311999 0.003548 0.000014
vt  0.623455 0.003548 0.000005
vt  0.600108 0.003548 0.000001
vt  0.584526 0.003548 0.000000
vt  0.654564 0.998875 -0.000137
vt  0.654566 0.003548 0.000014
vt  0.146551 0.995622 -4.000000
vt  0.146551 0.964102 -4.000000
vt  0.193830 0.964102 -4.000000
vt  0.193830 0.901064 -4.000000
vt  0.146551 0.901064 -4.000000
vt  0.146551 0.869545 -4.000000
vt  0.272628 0.869545 -4.000000
vt  0.272628 0.901064 -4.000000
vt  0.225349 0.901064 -4.000000
vt  0.225349 0.964102 -4.000000
vt  0.272628 0.964102 -4.000000
vt  0.272628 0.995622 -4.000000
vt  0.004043 0.995622 4.000000
vt  0.004043 0.964102 4.000000
vt  0.051322 0.964102 4.000000
vt  0.051322 0.901064 4.000000
vt  0.004043 0.901064 4.000000
vt  0.004043 0.869545 4.000000
vt  0.130120 0.869545 4.000000
vt  0.130120 0.901064 4.000000
vt  0.082841 0.901064 4.000000
vt  0.082841 0.964102 4.000000
vt  0.130120 0.964102 4.000000
vt  0.130120 0.995622 4.000000
vt  0.866912 0.998875 -0.000018
vt  0.851310 0.998875 -0.000015
vt  0.827928 0.998875 -0.000013
vt  0.796771 0.998875 -0.000014
vt  0.773395 0.998875 -0.000016
vt  0.757802 0.998875 -0.000020
vt  0.695561 0.998875 -0.000043
vt  0.679989 0.998875 -0.000052
vt  0.656655 0.998875 -0.000072
vt  0.968109 0.998875 -0.000075
vt  0.944755 0.998875 -0.000050
vt  0.929169 0.998875 -0.000040
vt  0.866934 0.003548 -0.000002
vt  0.851334 0.003548 -0.000002
vt  0.827953 0.003548 -0.000002
vt  0.796795 0.003548 -0.000001
vt  0.773416 0.003548 -0.000000
vt  0.757820 0.003548 0.000001
vt  0.695573 0.003548 0.000006
vt  0.679998 0.003548 0.000008
vt  0.656659 0.003548 0.000014
vt  0.968115 0.003548 0.000005
vt  0.944768 0.003548 0.000001
vt  0.929186 0.003548 0.000000
vt  0.999224 0.998875 -0.000137
vt  0.999226 0.003548 0.000014
vt  0.147017 0.860923 -4.000000
vt  0.147017 0.829404 -4.000000
vt  0.194296 0.829404 -4.000000
vt  0.194296 0.766366 -4.000000
vt  0.147017 0.766366 -4.000000
vt  0.147017 0.734847 -4.000000
vt  0.273094 0.734847 -4.000000
vt  0.273094 0.766366 -4.000000
vt  0.225815 0.766366 -4.000000
vt  0.225815 0.829404 -4.000000
vt  0.273094 0.829404 -4.000000
vt  0.273094 0.860923 -4.000000
vt  0.004509 0.860923 4.000000
vt  0.004509 0.829404 4.000000
vt  0.051788 0.829404 4.000000
vt  0.051788 0.766366 4.000000
vt  0.004509 0.766366 4.000000
vt  0.004509 0.734847 4.000000
vt  0.130586 0.734847 4.000000
vt  0.130586 0.766366 4.000000
vt  0.083307 0.766366 4.000000
vt  0.083307 0.829404 4.000000
vt  0.130586 0.829404 4.000000
vt  0.130586 0.860923 4.000000
vt  0.522252 0.998875 -0.000018
vt  0.506650 0.998875 -0.000015
vt  0.483268 0.998875 -0.000013
vt  0.452111 0.998875 -0.000014
vt  0.428734 0.998875 -0.000016
vt  0.413142 0.998875 -0.000020
vt  0.350901 0.998875 -0.000043
vt  0.335329 0.998875 -0.000052
vt  0.311995 0.998875 -0.000072
vt  0.623449 0.998875 -0.000075
vt  0.600095 0.998875 -0.000050
vt  0.584509 0.998875 -0.000040
vt  0.522274 0.003548 -0.000002
vt  0.506674 0.003548 -0.000002
vt  0.483293 0.003548 -0.000002
vt  0.452135 0.003548 -0.000001
vt  0.428756 0.003548 -0.000000
vt  0.413160 0.003548 0.000001
vt  0.350913 0.003548 0.000006
vt  0.335338 0.003548 0.000008
vt  0.311999 0.003548 0.000014
vt  0.623455 0.003548 0.000005
vt  0.600108 0.003548 0.000001
vt  0.584526 0.003548 0.000000
vt  0.654564 0.998875 -0.000137
vt  0.654566 0.003548 0.000014
vt  0.866931 0.146205 -0.000004
vt  0.851331 0.146205 -0.000004
vt  0.944766 0.146205 -0.000006
vt  0.929184 0.146205 -0.000006
vt  0.428753 0.146205 -0.000003
vt  0.413158 0.146205 -0.000002
vt  0.350911 0.146205 -0.000001
vt  0.335336 0.146205 -0.000000
vt  0.851330 0.168549 -0.000004
vt  0.944766 0.168549 -0.000007
vt  0.929183 0.168549 -0.000006
vt  0.428752 0.168549 -0.000003
vt  0.413157 0.168549 -0.000003
vt  0.350911 0.168549 -0.000002
vt  0.335336 0.168549 -0.000002
vt  0.866930 0.168549 -0.000004
vt  0.851329 0.212119 -0.000004
vt  0.944766 0.212119 -0.000009
vt  0.929182 0.212119 -0.000008
vt  0.428751 0.212119 -0.000004
vt  0.413157 0.212119 -0.000004
vt  0.350910 0.212119 -0.000004
vt  0.335336 0.212119 -0.000004
vt  0.866929 0.212119 -0.000005
vt  0.851329 0.234599 -0.000005
vt  0.944765 0.234599 -0.000011
vt  0.929182 0.234599 -0.000009
vt  0.428751 0.234599 -0.000004
vt  0.413156 0.234599 -0.000004
vt  0.350910 0.234599 -0.000005
vt  0.335336 0.234599 -0.000006
vt  0.866929 0.234599 -0.000005
vt  0.851314 0.856227 -0.000013
vt  0.944757 0.856227 -0.000042
vt  0.929172 0.856227 -0.000034
vt  0.428738 0.856227 -0.000014
vt  0.413145 0.856227 -0.000017
vt  0.350902 0.856227 -0.000036
vt  0.335330 0.856227 -0.000043
vt  0.866915 0.856227 -0.000016
vt  0.866916 0.834116 -0.000015
vt  0.851314 0.834116 -0.000013
vt  0.944758 0.834116 -0.000041
vt  0.929172 0.834116 -0.000033
vt  0.428738 0.834116 -0.000014
vt  0.413145 0.834116 -0.000016
vt  0.350903 0.834116 -0.000035
vt  0.335331 0.834116 -0.000042
vt  0.866917 0.790304 -0.000014
vt  0.851315 0.790304 -0.000012
vt  0.944758 0.790304 -0.000039
vt  0.929173 0.790304 -0.000031
vt  0.428739 0.790304 -0.000013
vt  0.413146 0.790304 -0.000016
vt  0.350903 0.790304 -0.000033
vt  0.335331 0.790304 -0.000039
vt  0.866917 0.768409 -0.000014
vt  0.851316 0.768409 -0.000012
vt  0.944758 0.768409 -0.000038
vt  0.929173 0.768409 -0.000030
vt  0.428739 0.768409 -0.000013
vt  0.413147 0.768409 -0.000015
vt  0.350903 0.768409 -0.000032
vt  0.335331 0.768409 -0.000038
vt  0.890284 0.168549 -0.000005
vt  0.890283 0.212119 -0.000006
vt  0.890271 0.834116 -0.000022
vt  0.389796 0.834116 -0.000023
vt  0.890271 0.790304 -0.000021
vt  0.389796 0.790304 -0.000022
vt  0.906010 0.168549 -0.000006
vt  0.906009 0.212119 -0.000007
vt  0.905998 0.834116 -0.000026
vt  0.905999 0.790304 -0.000025
vt  0.374072 0.834116 -0.000028
vt  0.374072 0.790304 -0.000026
vt  0.413146 0.790304 -0.000016
vt  0.413145 0.834116 -0.000016
vt  0.389796 0.834116 -0.000023
vt  0.389796 0.790304 -0.000022
vt  0.374072 0.834116 -0.000028
vt  0.350903 0.834116 -0.000035
vt  0.350903 0.790304 -0.000033
vt  0.374072 0.790304 -0.000026
vt  0.452124 0.477232 -0.000007
vt  0.428746 0.477232 -0.000008
vt  0.413152 0.461680 -0.000009
vt  0.350907 0.461680 -0.000017
vt  0.335334 0.477232 -0.000020
vt  0.311997 0.477232 -0.000027
vt  0.654565 0.477232 -0.000058
vt  0.522262 0.523888 -0.000010
vt  0.506662 0.508336 -0.000008
vt  0.483280 0.508336 -0.000007
vt  0.623452 0.508336 -0.000036
vt  0.600102 0.508336 -0.000025
vt  0.584517 0.523888 -0.000021
vt  0.522264 0.461596 -0.000009
vt  0.506663 0.477148 -0.000008
vt  0.483281 0.477148 -0.000007
vt  0.623452 0.477148 -0.000033
vt  0.600102 0.477148 -0.000023
vt  0.584518 0.461596 -0.000018
vt  0.467660 0.492742 -0.000007
vt  0.639050 0.492742 -0.000047
vt  0.452123 0.508252 -0.000007
vt  0.428745 0.508252 -0.000008
vt  0.413151 0.523804 -0.000010
vt  0.350906 0.523804 -0.000020
vt  0.335333 0.508252 -0.000022
vt  0.311997 0.508252 -0.000030
vt  0.654565 0.508252 -0.000062
vt  0.467660 0.492742 -0.000007
vt  0.639050 0.492742 -0.000047
vt  0.866923 0.483674 -0.000009
vt  0.851322 0.499226 -0.000008
vt  0.827941 0.499226 -0.000007
vt  0.968112 0.499226 -0.000035
vt  0.944762 0.499226 -0.000024
vt  0.929178 0.483674 -0.000019
vt  0.796783 0.530330 -0.000008
vt  0.773405 0.530330 -0.000009
vt  0.757811 0.545882 -0.000010
vt  0.695566 0.545882 -0.000021
vt  0.679993 0.530330 -0.000024
vt  0.656657 0.530330 -0.000031
vt  0.999225 0.530330 -0.000066
vt  0.851322 0.530879 -0.000009
vt  0.827940 0.530879 -0.000008
vt  0.968112 0.530879 -0.000038
vt  0.944761 0.530879 -0.000026
vt  0.929177 0.546431 -0.000022
vt  0.866922 0.546431 -0.000010
vt  0.812087 0.515053 -0.000007
vt  0.983943 0.515053 -0.000051
vt  0.796783 0.499775 -0.000007
vt  0.773405 0.499775 -0.000008
vt  0.757812 0.484223 -0.000009
vt  0.695567 0.484223 -0.000018
vt  0.679993 0.499775 -0.000022
vt  0.656657 0.499775 -0.000029
vt  0.999225 0.499775 -0.000061
vt  0.812087 0.515053 -0.000007
vt  0.983943 0.515053 -0.000051
vt  0.506652 0.917114 -0.000014
vt  0.483270 0.917114 -0.000012
vt  0.452112 0.948257 -0.000013
vt  0.428736 0.948257 -0.000015
vt  0.413143 0.963809 -0.000019
vt  0.350901 0.963809 -0.000042
vt  0.335330 0.948257 -0.000049
vt  0.311995 0.948257 -0.000067
vt  0.654564 0.948257 -0.000129
vt  0.623449 0.917114 -0.000069
vt  0.600096 0.917114 -0.000045
vt  0.584511 0.901553 -0.000036
vt  0.522254 0.901553 -0.000016
vt  0.866932 0.106377 -0.000003
vt  0.851332 0.090834 -0.000003
vt  0.827951 0.090834 -0.000003
vt  0.968114 0.090834 -0.000002
vt  0.944767 0.090834 -0.000003
vt  0.929184 0.106377 -0.000004
vt  0.796794 0.059771 -0.000002
vt  0.773415 0.059771 -0.000001
vt  0.757820 0.044219 -0.000000
vt  0.695572 0.044219 0.000004
vt  0.679997 0.059771 0.000005
vt  0.656658 0.059771 0.000009
vt  0.999226 0.059771 0.000006
vt  0.522273 0.022151 -0.000002
vt  0.452134 0.068775 -0.000002
vt  0.428755 0.068775 -0.000001
vt  0.413159 0.084318 -0.000001
vt  0.350912 0.084318 0.000002
vt  0.335337 0.068775 0.000004
vt  0.311998 0.068775 0.000008
vt  0.654566 0.068775 0.000005
vt  0.506673 0.037703 -0.000002
vt  0.483292 0.037703 -0.000002
vt  0.623455 0.037703 0.000002
vt  0.600108 0.037703 -0.000000
vt  0.584526 0.022151 -0.000001
vt  0.851311 0.970324 -0.000014
vt  0.827929 0.970324 -0.000013
vt  0.796773 0.939191 -0.000013
vt  0.773396 0.939191 -0.000015
vt  0.757804 0.923630 -0.000018
vt  0.695562 0.923630 -0.000040
vt  0.679990 0.939191 -0.000048
vt  0.656655 0.939191 -0.000067
vt  0.999224 0.939191 -0.000128
vt  0.968109 0.970324 -0.000073
vt  0.944756 0.970324 -0.000048
vt  0.929169 0.985876 -0.000039
vt  0.866912 0.985876 -0.000018
vt  0.313121 1.434930 0.000000
vt  0.617640 1.434930 0.000000
vt  0.313121 1.472995 0.000000
vt  0.617640 1.472995 0.000000
vt  0.313556 1.428536 0.000000
vt  0.313556 -0.401466 0.000000
vt  0.275431 1.428536 0.000000
vt  0.275431 -0.401466 0.000000
vt  0.314011 1.433759 0.000000
vt  0.314011 -0.401947 0.000000
vt  0.619962 1.433759 0.000000
vt  0.619962 -0.401947 0.000000
vt  0.969948 1.418422 0.000000
vt  0.664139 1.418422 0.000000
vt  0.969948 1.457131 0.000000
vt  0.664139 1.457131 0.000000
vt  0.656473 -0.395513 0.000000
vt  0.656473 1.434490 0.000000
vt  0.618348 -0.395513 0.000000
vt  0.618348 1.434490 0.000000
vt  0.970380 1.432242 0.000000
vt  0.970380 -0.403464 0.000000
vt  0.664429 1.432242 0.000000
vt  0.664429 -0.403464 0.000000
vt  0.313121 1.001619 0.000000
vt  0.617640 1.001619 0.000000
vt  0.313121 1.039684 0.000000
vt  0.617640 1.039684 0.000000
vt  0.313556 0.995225 0.000000
vt  0.313556 -0.834777 0.000000
vt  0.275431 0.995225 0.000000
vt  0.275431 -0.834777 0.000000
vt  0.314011 1.000448 0.000000
vt  0.314011 -0.835258 0.000000
vt  0.619962 1.000448 0.000000
vt  0.619962 -0.835258 0.000000
vt  0.969948 0.985111 0.000000
vt  0.664139 0.985111 0.000000
vt  0.969948 1.023820 0.000000
vt  0.664139 1.023820 0.000000
vt  0.656473 -0.828824 0.000000
vt  0.656473 1.001179 0.000000
vt  0.618348 -0.828824 0.000000
vt  0.618348 1.001179 0.000000
vt  0.970380 0.998931 0.000000
vt  0.970380 -0.836775 0.000000
vt  0.664429 0.998931 0.000000
vt  0.664429 -0.836775 0.000000
vt  0.968839 1.574982 0.000000
vt  0.664320 1.574982 0.000000
vt  0.968839 1.613047 0.000000
vt  0.664320 1.613047 0.000000
vt  0.968404 1.568588 0.000000
vt  0.968404 -0.261414 0.000000
vt  1.006529 1.568588 0.000000
vt  1.006529 -0.261414 0.000000
vt  0.967949 1.573811 0.000000
vt  0.967949 -0.261895 0.000000
vt  0.661998 1.573811 0.000000
vt  0.661998 -0.261895 0.000000
vt  0.312012 1.558474 0.000000
vt  0.617821 1.558474 0.000000
vt  0.312012 1.597184 0.000000
vt  0.617821 1.597184 0.000000
vt  0.625487 -0.255461 0.000000
vt  0.625487 1.574542 0.000000
vt  0.663612 -0.255461 0.000000
vt  0.663612 1.574542 0.000000
vt  0.311580 1.572294 0.000000
vt  0.311580 -0.263412 0.000000
vt  0.617531 1.572294 0.000000
vt  0.617531 -0.263412 0.000000
vt  0.968839 1.001619 0.000000
vt  0.664320 1.001619 0.000000
vt  0.968839 1.039684 0.000000
vt  0.664320 1.039684 0.000000
vt  0.968404 0.995225 0.000000
vt  0.968404 -0.834777 0.000000
vt  1.006529 0.995225 0.000000
vt  1.006529 -0.834777 0.000000
vt  0.967949 1.000448 0.000000
vt  0.967949 -0.835258 0.000000
vt  0.661998 1.000448 0.000000
vt  0.661998 -0.835258 0.000000
vt  0.312012 0.985111 0.000000
vt  0.617821 0.985111 0.000000
vt  0.312012 1.023820 0.000000
vt  0.617821 1.023820 0.000000
vt  0.625487 -0.828824 0.000000
vt  0.625487 1.001179 0.000000
vt  0.663612 -0.828824 0.000000
vt  0.663612 1.001179 0.000000
vt  0.311580 0.998931 0.000000
vt  0.311580 -0.836775 0.000000
vt  0.617531 0.998931 0.000000
vt  0.617531 -0.836775 0.000000
vt  0.968839 1.001619 0.000000
vt  0.664320 1.001619 0.000000
vt  0.968839 1.039684 0.000000
vt  0.664320 1.039684 0.000000
vt  0.968404 0.995225 0.000000
vt  0.968404 -0.834777 0.000000
vt  1.006529 0.995225 0.000000
vt  1.006529 -0.834777 0.000000
vt  0.967949 1.000448 0.000000
vt  0.967949 -0.835258 0.000000
vt  0.661998 1.000448 0.000000
vt  0.661998 -0.835258 0.000000
vt  0.312012 0.985111 0.000000
vt  0.617821 0.985111 0.000000
vt  0.312012 1.023820 0.000000
vt  0.617821 1.023820 0.000000
vt  0.625487 -0.828824 0.000000
vt  0.625487 1.001179 0.000000
vt  0.663612 -0.828824 0.000000
vt  0.663612 1.001179 0.000000
vt  0.311580 0.998931 0.000000
vt  0.311580 -0.836775 0.000000
vt  0.617531 0.998931 0.000000
vt  0.617531 -0.836775 0.000000
vt  0.968839 1.574982 0.000000
vt  0.664320 1.574982 0.000000
vt  0.968839 1.613047 0.000000
vt  0.664320 1.613047 0.000000
vt  0.968404 1.568588 0.000000
vt  0.968404 -0.261414 0.000000
vt  1.006529 1.568588 0.000000
vt  1.006529 -0.261414 0.000000
vt  0.967949 1.573811 0.000000
vt  0.967949 -0.261895 0.000000
vt  0.661998 1.573811 0.000000
vt  0.661998 -0.261895 0.000000
vt  0.312012 1.558474 0.000000
vt  0.617821 1.558474 0.000000
vt  0.312012 1.597184 0.000000
vt  0.617821 1.597184 0.000000
vt  0.625487 -0.255461 0.000000
vt  0.625487 1.574542 0.000000
vt  0.663612 -0.255461 0.000000
vt  0.663612 1.574542 0.000000
vt  0.311580 1.572294 0.000000
vt  0.311580 -0.263412 0.000000
vt  0.617531 1.572294 0.000000
vt  0.617531 -0.263412 0.000000
vt  0.313121 1.001619 0.000000
vt  0.617640 1.001619 0.000000
vt  0.313121 1.039684 0.000000
vt  0.617640 1.039684 0.000000
vt  0.313556 0.995225 0.000000
vt  0.313556 -0.834777 0.000000
vt  0.275431 0.995225 0.000000
vt  0.275431 -0.834777 0.000000
vt  0.314011 1.000448 0.000000
vt  0.314011 -0.835258 0.000000
vt  0.619962 1.000448 0.000000
vt  0.619962 -0.835258 0.000000
vt  0.969948 0.985111 0.000000
vt  0.664139 0.985111 0.000000
vt  0.969948 1.023820 0.000000
vt  0.664139 1.023820 0.000000
vt  0.656473 -0.828824 0.000000
vt  0.656473 1.001179 0.000000
vt  0.618348 -0.828824 0.000000
vt  0.618348 1.001179 0.000000
vt  0.970380 0.998931 0.000000
vt  0.970380 -0.836775 0.000000
vt  0.664429 0.998931 0.000000
vt  0.664429 -0.836775 0.000000
vt  0.313121 1.434930 0.000000
vt  0.617640 1.434930 0.000000
vt  0.313121 1.472995 0.000000
vt  0.617640 1.472995 0.000000
vt  0.313556 1.428536 0.000000
vt  0.313556 -0.401466 0.000000
vt  0.275431 1.428536 0.000000
vt  0.275431 -0.401466 0.000000
vt  0.314011 1.433759 0.000000
vt  0.314011 -0.401947 0.000000
vt  0.619962 1.433759 0.000000
vt  0.619962 -0.401947 0.000000
vt  0.969948 1.418422 0.000000
vt  0.664139 1.418422 0.000000
vt  0.969948 1.457131 0.000000
vt  0.664139 1.457131 0.000000
vt  0.656473 -0.395513 0.000000
vt  0.656473 1.434490 0.000000
vt  0.618348 -0.395513 0.000000
vt  0.618348 1.434490 0.000000
vt  0.970380 1.432242 0.000000
vt  0.970380 -0.403464 0.000000
vt  0.664429 1.432242 0.000000
vt  0.664429 -0.403464 0.000000
vt  0.146551 0.995622 -4.000000
vt  0.146551 0.964102 -4.000000
vt  0.193830 0.964102 -4.000000
vt  0.193830 0.901064 -4.000000
vt  0.146551 0.901064 -4.000000
vt  0.146551 0.869545 -4.000000
vt  0.272628 0.869545 -4.000000
vt  0.272628 0.901064 -4.000000
vt  0.225349 0.901064 -4.000000
vt  0.225349 0.964102 -4.000000
vt  0.272628 0.964102 -4.000000
vt  0.272628 0.995622 -4.000000
vt  0.004043 0.995622 4.000000
vt  0.004043 0.964102 4.000000
vt  0.051322 0.964102 4.000000
vt  0.051322 0.901064 4.000000
vt  0.004043 0.901064 4.000000
vt  0.004043 0.869545 4.000000
vt  0.130120 0.869545 4.000000
vt  0.130120 0.901064 4.000000
vt  0.082841 0.901064 4.000000
vt  0.082841 0.964102 4.000000
vt  0.130120 0.964102 4.000000
vt  0.130120 0.995622 4.000000
vt  0.866912 0.998875 -0.000018
vt  0.851310 0.998875 -0.000015
vt  0.827928 0.998875 -0.000013
vt  0.796771 0.998875 -0.000014
vt  0.773395 0.998875 -0.000016
vt  0.757802 0.998875 -0.000020
vt  0.695561 0.998875 -0.000043
vt  0.679989 0.998875 -0.000052
vt  0.656655 0.998875 -0.000072
vt  0.968109 0.998875 -0.000075
vt  0.944755 0.998875 -0.000050
vt  0.929169 0.998875 -0.000040
vt  0.866934 0.003548 -0.000002
vt  0.851334 0.003548 -0.000002
vt  0.827953 0.003548 -0.000002
vt  0.796795 0.003548 -0.000001
vt  0.773416 0.003548 -0.000000
vt  0.757820 0.003548 0.000001
vt  0.695573 0.003548 0.000006
vt  0.679998 0.003548 0.000008
vt  0.656659 0.003548 0.000014
vt  0.968115 0.003548 0.000005
vt  0.944768 0.003548 0.000001
vt  0.929186 0.003548 0.000000
vt  0.999224 0.998875 -0.000137
vt  0.999226 0.003548 0.000014
vt  0.147017 0.860923 -4.000000
vt  0.147017 0.829404 -4.000000
vt  0.194296 0.829404 -4.000000
vt  0.194296 0.766366 -4.000000
vt  0.147017 0.766366 -4.000000
vt  0.147017 0.734847 -4.000000
vt  0.273094 0.734847 -4.000000
vt  0.273094 0.766366 -4.000000
vt  0.225815 0.766366 -4.000000
vt  0.225815 0.829404 -4.000000
vt  0.273094 0.829404 -4.000000
vt  0.273094 0.860923 -4.000000
vt  0.004509 0.860923 4.000000
vt  0.004509 0.829404 4.000000
vt  0.051788 0.829404 4.000000
vt  0.051788 0.766366 4.000000
vt  0.004509 0.766366 4.000000
vt  0.004509 0.734847 4.000000
vt  0.130586 0.734847 4.000000
vt  0.130586 0.766366 4.000000
vt  0.083307 0.766366 4.000000
vt  0.083307 0.829404 4.000000
vt  0.130586 0.829404 4.000000
vt  0.130586 0.860923 4.000000
vt  0.522252 0.998875 -0.000018
vt  0.506650 0.998875 -0.000015
vt  0.483268 0.998875 -0.000013
vt  0.452111 0.998875 -0.000014
vt  0.428734 0.998875 -0.000016
vt  0.413142 0.998875 -0.000020
vt  0.350901 0.998875 -0.000043
vt  0.335329 0.998875 -0.000052
vt  0.311995 0.998875 -0.000072
vt  0.623449 0.998875 -0.000075
vt  0.600095 0.998875 -0.000050
vt  0.584509 0.998875 -0.000040
vt  0.522274 0.003548 -0.000002
vt  0.506674 0.003548 -0.000002
vt  0.483293 0.003548 -0.000002
vt  0.452135 0.003548 -0.000001
vt  0.428756 0.003548 -0.000000
vt  0.413160 0.003548 0.000001
vt  0.350913 0.003548 0.000006
vt  0.335338 0.003548 0.000008
vt  0.311999 0.003548 0.000014
vt  0.623455 0.003548 0.000005
vt  0.600108 0.003548 0.000001
vt  0.584526 0.003548 0.000000
vt  0.654564 0.998875 -0.000137
vt  0.654566 0.003548 0.000014
vt  0.866931 0.146205 -0.000004
vt  0.851331 0.146205 -0.000004
vt  0.944766 0.146205 -0.000006
vt  0.929184 0.146205 -0.000006
vt  0.428753 0.146205 -0.000003
vt  0.413158 0.146205 -0.000002
vt  0.350911 0.146205 -0.000001
vt  0.335336 0.146205 -0.000000
vt  0.851330 0.168549 -0.000004
vt  0.944766 0.168549 -0.000007
vt  0.929183 0.168549 -0.000006
vt  0.428752 0.168549 -0.000003
vt  0.413157 0.168549 -0.000003
vt  0.350911 0.168549 -0.000002
vt  0.335336 0.168549 -0.000002
vt  0.866930 0.168549 -0.000004
vt  0.851329 0.212119 -0.000004
vt  0.944766 0.212119 -0.000009
vt  0.929182 0.212119 -0.000008
vt  0.428751 0.212119 -0.000004
vt  0.413157 0.212119 -0.000004
vt  0.350910 0.212119 -0.000004
vt  0.335336 0.212119 -0.000004
vt  0.866929 0.212119 -0.000005
vt  0.851329 0.234599 -0.000005
vt  0.944765 0.234599 -0.000011
vt  0.929182 0.234599 -0.000009
vt  0.428751 0.234599 -0.000004
vt  0.413156 0.234599 -0.000004
vt  0.350910 0.234599 -0.000005
vt  0.335336 0.234599 -0.000006
vt  0.866929 0.234599 -0.000005
vt  0.851314 0.856227 -0.000013
vt  0.944757 0.856227 -0.000042
vt  0.929172 0.856227 -0.000034
vt  0.428738 0.856227 -0.000014
vt  0.413145 0.856227 -0.000017
vt  0.350902 0.856227 -0.000036
vt  0.335330 0.856227 -0.000043
vt  0.866915 0.856227 -0.000016
vt  0.866916 0.834116 -0.000015
vt  0.851314 0.834116 -0.000013
vt  0.944758 0.834116 -0.000041
vt  0.929172 0.834116 -0.000033
vt  0.428738 0.834116 -0.000014
vt  0.413145 0.834116 -0.000016
vt  0.350903 0.834116 -0.000035
vt  0.335331 0.834116 -0.000042
vt  0.866917 0.790304 -0.000014
vt  0.851315 0.790304 -0.000012
vt  0.944758 0.790304 -0.000039
vt  0.929173 0.790304 -0.000031
vt  0.428739 0.790304 -0.000013
vt  0.413146 0.790304 -0.000016
vt  0.350903 0.790304 -0.000033
vt  0.335331 0.790304 -0.000039
vt  0.866917 0.768409 -0.000014
vt  0.851316 0.768409 -0.000012
vt  0.944758 0.768409 -0.000038
vt  0.929173 0.768409 -0.000030
vt  0.428739 0.768409 -0.000013
vt  0.413147 0.768409 -0.000015
vt  0.350903 0.768409 -0.000032
vt  0.335331 0.768409 -0.000038
vt  0.890284 0.168549 -0.000005
vt  0.890283 0.212119 -0.000006
vt  0.890271 0.834116 -0.000022
vt  0.389796 0.834116 -0.000023
vt  0.890271 0.790304 -0.000021
vt  0.389796 0.790304 -0.000022
vt  0.906010 0.168549 -0.000006
vt  0.906009 0.212119 -0.000007
vt  0.905998 0.834116 -0.000026
vt  0.905999 0.790304 -0.000025
vt  0.374072 0.834116 -0.000028
vt  0.374072 0.790304 -0.000026
vt  0.413146 0.790304 -0.000016
vt  0.413145 0.834116 -0.000016
vt  0.389796 0.834116 -0.000023
vt  0.389796 0.790304 -0.000022
vt  0.374072 0.834116 -0.000028
vt  0.350903 0.834116 -0.000035
vt  0.350903 0.790304 -0.000033
vt  0.374072 0.790304 -0.000026
vt  0.452124 0.477232 -0.000007
vt  0.428746 0.477232 -0.000008
vt  0.413152 0.461680 -0.000009
vt  0.350907 0.461680 -0.000017
vt  0.335334 0.477232 -0.000020
vt  0.311997 0.477232 -0.000027
vt  0.654565 0.477232 -0.000058
vt  0.522262 0.523888 -0.000010
vt  0.506662 0.508336 -0.000008
vt  0.483280 0.508336 -0.000007
vt  0.623452 0.508336 -0.000036
vt  0.600102 0.508336 -0.000025
vt  0.584517 0.523888 -0.000021
vt  0.522264 0.461596 -0.000009
vt  0.506663 0.477148 -0.000008
vt  0.483281 0.477148 -0.000007
vt  0.623452 0.477148 -0.000033
vt  0.600102 0.477148 -0.000023
vt  0.584518 0.461596 -0.000018
vt  0.467660 0.492742 -0.000007
vt  0.639050 0.492742 -0.000047
vt  0.452123 0.508252 -0.000007
vt  0.428745 0.508252 -0.000008
vt  0.413151 0.523804 -0.000010
vt  0.350906 0.523804 -0.000020
vt  0.335333 0.508252 -0.000022
vt  0.311997 0.508252 -0.000030
vt  0.654565 0.508252 -0.000062
vt  0.467660 0.492742 -0.000007
vt  0.639050 0.492742 -0.000047
vt  0.866923 0.483674 -0.000009
vt  0.851322 0.499226 -0.000008
vt  0.827941 0.499226 -0.000007
vt  0.968112 0.499226 -0.000035
vt  0.944762 0.499226 -0.000024
vt  0.929178 0.483674 -0.000019
vt  0.796783 0.530330 -0.000008
vt  0.773405 0.530330 -0.000009
vt  0.757811 0.545882 -0.000010
vt  0.695566 0.545882 -0.000021
vt  0.679993 0.530330 -0.000024
vt  0.656657 0.530330 -0.000031
vt  0.999225 0.530330 -0.000066
vt  0.851322 0.530879 -0.000009
vt  0.827940 0.530879 -0.000008
vt  0.968112 0.530879 -0.000038
vt  0.944761 0.530879 -0.000026
vt  0.929177 0.546431 -0.000022
vt  0.866922 0.546431 -0.000010
vt  0.812087 0.515053 -0.000007
vt  0.983943 0.515053 -0.000051
vt  0.796783 0.499775 -0.000007
vt  0.773405 0.499775 -0.000008
vt  0.757812 0.484223 -0.000009
vt  0.695567 0.484223 -0.000018
vt  0.679993 0.499775 -0.000022
vt  0.656657 0.499775 -0.000029
vt  0.999225 0.499775 -0.000061
vt  0.812087 0.515053 -0.000007
vt  0.983943 0.515053 -0.000051
vt  0.506652 0.917114 -0.000014
vt  0.483270 0.917114 -0.000012
vt  0.452112 0.948257 -0.000013
vt  0.428736 0.948257 -0.000015
vt  0.413143 0.963809 -0.000019
vt  0.350901 0.963809 -0.000042
vt  0.335330 0.948257 -0.000049
vt  0.311995 0.948257 -0.000067
vt  0.654564 0.948257 -0.000129
vt  0.623449 0.917114 -0.000069
vt  0.600096 0.917114 -0.000045
vt  0.584511 0.901553 -0.000036
vt  0.522254 0.901553 -0.000016
vt  0.866932 0.106377 -0.000003
vt  0.851332 0.090834 -0.000003
vt  0.827951 0.090834 -0.000003
vt  0.968114 0.090834 -0.000002
vt  0.944767 0.090834 -0.000003
vt  0.929184 0.106377 -0.000004
vt  0.796794 0.059771 -0.000002
vt  0.773415 0.059771 -0.000001
vt  0.757820 0.044219 -0.000000
vt  0.695572 0.044219 0.000004
vt  0.679997 0.059771 0.000005
vt  0.656658 0.059771 0.000009
vt  0.999226 0.059771 0.000006
vt  0.522273 0.022151 -0.000002
vt  0.452134 0.068775 -0.000002
vt  0.428755 0.068775 -0.000001
vt  0.413159 0.084318 -0.000001
vt  0.350912 0.084318 0.000002
vt  0.335337 0.068775 0.000004
vt  0.311998 0.068775 0.000008
vt  0.654566 0.068775 0.000005
vt  0.506673 0.037703 -0.000002
vt  0.483292 0.037703 -0.000002
vt  0.623455 0.037703 0.000002
vt  0.600108 0.037703 -0.000000
vt  0.584526 0.022151 -0.000001
vt  0.851311 0.970324 -0.000014
vt  0.827929 0.970324 -0.000013
vt  0.796773 0.939191 -0.000013
vt  0.773396 0.939191 -0.000015
vt  0.757804 0.923630 -0.000018
vt  0.695562 0.923630 -0.000040
vt  0.679990 0.939191 -0.000048
vt  0.656655 0.939191 -0.000067
vt  0.999224 0.939191 -0.000128
vt  0.968109 0.970324 -0.000073
vt  0.944756 0.970324 -0.000048
vt  0.929169 0.985876 -0.000039
vt  0.866912 0.985876 -0.000018
vt  0.147017 0.860923 -4.000000
vt  0.147017 0.829404 -4.000000
vt  0.194296 0.829404 -4.000000
vt  0.194296 0.766366 -4.000000
vt  0.147017 0.766366 -4.000000
vt  0.147017 0.734847 -4.000000
vt  0.273094 0.734847 -4.000000
vt  0.273094 0.766366 -4.000000
vt  0.225815 0.766366 -4.000000
vt  0.225815 0.829404 -4.000000
vt  0.273094 0.829404 -4.000000
vt  0.273094 0.860923 -4.000000
vt  0.004509 0.860923 4.000000
vt  0.004509 0.829404 4.000000
vt  0.051788 0.829404 4.000000
vt  0.051788 0.766366 4.000000
vt  0.004509 0.766366 4.000000
vt  0.004509 0.734847 4.000000
vt  0.130586 0.734847 4.000000
vt  0.130586 0.766366 4.000000
vt  0.083307 0.766366 4.000000
vt  0.083307 0.829404 4.000000
vt  0.130586 0.829404 4.000000
vt  0.130586 0.860923 4.000000
vt  0.522252 0.998875 -0.000018
vt  0.506650 0.998875 -0.000015
vt  0.483268 0.998875 -0.000013
vt  0.452111 0.998875 -0.000014
vt  0.428734 0.998875 -0.000016
vt  0.413142 0.998875 -0.000020
vt  0.350901 0.998875 -0.000043
vt  0.335329 0.998875 -0.000052
vt  0.311995 0.998875 -0.000072
vt  0.623449 0.998875 -0.000075
vt  0.600095 0.998875 -0.000050
vt  0.584509 0.998875 -0.000040
vt  0.522274 0.003548 -0.000002
vt  0.506674 0.003548 -0.000002
vt  0.483293 0.003548 -0.000002
vt  0.452135 0.003548 -0.000001
vt  0.428756 0.003548 -0.000000
vt  0.413160 0.003548 0.000001
vt  0.350913 0.003548 0.000006
vt  0.335338 0.003548 0.000008
vt  0.311999 0.003548 0.000014
vt  0.623455 0.003548 0.000005
vt  0.600108 0.003548 0.000001
vt  0.584526 0.003548 0.000000
vt  0.654564 0.998875 -0.000137
vt  0.654566 0.003548 0.000014
vt  0.146551 0.995622 -4.000000
vt  0.146551 0.964102 -4.000000
vt  0.193830 0.964102 -4.000000
vt  0.193830 0.901064 -4.000000
vt  0.146551 0.901064 -4.000000
vt  0.146551 0.869545 -4.000000
vt  0.272628 0.869545 -4.000000
vt  0.272628 0.901064 -4.000000
vt  0.225349 0.901064 -4.000000
vt  0.225349 0.964102 -4.000000
vt  0.272628 0.964102 -4.000000
vt  0.272628 0.995622 -4.000000
vt  0.004043 0.995622 4.000000
vt  0.004043 0.964102 4.000000
vt  0.051322 0.964102 4.000000
vt  0.051322 0.901064 4.000000
vt  0.004043 0.901064 4.000000
vt  0.004043 0.869545 4.000000
vt  0.130120 0.869545 4.000000
vt  0.130120 0.901064 4.000000
vt  0.082841 0.901064 4.000000
vt  0.082841 0.964102 4.000000
vt  0.130120 0.964102 4.000000
vt  0.130120 0.995622 4.000000
vt  0.866912 0.998875 -0.000018
vt  0.851310 0.998875 -0.000015
vt  0.827928 0.998875 -0.000013
vt  0.796771 0.998875 -0.000014
vt  0.773395 0.998875 -0.000016
vt  0.757802 0.998875 -0.000020
vt  0.695561 0.998875 -0.000043
vt  0.679989 0.998875 -0.000052
vt  0.656655 0.998875 -0.000072
vt  0.968109 0.998875 -0.000075
vt  0.944755 0.998875 -0.000050
vt  0.929169 0.998875 -0.000040
vt  0.866934 0.003548 -0.000002
vt  0.851334 0.003548 -0.000002
vt  0.827953 0.003548 -0.000002
vt  0.796795 0.003548 -0.000001
vt  0.773416 0.003548 -0.000000
vt  0.757820 0.003548 0.000001
vt  0.695573 0.003548 0.000006
vt  0.679998 0.003548 0.000008
vt  0.656659 0.003548 0.000014
vt  0.968115 0.003548 0.000005
vt  0.944768 0.003548 0.000001
vt  0.929186 0.003548 0.000000
vt  0.999224 0.998875 -0.000137
vt  0.999226 0.003548 0.000014
vt  0.147017 0.860923 -4.000000
vt  0.147017 0.829404 -4.000000
vt  0.194296 0.829404 -4.000000
vt  0.194296 0.766366 -4.000000
vt  0.147017 0.766366 -4.000000
vt  0.147017 0.734847 -4.000000
vt  0.273094 0.734847 -4.000000
vt  0.273094 0.766366 -4.000000
vt  0.225815 0.766366 -4.000000
vt  0.225815 0.829404 -4.000000
vt  0.273094 0.829404 -4.000000
vt  0.273094 0.860923 -4.000000
vt  0.004509 0.860923 4.000000
vt  0.004509 0.829404 4.000000
vt  0.051788 0.829404 4.000000
vt  0.051788 0.766366 4.000000
vt  0.004509 0.766366 4.000000
vt  0.004509 0.734847 4.000000
vt  0.130586 0.734847 4.000000
vt  0.130586 0.766366 4.000000
vt  0.083307 0.766366 4.000000
vt  0.083307 0.829404 4.000000
vt  0.130586 0.829404 4.000000
vt  0.130586 0.860923 4.000000
vt  0.522252 0.998875 -0.000018
vt  0.506650 0.998875 -0.000015
vt  0.483268 0.998875 -0.000013
vt  0.452111 0.998875 -0.000014
vt  0.428734 0.998875 -0.000016
vt  0.413142 0.998875 -0.000020
vt  0.350901 0.998875 -0.000043
vt  0.335329 0.998875 -0.000052
vt  0.311995 0.998875 -0.000072
vt  0.623449 0.998875 -0.000075
vt  0.600095 0.998875 -0.000050
vt  0.584509 0.998875 -0.000040
vt  0.522274 0.003548 -0.000002
vt  0.506674 0.003548 -0.000002
vt  0.483293 0.003548 -0.000002
vt  0.452135 0.003548 -0.000001
vt  0.428756 0.003548 -0.000000
vt  0.413160 0.003548 0.000001
vt  0.350913 0.003548 0.000006
vt  0.335338 0.003548 0.000008
vt  0.311999 0.003548 0.000014
vt  0.623455 0.003548 0.000005
vt  0.600108 0.003548 0.000001
vt  0.584526 0.003548 0.000000
vt  0.654564 0.998875 -0.000137
vt  0.654566 0.003548 0.000014
vt  0.866931 0.146205 -0.000004
vt  0.851331 0.146205 -0.000004
vt  0.944766 0.146205 -0.000006
vt  0.929184 0.146205 -0.000006
vt  0.428753 0.146205 -0.000003
vt  0.413158 0.146205 -0.000002
vt  0.350911 0.146205 -0.000001
vt  0.335336 0.146205 -0.000000
vt  0.851330 0.168549 -0.000004
vt  0.944766 0.168549 -0.000007
vt  0.929183 0.168549 -0.000006
vt  0.428752 0.168549 -0.000003
vt  0.413157 0.168549 -0.000003
vt  0.350911 0.168549 -0.000002
vt  0.335336 0.168549 -0.000002
vt  0.866930 0.168549 -0.000004
vt  0.851329 0.212119 -0.000004
vt  0.944766 0.212119 -0.000009
vt  0.929182 0.212119 -0.000008
vt  0.428751 0.212119 -0.000004
vt  0.413157 0.212119 -0.000004
vt  0.350910 0.212119 -0.000004
vt  0.335336 0.212119 -0.000004
vt  0.866929 0.212119 -0.000005
vt  0.851329 0.234599 -0.000005
vt  0.944765 0.234599 -0.000011
vt  0.929182 0.234599 -0.000009
vt  0.428751 0.234599 -0.000004
vt  0.413156 0.234599 -0.000004
vt  0.350910 0.234599 -0.000005
vt  0.335336 0.234599 -0.000006
vt  0.866929 0.234599 -0.000005
vt  0.851314 0.856227 -0.000013
vt  0.944757 0.856227 -0.000042
vt  0.929172 0.856227 -0.000034
vt  0.428738 0.856227 -0.000014
vt  0.413145 0.856227 -0.000017
vt  0.350902 0.856227 -0.000036
vt  0.335330 0.856227 -0.000043
vt  0.866915 0.856227 -0.000016
vt  0.866916 0.834116 -0.000015
vt  0.851314 0.834116 -0.000013
vt  0.944758 0.834116 -0.000041
vt  0.929172 0.834116 -0.000033
vt  0.428738 0.834116 -0.000014
vt  0.413145 0.834116 -0.000016
vt  0.350903 0.834116 -0.000035
vt  0.335331 0.834116 -0.000042
vt  0.866917 0.790304 -0.000014
vt  0.851315 0.790304 -0.000012
vt  0.944758 0.790304 -0.000039
vt  0.929173 0.790304 -0.000031
vt  0.428739 0.790304 -0.000013
vt  0.413146 0.790304 -0.000016
vt  0.350903 0.790304 -0.000033
vt  0.335331 0.790304 -0.000039
vt  0.866917 0.768409 -0.000014
vt  0.851316 0.768409 -0.000012
vt  0.944758 0.768409 -0.000038
vt  0.929173 0.768409 -0.000030
vt  0.428739 0.768409 -0.000013
vt  0.413147 0.768409 -0.000015
vt  0.350903 0.768409 -0.000032
vt  0.335331 0.768409 -0.000038
vt  0.890284 0.168549 -0.000005
vt  0.890283 0.212119 -0.000006
vt  0.890271 0.834116 -0.000022
vt  0.389796 0.834116 -0.000023
vt  0.890271 0.790304 -0.000021
vt  0.389796 0.790304 -0.000022
vt  0.906010 0.168549 -0.000006
vt  0.906009 0.212119 -0.000007
vt  0.905998 0.834116 -0.000026
vt  0.905999 0.790304 -0.000025
vt  0.374072 0.834116 -0.000028
vt  0.374072 0.790304 -0.000026
vt  0.413146 0.790304 -0.000016
vt  0.413145 0.834116 -0.000016
vt  0.389796 0.834116 -0.000023
vt  0.389796 0.790304 -0.000022
vt  0.374072 0.834116 -0.000028
vt  0.350903 0.834116 -0.000035
vt  0.350903 0.790304 -0.000033
vt  0.374072 0.790304 -0.000026
vt  0.452124 0.477232 -0.000007
vt  0.428746 0.477232 -0.000008
vt  0.413152 0.461680 -0.000009
vt  0.350907 0.461680 -0.000017
vt  0.335334 0.477232 -0.000020
vt  0.311997 0.477232 -0.000027
vt  0.654565 0.477232 -0.000058
vt  0.522262 0.523888 -0.000010
vt  0.506662 0.508336 -0.000008
vt  0.483280 0.508336 -0.000007
vt  0.623452 0.508336 -0.000036
vt  0.600102 0.508336 -0.000025
vt  0.584517 0.523888 -0.000021
vt  0.522264 0.461596 -0.000009
vt  0.506663 0.477148 -0.000008
vt  0.483281 0.477148 -0.000007
vt  0.623452 0.477148 -0.000033
vt  0.600102 0.477148 -0.000023
vt  0.584518 0.461596 -0.000018
vt  0.467660 0.492742 -0.000007
vt  0.639050 0.492742 -0.000047
vt  0.452123 0.508252 -0.000007
vt  0.428745 0.508252 -0.000008
vt  0.413151 0.523804 -0.000010
vt  0.350906 0.523804 -0.000020
vt  0.335333 0.508252 -0.000022
vt  0.311997 0.508252 -0.000030
vt  0.654565 0.508252 -0.000062
vt  0.467660 0.492742 -0.000007
vt  0.639050 0.492742 -0.000047
vt  0.866923 0.483674 -0.000009
vt  0.851322 0.499226 -0.000008
vt  0.827941 0.499226 -0.000007
vt  0.968112 0.499226 -0.000035
vt  0.944762 0.499226 -0.000024
vt  0.929178 0.483674 -0.000019
vt  0.796783 0.530330 -0.000008
vt  0.773405 0.530330 -0.000009
vt  0.757811 0.545882 -0.000010
vt  0.695566 0.545882 -0.000021
vt  0.679993 0.530330 -0.000024
vt  0.656657 0.530330 -0.000031
vt  0.999225 0.530330 -0.000066
vt  0.851322 0.530879 -0.000009
vt  0.827940 0.530879 -0.000008
vt  0.968112 0.530879 -0.000038
vt  0.944761 0.530879 -0.000026
vt  0.929177 0.546431 -0.000022
vt  0.866922 0.546431 -0.000010
vt  0.812087 0.515053 -0.000007
vt  0.983943 0.515053 -0.000051
vt  0.796783 0.499775 -0.000007
vt  0.773405 0.499775 -0.000008
vt  0.757812 0.484223 -0.000009
vt  0.695567 0.484223 -0.000018
vt  0.679993 0.499775 -0.000022
vt  0.656657 0.499775 -0.000029
vt  0.999225 0.499775 -0.000061
vt  0.812087 0.515053 -0.000007
vt  0.983943 0.515053 -0.000051
vt  0.506652 0.917114 -0.000014
vt  0.483270 0.917114 -0.000012
vt  0.452112 0.948257 -0.000013
vt  0.428736 0.948257 -0.000015
vt  0.413143 0.963809 -0.000019
vt  0.350901 0.963809 -0.000042
vt  0.335330 0.948257 -0.000049
vt  0.311995 0.948257 -0.000067
vt  0.654564 0.948257 -0.000129
vt  0.623449 0.917114 -0.000069
vt  0.600096 0.917114 -0.000045
vt  0.584511 0.901553 -0.000036
vt  0.522254 0.901553 -0.000016
vt  0.866932 0.106377 -0.000003
vt  0.851332 0.090834 -0.000003
vt  0.827951 0.090834 -0.000003
vt  0.968114 0.090834 -0.000002
vt  0.944767 0.090834 -0.000003
vt  0.929184 0.106377 -0.000004
vt  0.796794 0.059771 -0.000002
vt  0.773415 0.059771 -0.000001
vt  0.757820 0.044219 -0.000000
vt  0.695572 0.044219 0.000004
vt  0.679997 0.059771 0.000005
vt  0.656658 0.059771 0.000009
vt  0.999226 0.059771 0.000006
vt  0.522273 0.022151 -0.000002
vt  0.452134 0.068775 -0.000002
vt  0.428755 0.068775 -0.000001
vt  0.413159 0.084318 -0.000001
vt  0.350912 0.084318 0.000002
vt  0.335337 0.068775 0.000004
vt  0.311998 0.068775 0.000008
vt  0.654566 0.068775 0.000005
vt  0.506673 0.037703 -0.000002
vt  0.483292 0.037703 -0.000002
vt  0.623455 0.037703 0.000002
vt  0.600108 0.037703 -0.000000
vt  0.584526 0.022151 -0.000001
vt  0.851311 0.970324 -0.000014
vt  0.827929 0.970324 -0.000013
vt  0.796773 0.939191 -0.000013
vt  0.773396 0.939191 -0.000015
vt  0.757804 0.923630 -0.000018
vt  0.695562 0.923630 -0.000040
vt  0.679990 0.939191 -0.000048
vt  0.656655 0.939191 -0.000067
vt  0.999224 0.939191 -0.000128
vt  0.968109 0.970324 -0.000073
vt  0.944756 0.970324 -0.000048
vt  0.929169 0.985876 -0.000039
vt  0.866912 0.985876 -0.000018
vt  0.313121 1.434930 0.000000
vt  0.617640 1.434930 0.000000
vt  0.313121 1.472995 0.000000
vt  0.617640 1.472995 0.000000
vt  0.313556 1.428536 0.000000
vt  0.313556 -0.401466 0.000000
vt  0.275431 1.428536 0.000000
vt  0.275431 -0.401466 0.000000
vt  0.314011 1.433759 0.000000
vt  0.314011 -0.401947 0.000000
vt  0.619962 1.433759 0.000000
vt  0.619962 -0.401947 0.000000
vt  0.969948 1.418422 0.000000
vt  0.664139 1.418422 0.000000
vt  0.969948 1.457131 0.000000
vt  0.664139 1.457131 0.000000
vt  0.656473 -0.395513 0.000000
vt  0.656473 1.434490 0.000000
vt  0.618348 -0.395513 0.000000
vt  0.618348 1.434490 0.000000
vt  0.970380 1.432242 0.000000
vt  0.970380 -0.403464 0.000000
vt  0.664429 1.432242 0.000000
vt  0.664429 -0.403464 0.000000
vt  0.313121 1.001619 0.000000
vt  0.617640 1.001619 0.000000
vt  0.313121 1.039684 0.000000
vt  0.617640 1.039684 0.000000
vt  0.313556 0.995225 0.000000
vt  0.313556 -0.834777 0.000000
vt  0.275431 0.995225 0.000000
vt  0.275431 -0.834777 0.000000
vt  0.314011 1.000448 0.000000
vt  0.314011 -0.835258 0.000000
vt  0.619962 1.000448 0.000000
vt  0.619962 -0.835258 0.000000
vt  0.969948 0.985111 0.000000
vt  0.664139 0.985111 0.000000
vt  0.969948 1.023820 0.000000
vt  0.664139 1.023820 0.000000
vt  0.656473 -0.828824 0.000000
vt  0.656473 1.001179 0.000000
vt  0.618348 -0.828824 0.000000
vt  0.618348 1.001179 0.000000
vt  0.970380 0.998931 0.000000
vt  0.970380 -0.836775 0.000000
vt  0.664429 0.998931 0.000000
vt  0.664429 -0.836775 0.000000
vt  0.968839 1.574982 0.000000
vt  0.664320 1.574982 0.000000
vt  0.968839 1.613047 0.000000
vt  0.664320 1.613047 0.000000
vt  0.968404 1.568588 0.000000
vt  0.968404 -0.261414 0.000000
vt  1.006529 1.568588 0.000000
vt  1.006529 -0.261414 0.000000
vt  0.967949 1.573811 0.000000
vt  0.967949 -0.261895 0.000000
vt  0.661998 1.573811 0.000000
vt  0.661998 -0.261895 0.000000
vt  0.312012 1.558474 0.000000
vt  0.617821 1.558474 0.000000
vt  0.312012 1.597184 0.000000
vt  0.617821 1.597184 0.000000
vt  0.625487 -0.255461 0.000000
vt  0.625487 1.574542 0.000000
vt  0.663612 -0.255461 0.000000
vt  0.663612 1.574542 0.000000
vt  0.311580 1.572294 0.000000
vt  0.311580 -0.263412 0.000000
vt  0.617531 1.572294 0.000000
vt  0.617531 -0.263412 0.000000
vt  0.968839 1.001619 0.000000
vt  0.664320 1.001619 0.000000
vt  0.968839 1.039684 0.000000
vt  0.664320 1.039684 0.000000
vt  0.968404 0.995225 0.000000
vt  0.968404 -0.834777 0.000000
vt  1.006529 0.995225 0.000000
vt  1.006529 -0.834777 0.000000
vt  0.967949 1.000448 0.000000
vt  0.967949 -0.835258 0.000000
vt  0.661998 1.000448 0.000000
vt  0.661998 -0.835258 0.000000
vt  0.312012 0.985111 0.000000
vt  0.617821 0.985111 0.000000
vt  0.312012 1.023820 0.000000
vt  0.617821 1.023820 0.000000
vt  0.625487 -0.828824 0.000000
vt  0.625487 1.001179 0.000000
vt  0.663612 -0.828824 0.000000
vt  0.663612 1.001179 0.000000
vt  0.311580 0.998931 0.000000
vt  0.311580 -0.836775 0.000000
vt  0.617531 0.998931 0.000000
vt  0.617531 -0.836775 0.000000
vt  0.968839 1.001619 0.000000
vt  0.664320 1.001619 0.000000
vt  0.968839 1.039684 0.000000
vt  0.664320 1.039684 0.000000
vt  0.968404 0.995225 0.000000
vt  0.968404 -0.834777 0.000000
vt  1.006529 0.995225 0.000000
vt  1.006529 -0.834777 0.000000
vt  0.967949 1.000448 0.000000
vt  0.967949 -0.835258 0.000000
vt  0.661998 1.000448 0.000000
vt  0.661998 -0.835258 0.000000
vt  0.312012 0.985111 0.000000
vt  0.617821 0.985111 0.000000
vt  0.312012 1.023820 0.000000
vt  0.617821 1.023820 0.000000
vt  0.625487 -0.828824 0.000000
vt  0.625487 1.001179 0.000000
vt  0.663612 -0.828824 0.000000
vt  0.663612 1.001179 0.000000
vt  0.311580 0.998931 0.000000
vt  0.311580 -0.836775 0.000000
vt  0.617531 0.998931 0.000000
vt  0.617531 -0.836775 0.000000
vt  0.968839 1.574982 0.000000
vt  0.664320 1.574982 0.000000
vt  0.968839 1.613047 0.000000
vt  0.664320 1.613047 0.000000
vt  0.968404 1.568588 0.000000
vt  0.968404 -0.261414 0.000000
vt  1.006529 1.568588 0.000000
vt  1.006529 -0.261414 0.000000
vt  0.967949 1.573811 0.000000
vt  0.967949 -0.261895 0.000000
vt  0.661998 1.573811 0.000000
vt  0.661998 -0.261895 0.000000
vt  0.312012 1.558474 0.000000
vt  0.617821 1.558474 0.000000
vt  0.312012 1.597184 0.000000
vt  0.617821 1.597184 0.000000
vt  0.625487 -0.255461 0.000000
vt  0.625487 1.574542 0.000000
vt  0.663612 -0.255461 0.000000
vt  0.663612 1.574542 0.000000
vt  0.311580 1.572294 0.000000
vt  0.311580 -0.263412 0.000000
vt  0.617531 1.572294 0.000000
vt  0.617531 -0.263412 0.000000
vt  0.313121 1.001619 0.000000
vt  0.617640 1.001619 0.000000
vt  0.313121 1.039684 0.000000
vt  0.617640 1.039684 0.000000
vt  0.313556 0.995225 0.000000
vt  0.313556 -0.834777 0.000000
vt  0.275431 0.995225 0.000000
vt  0.275431 -0.834777 0.000000
vt  0.314011 1.000448 0.000000
vt  0.314011 -0.835258 0.000000
vt  0.619962 1.000448 0.000000
vt  0.619962 -0.835258 0.000000
vt  0.969948 0.985111 0.000000
vt  0.664139 0.985111 0.000000
vt  0.969948 1.023820 0.000000
vt  0.664139 1.023820 0.000000
vt  0.656473 -0.828824 0.000000
vt  0.656473 1.001179 0.000000
vt  0.618348 -0.828824 0.000000
vt  0.618348 1.001179 0.000000
vt  0.970380 0.998931 0.000000
vt  0.970380 -0.836775 0.000000
vt  0.664429 0.998931 0.000000
vt  0.664429 -0.836775 0.000000
vt  0.313121 1.434930 0.000000
vt  0.617640 1.434930 0.000000
vt  0.313121 1.472995 0.000000
vt  0.617640 1.472995 0.000000
vt  0.313556 1.428536 0.000000
vt  0.313556 -0.401466 0.000000
vt  0.275431 1.428536 0.000000
vt  0.275431 -0.401466 0.000000
vt  0.314011 1.433759 0.000000
vt  0.314011 -0.401947 0.000000
vt  0.619962 1.433759 0.000000
vt  0.619962 -0.401947 0.000000
vt  0.969948 1.418422 0.000000
vt  0.664139 1.418422 0.000000
vt  0.969948 1.457131 0.000000
vt  0.664139 1.457131 0.000000
vt  0.656473 -0.395513 0.000000
vt  0.656473 1.434490 0.000000
vt  0.618348 -0.395513 0.000000
vt  0.618348 1.434490 0.000000
vt  0.970380 1.432242 0.000000
vt  0.970380 -0.403464 0.000000
vt  0.664429 1.432242 0.000000
vt  0.664429 -0.403464 0.000000
vt  0.146551 0.995622 -4.000000
vt  0.146551 0.964102 -4.000000
vt  0.193830 0.964102 -4.000000
vt  0.193830 0.901064 -4.000000
vt  0.146551 0.901064 -4.000000
vt  0.146551 0.869545 -4.000000
vt  0.272628 0.869545 -4.000000
vt  0.272628 0.901064 -4.000000
vt  0.225349 0.901064 -4.000000
vt  0.225349 0.964102 -4.000000
vt  0.272628 0.964102 -4.000000
vt  0.272628 0.995622 -4.000000
vt  0.004043 0.995622 4.000000
vt  0.004043 0.964102 4.000000
vt  0.051322 0.964102 4.000000
vt  0.051322 0.901064 4.000000
vt  0.004043 0.901064 4.000000
vt  0.004043 0.869545 4.000000
vt  0.130120 0.869545 4.000000
vt  0.130120 0.901064 4.000000
vt  0.082841 0.901064 4.000000
vt  0.082841 0.964102 4.000000
vt  0.130120 0.964102 4.000000
vt  0.130120 0.995622 4.000000
vt  0.866912 0.998875 -0.000018
vt  0.851310 0.998875 -0.000015
vt  0.827928 0.998875 -0.000013
vt  0.796771 0.998875 -0.000014
vt  0.773395 0.998875 -0.000016
vt  0.757802 0.998875 -0.000020
vt  0.695561 0.998875 -0.000043
vt  0.679989 0.998875 -0.000052
vt  0.656655 0.998875 -0.000072
vt  0.968109 0.998875 -0.000075
vt  0.944755 0.998875 -0.000050
vt  0.929169 0.998875 -0.000040
vt  0.866934 0.003548 -0.000002
vt  0.851334 0.003548 -0.000002
vt  0.827953 0.003548 -0.000002
vt  0.796795 0.003548 -0.000001
vt  0.773416 0.003548 -0.000000
vt  0.757820 0.003548 0.000001
vt  0.695573 0.003548 0.000006
vt  0.679998 0.003548 0.000008
vt  0.656659 0.003548 0.000014
vt  0.968115 0.003548 0.000005
vt  0.944768 0.003548 0.000001
vt  0.929186 0.003548 0.000000
vt  0.999224 0.998875 -0.000137
vt  0.999226 0.003548 0.000014
vt  0.147017 0.860923 -4.000000
vt  0.147017 0.829404 -4.000000
vt  0.194296 0.829404 -4.000000
vt  0.194296 0.766366 -4.000000
vt  0.147017 0.766366 -4.000000
vt  0.147017 0.734847 -4.000000
vt  0.273094 0.734847 -4.000000
vt  0.273094 0.766366 -4.000000
vt  0.225815 0.766366 -4.000000
vt  0.225815 0.829404 -4.000000
vt  0.273094 0.829404 -4.000000
vt  0.273094 0.860923 -4.000000
vt  0.004509 0.860923 4.000000
vt  0.004509 0.829404 4.000000
vt  0.051788 0.829404 4.000000
vt  0.051788 0.766366 4.000000
vt  0.004509 0.766366 4.000000
vt  0.004509 0.734847 4.000000
vt  0.130586 0.734847 4.000000
vt  0.130586 0.766366 4.000000
vt  0.083307 0.766366 4.000000
vt  0.083307 0.829404 4.000000
vt  0.130586 0.829404 4.000000
vt  0.130586 0.860923 4.000000
vt  0.522252 0.998875 -0.000018
vt  0.506650 0.998875 -0.000015
vt  0.483268 0.998875 -0.000013
vt  0.452111 0.998875 -0.000014
vt  0.428734 0.998875 -0.000016
vt  0.413142 0.998875 -0.000020
vt  0.350901 0.998875 -0.000043
vt  0.335329 0.998875 -0.000052
vt  0.311995 0.998875 -0.000072
vt  0.623449 0.998875 -0.000075
vt  0.600095 0.998875 -0.000050
vt  0.584509 0.998875 -0.000040
vt  0.522274 0.003548 -0.000002
vt  0.506674 0.003548 -0.000002
vt  0.483293 0.003548 -0.000002
vt  0.452135 0.003548 -0.000001
vt  0.428756 0.003548 -0.000000
vt  0.413160 0.003548 0.000001
vt  0.350913 0.003548 0.000006
vt  0.335338 0.003548 0.000008
vt  0.311999 0.003548 0.000014
vt  0.623455 0.003548 0.000005
vt  0.600108 0.003548 0.000001
vt  0.584526 0.003548 0.000000
vt  0.654564 0.998875 -0.000137
vt  0.654566 0.003548 0.000014
vt  0.866931 0.146205 -0.000004
vt  0.851331 0.146205 -0.000004
vt  0.944766 0.146205 -0.000006
vt  0.929184 0.146205 -0.000006
vt  0.428753 0.146205 -0.000003
vt  0.413158 0.146205 -0.000002
vt  0.350911 0.146205 -0.000001
vt  0.335336 0.146205 -0.000000
vt  0.851330 0.168549 -0.000004
vt  0.944766 0.168549 -0.000007
vt  0.929183 0.168549 -0.000006
vt  0.428752 0.168549 -0.000003
vt  0.413157 0.168549 -0.000003
vt  0.350911 0.168549 -0.000002
vt  0.335336 0.168549 -0.000002
vt  0.866930 0.168549 -0.000004
vt  0.851329 0.212119 -0.000004
vt  0.944766 0.212119 -0.000009
vt  0.929182 0.212119 -0.000008
vt  0.428751 0.212119 -0.000004
vt  0.413157 0.212119 -0.000004
vt  0.350910 0.212119 -0.000004
vt  0.335336 0.212119 -0.000004
vt  0.866929 0.212119 -0.000005
vt  0.851329 0.234599 -0.000005
vt  0.944765 0.234599 -0.000011
vt  0.929182 0.234599 -0.000009
vt  0.428751 0.234599 -0.000004
vt  0.413156 0.234599 -0.000004
vt  0.350910 0.234599 -0.000005
vt  0.335336 0.234599 -0.000006
vt  0.866929 0.234599 -0.000005
vt  0.851314 0.856227 -0.000013
vt  0.944757 0.856227 -0.000042
vt  0.929172 0.856227 -0.000034
vt  0.428738 0.856227 -0.000014
vt  0.413145 0.856227 -0.000017
vt  0.350902 0.856227 -0.000036
vt  0.335330 0.856227 -0.000043
vt  0.866915 0.856227 -0.000016
vt  0.866916 0.834116 -0.000015
vt  0.851314 0.834116 -0.000013
vt  0.944758 0.834116 -0.000041
vt  0.929172 0.834116 -0.000033
vt  0.428738 0.834116 -0.000014
vt  0.413145 0.834116 -0.000016
vt  0.350903 0.834116 -0.000035
vt  0.335331 0.834116 -0.000042
vt  0.866917 0.790304 -0.000014
vt  0.851315 0.790304 -0.000012
vt  0.944758 0.790304 -0.000039
vt  0.929173 0.790304 -0.000031
vt  0.428739 0.790304 -0.000013
vt  0.413146 0.790304 -0.000016
vt  0.350903 0.790304 -0.000033
vt  0.335331 0.790304 -0.000039
vt  0.866917 0.768409 -0.000014
vt  0.851316 0.768409 -0.000012
vt  0.944758 0.768409 -0.000038
vt  0.929173 0.768409 -0.000030
vt  0.428739 0.768409 -0.000013
vt  0.413147 0.768409 -0.000015
vt  0.350903 0.768409 -0.000032
vt  0.335331 0.768409 -0.000038
vt  0.890284 0.168549 -0.000005
vt  0.890283 0.212119 -0.000006
vt  0.890271 0.834116 -0.000022
vt  0.389796 0.834116 -0.000023
vt  0.890271 0.790304 -0.000021
vt  0.389796 0.790304 -0.000022
vt  0.906010 0.168549 -0.000006
vt  0.906009 0.212119 -0.000007
vt  0.905998 0.834116 -0.000026
vt  0.905999 0.790304 -0.000025
vt  0.374072 0.834116 -0.000028
vt  0.374072 0.790304 -0.000026
vt  0.413146 0.790304 -0.000016
vt  0.413145 0.834116 -0.000016
vt  0.389796 0.834116 -0.000023
vt  0.389796 0.790304 -0.000022
vt  0.374072 0.834116 -0.000028
vt  0.350903 0.834116 -0.000035
vt  0.350903 0.790304 -0.000033
vt  0.374072 0.790304 -0.000026
vt  0.452124 0.477232 -0.000007
vt  0.428746 0.477232 -0.000008
vt  0.413152 0.461680 -0.000009
vt  0.350907 0.461680 -0.000017
vt  0.335334 0.477232 -0.000020
vt  0.311997 0.477232 -0.000027
vt  0.654565 0.477232 -0.000058
vt  0.522262 0.523888 -0.000010
vt  0.506662 0.508336 -0.000008
vt  0.483280 0.508336 -0.000007
vt  0.623452 0.508336 -0.000036
vt  0.600102 0.508336 -0.000025
vt  0.584517 0.523888 -0.000021
vt  0.522264 0.461596 -0.000009
vt  0.506663 0.477148 -0.000008
vt  0.483281 0.477148 -0.000007
vt  0.623452 0.477148 -0.000033
vt  0.600102 0.477148 -0.000023
vt  0.584518 0.461596 -0.000018
vt  0.467660 0.492742 -0.000007
vt  0.639050 0.492742 -0.000047
vt  0.452123 0.508252 -0.000007
vt  0.428745 0.508252 -0.000008
vt  0.413151 0.523804 -0.000010
vt  0.350906 0.523804 -0.000020
vt  0.335333 0.508252 -0.000022
vt  0.311997 0.508252 -0.000030
vt  0.654565 0.508252 -0.000062
vt  0.467660 0.492742 -0.000007
vt  0.639050 0.492742 -0.000047
vt  0.866923 0.483674 -0.000009
vt  0.851322 0.499226 -0.000008
vt  0.827941 0.499226 -0.000007
vt  0.968112 0.499226 -0.000035
vt  0.944762 0.499226 -0.000024
vt  0.929178 0.483674 -0.000019
vt  0.796783 0.530330 -0.000008
vt  0.773405 0.530330 -0.000009
vt  0.757811 0.545882 -0.000010
vt  0.695566 0.545882 -0.000021
vt  0.679993 0.530330 -0.000024
vt  0.656657 0.530330 -0.000031
vt  0.999225 0.530330 -0.000066
vt  0.851322 0.530879 -0.000009
vt  0.827940 0.530879 -0.000008
vt  0.968112 0.530879 -0.000038
vt  0.944761 0.530879 -0.000026
vt  0.929177 0.546431 -0.000022
vt  0.866922 0.546431 -0.000010
vt  0.812087 0.515053 -0.000007
vt  0.983943 0.515053 -0.000051
vt  0.796783 0.499775 -0.000007
vt  0.773405 0.499775 -0.000008
vt  0.757812 0.484223 -0.000009
vt  0.695567 0.484223 -0.000018
vt  0.679993 0.499775 -0.000022
vt  0.656657 0.499775 -0.000029
vt  0.999225 0.499775 -0.000061
vt  0.812087 0.515053 -0.000007
vt  0.983943 0.515053 -0.000051
vt  0.506652 0.917114 -0.000014
vt  0.483270 0.917114 -0.000012
vt  0.452112 0.948257 -0.000013
vt  0.428736 0.948257 -0.000015
vt  0.413143 0.963809 -0.000019
vt  0.350901 0.963809 -0.000042
vt  0.335330 0.948257 -0.000049
vt  0.311995 0.948257 -0.000067
vt  0.654564 0.948257 -0.000129
vt  0.623449 0.917114 -0.000069
vt  0.600096 0.917114 -0.000045
vt  0.584511 0.901553 -0.000036
vt  0.522254 0.901553 -0.000016
vt  0.866932 0.106377 -0.000003
vt  0.851332 0.090834 -0.000003
vt  0.827951 0.090834 -0.000003
vt  0.968114 0.090834 -0.000002
vt  0.944767 0.090834 -0.000003
vt  0.929184 0.106377 -0.000004
vt  0.796794 0.059771 -0.000002
vt  0.773415 0.059771 -0.000001
vt  0.757820 0.044219 -0.000000
vt  0.695572 0.044219 0.000004
vt  0.679997 0.059771 0.000005
vt  0.656658 0.059771 0.000009
vt  0.999226 0.059771 0.000006
vt  0.522273 0.022151 -0.000002
vt  0.452134 0.068775 -0.000002
vt  0.428755 0.068775 -0.000001
vt  0.413159 0.084318 -0.000001
vt  0.350912 0.084318 0.000002
vt  0.335337 0.068775 0.000004
vt  0.311998 0.068775 0.000008
vt  0.654566 0.068775 0.000005
vt  0.506673 0.037703 -0.000002
vt  0.483292 0.037703 -0.000002
vt  0.623455 0.037703 0.000002
vt  0.600108 0.037703 -0.000000
vt  0.584526 0.022151 -0.000001
vt  0.851311 0.970324 -0.000014
vt  0.827929 0.970324 -0.000013
vt  0.796773 0.939191 -0.000013
vt  0.773396 0.939191 -0.000015
vt  0.757804 0.923630 -0.000018
vt  0.695562 0.923630 -0.000040
vt  0.679990 0.939191 -0.000048
vt  0.656655 0.939191 -0.000067
vt  0.999224 0.939191 -0.000128
vt  0.968109 0.970324 -0.000073
vt  0.944756 0.970324 -0.000048
vt  0.929169 0.985876 -0.000039
vt  0.866912 0.985876 -0.000018
vt  0.147017 0.860923 -4.000000
vt  0.147017 0.829404 -4.000000
vt  0.194296 0.829404 -4.000000
vt  0.194296 0.766366 -4.000000
vt  0.147017 0.766366 -4.000000
vt  0.147017 0.734847 -4.000000
vt  0.273094 0.734847 -4.000000
vt  0.273094 0.766366 -4.000000
vt  0.225815 0.766366 -4.000000
vt  0.225815 0.829404 -4.000000
vt  0.273094 0.829404 -4.000000
vt  0.273094 0.860923 -4.000000
vt  0.004509 0.860923 4.000000
vt  0.004509 0.829404 4.000000
vt  0.051788 0.829404 4.000000
vt  0.051788 0.766366 4.000000
vt  0.004509 0.766366 4.000000
vt  0.004509 0.734847 4.000000
vt  0.130586 0.734847 4.000000
vt  0.130586 0.766366 4.000000
vt  0.083307 0.766366 4.000000
vt  0.083307 0.829404 4.000000
vt  0.130586 0.829404 4.000000
vt  0.130586 0.860923 4.000000
vt  0.522252 0.998875 -0.000018
vt  0.506650 0.998875 -0.000015
vt  0.483268 0.998875 -0.000013
vt  0.452111 0.998875 -0.000014
vt  0.428734 0.998875 -0.000016
vt  0.413142 0.998875 -0.000020
vt  0.350901 0.998875 -0.000043
vt  0.335329 0.998875 -0.000052
vt  0.311995 0.998875 -0.000072
vt  0.623449 0.998875 -0.000075
vt  0.600095 0.998875 -0.000050
vt  0.584509 0.998875 -0.000040
vt  0.522274 0.003548 -0.000002
vt  0.506674 0.003548 -0.000002
vt  0.483293 0.003548 -0.000002
vt  0.452135 0.003548 -0.000001
vt  0.428756 0.003548 -0.000000
vt  0.413160 0.003548 0.000001
vt  0.350913 0.003548 0.000006
vt  0.335338 0.003548 0.000008
vt  0.311999 0.003548 0.000014
vt  0.623455 0.003548 0.000005
vt  0.600108 0.003548 0.000001
vt  0.584526 0.003548 0.000000
vt  0.654564 0.998875 -0.000137
vt  0.654566 0.003548 0.000014
vt  0.506674 0.003548 -0.000002
vt  0.522274 0.003548 -0.000002
vt  0.522252 0.998875 -0.000018
vt  0.506650 0.998875 -0.000015
vt  0.483293 0.003548 -0.000002
vt  0.483268 0.998875 -0.000013
vt  0.452135 0.003548 -0.000001
vt  0.452111 0.998875 -0.000014
vt  0.428756 0.003548 -0.000000
vt  0.428734 0.998875 -0.000016
vt  0.413160 0.003548 0.000001
vt  0.413142 0.998875 -0.000020
vt  0.350913 0.003548 0.000006
vt  0.350901 0.998875 -0.000043
vt  0.335338 0.003548 0.000008
vt  0.335329 0.998875 -0.000052
vt  0.311999 0.003548 0.000014
vt  0.311995 0.998875 -0.000072
vt  0.623455 0.003548 0.000005
vt  0.654566 0.003548 0.000014
vt  0.654564 0.998875 -0.000137
vt  0.623449 0.998875 -0.000075
vt  0.600108 0.003548 0.000001
vt  0.600095 0.998875 -0.000050
vt  0.584526 0.003548 0.000000
vt  0.584509 0.998875 -0.000040
vt  0.506674 0.003548 -0.000002
vt  0.522274 0.003548 -0.000002
vt  0.522252 0.998875 -0.000018
vt  0.506650 0.998875 -0.000015
vt  0.483293 0.003548 -0.000002
vt  0.483268 0.998875 -0.000013
vt  0.452135 0.003548 -0.000001
vt  0.452111 0.998875 -0.000014
vt  0.428756 0.003548 -0.000000
vt  0.428734 0.998875 -0.000016
vt  0.413160 0.003548 0.000001
vt  0.413142 0.998875 -0.000020
vt  0.350913 0.003548 0.000006
vt  0.350901 0.998875 -0.000043
vt  0.335338 0.003548 0.000008
vt  0.335329 0.998875 -0.000052
vt  0.311999 0.003548 0.000014
vt  0.311995 0.998875 -0.000072
vt  0.623455 0.003548 0.000005
vt  0.654566 0.003548 0.000014
vt  0.654564 0.998875 -0.000137
vt  0.623449 0.998875 -0.000075
vt  0.600108 0.003548 0.000001
vt  0.600095 0.998875 -0.000050
vt  0.584526 0.003548 0.000000
vt  0.584509 0.998875 -0.000040
vt  0.194296 0.829404 -4.000000
vt  0.147017 0.829404 -4.000000
vt  0.147017 0.860923 -4.000000
vt  0.273094 0.860923 -4.000000
vt  0.273094 0.829404 -4.000000
vt  0.225815 0.829404 -4.000000
vt  0.225815 0.766366 -4.000000
vt  0.194296 0.766366 -4.000000
vt  0.273094 0.766366 -4.000000
vt  0.273094 0.734847 -4.000000
vt  0.147017 0.734847 -4.000000
vt  0.147017 0.766366 -4.000000
vt  0.506674 0.003548 -0.000002
vt  0.522274 0.003548 -0.000002
vt  0.522252 0.998875 -0.000018
vt  0.506650 0.998875 -0.000015
vt  0.483293 0.003548 -0.000002
vt  0.483268 0.998875 -0.000013
vt  0.452135 0.003548 -0.000001
vt  0.452111 0.998875 -0.000014
vt  0.428756 0.003548 -0.000000
vt  0.428734 0.998875 -0.000016
vt  0.413160 0.003548 0.000001
vt  0.413142 0.998875 -0.000020
vt  0.350913 0.003548 0.000006
vt  0.350901 0.998875 -0.000043
vt  0.335338 0.003548 0.000008
vt  0.335329 0.998875 -0.000052
vt  0.311999 0.003548 0.000014
vt  0.311995 0.998875 -0.000072
vt  0.623455 0.003548 0.000005
vt  0.654566 0.003548 0.000014
vt  0.654564 0.998875 -0.000137
vt  0.623449 0.998875 -0.000075
vt  0.600108 0.003548 0.000001
vt  0.600095 0.998875 -0.000050
vt  0.584526 0.003548 0.000000
vt  0.584509 0.998875 -0.000040
vt  0.051788 0.766366 4.000000
vt  0.004509 0.766366 4.000000
vt  0.004509 0.734847 4.000000
vt  0.130586 0.734847 4.000000
vt  0.130586 0.766366 4.000000
vt  0.083307 0.766366 4.000000
vt  0.130586 0.829404 4.000000
vt  0.130586 0.860923 4.000000
vt  0.004509 0.860923 4.000000
vt  0.083307 0.829404 4.000000
vt  0.004509 0.829404 4.000000
vt  0.051788 0.829404 4.000000
vt  0.506674 0.003548 -0.000002
vt  0.522274 0.003548 -0.000002
vt  0.522252 0.998875 -0.000018
vt  0.506650 0.998875 -0.000015
vt  0.483293 0.003548 -0.000002
vt  0.483268 0.998875 -0.000013
vt  0.452135 0.003548 -0.000001
vt  0.452111 0.998875 -0.000014
vt  0.428756 0.003548 -0.000000
vt  0.428734 0.998875 -0.000016
vt  0.413160 0.003548 0.000001
vt  0.413142 0.998875 -0.000020
vt  0.350913 0.003548 0.000006
vt  0.350901 0.998875 -0.000043
vt  0.335338 0.003548 0.000008
vt  0.335329 0.998875 -0.000052
vt  0.311999 0.003548 0.000014
vt  0.311995 0.998875 -0.000072
vt  0.623455 0.003548 0.000005
vt  0.654566 0.003548 0.000014
vt  0.654564 0.998875 -0.000137
vt  0.623449 0.998875 -0.000075
vt  0.600108 0.003548 0.000001
vt  0.600095 0.998875 -0.000050
vt  0.584526 0.003548 0.000000
vt  0.584509 0.998875 -0.000040
vt  0.506674 0.003548 -0.000002
vt  0.522274 0.003548 -0.000002
vt  0.522252 0.998875 -0.000018
vt  0.506650 0.998875 -0.000015
vt  0.483293 0.003548 -0.000002
vt  0.483268 0.998875 -0.000013
vt  0.452135 0.003548 -0.000001
vt  0.452111 0.998875 -0.000014
vt  0.428756 0.003548 -0.000000
vt  0.428734 0.998875 -0.000016
vt  0.413160 0.003548 0.000001
vt  0.413142 0.998875 -0.000020
vt  0.350913 0.003548 0.000006
vt  0.350901 0.998875 -0.000043
vt  0.335338 0.003548 0.000008
vt  0.335329 0.998875 -0.000052
vt  0.311999 0.003548 0.000014
vt  0.311995 0.998875 -0.000072
vt  0.623455 0.003548 0.000005
vt  0.654566 0.003548 0.000014
vt  0.654564 0.998875 -0.000137
vt  0.623449 0.998875 -0.000075
vt  0.600108 0.003548 0.000001
vt  0.600095 0.998875 -0.000050
vt  0.584526 0.003548 0.000000
vt  0.584509 0.998875 -0.000040
vt  0.194296 0.829404 -4.000000
vt  0.147017 0.829404 -4.000000
vt  0.147017 0.860923 -4.000000
vt  0.273094 0.860923 -4.000000
vt  0.273094 0.829404 -4.000000
vt  0.225815 0.829404 -4.000000
vt  0.225815 0.766366 -4.000000
vt  0.194296 0.766366 -4.000000
vt  0.273094 0.766366 -4.000000
vt  0.273094 0.734847 -4.000000
vt  0.147017 0.734847 -4.000000
vt  0.147017 0.766366 -4.000000
vt  0.506674 0.003548 -0.000002
vt  0.522274 0.003548 -0.000002
vt  0.522252 0.998875 -0.000018
vt  0.506650 0.998875 -0.000015
vt  0.483293 0.003548 -0.000002
vt  0.483268 0.998875 -0.000013
vt  0.452135 0.003548 -0.000001
vt  0.452111 0.998875 -0.000014
vt  0.428756 0.003548 -0.000000
vt  0.428734 0.998875 -0.000016
vt  0.413160 0.003548 0.000001
vt  0.413142 0.998875 -0.000020
vt  0.350913 0.003548 0.000006
vt  0.350901 0.998875 -0.000043
vt  0.335338 0.003548 0.000008
vt  0.335329 0.998875 -0.000052
vt  0.311999 0.003548 0.000014
vt  0.311995 0.998875 -0.000072
vt  0.623455 0.003548 0.000005
vt  0.654566 0.003548 0.000014
vt  0.654564 0.998875 -0.000137
vt  0.623449 0.998875 -0.000075
vt  0.600108 0.003548 0.000001
vt  0.600095 0.998875 -0.000050
vt  0.584526 0.003548 0.000000
vt  0.584509 0.998875 -0.000040
vt  0.051788 0.766366 4.000000
vt  0.004509 0.766366 4.000000
vt  0.004509 0.734847 4.000000
vt  0.130586 0.734847 4.000000
vt  0.130586 0.766366 4.000000
vt  0.083307 0.766366 4.000000
vt  0.130586 0.829404 4.000000
vt  0.130586 0.860923 4.000000
vt  0.004509 0.860923 4.000000
vt  0.083307 0.829404 4.000000
vt  0.004509 0.829404 4.000000
vt  0.051788 0.829404 4.000000
vt  0.661998 -0.261895 0.000000
vt  0.967949 -0.261895 0.000000
vt  0.967949 1.573811 0.000000
vt  0.661998 1.573811 0.000000
vt  0.617531 -0.263412 0.000000
vt  0.617531 1.572294 0.000000
vt  0.311580 1.572294 0.000000
vt  0.311580 -0.263412 0.000000
vt  1.006529 -0.261414 0.000000
vt  1.006529 1.568588 0.000000
vt  0.968404 1.568588 0.000000
vt  0.968404 -0.261414 0.000000
vt  0.617821 1.597184 0.000000
vt  0.312012 1.597184 0.000000
vt  0.312012 1.558474 0.000000
vt  0.617821 1.558474 0.000000
vt  0.663612 -0.255461 0.000000
vt  0.663612 1.574542 0.000000
vt  0.625487 1.574542 0.000000
vt  0.625487 -0.255461 0.000000
vt  0.968839 1.613047 0.000000
vt  0.664320 1.613047 0.000000
vt  0.664320 1.574982 0.000000
vt  0.968839 1.574982 0.000000
vt  0.619962 -0.835258 0.000000
vt  0.314011 -0.835258 0.000000
vt  0.314011 1.000448 0.000000
vt  0.619962 1.000448 0.000000
vt  0.664429 -0.836775 0.000000
vt  0.664429 0.998931 0.000000
vt  0.970380 0.998931 0.000000
vt  0.970380 -0.836775 0.000000
vt  0.275431 -0.834777 0.000000
vt  0.275431 0.995225 0.000000
vt  0.313556 0.995225 0.000000
vt  0.313556 -0.834777 0.000000
vt  0.664139 1.023820 0.000000
vt  0.969948 1.023820 0.000000
vt  0.969948 0.985111 0.000000
vt  0.664139 0.985111 0.000000
vt  0.618348 -0.828824 0.000000
vt  0.618348 1.001179 0.000000
vt  0.656473 1.001179 0.000000
vt  0.656473 -0.828824 0.000000
vt  0.313121 1.039684 0.000000
vt  0.617640 1.039684 0.000000
vt  0.617640 1.001619 0.000000
vt  0.313121 1.001619 0.000000
vt  0.661998 -0.261895 0.000000
vt  0.967949 -0.261895 0.000000
vt  0.967949 1.573811 0.000000
vt  0.661998 1.573811 0.000000
vt  0.617531 -0.263412 0.000000
vt  0.617531 1.572294 0.000000
vt  0.311580 1.572294 0.000000
vt  0.311580 -0.263412 0.000000
vt  1.006529 -0.261414 0.000000
vt  1.006529 1.568588 0.000000
vt  0.968404 1.568588 0.000000
vt  0.968404 -0.261414 0.000000
vt  0.617821 1.597184 0.000000
vt  0.312012 1.597184 0.000000
vt  0.312012 1.558474 0.000000
vt  0.617821 1.558474 0.000000
vt  0.663612 -0.255461 0.000000
vt  0.663612 1.574542 0.000000
vt  0.625487 1.574542 0.000000
vt  0.625487 -0.255461 0.000000
vt  0.968839 1.613047 0.000000
vt  0.664320 1.613047 0.000000
vt  0.664320 1.574982 0.000000
vt  0.968839 1.574982 0.000000
vt  0.661998 -0.835258 0.000000
vt  0.967949 -0.835258 0.000000
vt  0.967949 1.000448 0.000000
vt  0.661998 1.000448 0.000000
vt  0.617531 -0.836775 0.000000
vt  0.617531 0.998931 0.000000
vt  0.311580 0.998931 0.000000
vt  0.311580 -0.836775 0.000000
vt  1.006529 -0.834777 0.000000
vt  1.006529 0.995225 0.000000
vt  0.968404 0.995225 0.000000
vt  0.968404 -0.834777 0.000000
vt  0.617821 1.023820 0.000000
vt  0.312012 1.023820 0.000000
vt  0.312012 0.985111 0.000000
vt  0.617821 0.985111 0.000000
vt  0.663612 -0.828824 0.000000
vt  0.663612 1.001179 0.000000
vt  0.625487 1.001179 0.000000
vt  0.625487 -0.828824 0.000000
vt  0.968839 1.039684 0.000000
vt  0.664320 1.039684 0.000000
vt  0.664320 1.001619 0.000000
vt  0.968839 1.001619 0.000000
vt  0.619962 -0.401947 0.000000
vt  0.314011 -0.401947 0.000000
vt  0.314011 1.433759 0.000000
vt  0.619962 1.433759 0.000000
vt  0.664429 -0.403464 0.000000
vt  0.664429 1.432242 0.000000
vt  0.970380 1.432242 0.000000
vt  0.970380 -0.403464 0.000000
vt  0.275431 -0.401466 0.000000
vt  0.275431 1.428536 0.000000
vt  0.313556 1.428536 0.000000
vt  0.313556 -0.401466 0.000000
vt  0.664139 1.457131 0.000000
vt  0.969948 1.457131 0.000000
vt  0.969948 1.418422 0.000000
vt  0.664139 1.418422 0.000000
vt  0.618348 -0.395513 0.000000
vt  0.618348 1.434490 0.000000
vt  0.656473 1.434490 0.000000
vt  0.656473 -0.395513 0.000000
vt  0.313121 1.472995 0.000000
vt  0.617640 1.472995 0.000000
vt  0.617640 1.434930 0.000000
vt  0.313121 1.434930 0.000000
vt  0.619962 -0.401947 0.000000
vt  0.314011 -0.401947 0.000000
vt  0.314011 1.433759 0.000000
vt  0.619962 1.433759 0.000000
vt  0.664429 -0.403464 0.000000
vt  0.664429 1.432242 0.000000
vt  0.970380 1.432242 0.000000
vt  0.970380 -0.403464 0.000000
vt  0.275431 -0.401466 0.000000
vt  0.275431 1.428536 0.000000
vt  0.313556 1.428536 0.000000
vt  0.313556 -0.401466 0.000000
vt  0.664139 1.457131 0.000000
vt  0.969948 1.457131 0.000000
vt  0.969948 1.418422 0.000000
vt  0.664139 1.418422 0.000000
vt  0.618348 -0.395513 0.000000
vt  0.618348 1.434490 0.000000
vt  0.656473 1.434490 0.000000
vt  0.656473 -0.395513 0.000000
vt  0.313121 1.472995 0.000000
vt  0.617640 1.472995 0.000000
vt  0.617640 1.434930 0.000000
vt  0.313121 1.434930 0.000000
vt  0.661998 -0.835258 0.000000
vt  0.967949 -0.835258 0.000000
vt  0.967949 1.000448 0.000000
vt  0.661998 1.000448 0.000000
vt  0.617531 -0.836775 0.000000
vt  0.617531 0.998931 0.000000
vt  0.311580 0.998931 0.000000
vt  0.311580 -0.836775 0.000000
vt  1.006529 -0.834777 0.000000
vt  1.006529 0.995225 0.000000
vt  0.968404 0.995225 0.000000
vt  0.968404 -0.834777 0.000000
vt  0.617821 1.023820 0.000000
vt  0.312012 1.023820 0.000000
vt  0.312012 0.985111 0.000000
vt  0.617821 0.985111 0.000000
vt  0.663612 -0.828824 0.000000
vt  0.663612 1.001179 0.000000
vt  0.625487 1.001179 0.000000
vt  0.625487 -0.828824 0.000000
vt  0.968839 1.039684 0.000000
vt  0.664320 1.039684 0.000000
vt  0.664320 1.001619 0.000000
vt  0.968839 1.001619 0.000000
vt  0.619962 -0.835258 0.000000
vt  0.314011 -0.835258 0.000000
vt  0.314011 1.000448 0.000000
vt  0.619962 1.000448 0.000000
vt  0.664429 -0.836775 0.000000
vt  0.664429 0.998931 0.000000
vt  0.970380 0.998931 0.000000
vt  0.970380 -0.836775 0.000000
vt  0.275431 -0.834777 0.000000
vt  0.275431 0.995225 0.000000
vt  0.313556 0.995225 0.000000
vt  0.313556 -0.834777 0.000000
vt  0.664139 1.023820 0.000000
vt  0.969948 1.023820 0.000000
vt  0.969948 0.985111 0.000000
vt  0.664139 0.985111 0.000000
vt  0.618348 -0.828824 0.000000
vt  0.618348 1.001179 0.000000
vt  0.656473 1.001179 0.000000
vt  0.656473 -0.828824 0.000000
vt  0.313121 1.039684 0.000000
vt  0.617640 1.039684 0.000000
vt  0.617640 1.001619 0.000000
vt  0.313121 1.001619 0.000000
vt  0.661998 -0.261895 0.000000
vt  0.967949 -0.261895 0.000000
vt  0.967949 1.573811 0.000000
vt  0.661998 1.573811 0.000000
vt  0.617531 -0.263412 0.000000
vt  0.617531 1.572294 0.000000
vt  0.311580 1.572294 0.000000
vt  0.311580 -0.263412 0.000000
vt  1.006529 -0.261414 0.000000
vt  1.006529 1.568588 0.000000
vt  0.968404 1.568588 0.000000
vt  0.968404 -0.261414 0.000000
vt  0.617821 1.597184 0.000000
vt  0.312012 1.597184 0.000000
vt  0.312012 1.558474 0.000000
vt  0.617821 1.558474 0.000000
vt  0.663612 -0.255461 0.000000
vt  0.663612 1.574542 0.000000
vt  0.625487 1.574542 0.000000
vt  0.625487 -0.255461 0.000000
vt  0.968839 1.613047 0.000000
vt  0.664320 1.613047 0.000000
vt  0.664320 1.574982 0.000000
vt  0.968839 1.574982 0.000000
vt  0.661998 -0.261895 0.000000
vt  0.967949 -0.261895 0.000000
vt  0.967949 1.573811 0.000000
vt  0.661998 1.573811 0.000000
vt  0.617531 -0.263412 0.000000
vt  0.617531 1.572294 0.000000
vt  0.311580 1.572294 0.000000
vt  0.311580 -0.263412 0.000000
vt  1.006529 -0.261414 0.000000
vt  1.006529 1.568588 0.000000
vt  0.968404 1.568588 0.000000
vt  0.968404 -0.261414 0.000000
vt  0.617821 1.597184 0.000000
vt  0.312012 1.597184 0.000000
vt  0.312012 1.558474 0.000000
vt  0.617821 1.558474 0.000000
vt  0.663612 -0.255461 0.000000
vt  0.663612 1.574542 0.000000
vt  0.625487 1.574542 0.000000
vt  0.625487 -0.255461 0.000000
vt  0.968839 1.613047 0.000000
vt  0.664320 1.613047 0.000000
vt  0.664320 1.574982 0.000000
vt  0.968839 1.574982 0.000000
vt  0.866912 0.998875 -0.000018
vt  0.851310 0.998875 -0.000015
vt  0.827928 0.998875 -0.000013
vt  0.796771 0.998875 -0.000014
vt  0.773395 0.998875 -0.000016
vt  0.757802 0.998875 -0.000020
vt  0.695561 0.998875 -0.000043
vt  0.679989 0.998875 -0.000052
vt  0.656655 0.998875 -0.000072
vt  0.968109 0.998875 -0.000075
vt  0.944755 0.998875 -0.000050
vt  0.929169 0.998875 -0.000040
vt  0.866934 0.003548 -0.000002
vt  0.851334 0.003548 -0.000002
vt  0.827953 0.003548 -0.000002
vt  0.796795 0.003548 -0.000001
vt  0.773416 0.003548 -0.000000
vt  0.757820 0.003548 0.000001
vt  0.695573 0.003548 0.000006
vt  0.679998 0.003548 0.000008
vt  0.656659 0.003548 0.000014
vt  0.968115 0.003548 0.000005
vt  0.944768 0.003548 0.000001
vt  0.929186 0.003548 0.000000
vt  0.999224 0.998875 -0.000137
vt  0.999226 0.003548 0.000014
vt  0.522252 0.998875 -0.000018
vt  0.506650 0.998875 -0.000015
vt  0.483268 0.998875 -0.000013
vt  0.452111 0.998875 -0.000014
vt  0.428734 0.998875 -0.000016
vt  0.413142 0.998875 -0.000020
vt  0.350901 0.998875 -0.000043
vt  0.335329 0.998875 -0.000052
vt  0.311995 0.998875 -0.000072
vt  0.623449 0.998875 -0.000075
vt  0.600095 0.998875 -0.000050
vt  0.584509 0.998875 -0.000040
vt  0.522274 0.003548 -0.000002
vt  0.506674 0.003548 -0.000002
vt  0.483293 0.003548 -0.000002
vt  0.452135 0.003548 -0.000001
vt  0.428756 0.003548 -0.000000
vt  0.413160 0.003548 0.000001
vt  0.350913 0.003548 0.000006
vt  0.335338 0.003548 0.000008
vt  0.311999 0.003548 0.000014
vt  0.623455 0.003548 0.000005
vt  0.600108 0.003548 0.000001
vt  0.584526 0.003548 0.000000
vt  0.654564 0.998875 -0.000137
vt  0.654566 0.003548 0.000014
vt  0.866931 0.146205 -0.000004
vt  0.851331 0.146205 -0.000004
vt  0.944766 0.146205 -0.000006
vt  0.929184 0.146205 -0.000006
vt  0.428753 0.146205 -0.000003
vt  0.413158 0.146205 -0.000002
vt  0.350911 0.146205 -0.000001
vt  0.335336 0.146205 -0.000000
vt  0.851330 0.168549 -0.000004
vt  0.944766 0.168549 -0.000007
vt  0.929183 0.168549 -0.000006
vt  0.428752 0.168549 -0.000003
vt  0.413157 0.168549 -0.000003
vt  0.350911 0.168549 -0.000002
vt  0.335336 0.168549 -0.000002
vt  0.866930 0.168549 -0.000004
vt  0.851329 0.212119 -0.000004
vt  0.944766 0.212119 -0.000009
vt  0.929182 0.212119 -0.000008
vt  0.428751 0.212119 -0.000004
vt  0.413157 0.212119 -0.000004
vt  0.350910 0.212119 -0.000004
vt  0.335336 0.212119 -0.000004
vt  0.866929 0.212119 -0.000005
vt  0.851329 0.234599 -0.000005
vt  0.944765 0.234599 -0.000011
vt  0.929182 0.234599 -0.000009
vt  0.428751 0.234599 -0.000004
vt  0.413156 0.234599 -0.000004
vt  0.350910 0.234599 -0.000005
vt  0.335336 0.234599 -0.000006
vt  0.866929 0.234599 -0.000005
vt  0.851314 0.856227 -0.000013
vt  0.944757 0.856227 -0.000042
vt  0.929172 0.856227 -0.000034
vt  0.428738 0.856227 -0.000014
vt  0.413145 0.856227 -0.000017
vt  0.350902 0.856227 -0.000036
vt  0.335330 0.856227 -0.000043
vt  0.866915 0.856227 -0.000016
vt  0.866916 0.834116 -0.000015
vt  0.851314 0.834116 -0.000013
vt  0.944758 0.834116 -0.000041
vt  0.929172 0.834116 -0.000033
vt  0.428738 0.834116 -0.000014
vt  0.413145 0.834116 -0.000016
vt  0.350903 0.834116 -0.000035
vt  0.335331 0.834116 -0.000042
vt  0.866917 0.790304 -0.000014
vt  0.851315 0.790304 -0.000012
vt  0.944758 0.790304 -0.000039
vt  0.929173 0.790304 -0.000031
vt  0.428739 0.790304 -0.000013
vt  0.413146 0.790304 -0.000016
vt  0.350903 0.790304 -0.000033
vt  0.335331 0.790304 -0.000039
vt  0.866917 0.768409 -0.000014
vt  0.851316 0.768409 -0.000012
vt  0.944758 0.768409 -0.000038
vt  0.929173 0.768409 -0.000030
vt  0.428739 0.768409 -0.000013
vt  0.413147 0.768409 -0.000015
vt  0.350903 0.768409 -0.000032
vt  0.335331 0.768409 -0.000038
vt  0.890284 0.168549 -0.000005
vt  0.890283 0.212119 -0.000006
vt  0.890271 0.834116 -0.000022
vt  0.389796 0.834116 -0.000023
vt  0.890271 0.790304 -0.000021
vt  0.389796 0.790304 -0.000022
vt  0.906010 0.168549 -0.000006
vt  0.906009 0.212119 -0.000007
vt  0.905998 0.834116 -0.000026
vt  0.905999 0.790304 -0.000025
vt  0.374072 0.834116 -0.000028
vt  0.374072 0.790304 -0.000026
vt  0.413146 0.790304 -0.000016
vt  0.413145 0.834116 -0.000016
vt  0.389796 0.834116 -0.000023
vt  0.389796 0.790304 -0.000022
vt  0.374072 0.834116 -0.000028
vt  0.350903 0.834116 -0.000035
vt  0.350903 0.790304 -0.000033
vt  0.374072 0.790304 -0.000026
vt  0.452124 0.477232 -0.000007
vt  0.428746 0.477232 -0.000008
vt  0.413152 0.461680 -0.000009
vt  0.350907 0.461680 -0.000017
vt  0.335334 0.477232 -0.000020
vt  0.311997 0.477232 -0.000027
vt  0.654565 0.477232 -0.000058
vt  0.522262 0.523888 -0.000010
vt  0.506662 0.508336 -0.000008
vt  0.483280 0.508336 -0.000007
vt  0.623452 0.508336 -0.000036
vt  0.600102 0.508336 -0.000025
vt  0.584517 0.523888 -0.000021
vt  0.522264 0.461596 -0.000009
vt  0.506663 0.477148 -0.000008
vt  0.483281 0.477148 -0.000007
vt  0.623452 0.477148 -0.000033
vt  0.600102 0.477148 -0.000023
vt  0.584518 0.461596 -0.000018
vt  0.467660 0.492742 -0.000007
vt  0.639050 0.492742 -0.000047
vt  0.452123 0.508252 -0.000007
vt  0.428745 0.508252 -0.000008
vt  0.413151 0.523804 -0.000010
vt  0.350906 0.523804 -0.000020
vt  0.335333 0.508252 -0.000022
vt  0.311997 0.508252 -0.000030
vt  0.654565 0.508252 -0.000062
vt  0.467660 0.492742 -0.000007
vt  0.639050 0.492742 -0.000047
vt  0.866923 0.483674 -0.000009
vt  0.851322 0.499226 -0.000008
vt  0.827941 0.499226 -0.000007
vt  0.968112 0.499226 -0.000035
vt  0.944762 0.499226 -0.000024
vt  0.929178 0.483674 -0.000019
vt  0.796783 0.530330 -0.000008
vt  0.773405 0.530330 -0.000009
vt  0.757811 0.545882 -0.000010
vt  0.695566 0.545882 -0.000021
vt  0.679993 0.530330 -0.000024
vt  0.656657 0.530330 -0.000031
vt  0.999225 0.530330 -0.000066
vt  0.851322 0.530879 -0.000009
vt  0.827940 0.530879 -0.000008
vt  0.968112 0.530879 -0.000038
vt  0.944761 0.530879 -0.000026
vt  0.929177 0.546431 -0.000022
vt  0.866922 0.546431 -0.000010
vt  0.812087 0.515053 -0.000007
vt  0.983943 0.515053 -0.000051
vt  0.796783 0.499775 -0.000007
vt  0.773405 0.499775 -0.000008
vt  0.757812 0.484223 -0.000009
vt  0.695567 0.484223 -0.000018
vt  0.679993 0.499775 -0.000022
vt  0.656657 0.499775 -0.000029
vt  0.999225 0.499775 -0.000061
vt  0.812087 0.515053 -0.000007
vt  0.983943 0.515053 -0.000051
vt  0.506652 0.917114 -0.000014
vt  0.483270 0.917114 -0.000012
vt  0.452112 0.948257 -0.000013
vt  0.428736 0.948257 -0.000015
vt  0.413143 0.963809 -0.000019
vt  0.350901 0.963809 -0.000042
vt  0.335330 0.948257 -0.000049
vt  0.311995 0.948257 -0.000067
vt  0.654564 0.948257 -0.000129
vt  0.623449 0.917114 -0.000069
vt  0.600096 0.917114 -0.000045
vt  0.584511 0.901553 -0.000036
vt  0.522254 0.901553 -0.000016
vt  0.866932 0.106377 -0.000003
vt  0.851332 0.090834 -0.000003
vt  0.827951 0.090834 -0.000003
vt  0.968114 0.090834 -0.000002
vt  0.944767 0.090834 -0.000003
vt  0.929184 0.106377 -0.000004
vt  0.796794 0.059771 -0.000002
vt  0.773415 0.059771 -0.000001
vt  0.757820 0.044219 -0.000000
vt  0.695572 0.044219 0.000004
vt  0.679997 0.059771 0.000005
vt  0.656658 0.059771 0.000009
vt  0.999226 0.059771 0.000006
vt  0.522273 0.022151 -0.000002
vt  0.452134 0.068775 -0.000002
vt  0.428755 0.068775 -0.000001
vt  0.413159 0.084318 -0.000001
vt  0.350912 0.084318 0.000002
vt  0.335337 0.068775 0.000004
vt  0.311998 0.068775 0.000008
vt  0.654566 0.068775 0.000005
vt  0.506673 0.037703 -0.000002
vt  0.483292 0.037703 -0.000002
vt  0.623455 0.037703 0.000002
vt  0.600108 0.037703 -0.000000
vt  0.584526 0.022151 -0.000001
vt  0.851311 0.970324 -0.000014
vt  0.827929 0.970324 -0.000013
vt  0.796773 0.939191 -0.000013
vt  0.773396 0.939191 -0.000015
vt  0.757804 0.923630 -0.000018
vt  0.695562 0.923630 -0.000040
vt  0.679990 0.939191 -0.000048
vt  0.656655 0.939191 -0.000067
vt  0.999224 0.939191 -0.000128
vt  0.968109 0.970324 -0.000073
vt  0.944756 0.970324 -0.000048
vt  0.929169 0.985876 -0.000039
vt  0.866912 0.985876 -0.000018
vt  0.004043 0.995622 4.000000
vt  0.004043 0.964102 4.000000
vt  0.051322 0.964102 4.000000
vt  0.051322 0.901064 4.000000
vt  0.004043 0.901064 4.000000
vt  0.004043 0.869545 4.000000
vt  0.130120 0.869545 4.000000
vt  0.130120 0.901064 4.000000
vt  0.082841 0.901064 4.000000
vt  0.082841 0.964102 4.000000
vt  0.130120 0.964102 4.000000
vt  0.130120 0.995622 4.000000
vt  0.866912 0.998875 -0.000018
vt  0.851310 0.998875 -0.000015
vt  0.827928 0.998875 -0.000013
vt  0.796771 0.998875 -0.000014
vt  0.773395 0.998875 -0.000016
vt  0.757802 0.998875 -0.000020
vt  0.695561 0.998875 -0.000043
vt  0.679989 0.998875 -0.000052
vt  0.656655 0.998875 -0.000072
vt  0.968109 0.998875 -0.000075
vt  0.944755 0.998875 -0.000050
vt  0.929169 0.998875 -0.000040
vt  0.866934 0.003548 -0.000002
vt  0.851334 0.003548 -0.000002
vt  0.827953 0.003548 -0.000002
vt  0.796795 0.003548 -0.000001
vt  0.773416 0.003548 -0.000000
vt  0.757820 0.003548 0.000001
vt  0.695573 0.003548 0.000006
vt  0.679998 0.003548 0.000008
vt  0.656659 0.003548 0.000014
vt  0.968115 0.003548 0.000005
vt  0.944768 0.003548 0.000001
vt  0.929186 0.003548 0.000000
vt  0.999224 0.998875 -0.000137
vt  0.999226 0.003548 0.000014
vt  0.004509 0.860923 4.000000
vt  0.004509 0.829404 4.000000
vt  0.051788 0.829404 4.000000
vt  0.051788 0.766366 4.000000
vt  0.004509 0.766366 4.000000
vt  0.004509 0.734847 4.000000
vt  0.130586 0.734847 4.000000
vt  0.130586 0.766366 4.000000
vt  0.083307 0.766366 4.000000
vt  0.083307 0.829404 4.000000
vt  0.130586 0.829404 4.000000
vt  0.130586 0.860923 4.000000
vt  0.522252 0.998875 -0.000018
vt  0.506650 0.998875 -0.000015
vt  0.483268 0.998875 -0.000013
vt  0.452111 0.998875 -0.000014
vt  0.428734 0.998875 -0.000016
vt  0.413142 0.998875 -0.000020
vt  0.350901 0.998875 -0.000043
vt  0.335329 0.998875 -0.000052
vt  0.311995 0.998875 -0.000072
vt  0.623449 0.998875 -0.000075
vt  0.600095 0.998875 -0.000050
vt  0.584509 0.998875 -0.000040
vt  0.522274 0.003548 -0.000002
vt  0.506674 0.003548 -0.000002
vt  0.483293 0.003548 -0.000002
vt  0.452135 0.003548 -0.000001
vt  0.428756 0.003548 -0.000000
vt  0.413160 0.003548 0.000001
vt  0.350913 0.003548 0.000006
vt  0.335338 0.003548 0.000008
vt  0.311999 0.003548 0.000014
vt  0.623455 0.003548 0.000005
vt  0.600108 0.003548 0.000001
vt  0.584526 0.003548 0.000000
vt  0.654564 0.998875 -0.000137
vt  0.654566 0.003548 0.000014
vt  0.866931 0.146205 -0.000004
vt  0.851331 0.146205 -0.000004
vt  0.944766 0.146205 -0.000006
vt  0.929184 0.146205 -0.000006
vt  0.428753 0.146205 -0.000003
vt  0.413158 0.146205 -0.000002
vt  0.350911 0.146205 -0.000001
vt  0.335336 0.146205 -0.000000
vt  0.851330 0.168549 -0.000004
vt  0.944766 0.168549 -0.000007
vt  0.929183 0.168549 -0.000006
vt  0.428752 0.168549 -0.000003
vt  0.413157 0.168549 -0.000003
vt  0.350911 0.168549 -0.000002
vt  0.335336 0.168549 -0.000002
vt  0.866930 0.168549 -0.000004
vt  0.851329 0.212119 -0.000004
vt  0.944766 0.212119 -0.000009
vt  0.929182 0.212119 -0.000008
vt  0.428751 0.212119 -0.000004
vt  0.413157 0.212119 -0.000004
vt  0.350910 0.212119 -0.000004
vt  0.335336 0.212119 -0.000004
vt  0.866929 0.212119 -0.000005
vt  0.851329 0.234599 -0.000005
vt  0.944765 0.234599 -0.000011
vt  0.929182 0.234599 -0.000009
vt  0.428751 0.234599 -0.000004
vt  0.413156 0.234599 -0.000004
vt  0.350910 0.234599 -0.000005
vt  0.335336 0.234599 -0.000006
vt  0.866929 0.234599 -0.000005
vt  0.851314 0.856227 -0.000013
vt  0.944757 0.856227 -0.000042
vt  0.929172 0.856227 -0.000034
vt  0.428738 0.856227 -0.000014
vt  0.413145 0.856227 -0.000017
vt  0.350902 0.856227 -0.000036
vt  0.335330 0.856227 -0.000043
vt  0.866915 0.856227 -0.000016
vt  0.866916 0.834116 -0.000015
vt  0.851314 0.834116 -0.000013
vt  0.944758 0.834116 -0.000041
vt  0.929172 0.834116 -0.000033
vt  0.428738 0.834116 -0.000014
vt  0.413145 0.834116 -0.000016
vt  0.350903 0.834116 -0.000035
vt  0.335331 0.834116 -0.000042
vt  0.866917 0.790304 -0.000014
vt  0.851315 0.790304 -0.000012
vt  0.944758 0.790304 -0.000039
vt  0.929173 0.790304 -0.000031
vt  0.428739 0.790304 -0.000013
vt  0.413146 0.790304 -0.000016
vt  0.350903 0.790304 -0.000033
vt  0.335331 0.790304 -0.000039
vt  0.866917 0.768409 -0.000014
vt  0.851316 0.768409 -0.000012
vt  0.944758 0.768409 -0.000038
vt  0.929173 0.768409 -0.000030
vt  0.428739 0.768409 -0.000013
vt  0.413147 0.768409 -0.000015
vt  0.350903 0.768409 -0.000032
vt  0.335331 0.768409 -0.000038
vt  0.890284 0.168549 -0.000005
vt  0.890283 0.212119 -0.000006
vt  0.890271 0.834116 -0.000022
vt  0.389796 0.834116 -0.000023
vt  0.890271 0.790304 -0.000021
vt  0.389796 0.790304 -0.000022
vt  0.906010 0.168549 -0.000006
vt  0.906009 0.212119 -0.000007
vt  0.905998 0.834116 -0.000026
vt  0.905999 0.790304 -0.000025
vt  0.374072 0.834116 -0.000028
vt  0.374072 0.790304 -0.000026
vt  0.413146 0.790304 -0.000016
vt  0.413145 0.834116 -0.000016
vt  0.389796 0.834116 -0.000023
vt  0.389796 0.790304 -0.000022
vt  0.374072 0.834116 -0.000028
vt  0.350903 0.834116 -0.000035
vt  0.350903 0.790304 -0.000033
vt  0.374072 0.790304 -0.000026
vt  0.452124 0.477232 -0.000007
vt  0.428746 0.477232 -0.000008
vt  0.413152 0.461680 -0.000009
vt  0.350907 0.461680 -0.000017
vt  0.335334 0.477232 -0.000020
vt  0.311997 0.477232 -0.000027
vt  0.654565 0.477232 -0.000058
vt  0.522262 0.523888 -0.000010
vt  0.506662 0.508336 -0.000008
vt  0.483280 0.508336 -0.000007
vt  0.623452 0.508336 -0.000036
vt  0.600102 0.508336 -0.000025
vt  0.584517 0.523888 -0.000021
vt  0.522264 0.461596 -0.000009
vt  0.506663 0.477148 -0.000008
vt  0.483281 0.477148 -0.000007
vt  0.623452 0.477148 -0.000033
vt  0.600102 0.477148 -0.000023
vt  0.584518 0.461596 -0.000018
vt  0.467660 0.492742 -0.000007
vt  0.639050 0.492742 -0.000047
vt  0.452123 0.508252 -0.000007
vt  0.428745 0.508252 -0.000008
vt  0.413151 0.523804 -0.000010
vt  0.350906 0.523804 -0.000020
vt  0.335333 0.508252 -0.000022
vt  0.311997 0.508252 -0.000030
vt  0.654565 0.508252 -0.000062
vt  0.467660 0.492742 -0.000007
vt  0.639050 0.492742 -0.000047
vt  0.866923 0.483674 -0.000009
vt  0.851322 0.499226 -0.000008
vt  0.827941 0.499226 -0.000007
vt  0.968112 0.499226 -0.000035
vt  0.944762 0.499226 -0.000024
vt  0.929178 0.483674 -0.000019
vt  0.796783 0.530330 -0.000008
vt  0.773405 0.530330 -0.000009
vt  0.757811 0.545882 -0.000010
vt  0.695566 0.545882 -0.000021
vt  0.679993 0.530330 -0.000024
vt  0.656657 0.530330 -0.000031
vt  0.999225 0.530330 -0.000066
vt  0.851322 0.530879 -0.000009
vt  0.827940 0.530879 -0.000008
vt  0.968112 0.530879 -0.000038
vt  0.944761 0.530879 -0.000026
vt  0.929177 0.546431 -0.000022
vt  0.866922 0.546431 -0.000010
vt  0.812087 0.515053 -0.000007
vt  0.983943 0.515053 -0.000051
vt  0.796783 0.499775 -0.000007
vt  0.773405 0.499775 -0.000008
vt  0.757812 0.484223 -0.000009
vt  0.695567 0.484223 -0.000018
vt  0.679993 0.499775 -0.000022
vt  0.656657 0.499775 -0.000029
vt  0.999225 0.499775 -0.000061
vt  0.812087 0.515053 -0.000007
vt  0.983943 0.515053 -0.000051
vt  0.506652 0.917114 -0.000014
vt  0.483270 0.917114 -0.000012
vt  0.452112 0.948257 -0.000013
vt  0.428736 0.948257 -0.000015
vt  0.413143 0.963809 -0.000019
vt  0.350901 0.963809 -0.000042
vt  0.335330 0.948257 -0.000049
vt  0.311995 0.948257 -0.000067
vt  0.654564 0.948257 -0.000129
vt  0.623449 0.917114 -0.000069
vt  0.600096 0.917114 -0.000045
vt  0.584511 0.901553 -0.000036
vt  0.522254 0.901553 -0.000016
vt  0.866932 0.106377 -0.000003
vt  0.851332 0.090834 -0.000003
vt  0.827951 0.090834 -0.000003
vt  0.968114 0.090834 -0.000002
vt  0.944767 0.090834 -0.000003
vt  0.929184 0.106377 -0.000004
vt  0.796794 0.059771 -0.000002
vt  0.773415 0.059771 -0.000001
vt  0.757820 0.044219 -0.000000
vt  0.695572 0.044219 0.000004
vt  0.679997 0.059771 0.000005
vt  0.656658 0.059771 0.000009
vt  0.999226 0.059771 0.000006
vt  0.522273 0.022151 -0.000002
vt  0.452134 0.068775 -0.000002
vt  0.428755 0.068775 -0.000001
vt  0.413159 0.084318 -0.000001
vt  0.350912 0.084318 0.000002
vt  0.335337 0.068775 0.000004
vt  0.311998 0.068775 0.000008
vt  0.654566 0.068775 0.000005
vt  0.506673 0.037703 -0.000002
vt  0.483292 0.037703 -0.000002
vt  0.623455 0.037703 0.000002
vt  0.600108 0.037703 -0.000000
vt  0.584526 0.022151 -0.000001
vt  0.851311 0.970324 -0.000014
vt  0.827929 0.970324 -0.000013
vt  0.796773 0.939191 -0.000013
vt  0.773396 0.939191 -0.000015
vt  0.757804 0.923630 -0.000018
vt  0.695562 0.923630 -0.000040
vt  0.679990 0.939191 -0.000048
vt  0.656655 0.939191 -0.000067
vt  0.999224 0.939191 -0.000128
vt  0.968109 0.970324 -0.000073
vt  0.944756 0.970324 -0.000048
vt  0.929169 0.985876 -0.000039
vt  0.866912 0.985876 -0.000018
vt  0.146551 0.995622 -4.000000
vt  0.146551 0.964102 -4.000000
vt  0.193830 0.964102 -4.000000
vt  0.193830 0.901064 -4.000000
vt  0.146551 0.901064 -4.000000
vt  0.146551 0.869545 -4.000000
vt  0.272628 0.869545 -4.000000
vt  0.272628 0.901064 -4.000000
vt  0.225349 0.901064 -4.000000
vt  0.225349 0.964102 -4.000000
vt  0.272628 0.964102 -4.000000
vt  0.272628 0.995622 -4.000000
vt  0.866912 0.998875 -0.000018
vt  0.851310 0.998875 -0.000015
vt  0.827928 0.998875 -0.000013
vt  0.796771 0.998875 -0.000014
vt  0.773395 0.998875 -0.000016
vt  0.757802 0.998875 -0.000020
vt  0.695561 0.998875 -0.000043
vt  0.679989 0.998875 -0.000052
vt  0.656655 0.998875 -0.000072
vt  0.968109 0.998875 -0.000075
vt  0.944755 0.998875 -0.000050
vt  0.929169 0.998875 -0.000040
vt  0.866934 0.003548 -0.000002
vt  0.851334 0.003548 -0.000002
vt  0.827953 0.003548 -0.000002
vt  0.796795 0.003548 -0.000001
vt  0.773416 0.003548 -0.000000
vt  0.757820 0.003548 0.000001
vt  0.695573 0.003548 0.000006
vt  0.679998 0.003548 0.000008
vt  0.656659 0.003548 0.000014
vt  0.968115 0.003548 0.000005
vt  0.944768 0.003548 0.000001
vt  0.929186 0.003548 0.000000
vt  0.999224 0.998875 -0.000137
vt  0.999226 0.003548 0.000014
vt  0.147017 0.860923 -4.000000
vt  0.147017 0.829404 -4.000000
vt  0.194296 0.829404 -4.000000
vt  0.194296 0.766366 -4.000000
vt  0.147017 0.766366 -4.000000
vt  0.147017 0.734847 -4.000000
vt  0.273094 0.734847 -4.000000
vt  0.273094 0.766366 -4.000000
vt  0.225815 0.766366 -4.000000
vt  0.225815 0.829404 -4.000000
vt  0.273094 0.829404 -4.000000
vt  0.273094 0.860923 -4.000000
vt  0.522252 0.998875 -0.000018
vt  0.506650 0.998875 -0.000015
vt  0.483268 0.998875 -0.000013
vt  0.452111 0.998875 -0.000014
vt  0.428734 0.998875 -0.000016
vt  0.413142 0.998875 -0.000020
vt  0.350901 0.998875 -0.000043
vt  0.335329 0.998875 -0.000052
vt  0.311995 0.998875 -0.000072
vt  0.623449 0.998875 -0.000075
vt  0.600095 0.998875 -0.000050
vt  0.584509 0.998875 -0.000040
vt  0.522274 0.003548 -0.000002
vt  0.506674 0.003548 -0.000002
vt  0.483293 0.003548 -0.000002
vt  0.452135 0.003548 -0.000001
vt  0.428756 0.003548 -0.000000
vt  0.413160 0.003548 0.000001
vt  0.350913 0.003548 0.000006
vt  0.335338 0.003548 0.000008
vt  0.311999 0.003548 0.000014
vt  0.623455 0.003548 0.000005
vt  0.600108 0.003548 0.000001
vt  0.584526 0.003548 0.000000
vt  0.654564 0.998875 -0.000137
vt  0.654566 0.003548 0.000014
vt  0.866931 0.146205 -0.000004
vt  0.851331 0.146205 -0.000004
vt  0.944766 0.146205 -0.000006
vt  0.929184 0.146205 -0.000006
vt  0.428753 0.146205 -0.000003
vt  0.413158 0.146205 -0.000002
vt  0.350911 0.146205 -0.000001
vt  0.335336 0.146205 -0.000000
vt  0.851330 0.168549 -0.000004
vt  0.944766 0.168549 -0.000007
vt  0.929183 0.168549 -0.000006
vt  0.428752 0.168549 -0.000003
vt  0.413157 0.168549 -0.000003
vt  0.350911 0.168549 -0.000002
vt  0.335336 0.168549 -0.000002
vt  0.866930 0.168549 -0.000004
vt  0.851329 0.212119 -0.000004
vt  0.944766 0.212119 -0.000009
vt  0.929182 0.212119 -0.000008
vt  0.428751 0.212119 -0.000004
vt  0.413157 0.212119 -0.000004
vt  0.350910 0.212119 -0.000004
vt  0.335336 0.212119 -0.000004
vt  0.866929 0.212119 -0.000005
vt  0.851329 0.234599 -0.000005
vt  0.944765 0.234599 -0.000011
vt  0.929182 0.234599 -0.000009
vt  0.428751 0.234599 -0.000004
vt  0.413156 0.234599 -0.000004
vt  0.350910 0.234599 -0.000005
vt  0.335336 0.234599 -0.000006
vt  0.866929 0.234599 -0.000005
vt  0.851314 0.856227 -0.000013
vt  0.944757 0.856227 -0.000042
vt  0.929172 0.856227 -0.000034
vt  0.428738 0.856227 -0.000014
vt  0.413145 0.856227 -0.000017
vt  0.350902 0.856227 -0.000036
vt  0.335330 0.856227 -0.000043
vt  0.866915 0.856227 -0.000016
vt  0.866916 0.834116 -0.000015
vt  0.851314 0.834116 -0.000013
vt  0.944758 0.834116 -0.000041
vt  0.929172 0.834116 -0.000033
vt  0.428738 0.834116 -0.000014
vt  0.413145 0.834116 -0.000016
vt  0.350903 0.834116 -0.000035
vt  0.335331 0.834116 -0.000042
vt  0.866917 0.790304 -0.000014
vt  0.851315 0.790304 -0.000012
vt  0.944758 0.790304 -0.000039
vt  0.929173 0.790304 -0.000031
vt  0.428739 0.790304 -0.000013
vt  0.413146 0.790304 -0.000016
vt  0.350903 0.790304 -0.000033
vt  0.335331 0.790304 -0.000039
vt  0.866917 0.768409 -0.000014
vt  0.851316 0.768409 -0.000012
vt  0.944758 0.768409 -0.000038
vt  0.929173 0.768409 -0.000030
vt  0.428739 0.768409 -0.000013
vt  0.413147 0.768409 -0.000015
vt  0.350903 0.768409 -0.000032
vt  0.335331 0.768409 -0.000038
vt  0.890284 0.168549 -0.000005
vt  0.890283 0.212119 -0.000006
vt  0.890271 0.834116 -0.000022
vt  0.389796 0.834116 -0.000023
vt  0.890271 0.790304 -0.000021
vt  0.389796 0.790304 -0.000022
vt  0.906010 0.168549 -0.000006
vt  0.906009 0.212119 -0.000007
vt  0.905998 0.834116 -0.000026
vt  0.905999 0.790304 -0.000025
vt  0.374072 0.834116 -0.000028
vt  0.374072 0.790304 -0.000026
vt  0.413146 0.790304 -0.000016
vt  0.413145 0.834116 -0.000016
vt  0.389796 0.834116 -0.000023
vt  0.389796 0.790304 -0.000022
vt  0.374072 0.834116 -0.000028
vt  0.350903 0.834116 -0.000035
vt  0.350903 0.790304 -0.000033
vt  0.374072 0.790304 -0.000026
vt  0.452124 0.477232 -0.000007
vt  0.428746 0.477232 -0.000008
vt  0.413152 0.461680 -0.000009
vt  0.350907 0.461680 -0.000017
vt  0.335334 0.477232 -0.000020
vt  0.311997 0.477232 -0.000027
vt  0.654565 0.477232 -0.000058
vt  0.522262 0.523888 -0.000010
vt  0.506662 0.508336 -0.000008
vt  0.483280 0.508336 -0.000007
vt  0.623452 0.508336 -0.000036
vt  0.600102 0.508336 -0.000025
vt  0.584517 0.523888 -0.000021
vt  0.522264 0.461596 -0.000009
vt  0.506663 0.477148 -0.000008
vt  0.483281 0.477148 -0.000007
vt  0.623452 0.477148 -0.000033
vt  0.600102 0.477148 -0.000023
vt  0.584518 0.461596 -0.000018
vt  0.467660 0.492742 -0.000007
vt  0.639050 0.492742 -0.000047
vt  0.452123 0.508252 -0.000007
vt  0.428745 0.508252 -0.000008
vt  0.413151 0.523804 -0.000010
vt  0.350906 0.523804 -0.000020
vt  0.335333 0.508252 -0.000022
vt  0.311997 0.508252 -0.000030
vt  0.654565 0.508252 -0.000062
vt  0.467660 0.492742 -0.000007
vt  0.639050 0.492742 -0.000047
vt  0.866923 0.483674 -0.000009
vt  0.851322 0.499226 -0.000008
vt  0.827941 0.499226 -0.000007
vt  0.968112 0.499226 -0.000035
vt  0.944762 0.499226 -0.000024
vt  0.929178 0.483674 -0.000019
vt  0.796783 0.530330 -0.000008
vt  0.773405 0.530330 -0.000009
vt  0.757811 0.545882 -0.000010
vt  0.695566 0.545882 -0.000021
vt  0.679993 0.530330 -0.000024
vt  0.656657 0.530330 -0.000031
vt  0.999225 0.530330 -0.000066
vt  0.851322 0.530879 -0.000009
vt  0.827940 0.530879 -0.000008
vt  0.968112 0.530879 -0.000038
vt  0.944761 0.530879 -0.000026
vt  0.929177 0.546431 -0.000022
vt  0.866922 0.546431 -0.000010
vt  0.812087 0.515053 -0.000007
vt  0.983943 0.515053 -0.000051
vt  0.796783 0.499775 -0.000007
vt  0.773405 0.499775 -0.000008
vt  0.757812 0.484223 -0.000009
vt  0.695567 0.484223 -0.000018
vt  0.679993 0.499775 -0.000022
vt  0.656657 0.499775 -0.000029
vt  0.999225 0.499775 -0.000061
vt  0.812087 0.515053 -0.000007
vt  0.983943 0.515053 -0.000051
vt  0.506652 0.917114 -0.000014
vt  0.483270 0.917114 -0.000012
vt  0.452112 0.948257 -0.000013
vt  0.428736 0.948257 -0.000015
vt  0.413143 0.963809 -0.000019
vt  0.350901 0.963809 -0.000042
vt  0.335330 0.948257 -0.000049
vt  0.311995 0.948257 -0.000067
vt  0.654564 0.948257 -0.000129
vt  0.623449 0.917114 -0.000069
vt  0.600096 0.917114 -0.000045
vt  0.584511 0.901553 -0.000036
vt  0.522254 0.901553 -0.000016
vt  0.866932 0.106377 -0.000003
vt  0.851332 0.090834 -0.000003
vt  0.827951 0.090834 -0.000003
vt  0.968114 0.090834 -0.000002
vt  0.944767 0.090834 -0.000003
vt  0.929184 0.106377 -0.000004
vt  0.796794 0.059771 -0.000002
vt  0.773415 0.059771 -0.000001
vt  0.757820 0.044219 -0.000000
vt  0.695572 0.044219 0.000004
vt  0.679997 0.059771 0.000005
vt  0.656658 0.059771 0.000009
vt  0.999226 0.059771 0.000006
vt  0.522273 0.022151 -0.000002
vt  0.452134 0.068775 -0.000002
vt  0.428755 0.068775 -0.000001
vt  0.413159 0.084318 -0.000001
vt  0.350912 0.084318 0.000002
vt  0.335337 0.068775 0.000004
vt  0.311998 0.068775 0.000008
vt  0.654566 0.068775 0.000005
vt  0.506673 0.037703 -0.000002
vt  0.483292 0.037703 -0.000002
vt  0.623455 0.037703 0.000002
vt  0.600108 0.037703 -0.000000
vt  0.584526 0.022151 -0.000001
vt  0.851311 0.970324 -0.000014
vt  0.827929 0.970324 -0.000013
vt  0.796773 0.939191 -0.000013
vt  0.773396 0.939191 -0.000015
vt  0.757804 0.923630 -0.000018
vt  0.695562 0.923630 -0.000040
vt  0.679990 0.939191 -0.000048
vt  0.656655 0.939191 -0.000067
vt  0.999224 0.939191 -0.000128
vt  0.968109 0.970324 -0.000073
vt  0.944756 0.970324 -0.000048
vt  0.929169 0.985876 -0.000039
vt  0.866912 0.985876 -0.000018
vt  0.506674 0.003548 -0.000002
vt  0.522274 0.003548 -0.000002
vt  0.522252 0.998875 -0.000018
vt  0.506650 0.998875 -0.000015
vt  0.483293 0.003548 -0.000002
vt  0.483268 0.998875 -0.000013
vt  0.452135 0.003548 -0.000001
vt  0.452111 0.998875 -0.000014
vt  0.428756 0.003548 -0.000000
vt  0.428734 0.998875 -0.000016
vt  0.413160 0.003548 0.000001
vt  0.413142 0.998875 -0.000020
vt  0.350913 0.003548 0.000006
vt  0.350901 0.998875 -0.000043
vt  0.335338 0.003548 0.000008
vt  0.335329 0.998875 -0.000052
vt  0.311999 0.003548 0.000014
vt  0.311995 0.998875 -0.000072
vt  0.623455 0.003548 0.000005
vt  0.654566 0.003548 0.000014
vt  0.654564 0.998875 -0.000137
vt  0.623449 0.998875 -0.000075
vt  0.600108 0.003548 0.000001
vt  0.600095 0.998875 -0.000050
vt  0.584526 0.003548 0.000000
vt  0.584509 0.998875 -0.000040
vt  0.506674 0.003548 -0.000002
vt  0.522274 0.003548 -0.000002
vt  0.522252 0.998875 -0.000018
vt  0.506650 0.998875 -0.000015
vt  0.483293 0.003548 -0.000002
vt  0.483268 0.998875 -0.000013
vt  0.452135 0.003548 -0.000001
vt  0.452111 0.998875 -0.000014
vt  0.428756 0.003548 -0.000000
vt  0.428734 0.998875 -0.000016
vt  0.413160 0.003548 0.000001
vt  0.413142 0.998875 -0.000020
vt  0.350913 0.003548 0.000006
vt  0.350901 0.998875 -0.000043
vt  0.335338 0.003548 0.000008
vt  0.335329 0.998875 -0.000052
vt  0.311999 0.003548 0.000014
vt  0.311995 0.998875 -0.000072
vt  0.623455 0.003548 0.000005
vt  0.654566 0.003548 0.000014
vt  0.654564 0.998875 -0.000137
vt  0.623449 0.998875 -0.000075
vt  0.600108 0.003548 0.000001
vt  0.600095 0.998875 -0.000050
vt  0.584526 0.003548 0.000000
vt  0.584509 0.998875 -0.000040
vt  0.194296 0.829404 -4.000000
vt  0.147017 0.829404 -4.000000
vt  0.147017 0.860923 -4.000000
vt  0.273094 0.860923 -4.000000
vt  0.273094 0.829404 -4.000000
vt  0.225815 0.829404 -4.000000
vt  0.225815 0.766366 -4.000000
vt  0.194296 0.766366 -4.000000
vt  0.273094 0.766366 -4.000000
vt  0.273094 0.734847 -4.000000
vt  0.147017 0.734847 -4.000000
vt  0.147017 0.766366 -4.000000
vt  0.506674 0.003548 -0.000002
vt  0.522274 0.003548 -0.000002
vt  0.522252 0.998875 -0.000018
vt  0.506650 0.998875 -0.000015
vt  0.483293 0.003548 -0.000002
vt  0.483268 0.998875 -0.000013
vt  0.452135 0.003548 -0.000001
vt  0.452111 0.998875 -0.000014
vt  0.428756 0.003548 -0.000000
vt  0.428734 0.998875 -0.000016
vt  0.413160 0.003548 0.000001
vt  0.413142 0.998875 -0.000020
vt  0.350913 0.003548 0.000006
vt  0.350901 0.998875 -0.000043
vt  0.335338 0.003548 0.000008
vt  0.335329 0.998875 -0.000052
vt  0.311999 0.003548 0.000014
vt  0.311995 0.998875 -0.000072
vt  0.623455 0.003548 0.000005
vt  0.654566 0.003548 0.000014
vt  0.654564 0.998875 -0.000137
vt  0.623449 0.998875 -0.000075
vt  0.600108 0.003548 0.000001
vt  0.600095 0.998875 -0.000050
vt  0.584526 0.003548 0.000000
vt  0.584509 0.998875 -0.000040
vt  0.051788 0.766366 4.000000
vt  0.004509 0.766366 4.000000
vt  0.004509 0.734847 4.000000
vt  0.130586 0.734847 4.000000
vt  0.130586 0.766366 4.000000
vt  0.083307 0.766366 4.000000
vt  0.130586 0.829404 4.000000
vt  0.130586 0.860923 4.000000
vt  0.004509 0.860923 4.000000
vt  0.083307 0.829404 4.000000
vt  0.004509 0.829404 4.000000
vt  0.051788 0.829404 4.000000
vt  0.506674 0.003548 -0.000002
vt  0.522274 0.003548 -0.000002
vt  0.522252 0.998875 -0.000018
vt  0.506650 0.998875 -0.000015
vt  0.483293 0.003548 -0.000002
vt  0.483268 0.998875 -0.000013
vt  0.452135 0.003548 -0.000001
vt  0.452111 0.998875 -0.000014
vt  0.428756 0.003548 -0.000000
vt  0.428734 0.998875 -0.000016
vt  0.413160 0.003548 0.000001
vt  0.413142 0.998875 -0.000020
vt  0.350913 0.003548 0.000006
vt  0.350901 0.998875 -0.000043
vt  0.335338 0.003548 0.000008
vt  0.335329 0.998875 -0.000052
vt  0.311999 0.003548 0.000014
vt  0.311995 0.998875 -0.000072
vt  0.623455 0.003548 0.000005
vt  0.654566 0.003548 0.000014
vt  0.654564 0.998875 -0.000137
vt  0.623449 0.998875 -0.000075
vt  0.600108 0.003548 0.000001
vt  0.600095 0.998875 -0.000050
vt  0.584526 0.003548 0.000000
vt  0.584509 0.998875 -0.000040
vt  0.506674 0.003548 -0.000002
vt  0.522274 0.003548 -0.000002
vt  0.522252 0.998875 -0.000018
vt  0.506650 0.998875 -0.000015
vt  0.483293 0.003548 -0.000002
vt  0.483268 0.998875 -0.000013
vt  0.452135 0.003548 -0.000001
vt  0.452111 0.998875 -0.000014
vt  0.428756 0.003548 -0.000000
vt  0.428734 0.998875 -0.000016
vt  0.413160 0.003548 0.000001
vt  0.413142 0.998875 -0.000020
vt  0.350913 0.003548 0.000006
vt  0.350901 0.998875 -0.000043
vt  0.335338 0.003548 0.000008
vt  0.335329 0.998875 -0.000052
vt  0.311999 0.003548 0.000014
vt  0.311995 0.998875 -0.000072
vt  0.623455 0.003548 0.000005
vt  0.654566 0.003548 0.000014
vt  0.654564 0.998875 -0.000137
vt  0.623449 0.998875 -0.000075
vt  0.600108 0.003548 0.000001
vt  0.600095 0.998875 -0.000050
vt  0.584526 0.003548 0.000000
vt  0.584509 0.998875 -0.000040
vt  0.194296 0.829404 -4.000000
vt  0.147017 0.829404 -4.000000
vt  0.147017 0.860923 -4.000000
vt  0.273094 0.860923 -4.000000
vt  0.273094 0.829404 -4.000000
vt  0.225815 0.829404 -4.000000
vt  0.225815 0.766366 -4.000000
vt  0.194296 0.766366 -4.000000
vt  0.273094 0.766366 -4.000000
vt  0.273094 0.734847 -4.000000
vt  0.147017 0.734847 -4.000000
vt  0.147017 0.766366 -4.000000
vt  0.506674 0.003548 -0.000002
vt  0.522274 0.003548 -0.000002
vt  0.522252 0.998875 -0.000018
vt  0.506650 0.998875 -0.000015
vt  0.483293 0.003548 -0.000002
vt  0.483268 0.998875 -0.000013
vt  0.452135 0.003548 -0.000001
vt  0.452111 0.998875 -0.000014
vt  0.428756 0.003548 -0.000000
vt  0.428734 0.998875 -0.000016
vt  0.413160 0.003548 0.000001
vt  0.413142 0.998875 -0.000020
vt  0.350913 0.003548 0.000006
vt  0.350901 0.998875 -0.000043
vt  0.335338 0.003548 0.000008
vt  0.335329 0.998875 -0.000052
vt  0.311999 0.003548 0.000014
vt  0.311995 0.998875 -0.000072
vt  0.623455 0.003548 0.000005
vt  0.654566 0.003548 0.000014
vt  0.654564 0.998875 -0.000137
vt  0.623449 0.998875 -0.000075
vt  0.600108 0.003548 0.000001
vt  0.600095 0.998875 -0.000050
vt  0.584526 0.003548 0.000000
vt  0.584509 0.998875 -0.000040
vt  0.051788 0.766366 4.000000
vt  0.004509 0.766366 4.000000
vt  0.004509 0.734847 4.000000
vt  0.130586 0.734847 4.000000
vt  0.130586 0.766366 4.000000
vt  0.083307 0.766366 4.000000
vt  0.130586 0.829404 4.000000
vt  0.130586 0.860923 4.000000
vt  0.004509 0.860923 4.000000
vt  0.083307 0.829404 4.000000
vt  0.004509 0.829404 4.000000
vt  0.051788 0.829404 4.000000
vt  0.506674 0.003548 -0.000002
vt  0.522274 0.003548 -0.000002
vt  0.522252 0.998875 -0.000018
vt  0.506650 0.998875 -0.000015
vt  0.483293 0.003548 -0.000002
vt  0.483268 0.998875 -0.000013
vt  0.452135 0.003548 -0.000001
vt  0.452111 0.998875 -0.000014
vt  0.428756 0.003548 -0.000000
vt  0.428734 0.998875 -0.000016
vt  0.413160 0.003548 0.000001
vt  0.413142 0.998875 -0.000020
vt  0.350913 0.003548 0.000006
vt  0.350901 0.998875 -0.000043
vt  0.335338 0.003548 0.000008
vt  0.335329 0.998875 -0.000052
vt  0.311999 0.003548 0.000014
vt  0.311995 0.998875 -0.000072
vt  0.623455 0.003548 0.000005
vt  0.654566 0.003548 0.000014
vt  0.654564 0.998875 -0.000137
vt  0.623449 0.998875 -0.000075
vt  0.600108 0.003548 0.000001
vt  0.600095 0.998875 -0.000050
vt  0.584526 0.003548 0.000000
vt  0.584509 0.998875 -0.000040
vt  0.506674 0.003548 -0.000002
vt  0.522274 0.003548 -0.000002
vt  0.522252 0.998875 -0.000018
vt  0.506650 0.998875 -0.000015
vt  0.483293 0.003548 -0.000002
vt  0.483268 0.998875 -0.000013
vt  0.452135 0.003548 -0.000001
vt  0.452111 0.998875 -0.000014
vt  0.428756 0.003548 -0.000000
vt  0.428734 0.998875 -0.000016
vt  0.413160 0.003548 0.000001
vt  0.413142 0.998875 -0.000020
vt  0.350913 0.003548 0.000006
vt  0.350901 0.998875 -0.000043
vt  0.335338 0.003548 0.000008
vt  0.335329 0.998875 -0.000052
vt  0.311999 0.003548 0.000014
vt  0.311995 0.998875 -0.000072
vt  0.623455 0.003548 0.000005
vt  0.654566 0.003548 0.000014
vt  0.654564 0.998875 -0.000137
vt  0.623449 0.998875 -0.000075
vt  0.600108 0.003548 0.000001
vt  0.600095 0.998875 -0.000050
vt  0.584526 0.003548 0.000000
vt  0.584509 0.998875 -0.000040
vt  0.194296 0.829404 -4.000000
vt  0.147017 0.829404 -4.000000
vt  0.147017 0.860923 -4.000000
vt  0.273094 0.860923 -4.000000
vt  0.273094 0.829404 -4.000000
vt  0.225815 0.829404 -4.000000
vt  0.225815 0.766366 -4.000000
vt  0.194296 0.766366 -4.000000
vt  0.273094 0.766366 -4.000000
vt  0.273094 0.734847 -4.000000
vt  0.147017 0.734847 -4.000000
vt  0.147017 0.766366 -4.000000
vt  0.506674 0.003548 -0.000002
vt  0.522274 0.003548 -0.000002
vt  0.522252 0.998875 -0.000018
vt  0.506650 0.998875 -0.000015
vt  0.483293 0.003548 -0.000002
vt  0.483268 0.998875 -0.000013
vt  0.452135 0.003548 -0.000001
vt  0.452111 0.998875 -0.000014
vt  0.428756 0.003548 -0.000000
vt  0.428734 0.998875 -0.000016
vt  0.413160 0.003548 0.000001
vt  0.413142 0.998875 -0.000020
vt  0.350913 0.003548 0.000006
vt  0.350901 0.998875 -0.000043
vt  0.335338 0.003548 0.000008
vt  0.335329 0.998875 -0.000052
vt  0.311999 0.003548 0.000014
vt  0.311995 0.998875 -0.000072
vt  0.623455 0.003548 0.000005
vt  0.654566 0.003548 0.000014
vt  0.654564 0.998875 -0.000137
vt  0.623449 0.998875 -0.000075
vt  0.600108 0.003548 0.000001
vt  0.600095 0.998875 -0.000050
vt  0.584526 0.003548 0.000000
vt  0.584509 0.998875 -0.000040
vt  0.051788 0.766366 4.000000
vt  0.004509 0.766366 4.000000
vt  0.004509 0.734847 4.000000
vt  0.130586 0.734847 4.000000
vt  0.130586 0.766366 4.000000
vt  0.083307 0.766366 4.000000
vt  0.130586 0.829404 4.000000
vt  0.130586 0.860923 4.000000
vt  0.004509 0.860923 4.000000
vt  0.083307 0.829404 4.000000
vt  0.004509 0.829404 4.000000
vt  0.051788 0.829404 4.000000
vt  0.866912 0.998875 -0.000018
vt  0.851310 0.998875 -0.000015
vt  0.827928 0.998875 -0.000013
vt  0.796771 0.998875 -0.000014
vt  0.968109 0.998875 -0.000075
vt  0.944755 0.998875 -0.000050
vt  0.929169 0.998875 -0.000040
vt  0.866934 0.003548 -0.000002
vt  0.851334 0.003548 -0.000002
vt  0.827953 0.003548 -0.000002
vt  0.796795 0.003548 -0.000001
vt  0.968115 0.003548 0.000005
vt  0.944768 0.003548 0.000001
vt  0.929186 0.003548 0.000000
vt  0.999224 0.998875 -0.000137
vt  0.999226 0.003548 0.000014
vt  0.483268 0.998875 -0.000013
vt  0.452111 0.998875 -0.000014
vt  0.428734 0.998875 -0.000016
vt  0.413142 0.998875 -0.000020
vt  0.350901 0.998875 -0.000043
vt  0.335329 0.998875 -0.000052
vt  0.311995 0.998875 -0.000072
vt  0.623449 0.998875 -0.000075
vt  0.483293 0.003548 -0.000002
vt  0.452135 0.003548 -0.000001
vt  0.428756 0.003548 -0.000000
vt  0.413160 0.003548 0.000001
vt  0.350913 0.003548 0.000006
vt  0.335338 0.003548 0.000008
vt  0.311999 0.003548 0.000014
vt  0.623455 0.003548 0.000005
vt  0.654564 0.998875 -0.000137
vt  0.654566 0.003548 0.000014
vt  0.866931 0.146205 -0.000004
vt  0.851331 0.146205 -0.000004
vt  0.944766 0.146205 -0.000006
vt  0.929184 0.146205 -0.000006
vt  0.428753 0.146205 -0.000003
vt  0.413158 0.146205 -0.000002
vt  0.350911 0.146205 -0.000001
vt  0.335336 0.146205 -0.000000
vt  0.851330 0.168549 -0.000004
vt  0.944766 0.168549 -0.000007
vt  0.929183 0.168549 -0.000006
vt  0.428752 0.168549 -0.000003
vt  0.413157 0.168549 -0.000003
vt  0.350911 0.168549 -0.000002
vt  0.335336 0.168549 -0.000002
vt  0.866930 0.168549 -0.000004
vt  0.851329 0.212119 -0.000004
vt  0.944766 0.212119 -0.000009
vt  0.929182 0.212119 -0.000008
vt  0.428751 0.212119 -0.000004
vt  0.413157 0.212119 -0.000004
vt  0.350910 0.212119 -0.000004
vt  0.335336 0.212119 -0.000004
vt  0.866929 0.212119 -0.000005
vt  0.851329 0.234599 -0.000005
vt  0.944765 0.234599 -0.000011
vt  0.929182 0.234599 -0.000009
vt  0.428751 0.234599 -0.000004
vt  0.413156 0.234599 -0.000004
vt  0.350910 0.234599 -0.000005
vt  0.335336 0.234599 -0.000006
vt  0.866929 0.234599 -0.000005
vt  0.851314 0.856227 -0.000013
vt  0.944757 0.856227 -0.000042
vt  0.929172 0.856227 -0.000034
vt  0.428738 0.856227 -0.000014
vt  0.413145 0.856227 -0.000017
vt  0.350902 0.856227 -0.000036
vt  0.335330 0.856227 -0.000043
vt  0.866915 0.856227 -0.000016
vt  0.866916 0.834116 -0.000015
vt  0.851314 0.834116 -0.000013
vt  0.944758 0.834116 -0.000041
vt  0.929172 0.834116 -0.000033
vt  0.428738 0.834116 -0.000014
vt  0.413145 0.834116 -0.000016
vt  0.350903 0.834116 -0.000035
vt  0.335331 0.834116 -0.000042
vt  0.866917 0.790304 -0.000014
vt  0.851315 0.790304 -0.000012
vt  0.944758 0.790304 -0.000039
vt  0.929173 0.790304 -0.000031
vt  0.428739 0.790304 -0.000013
vt  0.413146 0.790304 -0.000016
vt  0.350903 0.790304 -0.000033
vt  0.335331 0.790304 -0.000039
vt  0.866917 0.768409 -0.000014
vt  0.851316 0.768409 -0.000012
vt  0.944758 0.768409 -0.000038
vt  0.929173 0.768409 -0.000030
vt  0.428739 0.768409 -0.000013
vt  0.413147 0.768409 -0.000015
vt  0.350903 0.768409 -0.000032
vt  0.335331 0.768409 -0.000038
vt  0.890284 0.168549 -0.000005
vt  0.890283 0.212119 -0.000006
vt  0.890271 0.834116 -0.000022
vt  0.389796 0.834116 -0.000023
vt  0.890271 0.790304 -0.000021
vt  0.389796 0.790304 -0.000022
vt  0.906010 0.168549 -0.000006
vt  0.906009 0.212119 -0.000007
vt  0.905998 0.834116 -0.000026
vt  0.905999 0.790304 -0.000025
vt  0.374072 0.834116 -0.000028
vt  0.374072 0.790304 -0.000026
vt  0.413146 0.790304 -0.000016
vt  0.413145 0.834116 -0.000016
vt  0.389796 0.834116 -0.000023
vt  0.389796 0.790304 -0.000022
vt  0.374072 0.834116 -0.000028
vt  0.350903 0.834116 -0.000035
vt  0.350903 0.790304 -0.000033
vt  0.374072 0.790304 -0.000026
vt  0.452124 0.477232 -0.000007
vt  0.428746 0.477232 -0.000008
vt  0.413152 0.461680 -0.000009
vt  0.350907 0.461680 -0.000017
vt  0.335334 0.477232 -0.000020
vt  0.311997 0.477232 -0.000027
vt  0.654565 0.477232 -0.000058
vt  0.522262 0.523888 -0.000010
vt  0.506662 0.508336 -0.000008
vt  0.483280 0.508336 -0.000007
vt  0.623452 0.508336 -0.000036
vt  0.600102 0.508336 -0.000025
vt  0.584517 0.523888 -0.000021
vt  0.522264 0.461596 -0.000009
vt  0.506663 0.477148 -0.000008
vt  0.483281 0.477148 -0.000007
vt  0.623452 0.477148 -0.000033
vt  0.600102 0.477148 -0.000023
vt  0.584518 0.461596 -0.000018
vt  0.467660 0.492742 -0.000007
vt  0.639050 0.492742 -0.000047
vt  0.452123 0.508252 -0.000007
vt  0.428745 0.508252 -0.000008
vt  0.413151 0.523804 -0.000010
vt  0.350906 0.523804 -0.000020
vt  0.335333 0.508252 -0.000022
vt  0.311997 0.508252 -0.000030
vt  0.654565 0.508252 -0.000062
vt  0.467660 0.492742 -0.000007
vt  0.639050 0.492742 -0.000047
vt  0.866923 0.483674 -0.000009
vt  0.851322 0.499226 -0.000008
vt  0.827941 0.499226 -0.000007
vt  0.968112 0.499226 -0.000035
vt  0.944762 0.499226 -0.000024
vt  0.929178 0.483674 -0.000019
vt  0.796783 0.530330 -0.000008
vt  0.773405 0.530330 -0.000009
vt  0.757811 0.545882 -0.000010
vt  0.695566 0.545882 -0.000021
vt  0.679993 0.530330 -0.000024
vt  0.656657 0.530330 -0.000031
vt  0.999225 0.530330 -0.000066
vt  0.851322 0.530879 -0.000009
vt  0.827940 0.530879 -0.000008
vt  0.968112 0.530879 -0.000038
vt  0.944761 0.530879 -0.000026
vt  0.929177 0.546431 -0.000022
vt  0.866922 0.546431 -0.000010
vt  0.812087 0.515053 -0.000007
vt  0.983943 0.515053 -0.000051
vt  0.796783 0.499775 -0.000007
vt  0.773405 0.499775 -0.000008
vt  0.757812 0.484223 -0.000009
vt  0.695567 0.484223 -0.000018
vt  0.679993 0.499775 -0.000022
vt  0.656657 0.499775 -0.000029
vt  0.999225 0.499775 -0.000061
vt  0.812087 0.515053 -0.000007
vt  0.983943 0.515053 -0.000051
vt  0.506652 0.917114 -0.000014
vt  0.483270 0.917114 -0.000012
vt  0.452112 0.948257 -0.000013
vt  0.428736 0.948257 -0.000015
vt  0.413143 0.963809 -0.000019
vt  0.350901 0.963809 -0.000042
vt  0.335330 0.948257 -0.000049
vt  0.311995 0.948257 -0.000067
vt  0.654564 0.948257 -0.000129
vt  0.623449 0.917114 -0.000069
vt  0.600096 0.917114 -0.000045
vt  0.584511 0.901553 -0.000036
vt  0.522254 0.901553 -0.000016
vt  0.866932 0.106377 -0.000003
vt  0.851332 0.090834 -0.000003
vt  0.827951 0.090834 -0.000003
vt  0.968114 0.090834 -0.000002
vt  0.944767 0.090834 -0.000003
vt  0.929184 0.106377 -0.000004
vt  0.796794 0.059771 -0.000002
vt  0.773415 0.059771 -0.000001
vt  0.757820 0.044219 -0.000000
vt  0.695572 0.044219 0.000004
vt  0.679997 0.059771 0.000005
vt  0.656658 0.059771 0.000009
vt  0.999226 0.059771 0.000006
vt  0.522273 0.022151 -0.000002
vt  0.452134 0.068775 -0.000002
vt  0.428755 0.068775 -0.000001
vt  0.413159 0.084318 -0.000001
vt  0.350912 0.084318 0.000002
vt  0.335337 0.068775 0.000004
vt  0.311998 0.068775 0.000008
vt  0.654566 0.068775 0.000005
vt  0.506673 0.037703 -0.000002
vt  0.483292 0.037703 -0.000002
vt  0.623455 0.037703 0.000002
vt  0.600108 0.037703 -0.000000
vt  0.584526 0.022151 -0.000001
vt  0.851311 0.970324 -0.000014
vt  0.827929 0.970324 -0.000013
vt  0.796773 0.939191 -0.000013
vt  0.773396 0.939191 -0.000015
vt  0.757804 0.923630 -0.000018
vt  0.695562 0.923630 -0.000040
vt  0.679990 0.939191 -0.000048
vt  0.656655 0.939191 -0.000067
vt  0.999224 0.939191 -0.000128
vt  0.968109 0.970324 -0.000073
vt  0.944756 0.970324 -0.000048
vt  0.929169 0.985876 -0.000039
vt  0.866912 0.985876 -0.000018
vt  0.004043 0.995622 4.000000
vt  0.004043 0.964102 4.000000
vt  0.051322 0.964102 4.000000
vt  0.051322 0.901064 4.000000
vt  0.082841 0.901064 4.000000
vt  0.082841 0.964102 4.000000
vt  0.130120 0.964102 4.000000
vt  0.130120 0.995622 4.000000
vt  0.866912 0.998875 -0.000018
vt  0.851310 0.998875 -0.000015
vt  0.827928 0.998875 -0.000013
vt  0.796771 0.998875 -0.000014
vt  0.968109 0.998875 -0.000075
vt  0.944755 0.998875 -0.000050
vt  0.929169 0.998875 -0.000040
vt  0.866934 0.003548 -0.000002
vt  0.851334 0.003548 -0.000002
vt  0.827953 0.003548 -0.000002
vt  0.796795 0.003548 -0.000001
vt  0.968115 0.003548 0.000005
vt  0.944768 0.003548 0.000001
vt  0.929186 0.003548 0.000000
vt  0.999224 0.998875 -0.000137
vt  0.999226 0.003548 0.000014
vt  0.051788 0.829404 4.000000
vt  0.051788 0.766366 4.000000
vt  0.004509 0.766366 4.000000
vt  0.004509 0.734847 4.000000
vt  0.130586 0.734847 4.000000
vt  0.130586 0.766366 4.000000
vt  0.083307 0.766366 4.000000
vt  0.083307 0.829404 4.000000
vt  0.483268 0.998875 -0.000013
vt  0.452111 0.998875 -0.000014
vt  0.428734 0.998875 -0.000016
vt  0.413142 0.998875 -0.000020
vt  0.350901 0.998875 -0.000043
vt  0.335329 0.998875 -0.000052
vt  0.311995 0.998875 -0.000072
vt  0.623449 0.998875 -0.000075
vt  0.483293 0.003548 -0.000002
vt  0.452135 0.003548 -0.000001
vt  0.428756 0.003548 -0.000000
vt  0.413160 0.003548 0.000001
vt  0.350913 0.003548 0.000006
vt  0.335338 0.003548 0.000008
vt  0.311999 0.003548 0.000014
vt  0.623455 0.003548 0.000005
vt  0.654564 0.998875 -0.000137
vt  0.654566 0.003548 0.000014
vt  0.866931 0.146205 -0.000004
vt  0.851331 0.146205 -0.000004
vt  0.944766 0.146205 -0.000006
vt  0.929184 0.146205 -0.000006
vt  0.428753 0.146205 -0.000003
vt  0.413158 0.146205 -0.000002
vt  0.350911 0.146205 -0.000001
vt  0.335336 0.146205 -0.000000
vt  0.851330 0.168549 -0.000004
vt  0.944766 0.168549 -0.000007
vt  0.929183 0.168549 -0.000006
vt  0.428752 0.168549 -0.000003
vt  0.413157 0.168549 -0.000003
vt  0.350911 0.168549 -0.000002
vt  0.335336 0.168549 -0.000002
vt  0.866930 0.168549 -0.000004
vt  0.851329 0.212119 -0.000004
vt  0.944766 0.212119 -0.000009
vt  0.929182 0.212119 -0.000008
vt  0.428751 0.212119 -0.000004
vt  0.413157 0.212119 -0.000004
vt  0.350910 0.212119 -0.000004
vt  0.335336 0.212119 -0.000004
vt  0.866929 0.212119 -0.000005
vt  0.851329 0.234599 -0.000005
vt  0.944765 0.234599 -0.000011
vt  0.929182 0.234599 -0.000009
vt  0.428751 0.234599 -0.000004
vt  0.413156 0.234599 -0.000004
vt  0.350910 0.234599 -0.000005
vt  0.335336 0.234599 -0.000006
vt  0.866929 0.234599 -0.000005
vt  0.851314 0.856227 -0.000013
vt  0.944757 0.856227 -0.000042
vt  0.929172 0.856227 -0.000034
vt  0.428738 0.856227 -0.000014
vt  0.413145 0.856227 -0.000017
vt  0.350902 0.856227 -0.000036
vt  0.335330 0.856227 -0.000043
vt  0.866915 0.856227 -0.000016
vt  0.866916 0.834116 -0.000015
vt  0.851314 0.834116 -0.000013
vt  0.944758 0.834116 -0.000041
vt  0.929172 0.834116 -0.000033
vt  0.428738 0.834116 -0.000014
vt  0.413145 0.834116 -0.000016
vt  0.350903 0.834116 -0.000035
vt  0.335331 0.834116 -0.000042
vt  0.866917 0.790304 -0.000014
vt  0.851315 0.790304 -0.000012
vt  0.944758 0.790304 -0.000039
vt  0.929173 0.790304 -0.000031
vt  0.428739 0.790304 -0.000013
vt  0.413146 0.790304 -0.000016
vt  0.350903 0.790304 -0.000033
vt  0.335331 0.790304 -0.000039
vt  0.866917 0.768409 -0.000014
vt  0.851316 0.768409 -0.000012
vt  0.944758 0.768409 -0.000038
vt  0.929173 0.768409 -0.000030
vt  0.428739 0.768409 -0.000013
vt  0.413147 0.768409 -0.000015
vt  0.350903 0.768409 -0.000032
vt  0.335331 0.768409 -0.000038
vt  0.890284 0.168549 -0.000005
vt  0.890283 0.212119 -0.000006
vt  0.890271 0.834116 -0.000022
vt  0.389796 0.834116 -0.000023
vt  0.890271 0.790304 -0.000021
vt  0.389796 0.790304 -0.000022
vt  0.906010 0.168549 -0.000006
vt  0.906009 0.212119 -0.000007
vt  0.905998 0.834116 -0.000026
vt  0.905999 0.790304 -0.000025
vt  0.374072 0.834116 -0.000028
vt  0.374072 0.790304 -0.000026
vt  0.413146 0.790304 -0.000016
vt  0.413145 0.834116 -0.000016
vt  0.389796 0.834116 -0.000023
vt  0.389796 0.790304 -0.000022
vt  0.374072 0.834116 -0.000028
vt  0.350903 0.834116 -0.000035
vt  0.350903 0.790304 -0.000033
vt  0.374072 0.790304 -0.000026
vt  0.452124 0.477232 -0.000007
vt  0.428746 0.477232 -0.000008
vt  0.413152 0.461680 -0.000009
vt  0.350907 0.461680 -0.000017
vt  0.335334 0.477232 -0.000020
vt  0.311997 0.477232 -0.000027
vt  0.654565 0.477232 -0.000058
vt  0.522262 0.523888 -0.000010
vt  0.506662 0.508336 -0.000008
vt  0.483280 0.508336 -0.000007
vt  0.623452 0.508336 -0.000036
vt  0.600102 0.508336 -0.000025
vt  0.584517 0.523888 -0.000021
vt  0.522264 0.461596 -0.000009
vt  0.506663 0.477148 -0.000008
vt  0.483281 0.477148 -0.000007
vt  0.623452 0.477148 -0.000033
vt  0.600102 0.477148 -0.000023
vt  0.584518 0.461596 -0.000018
vt  0.467660 0.492742 -0.000007
vt  0.639050 0.492742 -0.000047
vt  0.452123 0.508252 -0.000007
vt  0.428745 0.508252 -0.000008
vt  0.413151 0.523804 -0.000010
vt  0.350906 0.523804 -0.000020
vt  0.335333 0.508252 -0.000022
vt  0.311997 0.508252 -0.000030
vt  0.654565 0.508252 -0.000062
vt  0.467660 0.492742 -0.000007
vt  0.639050 0.492742 -0.000047
vt  0.866923 0.483674 -0.000009
vt  0.851322 0.499226 -0.000008
vt  0.827941 0.499226 -0.000007
vt  0.968112 0.499226 -0.000035
vt  0.944762 0.499226 -0.000024
vt  0.929178 0.483674 -0.000019
vt  0.796783 0.530330 -0.000008
vt  0.773405 0.530330 -0.000009
vt  0.757811 0.545882 -0.000010
vt  0.695566 0.545882 -0.000021
vt  0.679993 0.530330 -0.000024
vt  0.656657 0.530330 -0.000031
vt  0.999225 0.530330 -0.000066
vt  0.851322 0.530879 -0.000009
vt  0.827940 0.530879 -0.000008
vt  0.968112 0.530879 -0.000038
vt  0.944761 0.530879 -0.000026
vt  0.929177 0.546431 -0.000022
vt  0.866922 0.546431 -0.000010
vt  0.812087 0.515053 -0.000007
vt  0.983943 0.515053 -0.000051
vt  0.796783 0.499775 -0.000007
vt  0.773405 0.499775 -0.000008
vt  0.757812 0.484223 -0.000009
vt  0.695567 0.484223 -0.000018
vt  0.679993 0.499775 -0.000022
vt  0.656657 0.499775 -0.000029
vt  0.999225 0.499775 -0.000061
vt  0.812087 0.515053 -0.000007
vt  0.983943 0.515053 -0.000051
vt  0.506652 0.917114 -0.000014
vt  0.483270 0.917114 -0.000012
vt  0.452112 0.948257 -0.000013
vt  0.428736 0.948257 -0.000015
vt  0.413143 0.963809 -0.000019
vt  0.350901 0.963809 -0.000042
vt  0.335330 0.948257 -0.000049
vt  0.311995 0.948257 -0.000067
vt  0.654564 0.948257 -0.000129
vt  0.623449 0.917114 -0.000069
vt  0.600096 0.917114 -0.000045
vt  0.584511 0.901553 -0.000036
vt  0.522254 0.901553 -0.000016
vt  0.866932 0.106377 -0.000003
vt  0.851332 0.090834 -0.000003
vt  0.827951 0.090834 -0.000003
vt  0.968114 0.090834 -0.000002
vt  0.944767 0.090834 -0.000003
vt  0.929184 0.106377 -0.000004
vt  0.796794 0.059771 -0.000002
vt  0.773415 0.059771 -0.000001
vt  0.757820 0.044219 -0.000000
vt  0.695572 0.044219 0.000004
vt  0.679997 0.059771 0.000005
vt  0.656658 0.059771 0.000009
vt  0.999226 0.059771 0.000006
vt  0.522273 0.022151 -0.000002
vt  0.452134 0.068775 -0.000002
vt  0.428755 0.068775 -0.000001
vt  0.413159 0.084318 -0.000001
vt  0.350912 0.084318 0.000002
vt  0.335337 0.068775 0.000004
vt  0.311998 0.068775 0.000008
vt  0.654566 0.068775 0.000005
vt  0.506673 0.037703 -0.000002
vt  0.483292 0.037703 -0.000002
vt  0.623455 0.037703 0.000002
vt  0.600108 0.037703 -0.000000
vt  0.584526 0.022151 -0.000001
vt  0.851311 0.970324 -0.000014
vt  0.827929 0.970324 -0.000013
vt  0.796773 0.939191 -0.000013
vt  0.773396 0.939191 -0.000015
vt  0.757804 0.923630 -0.000018
vt  0.695562 0.923630 -0.000040
vt  0.679990 0.939191 -0.000048
vt  0.656655 0.939191 -0.000067
vt  0.999224 0.939191 -0.000128
vt  0.968109 0.970324 -0.000073
vt  0.944756 0.970324 -0.000048
vt  0.929169 0.985876 -0.000039
vt  0.866912 0.985876 -0.000018
vt  0.146551 0.995622 -4.000000
vt  0.146551 0.964102 -4.000000
vt  0.193830 0.964102 -4.000000
vt  0.193830 0.901064 -4.000000
vt  0.225349 0.901064 -4.000000
vt  0.225349 0.964102 -4.000000
vt  0.272628 0.964102 -4.000000
vt  0.272628 0.995622 -4.000000
vt  0.866912 0.998875 -0.000018
vt  0.851310 0.998875 -0.000015
vt  0.827928 0.998875 -0.000013
vt  0.796771 0.998875 -0.000014
vt  0.968109 0.998875 -0.000075
vt  0.944755 0.998875 -0.000050
vt  0.929169 0.998875 -0.000040
vt  0.866934 0.003548 -0.000002
vt  0.851334 0.003548 -0.000002
vt  0.827953 0.003548 -0.000002
vt  0.796795 0.003548 -0.000001
vt  0.968115 0.003548 0.000005
vt  0.944768 0.003548 0.000001
vt  0.929186 0.003548 0.000000
vt  0.999224 0.998875 -0.000137
vt  0.999226 0.003548 0.000014
vt  0.194296 0.829404 -4.000000
vt  0.194296 0.766366 -4.000000
vt  0.147017 0.766366 -4.000000
vt  0.147017 0.734847 -4.000000
vt  0.273094 0.734847 -4.000000
vt  0.273094 0.766366 -4.000000
vt  0.225815 0.766366 -4.000000
vt  0.225815 0.829404 -4.000000
vt  0.483268 0.998875 -0.000013
vt  0.452111 0.998875 -0.000014
vt  0.428734 0.998875 -0.000016
vt  0.413142 0.998875 -0.000020
vt  0.350901 0.998875 -0.000043
vt  0.335329 0.998875 -0.000052
vt  0.311995 0.998875 -0.000072
vt  0.623449 0.998875 -0.000075
vt  0.483293 0.003548 -0.000002
vt  0.452135 0.003548 -0.000001
vt  0.428756 0.003548 -0.000000
vt  0.413160 0.003548 0.000001
vt  0.350913 0.003548 0.000006
vt  0.335338 0.003548 0.000008
vt  0.311999 0.003548 0.000014
vt  0.623455 0.003548 0.000005
vt  0.654564 0.998875 -0.000137
vt  0.654566 0.003548 0.000014
vt  0.866931 0.146205 -0.000004
vt  0.851331 0.146205 -0.000004
vt  0.944766 0.146205 -0.000006
vt  0.929184 0.146205 -0.000006
vt  0.428753 0.146205 -0.000003
vt  0.413158 0.146205 -0.000002
vt  0.350911 0.146205 -0.000001
vt  0.335336 0.146205 -0.000000
vt  0.851330 0.168549 -0.000004
vt  0.944766 0.168549 -0.000007
vt  0.929183 0.168549 -0.000006
vt  0.428752 0.168549 -0.000003
vt  0.413157 0.168549 -0.000003
vt  0.350911 0.168549 -0.000002
vt  0.335336 0.168549 -0.000002
vt  0.866930 0.168549 -0.000004
vt  0.851329 0.212119 -0.000004
vt  0.944766 0.212119 -0.000009
vt  0.929182 0.212119 -0.000008
vt  0.428751 0.212119 -0.000004
vt  0.413157 0.212119 -0.000004
vt  0.350910 0.212119 -0.000004
vt  0.335336 0.212119 -0.000004
vt  0.866929 0.212119 -0.000005
vt  0.851329 0.234599 -0.000005
vt  0.944765 0.234599 -0.000011
vt  0.929182 0.234599 -0.000009
vt  0.428751 0.234599 -0.000004
vt  0.413156 0.234599 -0.000004
vt  0.350910 0.234599 -0.000005
vt  0.335336 0.234599 -0.000006
vt  0.866929 0.234599 -0.000005
vt  0.851314 0.856227 -0.000013
vt  0.944757 0.856227 -0.000042
vt  0.929172 0.856227 -0.000034
vt  0.428738 0.856227 -0.000014
vt  0.413145 0.856227 -0.000017
vt  0.350902 0.856227 -0.000036
vt  0.335330 0.856227 -0.000043
vt  0.866915 0.856227 -0.000016
vt  0.866916 0.834116 -0.000015
vt  0.851314 0.834116 -0.000013
vt  0.944758 0.834116 -0.000041
vt  0.929172 0.834116 -0.000033
vt  0.428738 0.834116 -0.000014
vt  0.413145 0.834116 -0.000016
vt  0.350903 0.834116 -0.000035
vt  0.335331 0.834116 -0.000042
vt  0.866917 0.790304 -0.000014
vt  0.851315 0.790304 -0.000012
vt  0.944758 0.790304 -0.000039
vt  0.929173 0.790304 -0.000031
vt  0.428739 0.790304 -0.000013
vt  0.413146 0.790304 -0.000016
vt  0.350903 0.790304 -0.000033
vt  0.335331 0.790304 -0.000039
vt  0.866917 0.768409 -0.000014
vt  0.851316 0.768409 -0.000012
vt  0.944758 0.768409 -0.000038
vt  0.929173 0.768409 -0.000030
vt  0.428739 0.768409 -0.000013
vt  0.413147 0.768409 -0.000015
vt  0.350903 0.768409 -0.000032
vt  0.335331 0.768409 -0.000038
vt  0.890284 0.168549 -0.000005
vt  0.890283 0.212119 -0.000006
vt  0.890271 0.834116 -0.000022
vt  0.389796 0.834116 -0.000023
vt  0.890271 0.790304 -0.000021
vt  0.389796 0.790304 -0.000022
vt  0.906010 0.168549 -0.000006
vt  0.906009 0.212119 -0.000007
vt  0.905998 0.834116 -0.000026
vt  0.905999 0.790304 -0.000025
vt  0.374072 0.834116 -0.000028
vt  0.374072 0.790304 -0.000026
vt  0.413146 0.790304 -0.000016
vt  0.413145 0.834116 -0.000016
vt  0.389796 0.834116 -0.000023
vt  0.389796 0.790304 -0.000022
vt  0.374072 0.834116 -0.000028
vt  0.350903 0.834116 -0.000035
vt  0.350903 0.790304 -0.000033
vt  0.374072 0.790304 -0.000026
vt  0.452124 0.477232 -0.000007
vt  0.428746 0.477232 -0.000008
vt  0.413152 0.461680 -0.000009
vt  0.350907 0.461680 -0.000017
vt  0.335334 0.477232 -0.000020
vt  0.311997 0.477232 -0.000027
vt  0.654565 0.477232 -0.000058
vt  0.522262 0.523888 -0.000010
vt  0.506662 0.508336 -0.000008
vt  0.483280 0.508336 -0.000007
vt  0.623452 0.508336 -0.000036
vt  0.600102 0.508336 -0.000025
vt  0.584517 0.523888 -0.000021
vt  0.522264 0.461596 -0.000009
vt  0.506663 0.477148 -0.000008
vt  0.483281 0.477148 -0.000007
vt  0.623452 0.477148 -0.000033
vt  0.600102 0.477148 -0.000023
vt  0.584518 0.461596 -0.000018
vt  0.467660 0.492742 -0.000007
vt  0.639050 0.492742 -0.000047
vt  0.452123 0.508252 -0.000007
vt  0.428745 0.508252 -0.000008
vt  0.413151 0.523804 -0.000010
vt  0.350906 0.523804 -0.000020
vt  0.335333 0.508252 -0.000022
vt  0.311997 0.508252 -0.000030
vt  0.654565 0.508252 -0.000062
vt  0.467660 0.492742 -0.000007
vt  0.639050 0.492742 -0.000047
vt  0.866923 0.483674 -0.000009
vt  0.851322 0.499226 -0.000008
vt  0.827941 0.499226 -0.000007
vt  0.968112 0.499226 -0.000035
vt  0.944762 0.499226 -0.000024
vt  0.929178 0.483674 -0.000019
vt  0.796783 0.530330 -0.000008
vt  0.773405 0.530330 -0.000009
vt  0.757811 0.545882 -0.000010
vt  0.695566 0.545882 -0.000021
vt  0.679993 0.530330 -0.000024
vt  0.656657 0.530330 -0.000031
vt  0.999225 0.530330 -0.000066
vt  0.851322 0.530879 -0.000009
vt  0.827940 0.530879 -0.000008
vt  0.968112 0.530879 -0.000038
vt  0.944761 0.530879 -0.000026
vt  0.929177 0.546431 -0.000022
vt  0.866922 0.546431 -0.000010
vt  0.812087 0.515053 -0.000007
vt  0.983943 0.515053 -0.000051
vt  0.796783 0.499775 -0.000007
vt  0.773405 0.499775 -0.000008
vt  0.757812 0.484223 -0.000009
vt  0.695567 0.484223 -0.000018
vt  0.679993 0.499775 -0.000022
vt  0.656657 0.499775 -0.000029
vt  0.999225 0.499775 -0.000061
vt  0.812087 0.515053 -0.000007
vt  0.983943 0.515053 -0.000051
vt  0.506652 0.917114 -0.000014
vt  0.483270 0.917114 -0.000012
vt  0.452112 0.948257 -0.000013
vt  0.428736 0.948257 -0.000015
vt  0.413143 0.963809 -0.000019
vt  0.350901 0.963809 -0.000042
vt  0.335330 0.948257 -0.000049
vt  0.311995 0.948257 -0.000067
vt  0.654564 0.948257 -0.000129
vt  0.623449 0.917114 -0.000069
vt  0.600096 0.917114 -0.000045
vt  0.584511 0.901553 -0.000036
vt  0.522254 0.901553 -0.000016
vt  0.866932 0.106377 -0.000003
vt  0.851332 0.090834 -0.000003
vt  0.827951 0.090834 -0.000003
vt  0.968114 0.090834 -0.000002
vt  0.944767 0.090834 -0.000003
vt  0.929184 0.106377 -0.000004
vt  0.796794 0.059771 -0.000002
vt  0.773415 0.059771 -0.000001
vt  0.757820 0.044219 -0.000000
vt  0.695572 0.044219 0.000004
vt  0.679997 0.059771 0.000005
vt  0.656658 0.059771 0.000009
vt  0.999226 0.059771 0.000006
vt  0.522273 0.022151 -0.000002
vt  0.452134 0.068775 -0.000002
vt  0.428755 0.068775 -0.000001
vt  0.413159 0.084318 -0.000001
vt  0.350912 0.084318 0.000002
vt  0.335337 0.068775 0.000004
vt  0.311998 0.068775 0.000008
vt  0.654566 0.068775 0.000005
vt  0.506673 0.037703 -0.000002
vt  0.483292 0.037703 -0.000002
vt  0.623455 0.037703 0.000002
vt  0.600108 0.037703 -0.000000
vt  0.584526 0.022151 -0.000001
vt  0.851311 0.970324 -0.000014
vt  0.827929 0.970324 -0.000013
vt  0.796773 0.939191 -0.000013
vt  0.773396 0.939191 -0.000015
vt  0.757804 0.923630 -0.000018
vt  0.695562 0.923630 -0.000040
vt  0.679990 0.939191 -0.000048
vt  0.656655 0.939191 -0.000067
vt  0.999224 0.939191 -0.000128
vt  0.968109 0.970324 -0.000073
vt  0.944756 0.970324 -0.000048
vt  0.929169 0.985876 -0.000039
vt  0.866912 0.985876 -0.000018
vt  0.378928 0.609387 -0.500000
vt  0.446928 0.609387 -0.500000
vt  0.378928 1.778667 -0.500000
vt  0.446928 1.778667 -0.500000
vt  0.378929 0.609387 0.500000
vt  0.446928 0.609387 0.500000
vt  0.378929 1.778667 0.500000
vt  0.446928 1.778667 0.500000
vt  0.378928 2.947947 -0.500000
vt  0.446928 2.947947 -0.500000
vt  0.378929 2.947947 0.500000
vt  0.446928 2.947947 0.500000
vt  0.378928 -0.559894 -0.500000
vt  0.446928 -0.559894 -0.500000
vt  0.378929 -0.559894 0.500000
vt  0.446928 -0.559894 0.500000
# 4782 texture vertices

vn  -2.000000 0.000000 0.000000
vn  -0.000009 -0.000000 -2.000000
vn  0.000000 0.000000 -1.000000
vn  -1.000000 0.000000 0.000000
vn  0.000000 0.000000 1.000000
vn  -1.000000 0.000000 0.000000
vn  0.000000 0.000000 -1.000000
vn  1.000000 0.000000 0.000000
vn  0.000000 0.000000 1.000000
vn  1.000000 0.000000 0.000000
vn  0.000000 -0.000000 -1.000000
vn  1.000000 0.000000 0.000000
vn  -2.000000 0.000000 0.000000
vn  -1.000000 0.000000 0.000000
vn  -0.000012 -0.000000 -10.000000
vn  -2.000000 0.000000 0.000000
vn  0.000000 0.000000 2.000000
vn  -2.000000 0.000000 0.000000
vn  0.000000 0.000000 -2.000000
vn  2.000000 0.000000 0.000000
vn  0.000000 0.000000 2.000000
vn  2.000000 0.000000 0.000000
vn  0.000000 0.000000 -2.000000
vn  1.000000 0.000000 0.000000
vn  -2.000000 0.000000 0.000000
vn  -1.000000 0.000000 0.000000
vn  0.000000 0.000000 -1.000000
vn  -1.000000 0.000000 0.000000
vn  0.000000 0.000000 1.000000
vn  -1.000000 0.000000 0.000000
vn  0.000000 0.000467 -1.000000
vn  -0.000009 0.000000 2.000000
vn  0.000000 0.000000 1.000000
vn  1.000000 0.000000 0.000000
vn  0.000000 0.000000 -1.000000
vn  1.000000 0.000000 0.000000
vn  -1.000000 0.000000 0.000000
vn  -2.000000 0.000000 0.000000
vn  0.000000 0.000000 -2.000000
vn  -2.000000 0.000000 0.000000
vn  0.000000 0.000000 2.000000
vn  -1.000000 0.000000 0.000000
vn  0.000000 -0.000467 -1.000000
vn  1.000000 0.000000 0.000000
vn  -0.000012 0.000000 10.000000
vn  2.000000 0.000000 0.000000
vn  0.000000 0.000000 -2.000000
vn  2.000000 0.000000 0.000000
vn  -1.000000 0.000000 0.000000
vn  -2.000000 0.000000 0.000000
vn  0.000000 0.000000 -2.000000
vn  2.000000 0.000000 0.000000
vn  0.000000 0.000000 2.000000
vn  2.000000 0.000000 0.000000
vn  0.000000 0.000000 -2.000000
vn  0.000000 0.000000 -2.000000
vn  3.000000 0.000000 0.000000
vn  0.000000 0.000000 2.000000
vn  0.000000 0.000000 2.000000
vn  -3.000000 0.000000 0.000000
vn  0.000000 0.000000 -2.000000
vn  0.000000 0.000000 -2.000000
vn  0.000000 0.000000 2.000000
vn  0.000000 0.000000 2.000000
vn  0.000001 0.000000 -2.000000
vn  0.000002 0.000000 -2.000000
vn  3.000000 0.000000 0.000000
vn  0.000002 -0.000000 2.000000
vn  -3.000000 0.000000 0.000000
vn  2.000000 0.000000 0.000000
vn  0.000001 -0.000000 2.000000
vn  -3.000000 0.000000 0.000000
vn  -0.000010 -0.000000 -2.000000
vn  0.000001 -0.000000 -2.000000
vn  2.000000 0.000000 0.000000
vn  0.000001 0.000000 2.000000
vn  -0.000010 0.000000 2.000000
vn  -1.000000 0.000000 0.000000
vn  -1.000000 0.000000 0.000000
vn  -0.000003 0.000000 -2.000000
vn  0.000003 0.000000 -2.000000
vn  2.000000 0.000000 0.000000
vn  0.000003 0.000000 2.000000
vn  -0.000003 0.000000 2.000000
vn  -3.000000 0.000000 0.000000
vn  -0.000003 0.000000 -2.000000
vn  0.000003 0.000000 -2.000000
vn  2.000000 0.000000 0.000000
vn  0.000003 0.000000 2.000000
vn  -2.000000 0.000000 0.000000
vn  3.000000 0.000000 0.000000
vn  -0.000003 0.000000 2.000000
vn  -2.000000 0.000000 0.000000
vn  -0.000001 0.000000 -2.000000
vn  0.000003 0.000000 -2.000000
vn  1.000000 0.000000 0.000000
vn  0.000003 -0.000000 2.000000
vn  -1.000000 0.000000 0.000000
vn  0.000000 0.000000 -1.000000
vn  -0.000001 -0.000000 2.000000
vn  0.000000 0.000000 2.000000
vn  0.000000 0.000003 5.000000
vn  0.000000 0.000000 5.000000
vn  0.000000 0.000000 -2.000000
vn  0.000000 0.000000 2.000000
vn  0.000000 0.000003 4.000000
vn  0.000000 0.000000 6.000000
vn  0.000000 0.706889 0.707324
vn  0.000000 1.413779 1.414648
vn  -2.000000 0.000000 0.000000
vn  0.000000 -1.413621 -1.414806
vn  2.000000 0.000000 0.000000
vn  -0.000001 1.413779 1.414648
vn  -2.000000 0.000000 0.000000
vn  0.000000 0.706893 -0.707320
vn  -2.000000 0.000000 0.000000
vn  -1.000000 0.000000 0.000000
vn  0.000000 0.707318 -0.706895
vn  2.000000 0.000137 0.000139
vn  0.000000 0.707318 -0.706895
vn  2.000000 0.000000 0.000000
vn  -2.000000 0.000000 0.000028
vn  0.000000 -1.414360 1.414067
vn  -2.000000 0.000000 0.000000
vn  0.000000 1.414227 -1.414201
vn  1.000000 0.000000 0.000000
vn  0.000000 -1.414360 1.414067
vn  -2.000000 0.000015 0.000014
vn  -1.000000 0.000000 0.000000
vn  0.000000 1.413787 -1.414640
vn  0.000000 1.413787 -1.414640
vn  2.000000 0.000000 0.000000
vn  -1.000000 0.000000 0.000000
vn  0.000000 -1.414360 -1.414067
vn  2.000000 -0.000000 0.000553
vn  0.000000 -1.414360 -1.414067
vn  2.000000 0.000000 0.000000
vn  -2.000000 0.000000 0.000000
vn  3.000000 -0.000297 -0.000552
vn  -2.000000 -0.000007 0.000007
vn  0.000000 0.707249 0.706964
vn  -2.000000 0.000000 0.000000
vn  0.000000 -0.707119 -0.707095
vn  1.000000 0.000000 0.000000
vn  0.000000 0.707181 0.707033
vn  0.000000 0.000000 -1.000000
vn  -3.000000 0.000000 0.000000
vn  -2.000000 0.000000 0.000000
vn  0.000000 0.000934 -2.000000
vn  3.000000 0.000000 0.000000
vn  0.000000 0.000000 -1.000000
vn  0.000000 0.000000 -2.000000
vn  -3.000000 0.000000 0.000000
vn  0.000000 0.000000 -1.000000
vn  0.000000 0.000000 -1.000000
vn  3.000000 0.000000 0.000000
vn  0.000000 0.000000 -2.000000
vn  -3.000000 0.000000 0.000000
vn  -2.000000 0.000000 0.000000
vn  0.000000 -0.000934 -2.000000
vn  3.000000 0.000000 0.000000
vn  0.000000 0.000000 -2.000000
vn  0.000000 0.000000 1.000000
vn  -3.000000 0.000000 0.000000
vn  -2.000000 0.000000 0.000000
vn  0.000000 1.414572 -1.413855
vn  1.000000 0.000000 0.000000
vn  0.000000 0.000000 1.000000
vn  0.000000 0.000000 -2.000000
vn  0.000000 0.000000 -1.000000
vn  0.000000 0.000000 -1.000000
vn  0.000000 0.000000 -2.000000
vn  0.000000 0.000000 2.000000
vn  0.000000 0.000000 1.000000
vn  0.000000 0.000000 1.000000
vn  0.000000 0.000000 2.000000
vn  0.000000 0.000001 -2.000000
vn  0.000000 0.000000 -1.000000
vn  0.000000 0.000000 -1.000000
vn  0.000000 0.000001 -2.000000
vn  0.000000 -0.000001 2.000000
vn  0.000000 -0.000000 1.000000
vn  0.000000 -0.000000 1.000000
vn  0.000000 -0.000001 2.000000
vn  0.000000 0.000000 -2.000000
vn  0.000000 0.000000 -1.000000
vn  0.000000 0.000000 -1.000000
vn  0.000000 0.000000 -2.000000
vn  0.000000 0.000000 2.000000
vn  0.000000 0.000000 1.000000
vn  0.000000 0.000000 1.000000
vn  0.000000 0.000000 2.000000
vn  0.000000 0.000000 -2.000000
vn  0.000000 0.000000 -1.000000
vn  0.000000 0.000000 -1.000000
vn  0.000000 0.000000 -2.000000
vn  0.000000 0.000000 2.000000
vn  0.000000 0.000000 1.000000
vn  0.000000 0.000000 1.000000
vn  0.000000 0.000000 2.000000
vn  0.000000 0.000000 -2.000000
vn  0.000000 0.000000 -1.000000
vn  0.000000 0.000000 -1.000000
vn  0.000000 0.000000 -2.000000
vn  0.000000 0.000000 2.000000
vn  0.000000 0.000000 1.000000
vn  0.000000 0.000000 1.000000
vn  0.000000 0.000000 2.000000
vn  0.000000 0.000000 -2.000000
vn  0.000000 0.000000 -1.000000
vn  0.000000 0.000000 -1.000000
vn  0.000000 0.000000 -2.000000
vn  0.000000 0.000000 2.000000
vn  0.000000 0.000000 1.000000
vn  0.000000 0.000000 1.000000
vn  0.000000 0.000000 2.000000
vn  0.000000 0.000000 -2.000000
vn  0.000000 0.000000 -1.000000
vn  0.000000 0.000000 -1.000000
vn  0.000000 0.000000 -2.000000
vn  0.000000 0.000000 2.000000
vn  0.000000 0.000000 1.000000
vn  0.000000 0.000000 1.000000
vn  0.000000 0.000000 2.000000
vn  0.000000 0.000000 -2.000000
vn  0.000000 0.000000 -1.000000
vn  0.000000 0.000000 -1.000000
vn  0.000000 0.000000 -2.000000
vn  0.000000 0.000000 2.000000
vn  0.000000 0.000000 1.000000
vn  0.000000 0.000000 1.000000
vn  0.000000 0.000000 2.000000
vn  -2.000000 0.000000 0.000000
vn  -0.000009 -0.000000 -2.000000
vn  0.000000 0.000000 -1.000000
vn  -1.000000 0.000000 0.000000
vn  0.000000 0.000000 1.000000
vn  -1.000000 0.000000 0.000000
vn  0.000000 0.000000 -1.000000
vn  1.000000 0.000000 0.000000
vn  0.000000 0.000000 1.000000
vn  1.000000 0.000000 0.000000
vn  0.000000 -0.000000 -1.000000
vn  1.000000 0.000000 0.000000
vn  -2.000000 0.000000 0.000000
vn  -1.000000 0.000000 0.000000
vn  -0.000012 -0.000000 -10.000000
vn  -2.000000 0.000000 0.000000
vn  0.000000 0.000000 2.000000
vn  -2.000000 0.000000 0.000000
vn  0.000000 0.000000 -2.000000
vn  2.000000 0.000000 0.000000
vn  0.000000 0.000000 2.000000
vn  2.000000 0.000000 0.000000
vn  0.000000 0.000000 -2.000000
vn  1.000000 0.000000 0.000000
vn  -2.000000 0.000000 0.000000
vn  -1.000000 0.000000 0.000000
vn  0.000000 0.000000 -1.000000
vn  -1.000000 0.000000 0.000000
vn  0.000000 0.000000 1.000000
vn  -1.000000 0.000000 0.000000
vn  0.000000 0.000467 -1.000000
vn  -0.000009 0.000000 2.000000
vn  0.000000 0.000000 1.000000
vn  1.000000 0.000000 0.000000
vn  0.000000 0.000000 -1.000000
vn  1.000000 0.000000 0.000000
vn  -1.000000 0.000000 0.000000
vn  -2.000000 0.000000 0.000000
vn  0.000000 0.000000 -2.000000
vn  -2.000000 0.000000 0.000000
vn  0.000000 0.000000 2.000000
vn  -1.000000 0.000000 0.000000
vn  0.000000 -0.000467 -1.000000
vn  1.000000 0.000000 0.000000
vn  -0.000012 0.000000 10.000000
vn  2.000000 0.000000 0.000000
vn  0.000000 0.000000 -2.000000
vn  2.000000 0.000000 0.000000
vn  -1.000000 0.000000 0.000000
vn  -2.000000 0.000000 0.000000
vn  0.000000 0.000000 -2.000000
vn  2.000000 0.000000 0.000000
vn  0.000000 0.000000 2.000000
vn  2.000000 0.000000 0.000000
vn  0.000000 0.000000 -2.000000
vn  0.000000 0.000000 -2.000000
vn  3.000000 0.000000 0.000000
vn  0.000000 0.000000 2.000000
vn  0.000000 0.000000 2.000000
vn  -3.000000 0.000000 0.000000
vn  0.000000 0.000000 -2.000000
vn  0.000000 0.000000 -2.000000
vn  0.000000 0.000000 2.000000
vn  0.000000 0.000000 2.000000
vn  0.000001 0.000000 -2.000000
vn  0.000002 0.000000 -2.000000
vn  3.000000 0.000000 0.000000
vn  0.000002 -0.000000 2.000000
vn  -3.000000 0.000000 0.000000
vn  2.000000 0.000000 0.000000
vn  0.000001 -0.000000 2.000000
vn  -3.000000 0.000000 0.000000
vn  -0.000010 -0.000000 -2.000000
vn  0.000001 -0.000000 -2.000000
vn  2.000000 0.000000 0.000000
vn  0.000001 0.000000 2.000000
vn  -0.000010 0.000000 2.000000
vn  -1.000000 0.000000 0.000000
vn  -1.000000 0.000000 0.000000
vn  -0.000003 0.000000 -2.000000
vn  0.000003 0.000000 -2.000000
vn  2.000000 0.000000 0.000000
vn  0.000003 0.000000 2.000000
vn  -0.000003 0.000000 2.000000
vn  -3.000000 0.000000 0.000000
vn  -0.000003 0.000000 -2.000000
vn  0.000003 0.000000 -2.000000
vn  2.000000 0.000000 0.000000
vn  0.000003 0.000000 2.000000
vn  -2.000000 0.000000 0.000000
vn  3.000000 0.000000 0.000000
vn  -0.000003 0.000000 2.000000
vn  -2.000000 0.000000 0.000000
vn  -0.000001 0.000000 -2.000000
vn  0.000003 0.000000 -2.000000
vn  1.000000 0.000000 0.000000
vn  0.000003 -0.000000 2.000000
vn  -1.000000 0.000000 0.000000
vn  0.000000 0.000000 -1.000000
vn  -0.000001 -0.000000 2.000000
vn  0.000000 0.000000 2.000000
vn  0.000000 0.000003 5.000000
vn  0.000000 0.000000 5.000000
vn  0.000000 0.000000 -2.000000
vn  0.000000 0.000000 2.000000
vn  0.000000 0.000003 4.000000
vn  0.000000 0.000000 6.000000
vn  0.000000 0.706889 0.707324
vn  0.000000 1.413779 1.414648
vn  -2.000000 0.000000 0.000000
vn  0.000000 -1.413621 -1.414806
vn  2.000000 0.000000 0.000000
vn  -0.000001 1.413779 1.414648
vn  -2.000000 0.000000 0.000000
vn  0.000000 0.706893 -0.707320
vn  -2.000000 0.000000 0.000000
vn  -1.000000 0.000000 0.000000
vn  0.000000 0.707318 -0.706895
vn  2.000000 0.000137 0.000139
vn  0.000000 0.707318 -0.706895
vn  2.000000 0.000000 0.000000
vn  -2.000000 0.000000 0.000028
vn  0.000000 -1.414360 1.414067
vn  -2.000000 0.000000 0.000000
vn  0.000000 1.414227 -1.414201
vn  1.000000 0.000000 0.000000
vn  0.000000 -1.414360 1.414067
vn  -2.000000 0.000015 0.000014
vn  -1.000000 0.000000 0.000000
vn  0.000000 1.413787 -1.414640
vn  0.000000 1.413787 -1.414640
vn  2.000000 0.000000 0.000000
vn  -1.000000 0.000000 0.000000
vn  0.000000 -1.414360 -1.414067
vn  2.000000 -0.000000 0.000553
vn  0.000000 -1.414360 -1.414067
vn  2.000000 0.000000 0.000000
vn  -2.000000 0.000000 0.000000
vn  3.000000 -0.000297 -0.000552
vn  -2.000000 -0.000007 0.000007
vn  0.000000 0.707249 0.706964
vn  -2.000000 0.000000 0.000000
vn  0.000000 -0.707119 -0.707095
vn  1.000000 0.000000 0.000000
vn  0.000000 0.707181 0.707033
vn  0.000000 0.000000 -1.000000
vn  -3.000000 0.000000 0.000000
vn  -2.000000 0.000000 0.000000
vn  0.000000 0.000934 -2.000000
vn  3.000000 0.000000 0.000000
vn  0.000000 0.000000 -1.000000
vn  0.000000 0.000000 -2.000000
vn  -3.000000 0.000000 0.000000
vn  0.000000 0.000000 -1.000000
vn  0.000000 0.000000 -1.000000
vn  3.000000 0.000000 0.000000
vn  0.000000 0.000000 -2.000000
vn  -3.000000 0.000000 0.000000
vn  -2.000000 0.000000 0.000000
vn  0.000000 -0.000934 -2.000000
vn  3.000000 0.000000 0.000000
vn  0.000000 0.000000 -2.000000
vn  0.000000 0.000000 1.000000
vn  -3.000000 0.000000 0.000000
vn  -2.000000 0.000000 0.000000
vn  0.000000 1.414572 -1.413855
vn  1.000000 0.000000 0.000000
vn  0.000000 0.000000 1.000000
vn  -2.000000 0.000000 0.000000
vn  -1.000000 0.000000 0.000000
vn  0.000000 0.000000 1.000000
vn  -1.000000 0.000000 0.000000
vn  0.000000 0.000000 -1.000000
vn  -1.000000 0.000000 0.000000
vn  0.000000 0.000000 1.000000
vn  1.000000 0.000000 0.000000
vn  0.000000 0.000000 -1.000000
vn  1.000000 0.000000 0.000000
vn  0.000000 0.000000 1.000000
vn  1.000000 0.000000 0.000000
vn  -1.000000 0.000000 0.000000
vn  -2.000000 0.000000 0.000000
vn  0.000000 0.000000 2.000000
vn  -2.000000 0.000000 0.000000
vn  0.000000 0.000000 -2.000000
vn  -2.000000 0.000000 0.000000
vn  0.000000 0.000000 2.000000
vn  2.000000 0.000000 0.000000
vn  0.000000 0.000000 -2.000000
vn  2.000000 0.000000 0.000000
vn  0.000000 0.000000 2.000000
vn  2.000000 0.000000 0.000000
vn  -2.000000 0.000000 0.000000
vn  -1.000000 0.000000 0.000000
vn  -0.000005 0.000000 -10.000000
vn  -2.000000 0.000000 0.000000
vn  0.000000 -0.000000 2.000000
vn  -2.000000 0.000000 0.000000
vn  0.000000 0.000000 -2.000000
vn  2.000000 0.000000 0.000000
vn  0.000000 -0.000000 2.000000
vn  2.000000 0.000000 0.000000
vn  -0.000001 0.000000 -2.000000
vn  1.000000 0.000000 0.000000
vn  -1.000000 0.000000 0.000000
vn  -2.000000 0.000000 0.000000
vn  0.000000 0.000000 -2.000000
vn  -2.000000 0.000000 0.000000
vn  -0.000001 -0.000000 2.000000
vn  -1.000000 0.000000 0.000000
vn  0.000000 -0.000467 -1.000000
vn  1.000000 0.000000 0.000000
vn  -0.000005 -0.000000 10.000000
vn  2.000000 0.000000 0.000000
vn  0.000000 0.000000 -2.000000
vn  2.000000 0.000000 0.000000
vn  -1.000000 0.000000 0.000000
vn  -2.000000 0.000000 0.000000
vn  -0.000003 0.000000 -2.000000
vn  2.000000 0.000000 0.000000
vn  -0.000003 0.000000 2.000000
vn  2.000000 0.000000 0.000000
vn  0.000000 0.000000 -2.000000
vn  -0.000003 0.000000 -2.000000
vn  3.000000 0.000000 0.000000
vn  -0.000003 0.000000 2.000000
vn  0.000000 0.000000 2.000000
vn  -3.000000 0.000000 0.000000
vn  0.000000 0.000000 -2.000000
vn  -0.000003 0.000000 -2.000000
vn  -0.000003 0.000000 2.000000
vn  0.000000 0.000000 2.000000
vn  0.000001 0.000000 -2.000000
vn  -0.000001 0.000000 -2.000000
vn  3.000000 0.000000 0.000000
vn  -0.000001 -0.000000 2.000000
vn  -3.000000 0.000000 0.000000
vn  2.000000 0.000000 0.000000
vn  0.000001 -0.000000 2.000000
vn  -3.000000 0.000000 0.000000
vn  -0.000003 0.000000 -2.000000
vn  0.000000 0.000000 -2.000000
vn  2.000000 0.000000 0.000000
vn  0.000000 0.000000 2.000000
vn  -0.000003 0.000000 2.000000
vn  -1.000000 0.000000 0.000000
vn  -1.000000 0.000000 0.000000
vn  -0.000003 0.000000 -2.000000
vn  0.000000 0.000000 -2.000000
vn  2.000000 0.000000 0.000000
vn  0.000000 0.000000 2.000000
vn  -0.000003 0.000000 2.000000
vn  -3.000000 0.000000 0.000000
vn  -0.000003 0.000000 -2.000000
vn  0.000000 0.000000 -2.000000
vn  2.000000 0.000000 0.000000
vn  0.000000 0.000000 2.000000
vn  -2.000000 0.000000 0.000000
vn  3.000000 0.000000 0.000000
vn  -0.000003 0.000000 2.000000
vn  -2.000000 0.000000 0.000000
vn  -0.000001 0.000000 -2.000000
vn  0.000001 0.000000 -2.000000
vn  1.000000 0.000000 0.000000
vn  0.000001 -0.000000 2.000000
vn  -1.000000 0.000000 0.000000
vn  0.000000 0.000000 -1.000000
vn  -0.000001 -0.000000 2.000000
vn  0.000000 0.000000 2.000000
vn  0.000000 0.000003 5.000000
vn  0.000000 0.000000 5.000000
vn  0.000000 0.000000 -2.000000
vn  0.000000 0.000000 2.000000
vn  0.000000 0.000003 4.000000
vn  0.000000 0.000000 6.000000
vn  0.000000 0.706889 0.707324
vn  0.000000 1.413779 1.414648
vn  -2.000000 0.000000 0.000000
vn  0.000000 -1.413621 -1.414806
vn  2.000000 0.000000 0.000000
vn  0.000000 1.413779 1.414648
vn  -2.000000 0.000000 0.000000
vn  0.000000 0.706893 -0.707320
vn  -2.000000 0.000000 0.000000
vn  -1.000000 0.000000 0.000000
vn  0.000000 0.707318 -0.706895
vn  2.000000 0.000137 0.000139
vn  0.000000 0.707318 -0.706895
vn  2.000000 0.000000 0.000000
vn  -2.000000 0.000000 0.000028
vn  0.000000 -1.414360 1.414067
vn  -2.000000 0.000000 0.000000
vn  0.000000 1.414227 -1.414201
vn  1.000000 0.000000 0.000000
vn  0.000000 -1.414360 1.414067
vn  -2.000000 0.000015 0.000014
vn  -1.000000 0.000000 0.000000
vn  0.000000 1.413787 -1.414640
vn  0.000000 1.413787 -1.414640
vn  2.000000 0.000000 0.000000
vn  -1.000000 0.000000 0.000000
vn  0.000000 -1.414360 -1.414067
vn  2.000000 -0.000000 0.000553
vn  0.000000 -1.414360 -1.414067
vn  2.000000 0.000000 0.000000
vn  -2.000000 0.000000 0.000000
vn  3.000000 -0.000297 -0.000552
vn  -2.000000 -0.000007 0.000007
vn  0.000000 0.707249 0.706964
vn  -2.000000 0.000000 0.000000
vn  0.000000 -0.707119 -0.707094
vn  1.000000 0.000000 0.000000
vn  0.000000 0.707181 0.707033
vn  0.000000 0.000000 -1.000000
vn  -3.000000 0.000000 0.000000
vn  -2.000000 0.000000 0.000000
vn  0.000000 0.000935 -2.000000
vn  3.000000 0.000000 0.000000
vn  0.000000 0.000000 -1.000000
vn  0.000000 0.000000 -2.000000
vn  -3.000000 0.000000 0.000000
vn  0.000000 0.000000 -1.000000
vn  0.000000 0.000000 -1.000000
vn  3.000000 0.000000 0.000000
vn  0.000000 0.000000 -2.000000
vn  -3.000000 0.000000 0.000000
vn  -2.000000 0.000000 0.000000
vn  0.000000 -0.000934 -2.000000
vn  3.000000 0.000000 0.000000
vn  0.000000 0.000000 -2.000000
vn  0.000000 0.000000 1.000000
vn  -3.000000 0.000000 0.000000
vn  -2.000000 0.000000 0.000000
vn  0.000000 1.414572 -1.413855
vn  1.000000 0.000000 0.000000
vn  0.000000 0.000000 1.000000
vn  0.000000 0.000000 -2.000000
vn  0.000000 0.000000 -1.000000
vn  0.000000 0.000000 -1.000000
vn  0.000000 0.000000 -2.000000
vn  0.000000 0.000000 2.000000
vn  0.000000 0.000000 1.000000
vn  0.000000 0.000000 1.000000
vn  0.000000 0.000000 2.000000
vn  0.000000 0.000001 -2.000000
vn  0.000000 0.000000 -1.000000
vn  0.000000 0.000000 -1.000000
vn  0.000000 0.000001 -2.000000
vn  0.000000 -0.000001 2.000000
vn  0.000000 -0.000000 1.000000
vn  0.000000 -0.000000 1.000000
vn  0.000000 -0.000001 2.000000
vn  0.000000 0.000000 -2.000000
vn  0.000000 0.000000 -1.000000
vn  0.000000 0.000000 -1.000000
vn  0.000000 0.000000 -2.000000
vn  0.000000 0.000000 2.000000
vn  0.000000 0.000000 1.000000
vn  0.000000 0.000000 1.000000
vn  0.000000 0.000000 2.000000
vn  0.000000 0.000000 -2.000000
vn  0.000000 0.000000 -1.000000
vn  0.000000 0.000000 -1.000000
vn  0.000000 0.000000 -2.000000
vn  0.000000 0.000000 2.000000
vn  0.000000 0.000000 1.000000
vn  0.000000 0.000000 1.000000
vn  0.000000 0.000000 2.000000
vn  0.000000 0.000000 -2.000000
vn  0.000000 0.000000 -1.000000
vn  0.000000 0.000000 -1.000000
vn  0.000000 0.000000 -2.000000
vn  0.000000 0.000000 2.000000
vn  0.000000 0.000000 1.000000
vn  0.000000 0.000000 1.000000
vn  0.000000 0.000000 2.000000
vn  0.000000 0.000000 -2.000000
vn  0.000000 0.000000 -1.000000
vn  0.000000 0.000000 -1.000000
vn  0.000000 0.000000 -2.000000
vn  0.000000 0.000000 2.000000
vn  0.000000 0.000000 1.000000
vn  0.000000 0.000000 1.000000
vn  0.000000 0.000000 2.000000
vn  0.000000 0.000000 -2.000000
vn  0.000000 0.000000 -1.000000
vn  0.000000 0.000000 -1.000000
vn  0.000000 0.000000 -2.000000
vn  0.000000 0.000000 2.000000
vn  0.000000 0.000000 1.000000
vn  0.000000 0.000000 1.000000
vn  0.000000 0.000000 2.000000
vn  0.000000 0.000000 -2.000000
vn  0.000000 0.000000 -1.000000
vn  0.000000 0.000000 -1.000000
vn  0.000000 0.000000 -2.000000
vn  0.000000 0.000000 2.000000
vn  0.000000 0.000000 1.000000
vn  0.000000 0.000000 1.000000
vn  0.000000 0.000000 2.000000
vn  -2.000000 0.000000 0.000000
vn  -1.000000 0.000000 0.000000
vn  -0.000005 0.000000 -10.000000
vn  -2.000000 0.000000 0.000000
vn  0.000000 -0.000000 2.000000
vn  -2.000000 0.000000 0.000000
vn  0.000000 0.000000 -2.000000
vn  2.000000 0.000000 0.000000
vn  0.000000 -0.000000 2.000000
vn  2.000000 0.000000 0.000000
vn  -0.000001 0.000000 -2.000000
vn  1.000000 0.000000 0.000000
vn  -1.000000 0.000000 0.000000
vn  -2.000000 0.000000 0.000000
vn  0.000000 0.000000 -2.000000
vn  -2.000000 0.000000 0.000000
vn  -0.000001 -0.000000 2.000000
vn  -1.000000 0.000000 0.000000
vn  0.000000 -0.000467 -1.000000
vn  1.000000 0.000000 0.000000
vn  -0.000005 -0.000000 10.000000
vn  2.000000 0.000000 0.000000
vn  0.000000 0.000000 -2.000000
vn  2.000000 0.000000 0.000000
vn  -1.000000 0.000000 0.000000
vn  -2.000000 0.000000 0.000000
vn  -0.000003 0.000000 -2.000000
vn  2.000000 0.000000 0.000000
vn  -0.000003 0.000000 2.000000
vn  2.000000 0.000000 0.000000
vn  0.000000 0.000000 -2.000000
vn  -0.000003 0.000000 -2.000000
vn  3.000000 0.000000 0.000000
vn  -0.000003 0.000000 2.000000
vn  0.000000 0.000000 2.000000
vn  -3.000000 0.000000 0.000000
vn  0.000000 0.000000 -2.000000
vn  -0.000003 0.000000 -2.000000
vn  -0.000003 0.000000 2.000000
vn  0.000000 0.000000 2.000000
vn  0.000001 0.000000 -2.000000
vn  -0.000001 0.000000 -2.000000
vn  3.000000 0.000000 0.000000
vn  -0.000001 -0.000000 2.000000
vn  -3.000000 0.000000 0.000000
vn  2.000000 0.000000 0.000000
vn  0.000001 -0.000000 2.000000
vn  -3.000000 0.000000 0.000000
vn  -0.000003 0.000000 -2.000000
vn  0.000000 0.000000 -2.000000
vn  2.000000 0.000000 0.000000
vn  0.000000 0.000000 2.000000
vn  -0.000003 0.000000 2.000000
vn  -1.000000 0.000000 0.000000
vn  -1.000000 0.000000 0.000000
vn  -0.000003 0.000000 -2.000000
vn  0.000000 0.000000 -2.000000
vn  2.000000 0.000000 0.000000
vn  0.000000 0.000000 2.000000
vn  -0.000003 0.000000 2.000000
vn  -3.000000 0.000000 0.000000
vn  -0.000003 0.000000 -2.000000
vn  0.000000 0.000000 -2.000000
vn  2.000000 0.000000 0.000000
vn  0.000000 0.000000 2.000000
vn  -2.000000 0.000000 0.000000
vn  3.000000 0.000000 0.000000
vn  -0.000003 0.000000 2.000000
vn  -2.000000 0.000000 0.000000
vn  -0.000001 0.000000 -2.000000
vn  0.000001 0.000000 -2.000000
vn  1.000000 0.000000 0.000000
vn  0.000001 -0.000000 2.000000
vn  -1.000000 0.000000 0.000000
vn  0.000000 0.000000 -1.000000
vn  -0.000001 -0.000000 2.000000
vn  0.000000 0.000000 2.000000
vn  0.000000 0.000003 5.000000
vn  0.000000 0.000000 5.000000
vn  0.000000 0.000000 -2.000000
vn  0.000000 0.000000 2.000000
vn  0.000000 0.000003 4.000000
vn  0.000000 0.000000 6.000000
vn  0.000000 0.706889 0.707324
vn  0.000000 1.413779 1.414648
vn  -2.000000 0.000000 0.000000
vn  0.000000 -1.413621 -1.414806
vn  2.000000 0.000000 0.000000
vn  0.000000 1.413779 1.414648
vn  -2.000000 0.000000 0.000000
vn  0.000000 0.706893 -0.707320
vn  -2.000000 0.000000 0.000000
vn  -1.000000 0.000000 0.000000
vn  0.000000 0.707318 -0.706895
vn  2.000000 0.000137 0.000139
vn  0.000000 0.707318 -0.706895
vn  2.000000 0.000000 0.000000
vn  -2.000000 0.000000 0.000028
vn  0.000000 -1.414360 1.414067
vn  -2.000000 0.000000 0.000000
vn  0.000000 1.414227 -1.414201
vn  1.000000 0.000000 0.000000
vn  0.000000 -1.414360 1.414067
vn  -2.000000 0.000015 0.000014
vn  -1.000000 0.000000 0.000000
vn  0.000000 1.413787 -1.414640
vn  0.000000 1.413787 -1.414640
vn  2.000000 0.000000 0.000000
vn  -1.000000 0.000000 0.000000
vn  0.000000 -1.414360 -1.414067
vn  2.000000 -0.000000 0.000553
vn  0.000000 -1.414360 -1.414067
vn  2.000000 0.000000 0.000000
vn  -2.000000 0.000000 0.000000
vn  3.000000 -0.000297 -0.000552
vn  -2.000000 -0.000007 0.000007
vn  0.000000 0.707249 0.706964
vn  -2.000000 0.000000 0.000000
vn  0.000000 -0.707119 -0.707094
vn  1.000000 0.000000 0.000000
vn  0.000000 0.707181 0.707033
vn  0.000000 0.000000 -1.000000
vn  -3.000000 0.000000 0.000000
vn  -2.000000 0.000000 0.000000
vn  0.000000 0.000935 -2.000000
vn  3.000000 0.000000 0.000000
vn  0.000000 0.000000 -1.000000
vn  0.000000 0.000000 -2.000000
vn  -3.000000 0.000000 0.000000
vn  0.000000 0.000000 -1.000000
vn  0.000000 0.000000 -1.000000
vn  3.000000 0.000000 0.000000
vn  0.000000 0.000000 -2.000000
vn  -3.000000 0.000000 0.000000
vn  -2.000000 0.000000 0.000000
vn  0.000000 -0.000934 -2.000000
vn  3.000000 0.000000 0.000000
vn  0.000000 0.000000 -2.000000
vn  0.000000 0.000000 1.000000
vn  -3.000000 0.000000 0.000000
vn  -2.000000 0.000000 0.000000
vn  0.000000 1.414572 -1.413855
vn  1.000000 0.000000 0.000000
vn  0.000000 0.000000 1.000000
vn  -2.000000 0.000000 0.000000
vn  -1.000000 0.000000 0.000000
vn  0.000000 0.000000 1.000000
vn  -1.000000 0.000000 0.000000
vn  0.000000 0.000000 -1.000000
vn  -1.000000 0.000000 0.000000
vn  0.000000 0.000000 1.000000
vn  1.000000 0.000000 0.000000
vn  0.000000 0.000000 -1.000000
vn  1.000000 0.000000 0.000000
vn  0.000000 0.000000 1.000000
vn  1.000000 0.000000 0.000000
vn  0.000000 4.000000 0.000000
vn  -0.000001 0.000000 -2.000000
vn  0.000000 0.000000 -1.000000
vn  -1.000000 0.000000 0.000000
vn  0.000000 -0.000000 1.000000
vn  -1.000000 0.000000 0.000000
vn  0.000000 0.000000 -1.000000
vn  1.000000 0.000000 0.000000
vn  0.000000 -0.000000 1.000000
vn  1.000000 0.000000 0.000000
vn  0.000000 0.000000 -1.000000
vn  0.000000 1.000000 0.000000
vn  -2.000000 0.000000 0.000000
vn  -1.000000 0.000000 0.000000
vn  0.000000 0.000000 -1.000000
vn  -1.000000 0.000000 0.000000
vn  0.000000 0.000000 1.000000
vn  0.000000 3.000000 0.000000
vn  0.000000 2.000000 0.000000
vn  -0.000001 -0.000000 2.000000
vn  0.000000 -0.000000 1.000000
vn  1.000000 0.000000 0.000000
vn  0.000000 0.000000 -1.000000
vn  1.000000 0.000000 0.000000
vn  -1.000000 0.000000 0.000000
vn  -2.000000 0.000000 0.000000
vn  -0.000003 0.000000 -2.000000
vn  2.000000 0.000000 0.000000
vn  -0.000003 0.000000 2.000000
vn  2.000000 0.000000 0.000000
vn  0.000000 0.000000 -2.000000
vn  -0.000003 0.000000 -2.000000
vn  3.000000 0.000000 0.000000
vn  -0.000003 0.000000 2.000000
vn  0.000000 0.000000 2.000000
vn  -3.000000 0.000000 0.000000
vn  0.000000 0.000000 -2.000000
vn  -0.000003 0.000000 -2.000000
vn  -0.000003 0.000000 2.000000
vn  0.000000 0.000000 2.000000
vn  0.000001 0.000000 -2.000000
vn  -0.000001 0.000000 -2.000000
vn  3.000000 0.000000 0.000000
vn  -0.000001 -0.000000 2.000000
vn  -3.000000 0.000000 0.000000
vn  2.000000 0.000000 0.000000
vn  0.000001 -0.000000 2.000000
vn  -3.000000 0.000000 0.000000
vn  -0.000003 0.000000 -2.000000
vn  0.000000 0.000000 -2.000000
vn  2.000000 0.000000 0.000000
vn  0.000000 0.000000 2.000000
vn  -0.000003 0.000000 2.000000
vn  -1.000000 0.000000 0.000000
vn  -1.000000 0.000000 0.000000
vn  -0.000003 0.000000 -2.000000
vn  0.000000 0.000000 -2.000000
vn  2.000000 0.000000 0.000000
vn  0.000000 0.000000 2.000000
vn  -0.000003 0.000000 2.000000
vn  -3.000000 0.000000 0.000000
vn  -0.000003 0.000000 -2.000000
vn  0.000000 0.000000 -2.000000
vn  2.000000 0.000000 0.000000
vn  0.000000 0.000000 2.000000
vn  -2.000000 0.000000 0.000000
vn  3.000000 0.000000 0.000000
vn  -0.000003 0.000000 2.000000
vn  -2.000000 0.000000 0.000000
vn  -0.000001 0.000000 -2.000000
vn  0.000001 0.000000 -2.000000
vn  1.000000 0.000000 0.000000
vn  0.000001 -0.000000 2.000000
vn  -1.000000 0.000000 0.000000
vn  0.000000 0.000000 -1.000000
vn  -0.000001 -0.000000 2.000000
vn  0.000000 0.000000 2.000000
vn  0.000000 0.000003 5.000000
vn  0.000000 0.000000 5.000000
vn  0.000000 0.000000 -2.000000
vn  0.000000 0.000000 2.000000
vn  0.000000 0.000003 4.000000
vn  0.000000 0.000000 6.000000
vn  0.000000 0.706889 0.707324
vn  0.000000 1.413778 1.414649
vn  -2.000000 0.000000 0.000000
vn  0.000000 -1.413621 -1.414806
vn  2.000000 0.000000 0.000000
vn  0.000000 1.413778 1.414649
vn  -2.000000 0.000000 0.000000
vn  0.000000 0.706893 -0.707320
vn  -2.000000 0.000000 0.000000
vn  -1.000000 0.000000 0.000000
vn  0.000000 0.707318 -0.706895
vn  2.000000 0.000137 0.000139
vn  0.000000 0.707318 -0.706895
vn  2.000000 0.000000 0.000000
vn  -2.000000 0.000000 0.000028
vn  0.000000 -1.414360 1.414067
vn  -2.000000 0.000000 0.000000
vn  0.000000 1.414226 -1.414201
vn  1.000000 0.000000 0.000000
vn  0.000000 -1.414360 1.414067
vn  -2.000000 0.000015 0.000014
vn  -1.000000 0.000000 0.000000
vn  0.000000 1.413787 -1.414640
vn  0.000000 1.413787 -1.414640
vn  2.000000 0.000000 0.000000
vn  -1.000000 0.000000 0.000000
vn  0.000000 -1.414360 -1.414067
vn  2.000000 -0.000000 0.000553
vn  0.000000 -1.414360 -1.414067
vn  2.000000 0.000000 0.000000
vn  -2.000000 0.000000 0.000000
vn  3.000000 -0.000297 -0.000552
vn  -2.000000 -0.000007 0.000007
vn  0.000000 0.707249 0.706964
vn  -2.000000 0.000000 0.000000
vn  0.000000 -0.707119 -0.707095
vn  1.000000 0.000000 0.000000
vn  0.000000 0.707181 0.707033
vn  0.000000 0.000000 -1.000000
vn  -3.000000 0.000000 0.000000
vn  -2.000000 0.000000 0.000000
vn  0.000000 0.000935 -2.000000
vn  3.000000 0.000000 0.000000
vn  0.000000 0.000000 -1.000000
vn  0.000000 0.000000 -2.000000
vn  -3.000000 0.000000 0.000000
vn  0.000000 0.000000 -1.000000
vn  0.000000 0.000000 -1.000000
vn  3.000000 0.000000 0.000000
vn  0.000000 0.000000 -2.000000
vn  -3.000000 0.000000 0.000000
vn  -2.000000 0.000000 0.000000
vn  0.000000 -0.000934 -2.000000
vn  3.000000 0.000000 0.000000
vn  0.000000 0.000000 -2.000000
vn  0.000000 0.000000 1.000000
vn  -3.000000 0.000000 0.000000
vn  -2.000000 0.000000 0.000000
vn  0.000000 1.414572 -1.413855
vn  1.000000 0.000000 0.000000
vn  0.000000 0.000000 1.000000
vn  0.000000 0.000000 -2.000000
vn  0.000000 0.000000 -1.000000
vn  0.000000 0.000000 -1.000000
vn  0.000000 0.000000 -2.000000
vn  0.000000 0.000000 2.000000
vn  0.000000 0.000000 1.000000
vn  0.000000 0.000000 1.000000
vn  0.000000 0.000000 2.000000
vn  0.000000 0.000001 -2.000000
vn  0.000000 0.000000 -1.000000
vn  0.000000 0.000000 -1.000000
vn  0.000000 0.000001 -2.000000
vn  0.000000 -0.000001 2.000000
vn  0.000000 -0.000000 1.000000
vn  0.000000 -0.000000 1.000000
vn  0.000000 -0.000001 2.000000
vn  0.000000 0.000000 -2.000000
vn  0.000000 0.000000 -1.000000
vn  0.000000 0.000000 -1.000000
vn  0.000000 0.000000 -2.000000
vn  0.000000 0.000000 2.000000
vn  0.000000 0.000000 1.000000
vn  0.000000 0.000000 1.000000
vn  0.000000 0.000000 2.000000
vn  0.000000 0.000000 -2.000000
vn  0.000000 0.000000 -1.000000
vn  0.000000 0.000000 -1.000000
vn  0.000000 0.000000 -2.000000
vn  0.000000 0.000000 2.000000
vn  0.000000 0.000000 1.000000
vn  0.000000 0.000000 1.000000
vn  0.000000 0.000000 2.000000
vn  0.000000 0.000000 -2.000000
vn  0.000000 0.000000 -1.000000
vn  0.000000 0.000000 -1.000000
vn  0.000000 0.000000 -2.000000
vn  0.000000 0.000000 2.000000
vn  0.000000 0.000000 1.000000
vn  0.000000 0.000000 1.000000
vn  0.000000 0.000000 2.000000
vn  0.000000 0.000000 -2.000000
vn  0.000000 0.000000 -1.000000
vn  0.000000 0.000000 -1.000000
vn  0.000000 0.000000 -2.000000
vn  0.000000 0.000000 2.000000
vn  0.000000 0.000000 1.000000
vn  0.000000 0.000000 1.000000
vn  0.000000 0.000000 2.000000
vn  0.000000 0.000000 -2.000000
vn  0.000000 0.000000 -1.000000
vn  0.000000 0.000000 -1.000000
vn  0.000000 0.000000 -2.000000
vn  0.000000 0.000000 2.000000
vn  0.000000 0.000000 1.000000
vn  0.000000 0.000000 1.000000
vn  0.000000 0.000000 2.000000
vn  0.000000 0.000000 -2.000000
vn  0.000000 0.000000 -1.000000
vn  0.000000 0.000000 -1.000000
vn  0.000000 0.000000 -2.000000
vn  0.000000 0.000000 2.000000
vn  0.000000 0.000000 1.000000
vn  0.000000 0.000000 1.000000
vn  0.000000 0.000000 2.000000
vn  0.000000 4.000000 0.000000
vn  -0.000001 0.000000 -2.000000
vn  0.000000 0.000000 -1.000000
vn  -1.000000 0.000000 0.000000
vn  0.000000 -0.000000 1.000000
vn  -1.000000 0.000000 0.000000
vn  0.000000 0.000000 -1.000000
vn  1.000000 0.000000 0.000000
vn  0.000000 -0.000000 1.000000
vn  1.000000 0.000000 0.000000
vn  0.000000 0.000000 -1.000000
vn  0.000000 1.000000 0.000000
vn  -2.000000 0.000000 0.000000
vn  -1.000000 0.000000 0.000000
vn  0.000000 0.000000 -1.000000
vn  -1.000000 0.000000 0.000000
vn  0.000000 0.000000 1.000000
vn  0.000000 3.000000 0.000000
vn  0.000000 2.000000 0.000000
vn  -0.000001 -0.000000 2.000000
vn  0.000000 -0.000000 1.000000
vn  1.000000 0.000000 0.000000
vn  0.000000 0.000000 -1.000000
vn  1.000000 0.000000 0.000000
vn  -1.000000 0.000000 0.000000
vn  -2.000000 0.000000 0.000000
vn  -0.000003 0.000000 -2.000000
vn  2.000000 0.000000 0.000000
vn  -0.000003 0.000000 2.000000
vn  2.000000 0.000000 0.000000
vn  0.000000 0.000000 -2.000000
vn  -0.000003 0.000000 -2.000000
vn  3.000000 0.000000 0.000000
vn  -0.000003 0.000000 2.000000
vn  0.000000 0.000000 2.000000
vn  -3.000000 0.000000 0.000000
vn  0.000000 0.000000 -2.000000
vn  -0.000003 0.000000 -2.000000
vn  -0.000003 0.000000 2.000000
vn  0.000000 0.000000 2.000000
vn  0.000001 0.000000 -2.000000
vn  -0.000001 0.000000 -2.000000
vn  3.000000 0.000000 0.000000
vn  -0.000001 -0.000000 2.000000
vn  -3.000000 0.000000 0.000000
vn  2.000000 0.000000 0.000000
vn  0.000001 -0.000000 2.000000
vn  -3.000000 0.000000 0.000000
vn  -0.000003 0.000000 -2.000000
vn  0.000000 0.000000 -2.000000
vn  2.000000 0.000000 0.000000
vn  0.000000 0.000000 2.000000
vn  -0.000003 0.000000 2.000000
vn  -1.000000 0.000000 0.000000
vn  -1.000000 0.000000 0.000000
vn  -0.000003 0.000000 -2.000000
vn  0.000000 0.000000 -2.000000
vn  2.000000 0.000000 0.000000
vn  0.000000 0.000000 2.000000
vn  -0.000003 0.000000 2.000000
vn  -3.000000 0.000000 0.000000
vn  -0.000003 0.000000 -2.000000
vn  0.000000 0.000000 -2.000000
vn  2.000000 0.000000 0.000000
vn  0.000000 0.000000 2.000000
vn  -2.000000 0.000000 0.000000
vn  3.000000 0.000000 0.000000
vn  -0.000003 0.000000 2.000000
vn  -2.000000 0.000000 0.000000
vn  -0.000001 0.000000 -2.000000
vn  0.000001 0.000000 -2.000000
vn  1.000000 0.000000 0.000000
vn  0.000001 -0.000000 2.000000
vn  -1.000000 0.000000 0.000000
vn  0.000000 0.000000 -1.000000
vn  -0.000001 -0.000000 2.000000
vn  0.000000 0.000000 2.000000
vn  0.000000 0.000003 5.000000
vn  0.000000 0.000000 5.000000
vn  0.000000 0.000000 -2.000000
vn  0.000000 0.000000 2.000000
vn  0.000000 0.000003 4.000000
vn  0.000000 0.000000 6.000000
vn  0.000000 0.706889 0.707324
vn  0.000000 1.413778 1.414649
vn  -2.000000 0.000000 0.000000
vn  0.000000 -1.413621 -1.414806
vn  2.000000 0.000000 0.000000
vn  0.000000 1.413778 1.414649
vn  -2.000000 0.000000 0.000000
vn  0.000000 0.706893 -0.707320
vn  -2.000000 0.000000 0.000000
vn  -1.000000 0.000000 0.000000
vn  0.000000 0.707318 -0.706895
vn  2.000000 0.000137 0.000139
vn  0.000000 0.707318 -0.706895
vn  2.000000 0.000000 0.000000
vn  -2.000000 0.000000 0.000028
vn  0.000000 -1.414360 1.414067
vn  -2.000000 0.000000 0.000000
vn  0.000000 1.414226 -1.414201
vn  1.000000 0.000000 0.000000
vn  0.000000 -1.414360 1.414067
vn  -2.000000 0.000015 0.000014
vn  -1.000000 0.000000 0.000000
vn  0.000000 1.413787 -1.414640
vn  0.000000 1.413787 -1.414640
vn  2.000000 0.000000 0.000000
vn  -1.000000 0.000000 0.000000
vn  0.000000 -1.414360 -1.414067
vn  2.000000 -0.000000 0.000553
vn  0.000000 -1.414360 -1.414067
vn  2.000000 0.000000 0.000000
vn  -2.000000 0.000000 0.000000
vn  3.000000 -0.000297 -0.000552
vn  -2.000000 -0.000007 0.000007
vn  0.000000 0.707249 0.706964
vn  -2.000000 0.000000 0.000000
vn  0.000000 -0.707119 -0.707095
vn  1.000000 0.000000 0.000000
vn  0.000000 0.707181 0.707033
vn  0.000000 0.000000 -1.000000
vn  -3.000000 0.000000 0.000000
vn  -2.000000 0.000000 0.000000
vn  0.000000 0.000935 -2.000000
vn  3.000000 0.000000 0.000000
vn  0.000000 0.000000 -1.000000
vn  0.000000 0.000000 -2.000000
vn  -3.000000 0.000000 0.000000
vn  0.000000 0.000000 -1.000000
vn  0.000000 0.000000 -1.000000
vn  3.000000 0.000000 0.000000
vn  0.000000 0.000000 -2.000000
vn  -3.000000 0.000000 0.000000
vn  -2.000000 0.000000 0.000000
vn  0.000000 -0.000934 -2.000000
vn  3.000000 0.000000 0.000000
vn  0.000000 0.000000 -2.000000
vn  0.000000 0.000000 1.000000
vn  -3.000000 0.000000 0.000000
vn  -2.000000 0.000000 0.000000
vn  0.000000 1.414572 -1.413855
vn  1.000000 0.000000 0.000000
vn  0.000000 0.000000 1.000000
vn  -1.000000 0.000000 0.000000
vn  -2.000000 0.000000 0.000000
vn  0.000000 0.000000 2.000000
vn  -2.000000 0.000000 0.000000
vn  0.000000 -0.000000 -2.000000
vn  -2.000000 0.000000 0.000000
vn  0.000000 0.000000 2.000000
vn  2.000000 0.000000 0.000000
vn  0.000000 -0.000000 -2.000000
vn  2.000000 0.000000 0.000000
vn  0.000000 0.000000 2.000000
vn  2.000000 0.000000 0.000000
vn  -2.000000 0.000000 0.000000
vn  -1.000000 0.000000 0.000000
vn  -2.000000 0.000000 0.000000
vn  -1.000000 0.000000 0.000000
vn  0.000000 0.000000 2.000000
vn  0.000000 0.000000 1.000000
vn  -2.000000 0.000000 0.000000
vn  -1.000000 0.000000 0.000000
vn  0.000000 0.000000 -2.000000
vn  0.000000 0.000000 -1.000000
vn  -2.000000 0.000000 0.000000
vn  -1.000000 0.000000 0.000000
vn  0.000000 0.000000 2.000000
vn  0.000000 0.000000 1.000000
vn  2.000000 0.000000 0.000000
vn  1.000000 0.000000 0.000000
vn  0.000000 0.000000 -2.000000
vn  0.000000 0.000000 -1.000000
vn  2.000000 0.000000 0.000000
vn  1.000000 0.000000 0.000000
vn  0.000000 0.000000 2.000000
vn  0.000000 0.000000 1.000000
vn  2.000000 0.000000 0.000000
vn  1.000000 0.000000 0.000000
vn  -2.000000 0.000000 0.000000
vn  -1.000000 0.000000 0.000000
vn  0.000000 0.000000 1.000000
vn  -1.000000 0.000000 0.000000
vn  0.000000 0.000000 -1.000000
vn  -1.000000 0.000000 0.000000
vn  0.000000 0.000000 1.000000
vn  1.000000 0.000000 0.000000
vn  0.000000 0.000000 -1.000000
vn  1.000000 0.000000 0.000000
vn  0.000000 0.000000 1.000000
vn  1.000000 0.000000 0.000000
vn  -2.000000 -0.000000 0.000000
vn  -1.000000 -0.000000 0.000000
vn  0.000000 0.000000 2.000000
vn  -2.000000 0.000000 0.000000
vn  0.000000 -0.000000 -2.000000
vn  -2.000000 -0.000000 0.000000
vn  0.000000 0.000000 2.000000
vn  2.000000 0.000000 0.000000
vn  0.000000 -0.000000 -2.000000
vn  2.000000 0.000000 0.000000
vn  0.000000 0.000000 2.000000
vn  2.000000 0.000000 0.000000
vn  0.000000 0.000000 -2.000000
vn  0.000000 0.000000 -1.000000
vn  0.000000 0.000000 -2.000000
vn  0.000000 0.000000 -1.000000
vn  -2.000000 0.000000 0.000000
vn  -1.000000 0.000000 0.000000
vn  0.000000 0.000000 -2.000000
vn  0.000000 0.000000 -1.000000
vn  2.000000 -0.000000 0.000000
vn  1.000000 -0.000000 0.000000
vn  0.000000 0.000000 -2.000000
vn  0.000000 0.000000 -1.000000
vn  -2.000000 0.000000 0.000000
vn  -1.000000 0.000000 0.000000
vn  0.000000 -0.000000 2.000000
vn  0.000000 -0.000000 1.000000
vn  2.000000 -0.000000 0.000000
vn  1.000000 -0.000000 0.000000
vn  0.000000 -0.000000 2.000000
vn  0.000000 -0.000000 1.000000
vn  -2.000000 0.000000 0.000000
vn  -1.000000 0.000000 0.000000
vn  0.000000 -0.000000 2.000000
vn  0.000000 -0.000000 1.000000
vn  0.000000 0.000000 -2.000000
vn  0.000000 0.000000 -1.000000
vn  -1.000000 0.000000 0.000000
vn  0.000000 0.000000 -1.000000
vn  1.000000 -0.000000 0.000000
vn  0.000000 0.000000 -1.000000
vn  -1.000000 0.000000 0.000000
vn  0.000000 -0.000000 1.000000
vn  1.000000 -0.000000 0.000000
vn  0.000000 -0.000000 1.000000
vn  -1.000000 0.000000 0.000000
vn  0.000000 -0.000000 1.000000
vn  0.000000 0.000000 -2.000000
vn  0.000000 0.000000 -1.000000
vn  -2.000000 0.000000 0.000000
vn  0.000000 0.000000 -2.000000
vn  2.000000 -0.000000 0.000000
vn  0.000000 0.000000 -2.000000
vn  -2.000000 0.000000 0.000000
vn  0.000000 -0.000000 2.000000
vn  2.000000 -0.000000 0.000000
vn  0.000000 -0.000000 2.000000
vn  -2.000000 0.000000 0.000000
vn  0.000000 -0.000000 2.000000
vn  0.000000 0.000000 -2.000000
vn  0.000000 0.000000 -1.000000
vn  0.000000 0.000000 -2.000000
vn  0.000000 0.000000 -1.000000
vn  -2.000000 0.000000 0.000000
vn  -1.000000 0.000000 0.000000
vn  0.000000 0.000000 -2.000000
vn  0.000000 0.000000 -1.000000
vn  2.000000 -0.000000 0.000000
vn  1.000000 -0.000000 0.000000
vn  0.000000 0.000000 -2.000000
vn  0.000000 0.000000 -1.000000
vn  -2.000000 0.000000 0.000000
vn  -1.000000 0.000000 0.000000
vn  0.000000 -0.000000 2.000000
vn  0.000000 -0.000000 1.000000
vn  2.000000 -0.000000 0.000000
vn  1.000000 -0.000000 0.000000
vn  0.000000 -0.000000 2.000000
vn  0.000000 -0.000000 1.000000
vn  -2.000000 0.000000 0.000000
vn  -1.000000 0.000000 0.000000
vn  0.000000 -0.000000 2.000000
vn  0.000000 -0.000000 1.000000
vn  0.000000 0.000000 -2.000000
vn  0.000000 0.000000 -1.000000
vn  -1.000000 0.000000 0.000000
vn  0.000000 0.000000 -1.000000
vn  1.000000 -0.000000 0.000000
vn  0.000000 0.000000 -1.000000
vn  -1.000000 0.000000 0.000000
vn  0.000000 -0.000000 1.000000
vn  1.000000 -0.000000 0.000000
vn  0.000000 -0.000000 1.000000
vn  -1.000000 0.000000 0.000000
vn  0.000000 -0.000000 1.000000
vn  0.000000 0.000000 -2.000000
vn  0.000000 0.000000 -1.000000
vn  -2.000000 0.000000 0.000000
vn  0.000000 0.000000 -2.000000
vn  2.000000 -0.000000 0.000000
vn  0.000000 0.000000 -2.000000
vn  -2.000000 0.000000 0.000000
vn  0.000000 -0.000000 2.000000
vn  2.000000 -0.000000 0.000000
vn  0.000000 -0.000000 2.000000
vn  -2.000000 0.000000 0.000000
vn  0.000000 -0.000000 2.000000
vn  -0.000000 -0.000000 2.000000
vn  -2.000000 -0.000000 0.000009
vn  -1.000000 0.000000 0.000000
vn  0.000000 0.000000 1.000000
vn  0.000000 0.000000 -1.000000
vn  0.000000 0.000000 -1.000000
vn  -1.000000 -0.000000 0.000000
vn  0.000000 0.000000 -1.000000
vn  0.000000 -0.000000 2.000000
vn  0.000000 -0.000000 1.000000
vn  -10.000000 -0.000001 0.000015
vn  0.000000 0.000000 1.000000
vn  0.000000 0.000000 -1.000000
vn  0.000000 0.000000 -2.000000
vn  -2.000000 0.000000 -0.000009
vn  0.000000 0.000000 -1.000000
vn  0.000000 0.000000 1.000000
vn  0.000000 0.000000 1.000000
vn  1.000000 0.000000 0.000000
vn  0.000000 -0.000000 1.000000
vn  -1.000000 0.000467 0.000000
vn  2.000000 0.000000 0.000000
vn  1.000000 0.000000 0.000000
vn  0.000000 0.000000 -1.000000
vn  0.000000 0.000000 1.000000
vn  0.000000 0.000000 2.000000
vn  2.000000 0.000000 0.000000
vn  0.000000 -0.000000 1.000000
vn  -1.000000 -0.000467 0.000000
vn  0.000000 0.000000 -1.000000
vn  10.000000 0.000000 0.000000
vn  0.000000 0.000000 -1.000000
vn  0.000000 -0.000000 1.000000
vn  0.000000 -0.000000 2.000000
vn  -2.000000 -0.000002 0.000087
vn  -0.000000 0.000000 -2.000000
vn  2.000000 0.000000 0.000000
vn  0.000000 0.000000 -2.000000
vn  -2.000000 -0.000003 0.000016
vn  -2.000000 -0.000003 0.000097
vn  -0.000000 -0.000003 -3.000000
vn  2.000000 0.000000 0.000000
vn  2.000000 0.000000 0.000000
vn  0.000000 0.000005 3.000000
vn  -2.000000 0.000001 -0.000014
vn  -2.000000 0.000001 -0.000042
vn  2.000000 0.000000 0.000000
vn  2.000000 0.000000 0.000000
vn  -2.000000 0.000001 -0.000014
vn  -2.000000 0.000001 -0.000045
vn  0.000000 0.000000 -3.000000
vn  2.000000 0.000000 0.000000
vn  0.000000 -0.000000 3.000000
vn  0.000000 0.000000 -2.000000
vn  2.000000 0.000000 0.000000
vn  0.000000 -0.000000 3.000000
vn  -2.000000 -0.000000 0.000010
vn  -2.000000 -0.000000 -0.000001
vn  0.707228 0.706986 -0.000254
vn  2.000000 0.000000 0.000000
vn  2.000000 0.000000 0.000000
vn  -0.000000 -0.000000 1.000000
vn  -0.000000 0.000000 1.000000
vn  -2.000000 0.000000 0.000003
vn  -2.000000 -0.000000 -0.000003
vn  0.000000 0.000000 -1.000000
vn  2.000000 0.000000 0.000000
vn  2.000000 0.000000 0.000000
vn  0.000000 0.000000 1.000000
vn  -2.000000 -0.000000 0.000003
vn  -2.000000 -0.000000 -0.000003
vn  0.707324 0.706889 0.000000
vn  2.000000 0.000000 0.000000
vn  -0.000000 0.000003 2.000000
vn  0.000000 -0.000001 -3.000000
vn  2.000000 0.000000 0.000000
vn  -0.707403 -0.706810 0.000000
vn  -2.000000 0.000000 0.000001
vn  -2.000000 0.000000 -0.000003
vn  0.000000 0.000000 -1.000000
vn  2.000000 0.000000 0.000000
vn  0.000000 -0.000000 1.000000
vn  -1.000000 0.000000 0.000000
vn  2.000000 0.000000 0.000000
vn  2.000000 0.000000 0.000000
vn  -0.000014 0.000000 1.000000
vn  0.707324 0.706889 0.000000
vn  -2.000000 0.000000 0.000000
vn  2.000000 0.000000 0.000000
vn  -0.707161 -0.707053 0.000000
vn  0.000138 -0.000149 -1.000000
vn  0.707324 0.706889 0.000000
vn  -0.000001 -0.000001 2.000000
vn  0.000000 0.000000 -2.000000
vn  1.414649 1.413779 0.000001
vn  0.000001 -0.000001 2.000000
vn  -0.707320 0.706893 0.000000
vn  0.000002 0.000003 2.000000
vn  0.706710 0.707503 0.000000
vn  0.000007 -0.000007 2.000000
vn  0.706779 0.707435 -0.000000
vn  0.000000 0.000000 -1.000000
vn  -0.706840 -0.707373 0.000000
vn  0.000028 -0.000000 2.000000
vn  1.413426 -1.414992 -0.003394
vn  0.000000 0.000000 2.000000
vn  -1.413411 1.415015 -0.000255
vn  0.000000 0.000000 -1.000000
vn  1.413303 -1.415123 0.000000
vn  0.000000 -0.000000 1.000000
vn  -1.414640 1.413787 0.000000
vn  -1.414640 1.413787 0.000000
vn  0.000000 0.000000 -2.000000
vn  -1.000000 0.000000 0.000000
vn  -0.000000 0.000001 3.000000
vn  0.000000 -0.000000 2.000000
vn  -2.000000 0.000935 0.000000
vn  0.000000 -0.000003 -3.000000
vn  -1.000000 0.000000 0.000000
vn  -2.000000 0.000000 0.000000
vn  0.000000 0.000000 3.000000
vn  -1.000000 0.000000 0.000000
vn  -1.000000 0.000000 0.000000
vn  0.000000 0.000000 -3.000000
vn  -2.000000 0.000000 0.000000
vn  -0.000000 0.000003 3.000000
vn  -0.000000 -0.000000 2.000000
vn  -2.000000 -0.000934 0.000000
vn  0.000000 -0.000005 -3.000000
vn  -2.000000 0.000000 0.000000
vn  1.000000 0.000000 0.000000
vn  0.000000 0.000000 3.000000
vn  -0.000000 -0.000000 2.000000
vn  -1.413855 1.414572 0.000000
vn  0.000000 0.000000 -1.000000
vn  1.000000 0.000000 0.000000
vn  0.000000 0.000000 2.000000
vn  0.000000 0.000000 1.000000
vn  -10.000000 0.000000 0.000005
vn  0.000000 0.000000 2.000000
vn  0.000000 0.000000 -1.000000
vn  0.000000 0.000000 -2.000000
vn  -2.000000 0.000000 0.000001
vn  0.000000 0.000000 -1.000000
vn  0.000000 0.000000 1.000000
vn  0.000000 0.000000 2.000000
vn  2.000000 -0.000000 0.000003
vn  0.000000 0.000000 1.000000
vn  -1.000000 -0.000467 0.000000
vn  0.000000 0.000000 -1.000000
vn  10.000000 -0.000003 -0.000093
vn  0.000000 0.000000 -2.000000
vn  0.000000 0.000000 1.000000
vn  0.000000 0.000000 2.000000
vn  -2.000000 0.000000 0.000003
vn  0.000000 0.000000 -2.000000
vn  2.000000 0.000000 0.000005
vn  0.000000 0.000000 -2.000000
vn  -2.000000 0.000000 0.000000
vn  -2.000000 0.000000 0.000003
vn  0.000000 0.000000 -3.000000
vn  2.000000 0.000000 0.000005
vn  2.000000 0.000000 0.000000
vn  0.000000 0.000000 3.000000
vn  -2.000000 0.000000 0.000000
vn  -2.000000 0.000000 0.000003
vn  2.000000 0.000000 0.000005
vn  2.000000 0.000000 0.000000
vn  -2.000000 0.000000 -0.000001
vn  -2.000000 0.000000 0.000001
vn  0.000000 0.000000 -3.000000
vn  2.000000 0.000000 0.000005
vn  0.000000 0.000000 3.000000
vn  0.000000 0.000000 -2.000000
vn  2.000000 0.000000 0.000000
vn  0.000000 0.000000 3.000000
vn  -2.000000 0.000000 0.000003
vn  -2.000000 0.000000 0.000000
vn  0.707228 0.706986 -0.000255
vn  2.000000 -0.000003 -0.000016
vn  2.000000 -0.000003 -0.000093
vn  0.000000 0.000000 1.000000
vn  -0.000000 0.000000 1.000000
vn  -2.000000 0.000000 0.000003
vn  -2.000000 0.000000 0.000000
vn  0.000000 0.000000 -1.000000
vn  2.000000 -0.000003 -0.000014
vn  2.000000 -0.000003 -0.000096
vn  0.000000 0.000000 1.000000
vn  -2.000000 0.000000 0.000003
vn  -2.000000 0.000000 0.000000
vn  0.707324 0.706890 0.000000
vn  2.000000 0.000000 0.000005
vn  0.000000 0.000000 2.000000
vn  0.000000 0.000000 -3.000000
vn  2.000000 0.000000 0.000000
vn  -0.707403 -0.706811 0.000000
vn  -2.000000 0.000000 0.000001
vn  -2.000000 0.000000 -0.000001
vn  0.000000 -0.000000 -1.000000
vn  2.000000 0.000000 0.000005
vn  0.000000 0.000000 1.000000
vn  -1.000000 0.000000 0.000000
vn  2.000000 0.000000 0.000000
vn  2.000000 0.000000 0.000000
vn  -0.000014 0.000000 1.000000
vn  0.707324 0.706890 0.000000
vn  -2.000000 0.000000 0.000000
vn  2.000000 0.000000 0.000000
vn  -0.707161 -0.707053 0.000000
vn  0.000138 -0.000149 -1.000000
vn  0.707324 0.706890 0.000000
vn  1.414648 1.413779 0.000000
vn  -1.414806 -1.413621 0.000000
vn  -0.000000 -0.000000 2.000000
vn  -0.707320 0.706894 0.000000
vn  -0.000000 -0.000000 2.000000
vn  0.706710 0.707504 0.000000
vn  0.000007 -0.000007 2.000000
vn  0.706778 0.707435 0.000000
vn  0.000000 0.000000 -1.000000
vn  -0.706840 -0.707373 0.000000
vn  0.000028 -0.000000 2.000000
vn  1.413427 -1.414992 -0.003395
vn  -0.000000 0.000000 2.000000
vn  -1.413412 1.415015 -0.000255
vn  0.000000 0.000000 -1.000000
vn  1.413303 -1.415123 0.000000
vn  0.000014 0.000015 2.000000
vn  0.000000 -0.000000 1.000000
vn  -1.414640 1.413787 0.000000
vn  -1.414640 1.413787 0.000000
vn  0.000000 0.000000 -2.000000
vn  -0.000552 -0.000297 -3.000000
vn  -1.000000 0.000000 0.000000
vn  0.000000 0.000000 3.000000
vn  0.000000 0.000000 2.000000
vn  -2.000000 0.000935 0.000000
vn  0.000000 0.000000 -3.000000
vn  -1.000000 0.000000 0.000000
vn  -2.000000 0.000000 0.000000
vn  0.000000 0.000000 3.000000
vn  -1.000000 0.000000 0.000000
vn  -1.000000 0.000000 0.000000
vn  0.000000 0.000000 -3.000000
vn  -2.000000 0.000000 0.000000
vn  0.000000 0.000000 3.000000
vn  0.000000 0.000000 2.000000
vn  -2.000000 -0.000934 0.000000
vn  0.000000 0.000000 -3.000000
vn  -2.000000 0.000000 0.000000
vn  1.000000 0.000000 0.000000
vn  0.000000 0.000000 3.000000
vn  -0.000000 -0.000000 2.000000
vn  -1.413855 1.414572 0.000000
vn  0.000000 0.000000 -1.000000
vn  1.000000 0.000000 0.000000
vn  0.000000 4.000000 0.000000
vn  -2.000000 0.000000 0.000001
vn  -1.000000 0.000000 0.000000
vn  0.000000 0.000000 1.000000
vn  0.000000 0.000000 -2.000000
vn  0.000000 0.000000 -1.000000
vn  -1.000000 0.000000 0.000000
vn  0.000000 1.000000 0.000000
vn  0.000000 0.000000 2.000000
vn  0.000000 0.000000 1.000000
vn  1.000000 0.000000 0.000000
vn  0.000000 0.000000 1.000000
vn  -1.000000 0.000467 0.000000
vn  2.000000 -0.000000 0.000003
vn  1.000000 -0.000000 0.000000
vn  0.000000 0.000000 -1.000000
vn  0.000000 0.000000 1.000000
vn  0.000000 0.000000 2.000000
vn  -2.000000 -0.000000 0.000003
vn  -0.000000 0.000000 -2.000000
vn  2.000000 0.000000 0.000005
vn  0.000000 0.000000 -2.000000
vn  -2.000000 0.000000 0.000000
vn  -2.000000 0.000000 0.000003
vn  0.000000 0.000000 -3.000000
vn  2.000000 -0.000001 -0.000043
vn  2.000000 -0.000001 -0.000010
vn  0.000000 0.000000 3.000000
vn  -2.000000 0.000000 0.000000
vn  -2.000000 0.000000 0.000003
vn  2.000000 -0.000001 -0.000046
vn  2.000000 -0.000001 -0.000007
vn  -2.000000 0.000000 -0.000001
vn  -2.000000 0.000000 0.000001
vn  0.000000 0.000000 -3.000000
vn  2.000000 0.000000 0.000000
vn  0.000000 0.000000 3.000000
vn  0.000000 0.000000 -2.000000
vn  2.000000 0.000000 0.000005
vn  0.000000 0.000000 3.000000
vn  -2.000000 0.000000 0.000003
vn  -2.000000 0.000000 0.000000
vn  0.707228 0.706986 -0.000254
vn  2.000000 0.000000 0.000000
vn  2.000000 0.000000 0.000005
vn  0.000000 0.000000 1.000000
vn  -0.000000 0.000000 1.000000
vn  -2.000000 0.000000 0.000003
vn  -2.000000 0.000000 0.000000
vn  0.000000 -0.000000 -1.000000
vn  2.000000 0.000000 0.000000
vn  2.000000 0.000000 0.000005
vn  0.000000 0.000000 1.000000
vn  -2.000000 0.000000 0.000003
vn  -2.000000 0.000000 0.000000
vn  0.707325 0.706889 0.000000
vn  2.000000 0.000000 0.000000
vn  0.000000 0.000000 2.000000
vn  0.000000 0.000000 -3.000000
vn  2.000000 0.000000 0.000005
vn  -0.707403 -0.706810 0.000000
vn  -2.000000 0.000000 0.000001
vn  -2.000000 0.000000 -0.000001
vn  0.000000 -0.000000 -1.000000
vn  2.000000 0.000000 0.000000
vn  0.000000 0.000000 1.000000
vn  -1.000000 0.000000 0.000000
vn  2.000000 0.000000 0.000005
vn  2.000000 0.000000 0.000000
vn  -0.000014 0.000000 1.000000
vn  0.707325 0.706889 0.000000
vn  -2.000000 0.000000 0.000000
vn  2.000000 0.000000 0.000000
vn  -0.707161 -0.707053 0.000000
vn  0.000138 -0.000149 -1.000000
vn  0.707325 0.706889 0.000000
vn  -0.000000 0.000000 2.000000
vn  -1.414807 -1.413620 0.000000
vn  0.000000 -0.000000 -2.000000
vn  -0.000000 -0.000000 2.000000
vn  -0.707320 0.706893 0.000000
vn  -0.000000 0.000000 2.000000
vn  0.706710 0.707504 0.000000
vn  0.000007 -0.000007 2.000000
vn  0.706779 0.707435 0.000000
vn  0.000000 -0.000000 -1.000000
vn  -0.706840 -0.707373 -0.000000
vn  0.000028 -0.000000 2.000000
vn  1.413426 -1.414992 -0.003393
vn  -0.000000 0.000000 2.000000
vn  -1.413412 1.415015 -0.000256
vn  0.000000 -0.000000 -1.000000
vn  1.413303 -1.415123 0.000000
vn  0.000000 -0.000000 1.000000
vn  -1.414641 1.413786 0.000000
vn  -1.414641 1.413786 0.000000
vn  0.000000 0.000000 -2.000000
vn  -1.000000 0.000000 0.000000
vn  0.000000 0.000000 3.000000
vn  0.000000 0.000000 2.000000
vn  -2.000000 0.000935 0.000000
vn  0.000000 0.000000 -3.000000
vn  -1.000000 0.000000 0.000000
vn  -2.000000 0.000000 0.000000
vn  0.000000 0.000000 3.000000
vn  -1.000000 0.000001 0.000000
vn  -1.000000 0.000001 0.000000
vn  0.000000 0.000000 -3.000000
vn  -2.000000 0.000003 -0.000000
vn  0.000000 0.000000 3.000000
vn  0.000000 0.000000 2.000000
vn  -2.000000 -0.000934 0.000000
vn  0.000000 0.000000 -3.000000
vn  -2.000000 0.000003 0.000000
vn  1.000000 0.000000 0.000000
vn  0.000000 0.000000 3.000000
vn  -0.000000 -0.000000 2.000000
vn  -1.413855 1.414572 0.000000
vn  0.000000 0.000000 -1.000000
vn  1.000000 0.000000 0.000000
vn  0.707324 0.706889 0.000000
vn  0.707324 0.706889 0.000000
vn  -0.000001 -0.000001 1.000000
vn  -0.000001 -0.000001 1.000000
vn  -0.707403 -0.706810 0.000000
vn  -0.707403 -0.706810 0.000000
vn  0.000000 0.000000 -1.000000
vn  0.000000 0.000000 -1.000000
vn  0.707324 0.706889 0.000001
vn  0.707324 0.706889 0.000001
vn  0.000276 0.000000 -1.000000
vn  0.000276 0.000000 -1.000000
vn  -0.000000 -0.000000 1.000000
vn  -0.000000 -0.000000 1.000000
vn  -0.707161 -0.707053 0.000000
vn  -0.707161 -0.707053 0.000000
vn  -0.000014 0.000000 1.000000
vn  -0.000014 0.000000 1.000000
vn  -0.707161 -0.707053 0.000000
vn  -0.707161 -0.707053 0.000000
vn  0.000000 0.000000 -1.000000
vn  0.000000 0.000000 -1.000000
vn  0.707202 0.707011 -0.000000
vn  0.707202 0.707011 -0.000000
vn  0.707324 0.706890 0.000000
vn  0.707324 0.706890 0.000000
vn  -0.000000 0.000000 1.000000
vn  -0.000000 0.000000 1.000000
vn  -0.707403 -0.706811 0.000000
vn  -0.707403 -0.706811 0.000000
vn  0.000000 0.000000 -1.000000
vn  0.000000 0.000000 -1.000000
vn  0.707324 0.706890 0.000000
vn  0.707324 0.706890 0.000000
vn  0.000276 0.000000 -1.000000
vn  0.000276 0.000000 -1.000000
vn  -0.000000 -0.000000 1.000000
vn  -0.000000 -0.000000 1.000000
vn  -0.707161 -0.707053 0.000000
vn  -0.707161 -0.707053 0.000000
vn  -0.000014 0.000000 1.000000
vn  -0.000014 0.000000 1.000000
vn  -0.707161 -0.707053 0.000000
vn  -0.707161 -0.707053 0.000000
vn  0.000000 0.000000 -1.000000
vn  0.000000 0.000000 -1.000000
vn  0.707202 0.707011 -0.000000
vn  0.707202 0.707011 -0.000000
vn  0.707325 0.706889 0.000000
vn  0.707325 0.706889 0.000000
vn  -0.000000 0.000000 1.000000
vn  -0.000000 0.000000 1.000000
vn  -0.707403 -0.706810 0.000000
vn  -0.707403 -0.706810 0.000000
vn  0.000000 0.000000 -1.000000
vn  0.000000 0.000000 -1.000000
vn  0.707325 0.706889 0.000000
vn  0.707325 0.706889 0.000000
vn  0.000276 0.000000 -1.000000
vn  0.000276 0.000000 -1.000000
vn  -0.000000 -0.000000 1.000000
vn  -0.000000 -0.000000 1.000000
vn  -0.707161 -0.707053 0.000000
vn  -0.707161 -0.707053 0.000000
vn  -0.000014 0.000000 1.000000
vn  -0.000014 0.000000 1.000000
vn  -0.707161 -0.707053 0.000000
vn  -0.707161 -0.707053 0.000000
vn  0.000000 0.000000 -1.000000
vn  0.000000 0.000000 -1.000000
vn  0.707202 0.707011 0.000000
vn  0.707202 0.707011 0.000000
vn  0.000000 0.000000 -2.000000
vn  0.000000 0.000000 1.000000
vn  0.000000 0.000000 -2.000000
vn  -0.000000 -0.000001 3.000000
vn  -0.000000 -0.000003 -2.000000
vn  -0.000000 -0.000000 2.000000
vn  0.000000 0.000000 -1.000000
vn  1.000000 0.000001 0.000000
vn  1.000000 0.000000 0.000000
vn  1.000000 0.000001 0.000000
vn  1.000000 0.000000 0.000000
vn  1.414649 1.413779 0.000000
vn  -1.414806 -1.413621 0.000000
vn  -0.000552 -0.000297 -3.000000
vn  0.000000 0.000000 -2.000000
vn  0.000000 0.000000 1.000000
vn  0.000000 0.000000 -2.000000
vn  0.000000 0.000000 3.000000
vn  0.000000 0.000000 -2.000000
vn  0.000000 0.000000 2.000000
vn  0.000000 0.000000 -1.000000
vn  1.000000 0.000001 0.000000
vn  1.000000 0.000000 0.000000
vn  1.000000 0.000001 0.000000
vn  1.000000 0.000000 0.000000
vn  -0.000000 0.000000 2.000000
vn  0.000000 -0.000000 -2.000000
vn  1.414648 1.413779 0.000000
vn  0.000000 0.000000 -2.000000
vn  0.000000 0.000000 1.000000
vn  0.000000 0.000000 -2.000000
vn  0.000000 0.000000 3.000000
vn  0.000000 0.000000 -2.000000
vn  0.000000 0.000000 2.000000
vn  0.000000 0.000000 -1.000000
vn  1.000000 0.000001 0.000000
vn  1.000000 0.000000 0.000000
vn  1.000000 0.000001 0.000000
vn  1.000000 0.000000 0.000000
vn  1.414649 1.413778 0.000000
vn  1.414649 1.413778 0.000000
vn  -0.000552 -0.000297 -3.000000
vn  0.000014 0.000015 2.000000
vn  0.000014 0.000015 2.000000
# 1789 vertex normals

g beam
usemtl ENV_ARC_TBeam_16x256_V01_M
s 1
f 50/102/50 14/38/14 13/37/13 49/101/49
s 2
f 50/102/50 55/109/55 15/39/15 14/38/14
f 61/117/61 65/125/65 15/39/15 55/109/55
f 94/158/94 86/150/86 15/39/15 65/125/65
f 80/142/80 73/133/73 15/39/15 86/150/86
f 2/26/2 3/27/3 15/39/15 73/133/73
s 1
f 16/40/16 15/39/15 3/27/3 4/28/4
s 2
f 17/41/17 16/40/16 4/28/4 5/29/5
s 1
f 18/42/18 17/41/17 5/29/5 6/30/6
s 2
f 19/43/19 18/42/18 6/30/6 7/31/7
s 1
f 20/44/20 19/43/19 7/31/7 8/32/8
s 2
f 21/45/21 20/44/20 8/32/8 9/33/9
s 1
f 22/46/22 21/50/21 9/49/9 10/34/10
s 2
f 10/34/10 51/103/51 23/47/23 22/46/22
f 74/134/74 81/143/81 10/34/10 11/35/11
f 87/151/87 95/159/95 10/34/10 81/143/81
f 66/126/66 62/118/62 10/34/10 95/159/95
f 56/110/56 51/103/51 10/34/10 62/118/62
s 1
f 52/104/52 24/48/24 23/47/23 51/103/51
s 2
f 49/101/49 13/37/13 24/48/24 52/104/52
s 1
f 38/88/38 37/87/37 25/75/25 26/76/26
s 2
f 39/89/39 38/88/38 26/76/26 27/77/27
s 1
f 40/90/40 39/89/39 27/77/27 28/78/28
s 2
f 28/78/28 53/105/53 41/91/41 40/90/40
f 76/136/76 83/145/83 28/78/28 29/79/29
f 89/153/89 97/161/97 28/78/28 83/145/83
f 68/128/68 63/120/63 28/78/28 97/161/97
f 58/112/58 53/105/53 28/78/28 63/120/63
s 1
f 159/106/159 42/92/42 41/91/41 53/105/53
s 2
f 160/107/160 43/93/43 42/92/42 159/106/159
s 1
f 54/108/54 44/94/44 43/93/43 160/107/160
s 2
f 54/108/54 59/115/59 45/95/45 44/94/44
f 64/123/64 71/131/71 45/95/45 59/115/59
f 100/164/100 92/156/92 45/95/45 71/131/71
f 84/148/84 77/139/77 45/95/45 92/156/92
f 32/82/32 33/83/33 45/95/45 77/139/77
s 1
f 46/96/46 45/100/45 33/99/33 34/84/34
s 2
f 47/97/47 46/96/46 34/84/34 35/85/35
s 1
f 48/98/48 47/97/47 35/85/35 36/86/36
s 2
f 37/87/37 48/98/48 36/86/36 25/75/25
s 1
f 50/102/50 49/101/49 60/116/60 55/109/55
f 52/104/52 51/103/51 56/110/56 57/111/57
f 159/106/159 53/105/53 58/112/58 158/113/158
f 54/108/54 160/107/160 161/114/161 59/115/59
f 55/109/55 60/116/60 164/124/164 61/117/61
f 57/111/57 56/110/56 62/118/62 167/119/167
s 2
f 105/171/105 57/111/57 167/119/167 168/172/168
s 1
f 158/113/158 58/112/58 63/120/63 153/121/153
f 59/115/59 161/114/161 156/122/156 64/123/64
f 61/117/61 164/124/164 72/132/72 65/125/65
f 167/119/167 62/118/62 66/126/66 67/127/67
f 153/121/153 63/120/63 68/128/68 69/129/69
f 64/123/64 156/122/156 70/130/70 71/131/71
f 65/125/65 72/132/72 93/157/93 94/158/94
f 67/127/67 66/126/66 95/159/95 96/160/96
s 2
f 72/132/72 67/127/67 96/160/96 93/157/93
s 1
f 69/129/69 68/128/68 97/161/97 98/162/98
s 2
f 70/130/70 69/129/69 98/162/98 99/163/99
s 1
f 71/131/71 70/130/70 99/163/99 100/164/100
f 73/133/73 78/140/78 1/25/1 2/26/2
f 75/135/75 74/134/74 11/35/11 12/36/12
s 2
f 78/140/78 75/135/75 12/36/12 1/25/1
s 1
f 148/137/148 76/136/76 29/79/29 30/80/30
s 2
f 149/138/149 148/137/148 30/80/30 31/81/31
s 1
f 77/139/77 149/138/149 31/81/31 32/82/32
f 80/142/80 79/141/79 78/140/78 73/133/73
f 82/144/82 81/143/81 74/134/74 75/135/75
s 4
f 79/141/79 102/167/102 75/135/75 78/140/78
f 106/173/106 82/144/82 75/135/75 102/167/102
s 1
f 147/146/147 83/145/83 76/136/76 148/137/148
f 84/148/84 150/147/150 149/138/149 77/139/77
f 86/150/86 85/149/85 79/141/79 80/142/80
f 88/152/88 87/151/87 81/143/81 82/144/82
s 4
f 107/174/107 88/152/88 82/144/82 106/173/106
s 1
f 90/154/90 89/153/89 83/145/83 147/146/147
s 2
f 104/170/104 90/154/90 147/146/147 146/168/146
s 1
f 92/156/92 91/155/91 150/147/150 84/148/84
f 94/158/94 93/157/93 85/149/85 86/150/86
f 96/160/96 95/159/95 87/151/87 88/152/88
s 4
f 93/157/93 107/174/107 103/169/103 85/149/85
f 93/157/93 96/160/96 88/152/88 107/174/107
s 1
f 98/162/98 97/161/97 89/153/89 90/154/90
f 100/164/100 99/163/99 91/155/91 92/156/92
s 2
f 101/165/101 163/166/163 164/124/164 60/116/60
s 4
f 103/169/103 102/167/102 79/141/79 85/149/85
f 107/174/107 106/173/106 102/167/102 103/169/103
s 2
f 152/176/152 151/175/151 150/147/150 91/155/91
f 157/180/157 158/177/158 153/178/153 154/179/154
f 162/184/162 155/181/155 156/182/156 161/183/161
s 1
f 114/193/114 129/192/129 98/257/98 90/245/90
s 4
f 130/194/130 114/193/114 90/245/90 104/246/104
s 1
f 122/206/122 128/213/128 104/246/104 146/247/146
s 4
f 131/196/131 115/195/115 152/254/152 91/255/91
s 1
f 132/197/132 131/196/131 91/255/91 99/256/99
s 4
f 129/192/129 132/197/132 99/256/99 98/257/98
f 123/207/123 122/206/122 146/247/146 147/248/147
s 1
f 124/208/124 123/207/123 147/248/147 148/249/148
s 4
f 125/209/125 124/208/124 148/249/148 149/250/149
s 1
f 150/251/150 126/210/126 125/209/125 149/250/149
s 4
f 127/211/127 126/210/126 150/251/150 151/252/151
s 1
f 139/214/139 151/253/151 152/254/152 115/195/115
s 2
f 109/222/109 108/221/108 103/286/103 85/287/85
s 1
f 110/223/110 109/222/109 85/287/85 93/288/93
s 8
f 111/224/111 110/223/110 93/288/93 96/289/96
s 1
f 112/225/112 111/224/111 96/289/96 88/290/88
s 2
f 113/226/113 112/225/112 88/290/88 107/291/107
s 8
f 135/230/135 139/235/139 107/292/107 106/293/106
s 1
f 79/284/79 133/228/133 138/233/138 78/296/78
s 2
f 134/229/134 133/228/133 79/284/79 102/285/102
s 8
f 128/234/128 102/285/102 103/286/103 108/221/108
s 2
f 136/231/136 135/230/135 106/293/106 82/294/82
s 1
f 137/232/137 136/231/136 82/294/82 75/295/75
s 8
f 138/233/138 137/232/137 75/295/75 78/296/78
s 1
f 153/259/153 69/258/69 129/215/129 114/216/114
s 8
f 154/260/154 153/259/153 114/216/114 130/217/130
s 1
f 140/236/140 157/264/157 130/217/130 128/243/128
s 4
f 158/265/158 157/264/157 140/236/140 141/237/141
s 1
f 142/238/142 159/266/159 158/265/158 141/237/141
s 4
f 160/267/160 159/266/159 142/238/142 143/239/143
s 1
f 161/268/161 160/267/160 143/239/143 144/240/144
s 4
f 162/269/162 161/268/161 144/240/144 145/241/145
s 1
f 115/218/115 155/261/155 145/242/145 139/244/139
s 8
f 156/262/156 155/261/155 115/218/115 131/219/131
s 1
f 70/263/70 156/262/156 131/219/131 132/220/132
s 8
f 69/258/69 70/263/70 132/220/132 129/215/129
s 1
f 60/279/60 49/271/49 116/198/116 117/199/117
s 4
f 101/280/101 60/279/60 117/199/117 118/200/118
s 8
f 108/185/108 163/272/163 118/200/118 128/204/128
s 4
f 164/273/164 163/272/163 108/185/108 109/186/109
s 1
f 165/274/165 164/273/164 109/186/109 110/187/110
s 2
f 166/275/166 165/274/165 110/187/110 111/188/111
s 1
f 167/276/167 166/275/166 111/188/111 112/189/112
s 4
f 168/277/168 167/276/167 112/189/112 113/190/113
s 8
f 119/201/119 105/281/105 113/191/113 139/205/139
s 4
f 57/282/57 105/281/105 119/201/119 120/202/120
s 1
f 121/203/121 52/283/52 57/282/57 120/202/120
s 4
f 49/271/49 52/283/52 121/203/121 116/198/116
s 1
f 169/305/169 171/307/171 172/308/172 170/306/170
f 173/317/173 174/318/174 176/320/176 175/319/175
s 2
f 169/301/169 170/302/170 174/304/174 173/303/173
s 4
f 170/309/170 172/310/172 176/312/176 174/311/174
s 2
f 172/314/172 171/313/171 175/315/175 176/316/176
s 4
f 171/298/171 169/297/169 173/299/173 175/300/175
s 1
f 177/329/177 179/331/179 180/332/180 178/330/178
f 181/341/181 182/342/182 184/344/184 183/343/183
s 2
f 177/325/177 178/326/178 182/328/182 181/327/181
s 4
f 178/333/178 180/334/180 184/336/184 182/335/182
s 2
f 180/338/180 179/337/179 183/339/183 184/340/184
s 4
f 179/322/179 177/321/177 181/323/181 183/324/183
s 1
f 185/353/185 187/355/187 188/356/188 186/354/186
f 189/365/189 190/366/190 192/368/192 191/367/191
s 2
f 185/349/185 186/350/186 190/352/190 189/351/189
s 4
f 186/357/186 188/358/188 192/360/192 190/359/190
s 2
f 188/362/188 187/361/187 191/363/191 192/364/192
s 4
f 187/346/187 185/345/185 189/347/189 191/348/191
s 1
f 193/377/193 195/379/195 196/380/196 194/378/194
f 197/389/197 198/390/198 200/392/200 199/391/199
s 2
f 193/373/193 194/374/194 198/376/198 197/375/197
s 4
f 194/381/194 196/382/196 200/384/200 198/383/198
s 2
f 196/386/196 195/385/195 199/387/199 200/388/200
s 4
f 195/370/195 193/369/193 197/371/197 199/372/199
s 1
f 201/401/201 203/403/203 204/404/204 202/402/202
f 205/413/205 206/414/206 208/416/208 207/415/207
s 2
f 201/397/201 202/398/202 206/400/206 205/399/205
s 4
f 202/405/202 204/406/204 208/408/208 206/407/206
s 2
f 204/410/204 203/409/203 207/411/207 208/412/208
s 4
f 203/394/203 201/393/201 205/395/205 207/396/207
s 1
f 209/425/209 211/427/211 212/428/212 210/426/210
f 213/437/213 214/438/214 216/440/216 215/439/215
s 2
f 209/421/209 210/422/210 214/424/214 213/423/213
s 4
f 210/429/210 212/430/212 216/432/216 214/431/214
s 2
f 212/434/212 211/433/211 215/435/215 216/436/216
s 4
f 211/418/211 209/417/209 213/419/213 215/420/215
s 1
f 217/449/217 219/451/219 220/452/220 218/450/218
f 221/461/221 222/462/222 224/464/224 223/463/223
s 2
f 217/445/217 218/446/218 222/448/222 221/447/221
s 4
f 218/453/218 220/454/220 224/456/224 222/455/222
s 2
f 220/458/220 219/457/219 223/459/223 224/460/224
s 4
f 219/442/219 217/441/217 221/443/221 223/444/223
s 1
f 225/473/225 227/475/227 228/476/228 226/474/226
f 229/485/229 230/486/230 232/488/232 231/487/231
s 2
f 225/469/225 226/470/226 230/472/230 229/471/229
s 4
f 226/477/226 228/478/228 232/480/232 230/479/230
s 2
f 228/482/228 227/481/227 231/483/231 232/484/232
s 4
f 227/466/227 225/465/225 229/467/229 231/468/231
s 1
f 282/590/282 246/526/246 245/525/245 281/589/281
s 2
f 282/590/282 287/597/287 247/527/247 246/526/246
f 293/605/293 297/613/297 247/527/247 287/597/287
f 326/646/326 318/638/318 247/527/247 297/613/297
f 312/630/312 305/621/305 247/527/247 318/638/318
f 234/514/234 235/515/235 247/527/247 305/621/305
s 1
f 248/528/248 247/527/247 235/515/235 236/516/236
s 2
f 249/529/249 248/528/248 236/516/236 237/517/237
s 1
f 250/530/250 249/529/249 237/517/237 238/518/238
s 2
f 251/531/251 250/530/250 238/518/238 239/519/239
s 1
f 252/532/252 251/531/251 239/519/239 240/520/240
s 2
f 253/533/253 252/532/252 240/520/240 241/521/241
s 1
f 254/534/254 253/538/253 241/537/241 242/522/242
s 2
f 242/522/242 283/591/283 255/535/255 254/534/254
f 306/622/306 313/631/313 242/522/242 243/523/243
f 319/639/319 327/647/327 242/522/242 313/631/313
f 298/614/298 294/606/294 242/522/242 327/647/327
f 288/598/288 283/591/283 242/522/242 294/606/294
s 1
f 284/592/284 256/536/256 255/535/255 283/591/283
s 2
f 281/589/281 245/525/245 256/536/256 284/592/284
s 1
f 270/576/270 269/575/269 257/563/257 258/564/258
s 2
f 271/577/271 270/576/270 258/564/258 259/565/259
s 1
f 272/578/272 271/577/271 259/565/259 260/566/260
s 2
f 260/566/260 285/593/285 273/579/273 272/578/272
f 308/624/308 315/633/315 260/566/260 261/567/261
f 321/641/321 329/649/329 260/566/260 315/633/315
f 300/616/300 295/608/295 260/566/260 329/649/329
f 290/600/290 285/593/285 260/566/260 295/608/295
s 1
f 391/594/391 274/580/274 273/579/273 285/593/285
s 2
f 392/595/392 275/581/275 274/580/274 391/594/391
s 1
f 286/596/286 276/582/276 275/581/275 392/595/392
s 2
f 286/596/286 291/603/291 277/583/277 276/582/276
f 296/611/296 303/619/303 277/583/277 291/603/291
f 332/652/332 324/644/324 277/583/277 303/619/303
f 316/636/316 309/627/309 277/583/277 324/644/324
f 264/570/264 265/571/265 277/583/277 309/627/309
s 1
f 278/584/278 277/588/277 265/587/265 266/572/266
s 2
f 279/585/279 278/584/278 266/572/266 267/573/267
s 1
f 280/586/280 279/585/279 267/573/267 268/574/268
s 2
f 269/575/269 280/586/280 268/574/268 257/563/257
s 1
f 282/590/282 281/589/281 292/604/292 287/597/287
f 284/592/284 283/591/283 288/598/288 289/599/289
f 391/594/391 285/593/285 290/600/290 390/601/390
f 286/596/286 392/595/392 393/602/393 291/603/291
f 287/597/287 292/604/292 396/612/396 293/605/293
f 289/599/289 288/598/288 294/606/294 399/607/399
s 2
f 337/659/337 289/599/289 399/607/399 400/660/400
s 1
f 390/601/390 290/600/290 295/608/295 385/609/385
f 291/603/291 393/602/393 388/610/388 296/611/296
f 293/605/293 396/612/396 304/620/304 297/613/297
f 399/607/399 294/606/294 298/614/298 299/615/299
f 385/609/385 295/608/295 300/616/300 301/617/301
f 296/611/296 388/610/388 302/618/302 303/619/303
f 297/613/297 304/620/304 325/645/325 326/646/326
f 299/615/299 298/614/298 327/647/327 328/648/328
s 2
f 304/620/304 299/615/299 328/648/328 325/645/325
s 1
f 301/617/301 300/616/300 329/649/329 330/650/330
s 2
f 302/618/302 301/617/301 330/650/330 331/651/331
s 1
f 303/619/303 302/618/302 331/651/331 332/652/332
f 305/621/305 310/628/310 233/513/233 234/514/234
f 307/623/307 306/622/306 243/523/243 244/524/244
s 2
f 310/628/310 307/623/307 244/524/244 233/513/233
s 1
f 380/625/380 308/624/308 261/567/261 262/568/262
s 2
f 381/626/381 380/625/380 262/568/262 263/569/263
s 1
f 309/627/309 381/626/381 263/569/263 264/570/264
f 312/630/312 311/629/311 310/628/310 305/621/305
f 314/632/314 313/631/313 306/622/306 307/623/307
s 4
f 311/629/311 334/655/334 307/623/307 310/628/310
f 338/661/338 314/632/314 307/623/307 334/655/334
s 1
f 379/634/379 315/633/315 308/624/308 380/625/380
f 316/636/316 382/635/382 381/626/381 309/627/309
f 318/638/318 317/637/317 311/629/311 312/630/312
f 320/640/320 319/639/319 313/631/313 314/632/314
s 4
f 339/662/339 320/640/320 314/632/314 338/661/338
s 1
f 322/642/322 321/641/321 315/633/315 379/634/379
s 2
f 336/658/336 322/642/322 379/634/379 378/656/378
s 1
f 324/644/324 323/643/323 382/635/382 316/636/316
f 326/646/326 325/645/325 317/637/317 318/638/318
f 328/648/328 327/647/327 319/639/319 320/640/320
s 4
f 325/645/325 339/662/339 335/657/335 317/637/317
f 325/645/325 328/648/328 320/640/320 339/662/339
s 1
f 330/650/330 329/649/329 321/641/321 322/642/322
f 332/652/332 331/651/331 323/643/323 324/644/324
s 2
f 333/653/333 395/654/395 396/612/396 292/604/292
s 4
f 335/657/335 334/655/334 311/629/311 317/637/317
f 339/662/339 338/661/338 334/655/334 335/657/335
s 2
f 384/664/384 383/663/383 382/635/382 323/643/323
f 389/668/389 390/665/390 385/666/385 386/667/386
f 394/672/394 387/669/387 388/670/388 393/671/393
s 1
f 346/681/346 361/680/361 330/745/330 322/733/322
s 4
f 362/682/362 346/681/346 322/733/322 336/734/336
s 1
f 354/694/354 360/701/360 336/734/336 378/735/378
s 4
f 363/684/363 347/683/347 384/742/384 323/743/323
s 1
f 364/685/364 363/684/363 323/743/323 331/744/331
s 4
f 361/680/361 364/685/364 331/744/331 330/745/330
f 355/695/355 354/694/354 378/735/378 379/736/379
s 1
f 356/696/356 355/695/355 379/736/379 380/737/380
s 4
f 357/697/357 356/696/356 380/737/380 381/738/381
s 1
f 382/739/382 358/698/358 357/697/357 381/738/381
s 4
f 359/699/359 358/698/358 382/739/382 383/740/383
s 1
f 371/702/371 383/741/383 384/742/384 347/683/347
s 2
f 341/710/341 340/709/340 335/774/335 317/775/317
s 1
f 342/711/342 341/710/341 317/775/317 325/776/325
s 8
f 343/712/343 342/711/342 325/776/325 328/777/328
s 1
f 344/713/344 343/712/343 328/777/328 320/778/320
s 2
f 345/714/345 344/713/344 320/778/320 339/779/339
s 8
f 367/718/367 371/723/371 339/780/339 338/781/338
s 1
f 311/772/311 365/716/365 370/721/370 310/784/310
s 2
f 366/717/366 365/716/365 311/772/311 334/773/334
s 8
f 360/722/360 334/773/334 335/774/335 340/709/340
s 2
f 368/719/368 367/718/367 338/781/338 314/782/314
s 1
f 369/720/369 368/719/368 314/782/314 307/783/307
s 8
f 370/721/370 369/720/369 307/783/307 310/784/310
s 1
f 385/747/385 301/746/301 361/703/361 346/704/346
s 8
f 386/748/386 385/747/385 346/704/346 362/705/362
s 1
f 372/724/372 389/752/389 362/705/362 360/731/360
s 4
f 390/753/390 389/752/389 372/724/372 373/725/373
s 1
f 374/726/374 391/754/391 390/753/390 373/725/373
s 4
f 392/755/392 391/754/391 374/726/374 375/727/375
s 1
f 393/756/393 392/755/392 375/727/375 376/728/376
s 4
f 394/757/394 393/756/393 376/728/376 377/729/377
s 1
f 347/706/347 387/749/387 377/730/377 371/732/371
s 8
f 388/750/388 387/749/387 347/706/347 363/707/363
s 1
f 302/751/302 388/750/388 363/707/363 364/708/364
s 8
f 301/746/301 302/751/302 364/708/364 361/703/361
s 1
f 292/767/292 281/759/281 348/686/348 349/687/349
s 4
f 333/768/333 292/767/292 349/687/349 350/688/350
s 8
f 340/673/340 395/760/395 350/688/350 360/692/360
s 4
f 396/761/396 395/760/395 340/673/340 341/674/341
s 1
f 397/762/397 396/761/396 341/674/341 342/675/342
s 2
f 398/763/398 397/762/397 342/675/342 343/676/343
s 1
f 399/764/399 398/763/398 343/676/343 344/677/344
s 4
f 400/765/400 399/764/399 344/677/344 345/678/345
s 8
f 351/689/351 337/769/337 345/679/345 371/693/371
s 4
f 289/770/289 337/769/337 351/689/351 352/690/352
s 1
f 353/691/353 284/771/284 289/770/289 352/690/352
s 4
f 281/759/281 284/771/284 353/691/353 348/686/348
s 1
f 401/809/401 402/810/402 414/822/414 413/821/413
s 2
f 402/810/402 403/811/403 415/823/415 414/822/414
s 1
f 403/811/403 404/812/404 416/824/416 415/823/415
s 2
f 404/812/404 405/813/405 417/825/417 416/824/416
s 1
f 405/813/405 406/814/406 418/826/418 417/825/417
s 2
f 406/814/406 407/815/407 419/827/419 418/826/418
s 1
f 407/815/407 408/816/408 420/828/420 419/827/419
s 2
f 408/816/408 409/817/409 421/829/421 420/828/420
s 1
f 409/833/409 410/818/410 422/830/422 421/834/421
s 2
f 410/818/410 411/819/411 423/831/423 422/830/422
s 1
f 411/819/411 412/820/412 424/832/424 423/831/423
s 2
f 412/820/412 401/809/401 413/821/413 424/832/424
s 1
f 450/936/450 426/872/426 425/871/425 449/935/449
s 2
f 450/936/450 455/943/455 427/873/427 426/872/426
f 461/951/461 465/959/465 427/873/427 455/943/455
f 494/992/494 486/984/486 427/873/427 465/959/465
f 480/976/480 473/967/473 427/873/427 486/984/486
f 14/860/14 15/861/15 427/873/427 473/967/473
s 1
f 428/874/428 427/873/427 15/861/15 16/862/16
s 2
f 429/875/429 428/874/428 16/862/16 17/863/17
s 1
f 430/876/430 429/875/429 17/863/17 18/864/18
s 2
f 431/877/431 430/876/430 18/864/18 19/865/19
s 1
f 432/878/432 431/877/431 19/865/19 20/866/20
s 2
f 433/879/433 432/878/432 20/866/20 21/867/21
s 1
f 434/880/434 433/884/433 21/883/21 22/868/22
s 2
f 22/868/22 451/937/451 435/881/435 434/880/434
f 474/968/474 481/977/481 22/868/22 23/869/23
f 487/985/487 495/993/495 22/868/22 481/977/481
f 466/960/466 462/952/462 22/868/22 495/993/495
f 456/944/456 451/937/451 22/868/22 462/952/462
s 1
f 452/938/452 436/882/436 435/881/435 451/937/451
s 2
f 449/935/449 425/871/425 436/882/436 452/938/452
s 4
f 433/855/433 434/856/434 427/849/427 428/850/428
f 425/847/425 434/856/434 435/857/435 436/858/436
f 427/849/427 434/856/434 425/847/425 426/848/426
f 430/852/430 433/855/433 428/850/428 429/851/429
f 433/855/433 430/852/430 431/853/431 432/854/432
s 1
f 438/922/438 437/921/437 37/909/37 38/910/38
s 2
f 439/923/439 438/922/438 38/910/38 39/911/39
s 1
f 440/924/440 439/923/439 39/911/39 40/912/40
s 2
f 40/912/40 453/939/453 441/925/441 440/924/440
f 476/970/476 483/979/483 40/912/40 41/913/41
f 489/987/489 497/995/497 40/912/40 483/979/483
f 468/962/468 463/954/463 40/912/40 497/995/497
f 458/946/458 453/939/453 40/912/40 463/954/463
s 1
f 559/940/559 442/926/442 441/925/441 453/939/453
s 2
f 560/941/560 443/927/443 442/926/442 559/940/559
s 1
f 454/942/454 444/928/444 443/927/443 560/941/560
s 2
f 454/942/454 459/949/459 445/929/445 444/928/444
f 464/957/464 471/965/471 445/929/445 459/949/459
f 500/998/500 492/990/492 445/929/445 471/965/471
f 484/982/484 477/973/477 445/929/445 492/990/492
f 44/916/44 45/917/45 445/929/445 477/973/477
s 1
f 446/930/446 445/934/445 45/933/45 46/918/46
s 2
f 447/931/447 446/930/446 46/918/46 47/919/47
s 1
f 448/932/448 447/931/447 47/919/47 48/920/48
s 2
f 437/921/437 448/932/448 48/920/48 37/909/37
s 4
f 439/899/439 446/906/446 437/897/437 438/898/438
f 442/902/442 445/905/445 440/900/440 441/901/441
f 445/905/445 442/902/442 443/903/443 444/904/444
f 445/905/445 446/906/446 439/899/439 440/900/440
f 447/907/447 448/908/448 437/897/437 446/906/446
s 1
f 450/936/450 449/935/449 460/950/460 455/943/455
f 452/938/452 451/937/451 456/944/456 457/945/457
f 559/940/559 453/939/453 458/946/458 558/947/558
f 454/942/454 560/941/560 561/948/561 459/949/459
f 455/943/455 460/950/460 564/958/564 461/951/461
f 457/945/457 456/944/456 462/952/462 567/953/567
s 2
f 505/1005/505 457/945/457 567/953/567 568/1006/568
s 1
f 558/947/558 458/946/458 463/954/463 553/955/553
f 459/949/459 561/948/561 556/956/556 464/957/464
f 461/951/461 564/958/564 472/966/472 465/959/465
f 567/953/567 462/952/462 466/960/466 467/961/467
f 553/955/553 463/954/463 468/962/468 469/963/469
f 464/957/464 556/956/556 470/964/470 471/965/471
f 465/959/465 472/966/472 493/991/493 494/992/494
f 467/961/467 466/960/466 495/993/495 496/994/496
s 2
f 472/966/472 467/961/467 496/994/496 493/991/493
s 1
f 469/963/469 468/962/468 497/995/497 498/996/498
s 2
f 470/964/470 469/963/469 498/996/498 499/997/499
s 1
f 471/965/471 470/964/470 499/997/499 500/998/500
f 473/967/473 478/974/478 13/859/13 14/860/14
f 475/969/475 474/968/474 23/869/23 24/870/24
s 2
f 478/974/478 475/969/475 24/870/24 13/859/13
s 1
f 548/971/548 476/970/476 41/913/41 42/914/42
s 2
f 549/972/549 548/971/548 42/914/42 43/915/43
s 1
f 477/973/477 549/972/549 43/915/43 44/916/44
f 480/976/480 479/975/479 478/974/478 473/967/473
f 482/978/482 481/977/481 474/968/474 475/969/475
s 4
f 479/975/479 502/1001/502 475/969/475 478/974/478
f 506/1007/506 482/978/482 475/969/475 502/1001/502
s 1
f 547/980/547 483/979/483 476/970/476 548/971/548
f 484/982/484 550/981/550 549/972/549 477/973/477
f 486/984/486 485/983/485 479/975/479 480/976/480
f 488/986/488 487/985/487 481/977/481 482/978/482
s 4
f 507/1008/507 488/986/488 482/978/482 506/1007/506
s 1
f 490/988/490 489/987/489 483/979/483 547/980/547
s 2
f 504/1004/504 490/988/490 547/980/547 546/1002/546
s 1
f 492/990/492 491/989/491 550/981/550 484/982/484
f 494/992/494 493/991/493 485/983/485 486/984/486
f 496/994/496 495/993/495 487/985/487 488/986/488
s 4
f 493/991/493 507/1008/507 503/1003/503 485/983/485
f 493/991/493 496/994/496 488/986/488 507/1008/507
s 1
f 498/996/498 497/995/497 489/987/489 490/988/490
f 500/998/500 499/997/499 491/989/491 492/990/492
s 2
f 501/999/501 563/1000/563 564/958/564 460/950/460
s 4
f 503/1003/503 502/1001/502 479/975/479 485/983/485
f 507/1008/507 506/1007/506 502/1001/502 503/1003/503
s 2
f 552/1010/552 551/1009/551 550/981/550 491/989/491
f 557/1014/557 558/1011/558 553/1012/553 554/1013/554
f 562/1018/562 555/1015/555 556/1016/556 561/1017/561
s 1
f 514/1027/514 529/1026/529 498/1091/498 490/1079/490
s 4
f 530/1028/530 514/1027/514 490/1079/490 504/1080/504
s 1
f 522/1040/522 528/1047/528 504/1080/504 546/1081/546
s 4
f 531/1030/531 515/1029/515 552/1088/552 491/1089/491
s 1
f 532/1031/532 531/1030/531 491/1089/491 499/1090/499
s 4
f 529/1026/529 532/1031/532 499/1090/499 498/1091/498
f 523/1041/523 522/1040/522 546/1081/546 547/1082/547
s 1
f 524/1042/524 523/1041/523 547/1082/547 548/1083/548
s 4
f 525/1043/525 524/1042/524 548/1083/548 549/1084/549
s 1
f 550/1085/550 526/1044/526 525/1043/525 549/1084/549
s 4
f 527/1045/527 526/1044/526 550/1085/550 551/1086/551
s 1
f 539/1048/539 551/1087/551 552/1088/552 515/1029/515
s 2
f 509/1056/509 508/1055/508 503/1120/503 485/1121/485
s 1
f 510/1057/510 509/1056/509 485/1121/485 493/1122/493
s 8
f 511/1058/511 510/1057/510 493/1122/493 496/1123/496
s 1
f 512/1059/512 511/1058/511 496/1123/496 488/1124/488
s 2
f 513/1060/513 512/1059/512 488/1124/488 507/1125/507
s 8
f 535/1064/535 539/1069/539 507/1126/507 506/1127/506
s 1
f 479/1118/479 533/1062/533 538/1067/538 478/1130/478
s 2
f 534/1063/534 533/1062/533 479/1118/479 502/1119/502
s 8
f 528/1068/528 502/1119/502 503/1120/503 508/1055/508
s 2
f 536/1065/536 535/1064/535 506/1127/506 482/1128/482
s 1
f 537/1066/537 536/1065/536 482/1128/482 475/1129/475
s 8
f 538/1067/538 537/1066/537 475/1129/475 478/1130/478
s 1
f 553/1093/553 469/1092/469 529/1049/529 514/1050/514
s 8
f 554/1094/554 553/1093/553 514/1050/514 530/1051/530
s 1
f 540/1070/540 557/1098/557 530/1051/530 528/1077/528
s 4
f 558/1099/558 557/1098/557 540/1070/540 541/1071/541
s 1
f 542/1072/542 559/1100/559 558/1099/558 541/1071/541
s 4
f 560/1101/560 559/1100/559 542/1072/542 543/1073/543
s 1
f 561/1102/561 560/1101/560 543/1073/543 544/1074/544
s 4
f 562/1103/562 561/1102/561 544/1074/544 545/1075/545
s 1
f 515/1052/515 555/1095/555 545/1076/545 539/1078/539
s 8
f 556/1096/556 555/1095/555 515/1052/515 531/1053/531
s 1
f 470/1097/470 556/1096/556 531/1053/531 532/1054/532
s 8
f 469/1092/469 470/1097/470 532/1054/532 529/1049/529
s 1
f 460/1113/460 449/1105/449 516/1032/516 517/1033/517
s 4
f 501/1114/501 460/1113/460 517/1033/517 518/1034/518
s 8
f 508/1019/508 563/1106/563 518/1034/518 528/1038/528
s 4
f 564/1107/564 563/1106/563 508/1019/508 509/1020/509
s 1
f 565/1108/565 564/1107/564 509/1020/509 510/1021/510
s 2
f 566/1109/566 565/1108/565 510/1021/510 511/1022/511
s 1
f 567/1110/567 566/1109/566 511/1022/511 512/1023/512
s 4
f 568/1111/568 567/1110/567 512/1023/512 513/1024/513
s 8
f 519/1035/519 505/1115/505 513/1025/513 539/1039/539
s 4
f 457/1116/457 505/1115/505 519/1035/519 520/1036/520
s 1
f 521/1037/521 452/1117/452 457/1116/457 520/1036/520
s 4
f 449/1105/449 452/1117/452 521/1037/521 516/1032/516
s 1
f 569/1139/569 571/1141/571 572/1142/572 570/1140/570
f 573/1151/573 574/1152/574 576/1154/576 575/1153/575
s 2
f 569/1135/569 570/1136/570 574/1138/574 573/1137/573
s 4
f 570/1143/570 572/1144/572 576/1146/576 574/1145/574
s 2
f 572/1148/572 571/1147/571 575/1149/575 576/1150/576
s 4
f 571/1132/571 569/1131/569 573/1133/573 575/1134/575
s 1
f 577/1163/577 579/1165/579 580/1166/580 578/1164/578
f 581/1175/581 582/1176/582 584/1178/584 583/1177/583
s 2
f 577/1159/577 578/1160/578 582/1162/582 581/1161/581
s 4
f 578/1167/578 580/1168/580 584/1170/584 582/1169/582
s 2
f 580/1172/580 579/1171/579 583/1173/583 584/1174/584
s 4
f 579/1156/579 577/1155/577 581/1157/581 583/1158/583
s 1
f 585/1187/585 587/1189/587 588/1190/588 586/1188/586
f 589/1199/589 590/1200/590 592/1202/592 591/1201/591
s 2
f 585/1183/585 586/1184/586 590/1186/590 589/1185/589
s 4
f 586/1191/586 588/1192/588 592/1194/592 590/1193/590
s 2
f 588/1196/588 587/1195/587 591/1197/591 592/1198/592
s 4
f 587/1180/587 585/1179/585 589/1181/589 591/1182/591
s 1
f 593/1211/593 595/1213/595 596/1214/596 594/1212/594
f 597/1223/597 598/1224/598 600/1226/600 599/1225/599
s 2
f 593/1207/593 594/1208/594 598/1210/598 597/1209/597
s 4
f 594/1215/594 596/1216/596 600/1218/600 598/1217/598
s 2
f 596/1220/596 595/1219/595 599/1221/599 600/1222/600
s 4
f 595/1204/595 593/1203/593 597/1205/597 599/1206/599
s 1
f 601/1235/601 603/1237/603 604/1238/604 602/1236/602
f 605/1247/605 606/1248/606 608/1250/608 607/1249/607
s 2
f 601/1231/601 602/1232/602 606/1234/606 605/1233/605
s 4
f 602/1239/602 604/1240/604 608/1242/608 606/1241/606
s 2
f 604/1244/604 603/1243/603 607/1245/607 608/1246/608
s 4
f 603/1228/603 601/1227/601 605/1229/605 607/1230/607
s 1
f 609/1259/609 611/1261/611 612/1262/612 610/1260/610
f 613/1271/613 614/1272/614 616/1274/616 615/1273/615
s 2
f 609/1255/609 610/1256/610 614/1258/614 613/1257/613
s 4
f 610/1263/610 612/1264/612 616/1266/616 614/1265/614
s 2
f 612/1268/612 611/1267/611 615/1269/615 616/1270/616
s 4
f 611/1252/611 609/1251/609 613/1253/613 615/1254/615
s 1
f 617/1283/617 619/1285/619 620/1286/620 618/1284/618
f 621/1295/621 622/1296/622 624/1298/624 623/1297/623
s 2
f 617/1279/617 618/1280/618 622/1282/622 621/1281/621
s 4
f 618/1287/618 620/1288/620 624/1290/624 622/1289/622
s 2
f 620/1292/620 619/1291/619 623/1293/623 624/1294/624
s 4
f 619/1276/619 617/1275/617 621/1277/621 623/1278/623
s 1
f 625/1307/625 627/1309/627 628/1310/628 626/1308/626
f 629/1319/629 630/1320/630 632/1322/632 631/1321/631
s 2
f 625/1303/625 626/1304/626 630/1306/630 629/1305/629
s 4
f 626/1311/626 628/1312/628 632/1314/632 630/1313/630
s 2
f 628/1316/628 627/1315/627 631/1317/631 632/1318/632
s 4
f 627/1300/627 625/1299/625 629/1301/629 631/1302/631
s 1
f 658/1424/658 634/1360/634 633/1359/633 657/1423/657
s 2
f 658/1424/658 663/1431/663 635/1361/635 634/1360/634
f 669/1439/669 673/1447/673 635/1361/635 663/1431/663
f 702/1480/702 694/1472/694 635/1361/635 673/1447/673
f 688/1464/688 681/1455/681 635/1361/635 694/1472/694
f 246/1348/246 247/1349/247 635/1361/635 681/1455/681
s 1
f 636/1362/636 635/1361/635 247/1349/247 248/1350/248
s 2
f 637/1363/637 636/1362/636 248/1350/248 249/1351/249
s 1
f 638/1364/638 637/1363/637 249/1351/249 250/1352/250
s 2
f 639/1365/639 638/1364/638 250/1352/250 251/1353/251
s 1
f 640/1366/640 639/1365/639 251/1353/251 252/1354/252
s 2
f 641/1367/641 640/1366/640 252/1354/252 253/1355/253
s 1
f 642/1368/642 641/1372/641 253/1371/253 254/1356/254
s 2
f 254/1356/254 659/1425/659 643/1369/643 642/1368/642
f 682/1456/682 689/1465/689 254/1356/254 255/1357/255
f 695/1473/695 703/1481/703 254/1356/254 689/1465/689
f 674/1448/674 670/1440/670 254/1356/254 703/1481/703
f 664/1432/664 659/1425/659 254/1356/254 670/1440/670
s 1
f 660/1426/660 644/1370/644 643/1369/643 659/1425/659
s 2
f 657/1423/657 633/1359/633 644/1370/644 660/1426/660
s 4
f 641/1343/641 642/1344/642 635/1337/635 636/1338/636
f 633/1335/633 642/1344/642 643/1345/643 644/1346/644
f 635/1337/635 642/1344/642 633/1335/633 634/1336/634
f 638/1340/638 641/1343/641 636/1338/636 637/1339/637
f 641/1343/641 638/1340/638 639/1341/639 640/1342/640
s 1
f 646/1410/646 645/1409/645 269/1397/269 270/1398/270
s 2
f 647/1411/647 646/1410/646 270/1398/270 271/1399/271
s 1
f 648/1412/648 647/1411/647 271/1399/271 272/1400/272
s 2
f 272/1400/272 661/1427/661 649/1413/649 648/1412/648
f 684/1458/684 691/1467/691 272/1400/272 273/1401/273
f 697/1475/697 705/1483/705 272/1400/272 691/1467/691
f 676/1450/676 671/1442/671 272/1400/272 705/1483/705
f 666/1434/666 661/1427/661 272/1400/272 671/1442/671
s 1
f 767/1428/767 650/1414/650 649/1413/649 661/1427/661
s 2
f 768/1429/768 651/1415/651 650/1414/650 767/1428/767
s 1
f 662/1430/662 652/1416/652 651/1415/651 768/1429/768
s 2
f 662/1430/662 667/1437/667 653/1417/653 652/1416/652
f 672/1445/672 679/1453/679 653/1417/653 667/1437/667
f 708/1486/708 700/1478/700 653/1417/653 679/1453/679
f 692/1470/692 685/1461/685 653/1417/653 700/1478/700
f 276/1404/276 277/1405/277 653/1417/653 685/1461/685
s 1
f 654/1418/654 653/1422/653 277/1421/277 278/1406/278
s 2
f 655/1419/655 654/1418/654 278/1406/278 279/1407/279
s 1
f 656/1420/656 655/1419/655 279/1407/279 280/1408/280
s 2
f 645/1409/645 656/1420/656 280/1408/280 269/1397/269
s 4
f 647/1387/647 654/1394/654 645/1385/645 646/1386/646
f 650/1390/650 653/1393/653 648/1388/648 649/1389/649
f 653/1393/653 650/1390/650 651/1391/651 652/1392/652
f 653/1393/653 654/1394/654 647/1387/647 648/1388/648
f 655/1395/655 656/1396/656 645/1385/645 654/1394/654
s 1
f 658/1424/658 657/1423/657 668/1438/668 663/1431/663
f 660/1426/660 659/1425/659 664/1432/664 665/1433/665
f 767/1428/767 661/1427/661 666/1434/666 766/1435/766
f 662/1430/662 768/1429/768 769/1436/769 667/1437/667
f 663/1431/663 668/1438/668 772/1446/772 669/1439/669
f 665/1433/665 664/1432/664 670/1440/670 775/1441/775
s 2
f 713/1493/713 665/1433/665 775/1441/775 776/1494/776
s 1
f 766/1435/766 666/1434/666 671/1442/671 761/1443/761
f 667/1437/667 769/1436/769 764/1444/764 672/1445/672
f 669/1439/669 772/1446/772 680/1454/680 673/1447/673
f 775/1441/775 670/1440/670 674/1448/674 675/1449/675
f 761/1443/761 671/1442/671 676/1450/676 677/1451/677
f 672/1445/672 764/1444/764 678/1452/678 679/1453/679
f 673/1447/673 680/1454/680 701/1479/701 702/1480/702
f 675/1449/675 674/1448/674 703/1481/703 704/1482/704
s 2
f 680/1454/680 675/1449/675 704/1482/704 701/1479/701
s 1
f 677/1451/677 676/1450/676 705/1483/705 706/1484/706
s 2
f 678/1452/678 677/1451/677 706/1484/706 707/1485/707
s 1
f 679/1453/679 678/1452/678 707/1485/707 708/1486/708
f 681/1455/681 686/1462/686 245/1347/245 246/1348/246
f 683/1457/683 682/1456/682 255/1357/255 256/1358/256
s 2
f 686/1462/686 683/1457/683 256/1358/256 245/1347/245
s 1
f 756/1459/756 684/1458/684 273/1401/273 274/1402/274
s 2
f 757/1460/757 756/1459/756 274/1402/274 275/1403/275
s 1
f 685/1461/685 757/1460/757 275/1403/275 276/1404/276
f 688/1464/688 687/1463/687 686/1462/686 681/1455/681
f 690/1466/690 689/1465/689 682/1456/682 683/1457/683
s 4
f 687/1463/687 710/1489/710 683/1457/683 686/1462/686
f 714/1495/714 690/1466/690 683/1457/683 710/1489/710
s 1
f 755/1468/755 691/1467/691 684/1458/684 756/1459/756
f 692/1470/692 758/1469/758 757/1460/757 685/1461/685
f 694/1472/694 693/1471/693 687/1463/687 688/1464/688
f 696/1474/696 695/1473/695 689/1465/689 690/1466/690
s 4
f 715/1496/715 696/1474/696 690/1466/690 714/1495/714
s 1
f 698/1476/698 697/1475/697 691/1467/691 755/1468/755
s 2
f 712/1492/712 698/1476/698 755/1468/755 754/1490/754
s 1
f 700/1478/700 699/1477/699 758/1469/758 692/1470/692
f 702/1480/702 701/1479/701 693/1471/693 694/1472/694
f 704/1482/704 703/1481/703 695/1473/695 696/1474/696
s 4
f 701/1479/701 715/1496/715 711/1491/711 693/1471/693
f 701/1479/701 704/1482/704 696/1474/696 715/1496/715
s 1
f 706/1484/706 705/1483/705 697/1475/697 698/1476/698
f 708/1486/708 707/1485/707 699/1477/699 700/1478/700
s 2
f 709/1487/709 771/1488/771 772/1446/772 668/1438/668
s 4
f 711/1491/711 710/1489/710 687/1463/687 693/1471/693
f 715/1496/715 714/1495/714 710/1489/710 711/1491/711
s 2
f 760/1498/760 759/1497/759 758/1469/758 699/1477/699
f 765/1502/765 766/1499/766 761/1500/761 762/1501/762
f 770/1506/770 763/1503/763 764/1504/764 769/1505/769
s 1
f 722/1515/722 737/1514/737 706/1579/706 698/1567/698
s 4
f 738/1516/738 722/1515/722 698/1567/698 712/1568/712
s 1
f 730/1528/730 736/1535/736 712/1568/712 754/1569/754
s 4
f 739/1518/739 723/1517/723 760/1576/760 699/1577/699
s 1
f 740/1519/740 739/1518/739 699/1577/699 707/1578/707
s 4
f 737/1514/737 740/1519/740 707/1578/707 706/1579/706
f 731/1529/731 730/1528/730 754/1569/754 755/1570/755
s 1
f 732/1530/732 731/1529/731 755/1570/755 756/1571/756
s 4
f 733/1531/733 732/1530/732 756/1571/756 757/1572/757
s 1
f 758/1573/758 734/1532/734 733/1531/733 757/1572/757
s 4
f 735/1533/735 734/1532/734 758/1573/758 759/1574/759
s 1
f 747/1536/747 759/1575/759 760/1576/760 723/1517/723
s 2
f 717/1544/717 716/1543/716 711/1608/711 693/1609/693
s 1
f 718/1545/718 717/1544/717 693/1609/693 701/1610/701
s 8
f 719/1546/719 718/1545/718 701/1610/701 704/1611/704
s 1
f 720/1547/720 719/1546/719 704/1611/704 696/1612/696
s 2
f 721/1548/721 720/1547/720 696/1612/696 715/1613/715
s 8
f 743/1552/743 747/1557/747 715/1614/715 714/1615/714
s 1
f 687/1606/687 741/1550/741 746/1555/746 686/1618/686
s 2
f 742/1551/742 741/1550/741 687/1606/687 710/1607/710
s 8
f 736/1556/736 710/1607/710 711/1608/711 716/1543/716
s 2
f 744/1553/744 743/1552/743 714/1615/714 690/1616/690
s 1
f 745/1554/745 744/1553/744 690/1616/690 683/1617/683
s 8
f 746/1555/746 745/1554/745 683/1617/683 686/1618/686
s 1
f 761/1581/761 677/1580/677 737/1537/737 722/1538/722
s 8
f 762/1582/762 761/1581/761 722/1538/722 738/1539/738
s 1
f 748/1558/748 765/1586/765 738/1539/738 736/1565/736
s 4
f 766/1587/766 765/1586/765 748/1558/748 749/1559/749
s 1
f 750/1560/750 767/1588/767 766/1587/766 749/1559/749
s 4
f 768/1589/768 767/1588/767 750/1560/750 751/1561/751
s 1
f 769/1590/769 768/1589/768 751/1561/751 752/1562/752
s 4
f 770/1591/770 769/1590/769 752/1562/752 753/1563/753
s 1
f 723/1540/723 763/1583/763 753/1564/753 747/1566/747
s 8
f 764/1584/764 763/1583/763 723/1540/723 739/1541/739
s 1
f 678/1585/678 764/1584/764 739/1541/739 740/1542/740
s 8
f 677/1580/677 678/1585/678 740/1542/740 737/1537/737
s 1
f 668/1601/668 657/1593/657 724/1520/724 725/1521/725
s 4
f 709/1602/709 668/1601/668 725/1521/725 726/1522/726
s 8
f 716/1507/716 771/1594/771 726/1522/726 736/1526/736
s 4
f 772/1595/772 771/1594/771 716/1507/716 717/1508/717
s 1
f 773/1596/773 772/1595/772 717/1508/717 718/1509/718
s 2
f 774/1597/774 773/1596/773 718/1509/718 719/1510/719
s 1
f 775/1598/775 774/1597/774 719/1510/719 720/1511/720
s 4
f 776/1599/776 775/1598/775 720/1511/720 721/1512/721
s 8
f 727/1523/727 713/1603/713 721/1513/721 747/1527/747
s 4
f 665/1604/665 713/1603/713 727/1523/727 728/1524/728
s 1
f 729/1525/729 660/1605/660 665/1604/665 728/1524/728
s 4
f 657/1593/657 660/1605/660 729/1525/729 724/1520/724
s 1
f 777/1643/777 778/1644/778 402/1656/402 401/1655/401
s 2
f 778/1644/778 779/1645/779 403/1657/403 402/1656/402
s 1
f 779/1645/779 780/1646/780 404/1658/404 403/1657/403
s 2
f 780/1646/780 781/1647/781 405/1659/405 404/1658/404
s 1
f 781/1647/781 782/1648/782 406/1660/406 405/1659/405
s 2
f 782/1648/782 783/1649/783 407/1661/407 406/1660/406
s 1
f 783/1649/783 784/1650/784 408/1662/408 407/1661/407
s 2
f 784/1650/784 785/1651/785 409/1663/409 408/1662/408
s 1
f 785/1667/785 786/1652/786 410/1664/410 409/1668/409
s 2
f 786/1652/786 787/1653/787 411/1665/411 410/1664/410
s 1
f 787/1653/787 788/1654/788 412/1666/412 411/1665/411
s 2
f 788/1654/788 777/1643/777 401/1655/401 412/1666/412
s 4
f 777/1619/777 786/1628/786 779/1621/779 778/1620/778
f 787/1629/787 786/1628/786 777/1619/777 788/1630/788
f 785/1627/785 780/1622/780 779/1621/779 786/1628/786
f 783/1625/783 782/1624/782 785/1627/785 784/1626/784
f 782/1624/782 781/1623/781 780/1622/780 785/1627/785
s 1
f 814/1770/814 2/1706/2 1/1705/1 813/1769/813
s 2
f 814/1770/814 819/1777/819 3/1707/3 2/1706/2
f 825/1785/825 829/1793/829 3/1707/3 819/1777/819
f 858/1826/858 850/1818/850 3/1707/3 829/1793/829
f 844/1810/844 837/1801/837 3/1707/3 850/1818/850
f 790/1694/790 791/1695/791 3/1707/3 837/1801/837
s 1
f 4/1708/4 3/1707/3 791/1695/791 792/1696/792
s 2
f 5/1709/5 4/1708/4 792/1696/792 793/1697/793
s 1
f 6/1710/6 5/1709/5 793/1697/793 794/1698/794
s 2
f 7/1711/7 6/1710/6 794/1698/794 795/1699/795
s 1
f 8/1712/8 7/1711/7 795/1699/795 796/1700/796
s 2
f 9/1713/9 8/1712/8 796/1700/796 797/1701/797
s 1
f 10/1714/10 9/1718/9 797/1717/797 798/1702/798
s 2
f 798/1702/798 815/1771/815 11/1715/11 10/1714/10
f 838/1802/838 845/1811/845 798/1702/798 799/1703/799
f 851/1819/851 859/1827/859 798/1702/798 845/1811/845
f 830/1794/830 826/1786/826 798/1702/798 859/1827/859
f 820/1778/820 815/1771/815 798/1702/798 826/1786/826
s 1
f 816/1772/816 12/1716/12 11/1715/11 815/1771/815
s 2
f 813/1769/813 1/1705/1 12/1716/12 816/1772/816
s 4
f 789/1669/789 798/1678/798 791/1671/791 790/1670/790
f 799/1679/799 798/1678/798 789/1669/789 800/1680/800
f 791/1671/791 798/1678/798 797/1677/797 792/1672/792
f 795/1675/795 794/1674/794 797/1677/797 796/1676/796
f 792/1672/792 797/1677/797 794/1674/794 793/1673/793
s 1
f 26/1756/26 25/1755/25 801/1743/801 802/1744/802
s 2
f 27/1757/27 26/1756/26 802/1744/802 803/1745/803
s 1
f 28/1758/28 27/1757/27 803/1745/803 804/1746/804
s 2
f 804/1746/804 817/1773/817 29/1759/29 28/1758/28
f 840/1804/840 847/1813/847 804/1746/804 805/1747/805
f 853/1821/853 861/1829/861 804/1746/804 847/1813/847
f 832/1796/832 827/1788/827 804/1746/804 861/1829/861
f 822/1780/822 817/1773/817 804/1746/804 827/1788/827
s 1
f 923/1774/923 30/1760/30 29/1759/29 817/1773/817
s 2
f 924/1775/924 31/1761/31 30/1760/30 923/1774/923
s 1
f 818/1776/818 32/1762/32 31/1761/31 924/1775/924
s 2
f 818/1776/818 823/1783/823 33/1763/33 32/1762/32
f 828/1791/828 835/1799/835 33/1763/33 823/1783/823
f 864/1832/864 856/1824/856 33/1763/33 835/1799/835
f 848/1816/848 841/1807/841 33/1763/33 856/1824/856
f 808/1750/808 809/1751/809 33/1763/33 841/1807/841
s 1
f 34/1764/34 33/1768/33 809/1767/809 810/1752/810
s 2
f 35/1765/35 34/1764/34 810/1752/810 811/1753/811
s 1
f 36/1766/36 35/1765/35 811/1753/811 812/1754/812
s 2
f 25/1755/25 36/1766/36 812/1754/812 801/1743/801
s 4
f 807/1725/807 806/1724/806 809/1727/809 808/1726/808
f 804/1722/804 809/1727/809 806/1724/806 805/1723/805
f 803/1721/803 810/1728/810 809/1727/809 804/1722/804
f 801/1719/801 810/1728/810 803/1721/803 802/1720/802
f 811/1729/811 810/1728/810 801/1719/801 812/1730/812
s 1
f 814/1770/814 813/1769/813 824/1784/824 819/1777/819
f 816/1772/816 815/1771/815 820/1778/820 821/1779/821
f 923/1774/923 817/1773/817 822/1780/822 922/1781/922
f 818/1776/818 924/1775/924 925/1782/925 823/1783/823
f 819/1777/819 824/1784/824 928/1792/928 825/1785/825
f 821/1779/821 820/1778/820 826/1786/826 931/1787/931
s 2
f 869/1839/869 821/1779/821 931/1787/931 932/1840/932
s 1
f 922/1781/922 822/1780/822 827/1788/827 917/1789/917
f 823/1783/823 925/1782/925 920/1790/920 828/1791/828
f 825/1785/825 928/1792/928 836/1800/836 829/1793/829
f 931/1787/931 826/1786/826 830/1794/830 831/1795/831
f 917/1789/917 827/1788/827 832/1796/832 833/1797/833
f 828/1791/828 920/1790/920 834/1798/834 835/1799/835
f 829/1793/829 836/1800/836 857/1825/857 858/1826/858
f 831/1795/831 830/1794/830 859/1827/859 860/1828/860
s 2
f 836/1800/836 831/1795/831 860/1828/860 857/1825/857
s 1
f 833/1797/833 832/1796/832 861/1829/861 862/1830/862
s 2
f 834/1798/834 833/1797/833 862/1830/862 863/1831/863
s 1
f 835/1799/835 834/1798/834 863/1831/863 864/1832/864
f 837/1801/837 842/1808/842 789/1693/789 790/1694/790
f 839/1803/839 838/1802/838 799/1703/799 800/1704/800
s 2
f 842/1808/842 839/1803/839 800/1704/800 789/1693/789
s 1
f 912/1805/912 840/1804/840 805/1747/805 806/1748/806
s 2
f 913/1806/913 912/1805/912 806/1748/806 807/1749/807
s 1
f 841/1807/841 913/1806/913 807/1749/807 808/1750/808
f 844/1810/844 843/1809/843 842/1808/842 837/1801/837
f 846/1812/846 845/1811/845 838/1802/838 839/1803/839
s 4
f 843/1809/843 866/1835/866 839/1803/839 842/1808/842
f 870/1841/870 846/1812/846 839/1803/839 866/1835/866
s 1
f 911/1814/911 847/1813/847 840/1804/840 912/1805/912
f 848/1816/848 914/1815/914 913/1806/913 841/1807/841
f 850/1818/850 849/1817/849 843/1809/843 844/1810/844
f 852/1820/852 851/1819/851 845/1811/845 846/1812/846
s 4
f 871/1842/871 852/1820/852 846/1812/846 870/1841/870
s 1
f 854/1822/854 853/1821/853 847/1813/847 911/1814/911
s 2
f 868/1838/868 854/1822/854 911/1814/911 910/1836/910
s 1
f 856/1824/856 855/1823/855 914/1815/914 848/1816/848
f 858/1826/858 857/1825/857 849/1817/849 850/1818/850
f 860/1828/860 859/1827/859 851/1819/851 852/1820/852
s 4
f 857/1825/857 871/1842/871 867/1837/867 849/1817/849
f 857/1825/857 860/1828/860 852/1820/852 871/1842/871
s 1
f 862/1830/862 861/1829/861 853/1821/853 854/1822/854
f 864/1832/864 863/1831/863 855/1823/855 856/1824/856
s 2
f 865/1833/865 927/1834/927 928/1792/928 824/1784/824
s 4
f 867/1837/867 866/1835/866 843/1809/843 849/1817/849
f 871/1842/871 870/1841/870 866/1835/866 867/1837/867
s 2
f 916/1844/916 915/1843/915 914/1815/914 855/1823/855
f 921/1848/921 922/1845/922 917/1846/917 918/1847/918
f 926/1852/926 919/1849/919 920/1850/920 925/1851/925
s 1
f 878/1861/878 893/1860/893 862/1925/862 854/1913/854
s 4
f 894/1862/894 878/1861/878 854/1913/854 868/1914/868
s 1
f 886/1874/886 892/1881/892 868/1914/868 910/1915/910
s 4
f 895/1864/895 879/1863/879 916/1922/916 855/1923/855
s 1
f 896/1865/896 895/1864/895 855/1923/855 863/1924/863
s 4
f 893/1860/893 896/1865/896 863/1924/863 862/1925/862
f 887/1875/887 886/1874/886 910/1915/910 911/1916/911
s 1
f 888/1876/888 887/1875/887 911/1916/911 912/1917/912
s 4
f 889/1877/889 888/1876/888 912/1917/912 913/1918/913
s 1
f 914/1919/914 890/1878/890 889/1877/889 913/1918/913
s 4
f 891/1879/891 890/1878/890 914/1919/914 915/1920/915
s 1
f 903/1882/903 915/1921/915 916/1922/916 879/1863/879
s 2
f 873/1890/873 872/1889/872 867/1954/867 849/1955/849
s 1
f 874/1891/874 873/1890/873 849/1955/849 857/1956/857
s 8
f 875/1892/875 874/1891/874 857/1956/857 860/1957/860
s 1
f 876/1893/876 875/1892/875 860/1957/860 852/1958/852
s 2
f 877/1894/877 876/1893/876 852/1958/852 871/1959/871
s 8
f 899/1898/899 903/1903/903 871/1960/871 870/1961/870
s 1
f 843/1952/843 897/1896/897 902/1901/902 842/1964/842
s 2
f 898/1897/898 897/1896/897 843/1952/843 866/1953/866
s 8
f 892/1902/892 866/1953/866 867/1954/867 872/1889/872
s 2
f 900/1899/900 899/1898/899 870/1961/870 846/1962/846
s 1
f 901/1900/901 900/1899/900 846/1962/846 839/1963/839
s 8
f 902/1901/902 901/1900/901 839/1963/839 842/1964/842
s 1
f 917/1927/917 833/1926/833 893/1883/893 878/1884/878
s 8
f 918/1928/918 917/1927/917 878/1884/878 894/1885/894
s 1
f 904/1904/904 921/1932/921 894/1885/894 892/1911/892
s 4
f 922/1933/922 921/1932/921 904/1904/904 905/1905/905
s 1
f 906/1906/906 923/1934/923 922/1933/922 905/1905/905
s 4
f 924/1935/924 923/1934/923 906/1906/906 907/1907/907
s 1
f 925/1936/925 924/1935/924 907/1907/907 908/1908/908
s 4
f 926/1937/926 925/1936/925 908/1908/908 909/1909/909
s 1
f 879/1886/879 919/1929/919 909/1910/909 903/1912/903
s 8
f 920/1930/920 919/1929/919 879/1886/879 895/1887/895
s 1
f 834/1931/834 920/1930/920 895/1887/895 896/1888/896
s 8
f 833/1926/833 834/1931/834 896/1888/896 893/1883/893
s 1
f 824/1947/824 813/1939/813 880/1866/880 881/1867/881
s 4
f 865/1948/865 824/1947/824 881/1867/881 882/1868/882
s 8
f 872/1853/872 927/1940/927 882/1868/882 892/1872/892
s 4
f 928/1941/928 927/1940/927 872/1853/872 873/1854/873
s 1
f 929/1942/929 928/1941/928 873/1854/873 874/1855/874
s 2
f 930/1943/930 929/1942/929 874/1855/874 875/1856/875
s 1
f 931/1944/931 930/1943/930 875/1856/875 876/1857/876
s 4
f 932/1945/932 931/1944/931 876/1857/876 877/1858/877
s 8
f 883/1869/883 869/1949/869 877/1859/877 903/1873/903
s 4
f 821/1950/821 869/1949/869 883/1869/883 884/1870/884
s 1
f 885/1871/885 816/1951/816 821/1950/821 884/1870/884
s 4
f 813/1939/813 816/1951/816 885/1871/885 880/1866/880
s 1
f 933/1973/933 935/1975/935 936/1976/936 934/1974/934
f 937/1985/937 938/1986/938 940/1988/940 939/1987/939
s 2
f 933/1969/933 934/1970/934 938/1972/938 937/1971/937
s 4
f 934/1977/934 936/1978/936 940/1980/940 938/1979/938
s 2
f 936/1982/936 935/1981/935 939/1983/939 940/1984/940
s 4
f 935/1966/935 933/1965/933 937/1967/937 939/1968/939
s 1
f 941/1997/941 943/1999/943 944/2000/944 942/1998/942
f 945/2009/945 946/2010/946 948/2012/948 947/2011/947
s 2
f 941/1993/941 942/1994/942 946/1996/946 945/1995/945
s 4
f 942/2001/942 944/2002/944 948/2004/948 946/2003/946
s 2
f 944/2006/944 943/2005/943 947/2007/947 948/2008/948
s 4
f 943/1990/943 941/1989/941 945/1991/945 947/1992/947
s 1
f 949/2021/949 951/2023/951 952/2024/952 950/2022/950
f 953/2033/953 954/2034/954 956/2036/956 955/2035/955
s 2
f 949/2017/949 950/2018/950 954/2020/954 953/2019/953
s 4
f 950/2025/950 952/2026/952 956/2028/956 954/2027/954
s 2
f 952/2030/952 951/2029/951 955/2031/955 956/2032/956
s 4
f 951/2014/951 949/2013/949 953/2015/953 955/2016/955
s 1
f 957/2045/957 959/2047/959 960/2048/960 958/2046/958
f 961/2057/961 962/2058/962 964/2060/964 963/2059/963
s 2
f 957/2041/957 958/2042/958 962/2044/962 961/2043/961
s 4
f 958/2049/958 960/2050/960 964/2052/964 962/2051/962
s 2
f 960/2054/960 959/2053/959 963/2055/963 964/2056/964
s 4
f 959/2038/959 957/2037/957 961/2039/961 963/2040/963
s 1
f 965/2069/965 967/2071/967 968/2072/968 966/2070/966
f 969/2081/969 970/2082/970 972/2084/972 971/2083/971
s 2
f 965/2065/965 966/2066/966 970/2068/970 969/2067/969
s 4
f 966/2073/966 968/2074/968 972/2076/972 970/2075/970
s 2
f 968/2078/968 967/2077/967 971/2079/971 972/2080/972
s 4
f 967/2062/967 965/2061/965 969/2063/969 971/2064/971
s 1
f 973/2093/973 975/2095/975 976/2096/976 974/2094/974
f 977/2105/977 978/2106/978 980/2108/980 979/2107/979
s 2
f 973/2089/973 974/2090/974 978/2092/978 977/2091/977
s 4
f 974/2097/974 976/2098/976 980/2100/980 978/2099/978
s 2
f 976/2102/976 975/2101/975 979/2103/979 980/2104/980
s 4
f 975/2086/975 973/2085/973 977/2087/977 979/2088/979
s 1
f 981/2117/981 983/2119/983 984/2120/984 982/2118/982
f 985/2129/985 986/2130/986 988/2132/988 987/2131/987
s 2
f 981/2113/981 982/2114/982 986/2116/986 985/2115/985
s 4
f 982/2121/982 984/2122/984 988/2124/988 986/2123/986
s 2
f 984/2126/984 983/2125/983 987/2127/987 988/2128/988
s 4
f 983/2110/983 981/2109/981 985/2111/985 987/2112/987
s 1
f 989/2141/989 991/2143/991 992/2144/992 990/2142/990
f 993/2153/993 994/2154/994 996/2156/996 995/2155/995
s 2
f 989/2137/989 990/2138/990 994/2140/994 993/2139/993
s 4
f 990/2145/990 992/2146/992 996/2148/996 994/2147/994
s 2
f 992/2150/992 991/2149/991 995/2151/995 996/2152/996
s 4
f 991/2134/991 989/2133/989 993/2135/993 995/2136/995
s 1
f 1022/2258/1022 234/2194/234 233/2193/233 1021/2257/1021
s 2
f 1022/2258/1022 1027/2265/1027 235/2195/235 234/2194/234
f 1033/2273/1033 1037/2281/1037 235/2195/235 1027/2265/1027
f 1066/2314/1066 1058/2306/1058 235/2195/235 1037/2281/1037
f 1052/2298/1052 1045/2289/1045 235/2195/235 1058/2306/1058
f 998/2182/998 999/2183/999 235/2195/235 1045/2289/1045
s 1
f 236/2196/236 235/2195/235 999/2183/999 1000/2184/1000
s 2
f 237/2197/237 236/2196/236 1000/2184/1000 1001/2185/1001
s 1
f 238/2198/238 237/2197/237 1001/2185/1001 1002/2186/1002
s 2
f 239/2199/239 238/2198/238 1002/2186/1002 1003/2187/1003
s 1
f 240/2200/240 239/2199/239 1003/2187/1003 1004/2188/1004
s 2
f 241/2201/241 240/2200/240 1004/2188/1004 1005/2189/1005
s 1
f 242/2202/242 241/2206/241 1005/2205/1005 1006/2190/1006
s 2
f 1006/2190/1006 1023/2259/1023 243/2203/243 242/2202/242
f 1046/2290/1046 1053/2299/1053 1006/2190/1006 1007/2191/1007
f 1059/2307/1059 1067/2315/1067 1006/2190/1006 1053/2299/1053
f 1038/2282/1038 1034/2274/1034 1006/2190/1006 1067/2315/1067
f 1028/2266/1028 1023/2259/1023 1006/2190/1006 1034/2274/1034
s 1
f 1024/2260/1024 244/2204/244 243/2203/243 1023/2259/1023
s 2
f 1021/2257/1021 233/2193/233 244/2204/244 1024/2260/1024
s 4
f 997/2157/997 1006/2166/1006 999/2159/999 998/2158/998
f 1007/2167/1007 1006/2166/1006 997/2157/997 1008/2168/1008
f 999/2159/999 1006/2166/1006 1005/2165/1005 1000/2160/1000
f 1003/2163/1003 1002/2162/1002 1005/2165/1005 1004/2164/1004
f 1000/2160/1000 1005/2165/1005 1002/2162/1002 1001/2161/1001
s 1
f 258/2244/258 257/2243/257 1009/2231/1009 1010/2232/1010
s 2
f 259/2245/259 258/2244/258 1010/2232/1010 1011/2233/1011
s 1
f 260/2246/260 259/2245/259 1011/2233/1011 1012/2234/1012
s 2
f 1012/2234/1012 1025/2261/1025 261/2247/261 260/2246/260
f 1048/2292/1048 1055/2301/1055 1012/2234/1012 1013/2235/1013
f 1061/2309/1061 1069/2317/1069 1012/2234/1012 1055/2301/1055
f 1040/2284/1040 1035/2276/1035 1012/2234/1012 1069/2317/1069
f 1030/2268/1030 1025/2261/1025 1012/2234/1012 1035/2276/1035
s 1
f 1131/2262/1131 262/2248/262 261/2247/261 1025/2261/1025
s 2
f 1132/2263/1132 263/2249/263 262/2248/262 1131/2262/1131
s 1
f 1026/2264/1026 264/2250/264 263/2249/263 1132/2263/1132
s 2
f 1026/2264/1026 1031/2271/1031 265/2251/265 264/2250/264
f 1036/2279/1036 1043/2287/1043 265/2251/265 1031/2271/1031
f 1072/2320/1072 1064/2312/1064 265/2251/265 1043/2287/1043
f 1056/2304/1056 1049/2295/1049 265/2251/265 1064/2312/1064
f 1016/2238/1016 1017/2239/1017 265/2251/265 1049/2295/1049
s 1
f 266/2252/266 265/2256/265 1017/2255/1017 1018/2240/1018
s 2
f 267/2253/267 266/2252/266 1018/2240/1018 1019/2241/1019
s 1
f 268/2254/268 267/2253/267 1019/2241/1019 1020/2242/1020
s 2
f 257/2243/257 268/2254/268 1020/2242/1020 1009/2231/1009
s 4
f 1015/2213/1015 1014/2212/1014 1017/2215/1017 1016/2214/1016
f 1012/2210/1012 1017/2215/1017 1014/2212/1014 1013/2211/1013
f 1011/2209/1011 1018/2216/1018 1017/2215/1017 1012/2210/1012
f 1009/2207/1009 1018/2216/1018 1011/2209/1011 1010/2208/1010
f 1019/2217/1019 1018/2216/1018 1009/2207/1009 1020/2218/1020
s 1
f 1022/2258/1022 1021/2257/1021 1032/2272/1032 1027/2265/1027
f 1024/2260/1024 1023/2259/1023 1028/2266/1028 1029/2267/1029
f 1131/2262/1131 1025/2261/1025 1030/2268/1030 1130/2269/1130
f 1026/2264/1026 1132/2263/1132 1133/2270/1133 1031/2271/1031
f 1027/2265/1027 1032/2272/1032 1136/2280/1136 1033/2273/1033
f 1029/2267/1029 1028/2266/1028 1034/2274/1034 1139/2275/1139
s 2
f 1077/2327/1077 1029/2267/1029 1139/2275/1139 1140/2328/1140
s 1
f 1130/2269/1130 1030/2268/1030 1035/2276/1035 1125/2277/1125
f 1031/2271/1031 1133/2270/1133 1128/2278/1128 1036/2279/1036
f 1033/2273/1033 1136/2280/1136 1044/2288/1044 1037/2281/1037
f 1139/2275/1139 1034/2274/1034 1038/2282/1038 1039/2283/1039
f 1125/2277/1125 1035/2276/1035 1040/2284/1040 1041/2285/1041
f 1036/2279/1036 1128/2278/1128 1042/2286/1042 1043/2287/1043
f 1037/2281/1037 1044/2288/1044 1065/2313/1065 1066/2314/1066
f 1039/2283/1039 1038/2282/1038 1067/2315/1067 1068/2316/1068
s 2
f 1044/2288/1044 1039/2283/1039 1068/2316/1068 1065/2313/1065
s 1
f 1041/2285/1041 1040/2284/1040 1069/2317/1069 1070/2318/1070
s 2
f 1042/2286/1042 1041/2285/1041 1070/2318/1070 1071/2319/1071
s 1
f 1043/2287/1043 1042/2286/1042 1071/2319/1071 1072/2320/1072
f 1045/2289/1045 1050/2296/1050 997/2181/997 998/2182/998
f 1047/2291/1047 1046/2290/1046 1007/2191/1007 1008/2192/1008
s 2
f 1050/2296/1050 1047/2291/1047 1008/2192/1008 997/2181/997
s 1
f 1120/2293/1120 1048/2292/1048 1013/2235/1013 1014/2236/1014
s 2
f 1121/2294/1121 1120/2293/1120 1014/2236/1014 1015/2237/1015
s 1
f 1049/2295/1049 1121/2294/1121 1015/2237/1015 1016/2238/1016
f 1052/2298/1052 1051/2297/1051 1050/2296/1050 1045/2289/1045
f 1054/2300/1054 1053/2299/1053 1046/2290/1046 1047/2291/1047
s 4
f 1051/2297/1051 1074/2323/1074 1047/2291/1047 1050/2296/1050
f 1078/2329/1078 1054/2300/1054 1047/2291/1047 1074/2323/1074
s 1
f 1119/2302/1119 1055/2301/1055 1048/2292/1048 1120/2293/1120
f 1056/2304/1056 1122/2303/1122 1121/2294/1121 1049/2295/1049
f 1058/2306/1058 1057/2305/1057 1051/2297/1051 1052/2298/1052
f 1060/2308/1060 1059/2307/1059 1053/2299/1053 1054/2300/1054
s 4
f 1079/2330/1079 1060/2308/1060 1054/2300/1054 1078/2329/1078
s 1
f 1062/2310/1062 1061/2309/1061 1055/2301/1055 1119/2302/1119
s 2
f 1076/2326/1076 1062/2310/1062 1119/2302/1119 1118/2324/1118
s 1
f 1064/2312/1064 1063/2311/1063 1122/2303/1122 1056/2304/1056
f 1066/2314/1066 1065/2313/1065 1057/2305/1057 1058/2306/1058
f 1068/2316/1068 1067/2315/1067 1059/2307/1059 1060/2308/1060
s 4
f 1065/2313/1065 1079/2330/1079 1075/2325/1075 1057/2305/1057
f 1065/2313/1065 1068/2316/1068 1060/2308/1060 1079/2330/1079
s 1
f 1070/2318/1070 1069/2317/1069 1061/2309/1061 1062/2310/1062
f 1072/2320/1072 1071/2319/1071 1063/2311/1063 1064/2312/1064
s 2
f 1073/2321/1073 1135/2322/1135 1136/2280/1136 1032/2272/1032
s 4
f 1075/2325/1075 1074/2323/1074 1051/2297/1051 1057/2305/1057
f 1079/2330/1079 1078/2329/1078 1074/2323/1074 1075/2325/1075
s 2
f 1124/2332/1124 1123/2331/1123 1122/2303/1122 1063/2311/1063
f 1129/2336/1129 1130/2333/1130 1125/2334/1125 1126/2335/1126
f 1134/2340/1134 1127/2337/1127 1128/2338/1128 1133/2339/1133
s 1
f 1086/2349/1086 1101/2348/1101 1070/2413/1070 1062/2401/1062
s 4
f 1102/2350/1102 1086/2349/1086 1062/2401/1062 1076/2402/1076
s 1
f 1094/2362/1094 1100/2369/1100 1076/2402/1076 1118/2403/1118
s 4
f 1103/2352/1103 1087/2351/1087 1124/2410/1124 1063/2411/1063
s 1
f 1104/2353/1104 1103/2352/1103 1063/2411/1063 1071/2412/1071
s 4
f 1101/2348/1101 1104/2353/1104 1071/2412/1071 1070/2413/1070
f 1095/2363/1095 1094/2362/1094 1118/2403/1118 1119/2404/1119
s 1
f 1096/2364/1096 1095/2363/1095 1119/2404/1119 1120/2405/1120
s 4
f 1097/2365/1097 1096/2364/1096 1120/2405/1120 1121/2406/1121
s 1
f 1122/2407/1122 1098/2366/1098 1097/2365/1097 1121/2406/1121
s 4
f 1099/2367/1099 1098/2366/1098 1122/2407/1122 1123/2408/1123
s 1
f 1111/2370/1111 1123/2409/1123 1124/2410/1124 1087/2351/1087
s 2
f 1081/2378/1081 1080/2377/1080 1075/2442/1075 1057/2443/1057
s 1
f 1082/2379/1082 1081/2378/1081 1057/2443/1057 1065/2444/1065
s 8
f 1083/2380/1083 1082/2379/1082 1065/2444/1065 1068/2445/1068
s 1
f 1084/2381/1084 1083/2380/1083 1068/2445/1068 1060/2446/1060
s 2
f 1085/2382/1085 1084/2381/1084 1060/2446/1060 1079/2447/1079
s 8
f 1107/2386/1107 1111/2391/1111 1079/2448/1079 1078/2449/1078
s 1
f 1051/2440/1051 1105/2384/1105 1110/2389/1110 1050/2452/1050
s 2
f 1106/2385/1106 1105/2384/1105 1051/2440/1051 1074/2441/1074
s 8
f 1100/2390/1100 1074/2441/1074 1075/2442/1075 1080/2377/1080
s 2
f 1108/2387/1108 1107/2386/1107 1078/2449/1078 1054/2450/1054
s 1
f 1109/2388/1109 1108/2387/1108 1054/2450/1054 1047/2451/1047
s 8
f 1110/2389/1110 1109/2388/1109 1047/2451/1047 1050/2452/1050
s 1
f 1125/2415/1125 1041/2414/1041 1101/2371/1101 1086/2372/1086
s 8
f 1126/2416/1126 1125/2415/1125 1086/2372/1086 1102/2373/1102
s 1
f 1112/2392/1112 1129/2420/1129 1102/2373/1102 1100/2399/1100
s 4
f 1130/2421/1130 1129/2420/1129 1112/2392/1112 1113/2393/1113
s 1
f 1114/2394/1114 1131/2422/1131 1130/2421/1130 1113/2393/1113
s 4
f 1132/2423/1132 1131/2422/1131 1114/2394/1114 1115/2395/1115
s 1
f 1133/2424/1133 1132/2423/1132 1115/2395/1115 1116/2396/1116
s 4
f 1134/2425/1134 1133/2424/1133 1116/2396/1116 1117/2397/1117
s 1
f 1087/2374/1087 1127/2417/1127 1117/2398/1117 1111/2400/1111
s 8
f 1128/2418/1128 1127/2417/1127 1087/2374/1087 1103/2375/1103
s 1
f 1042/2419/1042 1128/2418/1128 1103/2375/1103 1104/2376/1104
s 8
f 1041/2414/1041 1042/2419/1042 1104/2376/1104 1101/2371/1101
s 1
f 1032/2435/1032 1021/2427/1021 1088/2354/1088 1089/2355/1089
s 4
f 1073/2436/1073 1032/2435/1032 1089/2355/1089 1090/2356/1090
s 8
f 1080/2341/1080 1135/2428/1135 1090/2356/1090 1100/2360/1100
s 4
f 1136/2429/1136 1135/2428/1135 1080/2341/1080 1081/2342/1081
s 1
f 1137/2430/1137 1136/2429/1136 1081/2342/1081 1082/2343/1082
s 2
f 1138/2431/1138 1137/2430/1137 1082/2343/1082 1083/2344/1083
s 1
f 1139/2432/1139 1138/2431/1138 1083/2344/1083 1084/2345/1084
s 4
f 1140/2433/1140 1139/2432/1139 1084/2345/1084 1085/2346/1085
s 8
f 1091/2357/1091 1077/2437/1077 1085/2347/1085 1111/2361/1111
s 4
f 1029/2438/1029 1077/2437/1077 1091/2357/1091 1092/2358/1092
s 1
f 1093/2359/1093 1024/2439/1024 1029/2438/1029 1092/2358/1092
s 4
f 1021/2427/1021 1024/2439/1024 1093/2359/1093 1088/2354/1088
s 1
f 413/2477/413 414/2478/414 1142/2490/1142 1141/2489/1141
s 2
f 414/2478/414 415/2479/415 1143/2491/1143 1142/2490/1142
s 1
f 415/2479/415 416/2480/416 1144/2492/1144 1143/2491/1143
s 2
f 416/2480/416 417/2481/417 1145/2493/1145 1144/2492/1144
s 1
f 417/2481/417 418/2482/418 1146/2494/1146 1145/2493/1145
s 2
f 418/2482/418 419/2483/419 1147/2495/1147 1146/2494/1146
s 1
f 419/2483/419 420/2484/420 1148/2496/1148 1147/2495/1147
s 2
f 420/2484/420 421/2485/421 1149/2497/1149 1148/2496/1148
s 1
f 421/2501/421 422/2486/422 1150/2498/1150 1149/2502/1149
s 2
f 422/2486/422 423/2487/423 1151/2499/1151 1150/2498/1150
s 1
f 423/2487/423 424/2488/424 1152/2500/1152 1151/2499/1151
s 2
f 424/2488/424 413/2477/413 1141/2489/1141 1152/2500/1152
s 4
f 1146/2470/1146 1149/2473/1149 1144/2468/1144 1145/2469/1145
f 1149/2473/1149 1146/2470/1146 1147/2471/1147 1148/2472/1148
f 1141/2465/1141 1150/2474/1150 1151/2475/1151 1152/2476/1152
f 1143/2467/1143 1150/2474/1150 1141/2465/1141 1142/2466/1142
f 1143/2467/1143 1144/2468/1144 1149/2473/1149 1150/2474/1150
s 1
f 1155/3741/1155 1156/3742/1156 1153/3739/1153 1154/3740/1154
s 2
f 1156/3742/1156 1158/3744/1158 1157/3743/1157 1153/3739/1153
s 1
f 1158/3744/1158 1160/3746/1160 1159/3745/1159 1157/3743/1157
s 2
f 1160/3746/1160 1162/3748/1162 1161/3747/1161 1159/3745/1159
s 1
f 1162/3748/1162 1164/3750/1164 1163/3749/1163 1161/3747/1161
s 2
f 1164/3750/1164 1166/3752/1166 1165/3751/1165 1163/3749/1163
s 1
f 1166/3752/1166 1168/3754/1168 1167/3753/1167 1165/3751/1165
s 2
f 1168/3754/1168 1170/3756/1170 1169/3755/1169 1167/3753/1167
s 1
f 1170/3759/1170 1172/3760/1172 1171/3757/1171 1169/3758/1169
s 2
f 1172/3760/1172 1174/3762/1174 1173/3761/1173 1171/3757/1171
s 1
f 1174/3762/1174 1176/3764/1176 1175/3763/1175 1173/3761/1173
s 2
f 1176/3764/1176 1155/3741/1155 1154/3740/1154 1175/3763/1175
s 1
f 1177/3767/1177 1178/3768/1178 1156/3765/1156 1155/3766/1155
s 2
f 1178/3768/1178 1179/3770/1179 1158/3769/1158 1156/3765/1156
s 1
f 1179/3770/1179 1180/3772/1180 1160/3771/1160 1158/3769/1158
s 2
f 1180/3772/1180 1181/3774/1181 1162/3773/1162 1160/3771/1160
s 1
f 1181/3774/1181 1182/3776/1182 1164/3775/1164 1162/3773/1162
s 2
f 1182/3776/1182 1183/3778/1183 1166/3777/1166 1164/3775/1164
s 1
f 1183/3778/1183 1184/3780/1184 1168/3779/1168 1166/3777/1166
s 2
f 1184/3780/1184 1185/3782/1185 1170/3781/1170 1168/3779/1168
s 1
f 1185/3785/1185 1186/3786/1186 1172/3783/1172 1170/3784/1170
s 2
f 1186/3786/1186 1187/3788/1187 1174/3787/1174 1172/3783/1172
s 1
f 1187/3788/1187 1188/3790/1188 1176/3789/1176 1174/3787/1174
s 2
f 1188/3790/1188 1177/3767/1177 1155/3766/1155 1176/3789/1176
s 4
f 1177/3793/1177 1186/3796/1186 1179/3791/1179 1178/3792/1178
f 1187/3795/1187 1186/3796/1186 1177/3793/1177 1188/3794/1188
f 1185/3797/1185 1180/3798/1180 1179/3791/1179 1186/3796/1186
f 1183/3800/1183 1182/3801/1182 1185/3797/1185 1184/3799/1184
f 1182/3801/1182 1181/3802/1181 1180/3798/1180 1185/3797/1185
s 1
f 1154/3805/1154 1153/3806/1153 1189/3803/1189 1190/3804/1190
s 2
f 1153/3806/1153 1157/3808/1157 1191/3807/1191 1189/3803/1189
s 1
f 1157/3808/1157 1159/3810/1159 1192/3809/1192 1191/3807/1191
s 2
f 1159/3810/1159 1161/3812/1161 1193/3811/1193 1192/3809/1192
s 1
f 1161/3812/1161 1163/3814/1163 1194/3813/1194 1193/3811/1193
s 2
f 1163/3814/1163 1165/3816/1165 1195/3815/1195 1194/3813/1194
s 1
f 1165/3816/1165 1167/3818/1167 1196/3817/1196 1195/3815/1195
s 2
f 1167/3818/1167 1169/3820/1169 1197/3819/1197 1196/3817/1196
s 1
f 1169/3823/1169 1171/3824/1171 1198/3821/1198 1197/3822/1197
s 2
f 1171/3824/1171 1173/3826/1173 1199/3825/1199 1198/3821/1198
s 1
f 1173/3826/1173 1175/3828/1175 1200/3827/1200 1199/3825/1199
s 2
f 1175/3828/1175 1154/3805/1154 1190/3804/1190 1200/3827/1200
s 4
f 1194/3831/1194 1197/3834/1197 1192/3829/1192 1193/3830/1193
f 1197/3834/1197 1194/3831/1194 1195/3832/1195 1196/3833/1196
f 1190/3837/1190 1198/3838/1198 1199/3835/1199 1200/3836/1200
f 1191/3840/1191 1198/3838/1198 1190/3837/1190 1189/3839/1189
f 1191/3840/1191 1192/3829/1192 1197/3834/1197 1198/3838/1198
s 1
f 1203/3843/1203 1204/3844/1204 1201/3841/1201 1202/3842/1202
s 2
f 1204/3844/1204 1206/3846/1206 1205/3845/1205 1201/3841/1201
s 1
f 1206/3846/1206 1208/3848/1208 1207/3847/1207 1205/3845/1205
s 2
f 1208/3848/1208 1210/3850/1210 1209/3849/1209 1207/3847/1207
s 1
f 1210/3850/1210 1212/3852/1212 1211/3851/1211 1209/3849/1209
s 2
f 1212/3852/1212 1214/3854/1214 1213/3853/1213 1211/3851/1211
s 1
f 1214/3854/1214 1216/3856/1216 1215/3855/1215 1213/3853/1213
s 2
f 1216/3856/1216 1218/3858/1218 1217/3857/1217 1215/3855/1215
s 1
f 1218/3861/1218 1220/3862/1220 1219/3859/1219 1217/3860/1217
s 2
f 1220/3862/1220 1222/3864/1222 1221/3863/1221 1219/3859/1219
s 1
f 1222/3864/1222 1224/3866/1224 1223/3865/1223 1221/3863/1221
s 2
f 1224/3866/1224 1203/3843/1203 1202/3842/1202 1223/3865/1223
s 1
f 1225/3869/1225 1226/3870/1226 1204/3867/1204 1203/3868/1203
s 2
f 1226/3870/1226 1227/3872/1227 1206/3871/1206 1204/3867/1204
s 1
f 1227/3872/1227 1228/3874/1228 1208/3873/1208 1206/3871/1206
s 2
f 1228/3874/1228 1229/3876/1229 1210/3875/1210 1208/3873/1208
s 1
f 1229/3876/1229 1230/3878/1230 1212/3877/1212 1210/3875/1210
s 2
f 1230/3878/1230 1231/3880/1231 1214/3879/1214 1212/3877/1212
s 1
f 1231/3880/1231 1232/3882/1232 1216/3881/1216 1214/3879/1214
s 2
f 1232/3882/1232 1233/3884/1233 1218/3883/1218 1216/3881/1216
s 1
f 1233/3887/1233 1234/3888/1234 1220/3885/1220 1218/3886/1218
s 2
f 1234/3888/1234 1235/3890/1235 1222/3889/1222 1220/3885/1220
s 1
f 1235/3890/1235 1236/3892/1236 1224/3891/1224 1222/3889/1222
s 2
f 1236/3892/1236 1225/3869/1225 1203/3868/1203 1224/3891/1224
s 4
f 1225/3895/1225 1234/3898/1234 1227/3893/1227 1226/3894/1226
f 1235/3897/1235 1234/3898/1234 1225/3895/1225 1236/3896/1236
f 1233/3899/1233 1228/3900/1228 1227/3893/1227 1234/3898/1234
f 1231/3902/1231 1230/3903/1230 1233/3899/1233 1232/3901/1232
f 1230/3903/1230 1229/3904/1229 1228/3900/1228 1233/3899/1233
s 1
f 1202/3907/1202 1201/3908/1201 1237/3905/1237 1238/3906/1238
s 2
f 1201/3908/1201 1205/3910/1205 1239/3909/1239 1237/3905/1237
s 1
f 1205/3910/1205 1207/3912/1207 1240/3911/1240 1239/3909/1239
s 2
f 1207/3912/1207 1209/3914/1209 1241/3913/1241 1240/3911/1240
s 1
f 1209/3914/1209 1211/3916/1211 1242/3915/1242 1241/3913/1241
s 2
f 1211/3916/1211 1213/3918/1213 1243/3917/1243 1242/3915/1242
s 1
f 1213/3918/1213 1215/3920/1215 1244/3919/1244 1243/3917/1243
s 2
f 1215/3920/1215 1217/3922/1217 1245/3921/1245 1244/3919/1244
s 1
f 1217/3925/1217 1219/3926/1219 1246/3923/1246 1245/3924/1245
s 2
f 1219/3926/1219 1221/3928/1221 1247/3927/1247 1246/3923/1246
s 1
f 1221/3928/1221 1223/3930/1223 1248/3929/1248 1247/3927/1247
s 2
f 1223/3930/1223 1202/3907/1202 1238/3906/1238 1248/3929/1248
s 4
f 1242/3933/1242 1245/3936/1245 1240/3931/1240 1241/3932/1241
f 1245/3936/1245 1242/3933/1242 1243/3934/1243 1244/3935/1244
f 1238/3939/1238 1246/3940/1246 1247/3937/1247 1248/3938/1248
f 1239/3942/1239 1246/3940/1246 1238/3939/1238 1237/3941/1237
f 1239/3942/1239 1240/3931/1240 1245/3936/1245 1246/3940/1246
s 1
f 1251/3945/1251 1252/3946/1252 1249/3943/1249 1250/3944/1250
s 2
f 1252/3946/1252 1254/3948/1254 1253/3947/1253 1249/3943/1249
s 1
f 1254/3948/1254 1256/3950/1256 1255/3949/1255 1253/3947/1253
s 2
f 1256/3950/1256 1258/3952/1258 1257/3951/1257 1255/3949/1255
s 1
f 1258/3952/1258 1260/3954/1260 1259/3953/1259 1257/3951/1257
s 2
f 1260/3954/1260 1262/3956/1262 1261/3955/1261 1259/3953/1259
s 1
f 1262/3956/1262 1264/3958/1264 1263/3957/1263 1261/3955/1261
s 2
f 1264/3958/1264 1266/3960/1266 1265/3959/1265 1263/3957/1263
s 1
f 1266/3963/1266 1268/3964/1268 1267/3961/1267 1265/3962/1265
s 2
f 1268/3964/1268 1270/3966/1270 1269/3965/1269 1267/3961/1267
s 1
f 1270/3966/1270 1272/3968/1272 1271/3967/1271 1269/3965/1269
s 2
f 1272/3968/1272 1251/3945/1251 1250/3944/1250 1271/3967/1271
s 1
f 1273/3971/1273 1274/3972/1274 1252/3969/1252 1251/3970/1251
s 2
f 1274/3972/1274 1275/3974/1275 1254/3973/1254 1252/3969/1252
s 1
f 1275/3974/1275 1276/3976/1276 1256/3975/1256 1254/3973/1254
s 2
f 1276/3976/1276 1277/3978/1277 1258/3977/1258 1256/3975/1256
s 1
f 1277/3978/1277 1278/3980/1278 1260/3979/1260 1258/3977/1258
s 2
f 1278/3980/1278 1279/3982/1279 1262/3981/1262 1260/3979/1260
s 1
f 1279/3982/1279 1280/3984/1280 1264/3983/1264 1262/3981/1262
s 2
f 1280/3984/1280 1281/3986/1281 1266/3985/1266 1264/3983/1264
s 1
f 1281/3989/1281 1282/3990/1282 1268/3987/1268 1266/3988/1266
s 2
f 1282/3990/1282 1283/3992/1283 1270/3991/1270 1268/3987/1268
s 1
f 1283/3992/1283 1284/3994/1284 1272/3993/1272 1270/3991/1270
s 2
f 1284/3994/1284 1273/3971/1273 1251/3970/1251 1272/3993/1272
s 4
f 1273/3997/1273 1282/4000/1282 1275/3995/1275 1274/3996/1274
f 1283/3999/1283 1282/4000/1282 1273/3997/1273 1284/3998/1284
f 1281/4001/1281 1276/4002/1276 1275/3995/1275 1282/4000/1282
f 1279/4004/1279 1278/4005/1278 1281/4001/1281 1280/4003/1280
f 1278/4005/1278 1277/4006/1277 1276/4002/1276 1281/4001/1281
s 1
f 1250/4009/1250 1249/4010/1249 1285/4007/1285 1286/4008/1286
s 2
f 1249/4010/1249 1253/4012/1253 1287/4011/1287 1285/4007/1285
s 1
f 1253/4012/1253 1255/4014/1255 1288/4013/1288 1287/4011/1287
s 2
f 1255/4014/1255 1257/4016/1257 1289/4015/1289 1288/4013/1288
s 1
f 1257/4016/1257 1259/4018/1259 1290/4017/1290 1289/4015/1289
s 2
f 1259/4018/1259 1261/4020/1261 1291/4019/1291 1290/4017/1290
s 1
f 1261/4020/1261 1263/4022/1263 1292/4021/1292 1291/4019/1291
s 2
f 1263/4022/1263 1265/4024/1265 1293/4023/1293 1292/4021/1292
s 1
f 1265/4027/1265 1267/4028/1267 1294/4025/1294 1293/4026/1293
s 2
f 1267/4028/1267 1269/4030/1269 1295/4029/1295 1294/4025/1294
s 1
f 1269/4030/1269 1271/4032/1271 1296/4031/1296 1295/4029/1295
s 2
f 1271/4032/1271 1250/4009/1250 1286/4008/1286 1296/4031/1296
s 4
f 1290/4035/1290 1293/4038/1293 1288/4033/1288 1289/4034/1289
f 1293/4038/1293 1290/4035/1290 1291/4036/1291 1292/4037/1292
f 1286/4041/1286 1294/4042/1294 1295/4039/1295 1296/4040/1296
f 1287/4044/1287 1294/4042/1294 1286/4041/1286 1285/4043/1285
f 1287/4044/1287 1288/4033/1288 1293/4038/1293 1294/4042/1294
s 1
f 1305/4052/1305 1329/4079/1329 1330/4080/1330 1306/4053/1306
s 2
f 1330/4080/1330 1335/4087/1335 1307/4054/1307 1306/4053/1306
f 1341/4095/1341 1345/4103/1345 1307/4054/1307 1335/4087/1335
f 1374/4136/1374 1366/4128/1366 1307/4054/1307 1345/4103/1345
f 1360/4120/1360 1353/4111/1353 1307/4054/1307 1366/4128/1366
f 1298/4046/1298 1299/4047/1299 1307/4054/1307 1353/4111/1353
s 1
f 1299/4047/1299 1300/4048/1300 1308/4055/1308 1307/4054/1307
f 1301/4059/1301 1302/4049/1302 1310/4056/1310 1309/4060/1309
s 2
f 1354/4112/1354 1361/4121/1361 1302/4049/1302 1303/4050/1303
f 1367/4129/1367 1375/4137/1375 1302/4049/1302 1361/4121/1361
f 1346/4104/1346 1342/4096/1342 1302/4049/1302 1375/4137/1375
f 1336/4088/1336 1331/4081/1331 1302/4049/1302 1342/4096/1342
f 1311/4057/1311 1310/4056/1310 1302/4049/1302 1331/4081/1331
s 1
f 1311/4057/1311 1331/4081/1331 1332/4082/1332 1312/4058/1312
s 2
f 1312/4058/1312 1332/4082/1332 1329/4079/1329 1305/4052/1305
s 1
f 1313/4061/1313 1314/4062/1314 1322/4070/1322 1321/4069/1321
s 2
f 1356/4114/1356 1363/4123/1363 1314/4062/1314 1315/4063/1315
f 1369/4131/1369 1377/4139/1377 1314/4062/1314 1363/4123/1363
f 1348/4106/1348 1343/4098/1343 1314/4062/1314 1377/4139/1377
f 1338/4090/1338 1333/4083/1333 1314/4062/1314 1343/4098/1343
f 1323/4071/1323 1322/4070/1322 1314/4062/1314 1333/4083/1333
s 1
f 1323/4071/1323 1333/4083/1333 1423/4084/1423 1324/4072/1324
s 2
f 1324/4072/1324 1423/4084/1423 1424/4085/1424 1325/4073/1325
s 1
f 1325/4073/1325 1424/4085/1424 1334/4086/1334 1326/4074/1326
s 2
f 1334/4086/1334 1339/4093/1339 1327/4075/1327 1326/4074/1326
f 1344/4101/1344 1351/4109/1351 1327/4075/1327 1339/4093/1339
f 1380/4142/1380 1372/4134/1372 1327/4075/1327 1351/4109/1351
f 1364/4126/1364 1357/4117/1357 1327/4075/1327 1372/4134/1372
f 1318/4066/1318 1319/4067/1319 1327/4075/1327 1357/4117/1357
s 1
f 1319/4077/1319 1320/4068/1320 1328/4076/1328 1327/4078/1327
f 1340/4094/1340 1335/4087/1335 1330/4080/1330 1329/4079/1329
f 1336/4088/1336 1337/4089/1337 1332/4082/1332 1331/4081/1331
f 1338/4090/1338 1422/4091/1422 1423/4084/1423 1333/4083/1333
f 1425/4092/1425 1339/4093/1339 1334/4086/1334 1424/4085/1424
f 1428/4102/1428 1341/4095/1341 1335/4087/1335 1340/4094/1340
f 1342/4096/1342 1431/4097/1431 1337/4089/1337 1336/4088/1336
s 2
f 1431/4097/1431 1432/4150/1432 1385/4149/1385 1337/4089/1337
s 1
f 1343/4098/1343 1417/4099/1417 1422/4091/1422 1338/4090/1338
f 1420/4100/1420 1344/4101/1344 1339/4093/1339 1425/4092/1425
f 1352/4110/1352 1345/4103/1345 1341/4095/1341 1428/4102/1428
f 1346/4104/1346 1347/4105/1347 1431/4097/1431 1342/4096/1342
f 1348/4106/1348 1349/4107/1349 1417/4099/1417 1343/4098/1343
f 1350/4108/1350 1351/4109/1351 1344/4101/1344 1420/4100/1420
f 1751/4135/1751 1374/4136/1374 1345/4103/1345 1352/4110/1352
f 1375/4137/1375 1752/4138/1752 1347/4105/1347 1346/4104/1346
s 2
f 1752/4138/1752 1751/4135/1751 1352/4110/1352 1347/4105/1347
s 1
f 1377/4139/1377 1378/4140/1378 1349/4107/1349 1348/4106/1348
s 2
f 1378/4140/1378 1379/4141/1379 1350/4108/1350 1349/4107/1349
s 1
f 1379/4141/1379 1380/4142/1380 1351/4109/1351 1350/4108/1350
f 1297/4045/1297 1298/4046/1298 1353/4111/1353 1358/4118/1358
f 1303/4050/1303 1304/4051/1304 1746/4113/1746 1354/4112/1354
s 2
f 1304/4051/1304 1297/4045/1297 1358/4118/1358 1746/4113/1746
s 1
f 1315/4063/1315 1316/4064/1316 1412/4115/1412 1356/4114/1356
s 2
f 1316/4064/1316 1317/4065/1317 1413/4116/1413 1412/4115/1412
s 1
f 1317/4065/1317 1318/4066/1318 1357/4117/1357 1413/4116/1413
f 1358/4118/1358 1353/4111/1353 1360/4120/1360 1747/4119/1747
f 1354/4112/1354 1746/4113/1746 1748/4122/1748 1361/4121/1361
s 4
f 1747/4119/1747 1753/4145/1753 1746/4113/1746 1358/4118/1358
f 1755/4151/1755 1748/4122/1748 1746/4113/1746 1753/4145/1753
s 1
f 1356/4114/1356 1412/4115/1412 1411/4124/1411 1363/4123/1363
f 1413/4116/1413 1357/4117/1357 1364/4126/1364 1414/4125/1414
f 1747/4119/1747 1360/4120/1360 1366/4128/1366 1749/4127/1749
f 1361/4121/1361 1748/4122/1748 1750/4130/1750 1367/4129/1367
s 4
f 1748/4122/1748 1755/4151/1755 1756/4152/1756 1750/4130/1750
s 1
f 1363/4123/1363 1411/4124/1411 1370/4132/1370 1369/4131/1369
s 2
f 1411/4124/1411 1410/4146/1410 1384/4148/1384 1370/4132/1370
s 1
f 1414/4125/1414 1364/4126/1364 1372/4134/1372 1371/4133/1371
f 1749/4127/1749 1366/4128/1366 1374/4136/1374 1751/4135/1751
f 1367/4129/1367 1750/4130/1750 1752/4138/1752 1375/4137/1375
s 4
f 1751/4135/1751 1756/4152/1756 1754/4147/1754 1749/4127/1749
f 1750/4130/1750 1756/4152/1756 1751/4135/1751 1752/4138/1752
s 1
f 1369/4131/1369 1370/4132/1370 1378/4140/1378 1377/4139/1377
f 1371/4133/1371 1372/4134/1372 1380/4142/1380 1379/4141/1379
s 2
f 1428/4102/1428 1340/4094/1340 1381/4143/1381 1427/4144/1427
s 4
f 1747/4119/1747 1749/4127/1749 1754/4147/1754 1753/4145/1753
f 1753/4145/1753 1754/4147/1754 1756/4152/1756 1755/4151/1755
s 2
f 1414/4125/1414 1371/4133/1371 1416/4154/1416 1415/4153/1415
f 1417/4156/1417 1418/4157/1418 1421/4158/1421 1422/4155/1422
f 1420/4160/1420 1425/4161/1425 1426/4162/1426 1419/4159/1419
s 1
f 1378/4235/1378 1370/4223/1370 1392/4171/1392 1406/4170/1406
s 4
f 1370/4223/1370 1384/4224/1384 1407/4172/1407 1392/4171/1392
s 1
f 1400/4184/1400 1788/4191/1788 1384/4224/1384 1410/4225/1410
s 4
f 1416/4232/1416 1371/4233/1371 1408/4174/1408 1393/4173/1393
s 1
f 1371/4233/1371 1379/4234/1379 1409/4175/1409 1408/4174/1408
s 4
f 1379/4234/1379 1378/4235/1378 1406/4170/1406 1409/4175/1409
f 1410/4225/1410 1411/4226/1411 1401/4185/1401 1400/4184/1400
s 1
f 1411/4226/1411 1412/4227/1412 1402/4186/1402 1401/4185/1401
s 4
f 1412/4227/1412 1413/4228/1413 1403/4187/1403 1402/4186/1402
s 1
f 1403/4187/1403 1413/4228/1413 1414/4229/1414 1404/4188/1404
s 4
f 1414/4229/1414 1415/4230/1415 1405/4189/1405 1404/4188/1404
s 1
f 1759/4192/1759 1415/4231/1415 1416/4232/1416 1393/4173/1393
s 8
f 1387/4270/1387 1405/4208/1405 1759/4213/1759 1391/4205/1391
s 1
f 1406/4193/1406 1392/4194/1392 1417/4237/1417 1349/4236/1349
s 8
f 1392/4194/1392 1407/4195/1407 1418/4238/1418 1417/4237/1417
s 1
f 1396/4214/1396 1421/4242/1421 1407/4195/1407 1788/4221/1788
s 4
f 1396/4214/1396 1395/4215/1395 1422/4243/1422 1421/4242/1421
s 1
f 1422/4243/1422 1395/4215/1395 1394/4216/1394 1423/4244/1423
s 4
f 1394/4216/1394 1399/4217/1399 1424/4245/1424 1423/4244/1423
s 1
f 1399/4217/1399 1398/4218/1398 1425/4246/1425 1424/4245/1424
s 4
f 1398/4218/1398 1397/4219/1397 1426/4247/1426 1425/4246/1425
s 1
f 1393/4196/1393 1419/4239/1419 1397/4220/1397 1759/4222/1759
s 8
f 1393/4196/1393 1408/4197/1408 1420/4240/1420 1419/4239/1419
s 1
f 1408/4197/1408 1409/4198/1409 1350/4241/1350 1420/4240/1420
s 8
f 1409/4198/1409 1406/4193/1406 1349/4236/1349 1350/4241/1350
s 1
f 1394/4176/1394 1395/4177/1395 1340/4257/1340 1329/4249/1329
s 4
f 1395/4177/1395 1396/4178/1396 1381/4258/1381 1340/4257/1340
s 8
f 1388/4163/1388 1427/4250/1427 1396/4178/1396 1788/4182/1788
s 4
f 1388/4163/1388 1757/4164/1757 1428/4251/1428 1427/4250/1427
s 1
f 1757/4164/1757 1389/4165/1389 1429/4252/1429 1428/4251/1428
s 2
f 1389/4165/1389 1758/4166/1758 1430/4253/1430 1429/4252/1429
s 1
f 1758/4166/1758 1390/4167/1390 1431/4254/1431 1430/4253/1430
s 4
f 1390/4167/1390 1391/4168/1391 1432/4255/1432 1431/4254/1431
s 8
f 1397/4179/1397 1385/4259/1385 1391/4169/1391 1759/4183/1759
s 4
f 1397/4179/1397 1398/4180/1398 1337/4260/1337 1385/4259/1385
s 1
f 1337/4260/1337 1398/4180/1398 1399/4181/1399 1332/4261/1332
s 4
f 1399/4181/1399 1394/4176/1394 1329/4249/1329 1332/4261/1332
s 1
f 1433/4290/1433 1449/4325/1449 1450/4326/1450 1434/4291/1434
s 2
f 1450/4326/1450 1455/4333/1455 1435/4292/1435 1434/4291/1434
f 1461/4341/1461 1465/4349/1465 1435/4292/1435 1455/4333/1455
f 1494/4382/1494 1486/4374/1486 1435/4292/1435 1465/4349/1465
f 1480/4366/1480 1473/4357/1473 1435/4292/1435 1486/4374/1486
f 1306/4284/1306 1307/4285/1307 1435/4292/1435 1473/4357/1473
s 1
f 1307/4285/1307 1308/4286/1308 1436/4293/1436 1435/4292/1435
f 1309/4297/1309 1310/4287/1310 1438/4294/1438 1437/4298/1437
s 2
f 1474/4358/1474 1481/4367/1481 1310/4287/1310 1311/4288/1311
f 1487/4375/1487 1495/4383/1495 1310/4287/1310 1481/4367/1481
f 1466/4350/1466 1462/4342/1462 1310/4287/1310 1495/4383/1495
f 1456/4334/1456 1451/4327/1451 1310/4287/1310 1462/4342/1462
f 1439/4295/1439 1438/4294/1438 1310/4287/1310 1451/4327/1451
s 1
f 1439/4295/1439 1451/4327/1451 1452/4328/1452 1440/4296/1440
s 2
f 1440/4296/1440 1452/4328/1452 1449/4325/1449 1433/4290/1433
s 4
f 1435/4277/1435 1436/4278/1436 1437/4279/1437 1438/4280/1438
f 1435/4277/1435 1438/4280/1438 1433/4275/1433 1434/4276/1434
f 1439/4281/1439 1440/4282/1440 1433/4275/1433 1438/4280/1438
s 1
f 1321/4307/1321 1322/4308/1322 1442/4316/1442 1441/4315/1441
s 2
f 1476/4360/1476 1483/4369/1483 1322/4308/1322 1323/4309/1323
f 1489/4377/1489 1497/4385/1497 1322/4308/1322 1483/4369/1483
f 1468/4352/1468 1463/4344/1463 1322/4308/1322 1497/4385/1497
f 1458/4336/1458 1453/4329/1453 1322/4308/1322 1463/4344/1463
f 1443/4317/1443 1442/4316/1442 1322/4308/1322 1453/4329/1453
s 1
f 1443/4317/1443 1453/4329/1453 1544/4330/1544 1444/4318/1444
s 2
f 1444/4318/1444 1544/4330/1544 1545/4331/1545 1445/4319/1445
s 1
f 1445/4319/1445 1545/4331/1545 1454/4332/1454 1446/4320/1446
s 2
f 1454/4332/1454 1459/4339/1459 1447/4321/1447 1446/4320/1446
f 1464/4347/1464 1471/4355/1471 1447/4321/1447 1459/4339/1459
f 1500/4388/1500 1492/4380/1492 1447/4321/1447 1471/4355/1471
f 1484/4372/1484 1477/4363/1477 1447/4321/1447 1492/4380/1492
f 1326/4312/1326 1327/4313/1327 1447/4321/1447 1477/4363/1477
s 1
f 1327/4323/1327 1328/4314/1328 1448/4322/1448 1447/4324/1447
f 1460/4340/1460 1455/4333/1455 1450/4326/1450 1449/4325/1449
f 1456/4334/1456 1457/4335/1457 1452/4328/1452 1451/4327/1451
f 1458/4336/1458 1543/4337/1543 1544/4330/1544 1453/4329/1453
f 1546/4338/1546 1459/4339/1459 1454/4332/1454 1545/4331/1545
f 1549/4348/1549 1461/4341/1461 1455/4333/1455 1460/4340/1460
f 1462/4342/1462 1552/4343/1552 1457/4335/1457 1456/4334/1456
s 2
f 1552/4343/1552 1553/4396/1553 1505/4395/1505 1457/4335/1457
s 1
f 1463/4344/1463 1538/4345/1538 1543/4337/1543 1458/4336/1458
f 1541/4346/1541 1464/4347/1464 1459/4339/1459 1546/4338/1546
f 1472/4356/1472 1465/4349/1465 1461/4341/1461 1549/4348/1549
f 1466/4350/1466 1467/4351/1467 1552/4343/1552 1462/4342/1462
f 1468/4352/1468 1469/4353/1469 1538/4345/1538 1463/4344/1463
f 1470/4354/1470 1471/4355/1471 1464/4347/1464 1541/4346/1541
f 1765/4381/1765 1494/4382/1494 1465/4349/1465 1472/4356/1472
f 1495/4383/1495 1766/4384/1766 1467/4351/1467 1466/4350/1466
s 2
f 1766/4384/1766 1765/4381/1765 1472/4356/1472 1467/4351/1467
s 1
f 1497/4385/1497 1498/4386/1498 1469/4353/1469 1468/4352/1468
s 2
f 1498/4386/1498 1499/4387/1499 1470/4354/1470 1469/4353/1469
s 1
f 1499/4387/1499 1500/4388/1500 1471/4355/1471 1470/4354/1470
f 1305/4283/1305 1306/4284/1306 1473/4357/1473 1478/4364/1478
f 1311/4288/1311 1312/4289/1312 1760/4359/1760 1474/4358/1474
s 2
f 1312/4289/1312 1305/4283/1305 1478/4364/1478 1760/4359/1760
s 1
f 1323/4309/1323 1324/4310/1324 1533/4361/1533 1476/4360/1476
s 2
f 1324/4310/1324 1325/4311/1325 1534/4362/1534 1533/4361/1533
s 1
f 1325/4311/1325 1326/4312/1326 1477/4363/1477 1534/4362/1534
f 1478/4364/1478 1473/4357/1473 1480/4366/1480 1761/4365/1761
f 1474/4358/1474 1760/4359/1760 1762/4368/1762 1481/4367/1481
s 4
f 1761/4365/1761 1767/4391/1767 1760/4359/1760 1478/4364/1478
f 1769/4397/1769 1762/4368/1762 1760/4359/1760 1767/4391/1767
s 1
f 1476/4360/1476 1533/4361/1533 1532/4370/1532 1483/4369/1483
f 1534/4362/1534 1477/4363/1477 1484/4372/1484 1535/4371/1535
f 1761/4365/1761 1480/4366/1480 1486/4374/1486 1763/4373/1763
f 1481/4367/1481 1762/4368/1762 1764/4376/1764 1487/4375/1487
s 4
f 1762/4368/1762 1769/4397/1769 1770/4398/1770 1764/4376/1764
s 1
f 1483/4369/1483 1532/4370/1532 1490/4378/1490 1489/4377/1489
s 2
f 1532/4370/1532 1531/4392/1531 1504/4394/1504 1490/4378/1490
s 1
f 1535/4371/1535 1484/4372/1484 1492/4380/1492 1491/4379/1491
f 1763/4373/1763 1486/4374/1486 1494/4382/1494 1765/4381/1765
f 1487/4375/1487 1764/4376/1764 1766/4384/1766 1495/4383/1495
s 4
f 1765/4381/1765 1770/4398/1770 1768/4393/1768 1763/4373/1763
f 1764/4376/1764 1770/4398/1770 1765/4381/1765 1766/4384/1766
s 1
f 1489/4377/1489 1490/4378/1490 1498/4386/1498 1497/4385/1497
f 1491/4379/1491 1492/4380/1492 1500/4388/1500 1499/4387/1499
s 2
f 1549/4348/1549 1460/4340/1460 1501/4389/1501 1548/4390/1548
s 4
f 1761/4365/1761 1763/4373/1763 1768/4393/1768 1767/4391/1767
f 1767/4391/1767 1768/4393/1768 1770/4398/1770 1769/4397/1769
s 2
f 1535/4371/1535 1491/4379/1491 1537/4400/1537 1536/4399/1536
f 1538/4402/1538 1539/4403/1539 1542/4404/1542 1543/4401/1543
f 1541/4406/1541 1546/4407/1546 1547/4408/1547 1540/4405/1540
s 1
f 1498/4481/1498 1490/4469/1490 1511/4417/1511 1526/4416/1526
s 4
f 1490/4469/1490 1504/4470/1504 1527/4418/1527 1511/4417/1511
s 1
f 1519/4430/1519 1525/4437/1525 1504/4470/1504 1531/4471/1531
s 4
f 1537/4478/1537 1491/4479/1491 1528/4420/1528 1512/4419/1512
s 1
f 1491/4479/1491 1499/4480/1499 1529/4421/1529 1528/4420/1528
s 4
f 1499/4480/1499 1498/4481/1498 1526/4416/1526 1529/4421/1529
f 1531/4471/1531 1532/4472/1532 1520/4431/1520 1519/4430/1519
s 1
f 1532/4472/1532 1533/4473/1533 1521/4432/1521 1520/4431/1520
s 4
f 1533/4473/1533 1534/4474/1534 1522/4433/1522 1521/4432/1521
s 1
f 1522/4433/1522 1534/4474/1534 1535/4475/1535 1523/4434/1523
s 4
f 1535/4475/1535 1536/4476/1536 1524/4435/1524 1523/4434/1523
s 1
f 1530/4438/1530 1536/4477/1536 1537/4478/1537 1512/4419/1512
s 8
f 1507/4516/1507 1524/4454/1524 1530/4459/1530 1773/4451/1773
s 1
f 1526/4439/1526 1511/4440/1511 1538/4483/1538 1469/4482/1469
s 8
f 1511/4440/1511 1527/4441/1527 1539/4484/1539 1538/4483/1538
s 1
f 1515/4460/1515 1542/4488/1542 1527/4441/1527 1525/4467/1525
s 4
f 1515/4460/1515 1514/4461/1514 1543/4489/1543 1542/4488/1542
s 1
f 1543/4489/1543 1514/4461/1514 1513/4462/1513 1544/4490/1544
s 4
f 1513/4462/1513 1518/4463/1518 1545/4491/1545 1544/4490/1544
s 1
f 1518/4463/1518 1517/4464/1517 1546/4492/1546 1545/4491/1545
s 4
f 1517/4464/1517 1516/4465/1516 1547/4493/1547 1546/4492/1546
s 1
f 1512/4442/1512 1540/4485/1540 1516/4466/1516 1530/4468/1530
s 8
f 1512/4442/1512 1528/4443/1528 1541/4486/1541 1540/4485/1540
s 1
f 1528/4443/1528 1529/4444/1529 1470/4487/1470 1541/4486/1541
s 8
f 1529/4444/1529 1526/4439/1526 1469/4482/1469 1470/4487/1470
s 1
f 1513/4422/1513 1514/4423/1514 1460/4503/1460 1449/4495/1449
s 4
f 1514/4423/1514 1515/4424/1515 1501/4504/1501 1460/4503/1460
s 8
f 1508/4409/1508 1548/4496/1548 1515/4424/1515 1525/4428/1525
s 4
f 1508/4409/1508 1509/4410/1509 1549/4497/1549 1548/4496/1548
s 1
f 1509/4410/1509 1771/4411/1771 1550/4498/1550 1549/4497/1549
s 2
f 1771/4411/1771 1510/4412/1510 1551/4499/1551 1550/4498/1550
s 1
f 1510/4412/1510 1772/4413/1772 1552/4500/1552 1551/4499/1551
s 4
f 1772/4413/1772 1773/4414/1773 1553/4501/1553 1552/4500/1552
s 8
f 1516/4425/1516 1505/4505/1505 1773/4415/1773 1530/4429/1530
s 4
f 1516/4425/1516 1517/4426/1517 1457/4506/1457 1505/4505/1505
s 1
f 1457/4506/1457 1517/4426/1517 1518/4427/1518 1452/4507/1452
s 4
f 1518/4427/1518 1513/4422/1513 1449/4495/1449 1452/4507/1452
s 1
f 1297/4536/1297 1570/4571/1570 1571/4572/1571 1298/4537/1298
s 2
f 1571/4572/1571 1576/4579/1576 1299/4538/1299 1298/4537/1298
f 1582/4587/1582 1586/4595/1586 1299/4538/1299 1576/4579/1576
f 1615/4628/1615 1607/4620/1607 1299/4538/1299 1586/4595/1586
f 1601/4612/1601 1594/4603/1594 1299/4538/1299 1607/4620/1607
f 1555/4530/1555 1556/4531/1556 1299/4538/1299 1594/4603/1594
s 1
f 1556/4531/1556 1557/4532/1557 1300/4539/1300 1299/4538/1299
f 1558/4543/1558 1559/4533/1559 1302/4540/1302 1301/4544/1301
s 2
f 1595/4604/1595 1602/4613/1602 1559/4533/1559 1560/4534/1560
f 1608/4621/1608 1616/4629/1616 1559/4533/1559 1602/4613/1602
f 1587/4596/1587 1583/4588/1583 1559/4533/1559 1616/4629/1616
f 1577/4580/1577 1572/4573/1572 1559/4533/1559 1583/4588/1583
f 1303/4541/1303 1302/4540/1302 1559/4533/1559 1572/4573/1572
s 1
f 1303/4541/1303 1572/4573/1572 1573/4574/1573 1304/4542/1304
s 2
f 1304/4542/1304 1573/4574/1573 1570/4571/1570 1297/4536/1297
s 4
f 1560/4527/1560 1559/4526/1559 1554/4521/1554 1561/4528/1561
f 1556/4523/1556 1555/4522/1555 1554/4521/1554 1559/4526/1559
f 1558/4525/1558 1557/4524/1557 1556/4523/1556 1559/4526/1559
s 1
f 1562/4553/1562 1563/4554/1563 1314/4562/1314 1313/4561/1313
s 2
f 1597/4606/1597 1604/4615/1604 1563/4554/1563 1564/4555/1564
f 1610/4623/1610 1618/4631/1618 1563/4554/1563 1604/4615/1604
f 1589/4598/1589 1584/4590/1584 1563/4554/1563 1618/4631/1618
f 1579/4582/1579 1574/4575/1574 1563/4554/1563 1584/4590/1584
f 1315/4563/1315 1314/4562/1314 1563/4554/1563 1574/4575/1574
s 1
f 1315/4563/1315 1574/4575/1574 1664/4576/1664 1316/4564/1316
s 2
f 1316/4564/1316 1664/4576/1664 1665/4577/1665 1317/4565/1317
s 1
f 1317/4565/1317 1665/4577/1665 1575/4578/1575 1318/4566/1318
s 2
f 1575/4578/1575 1580/4585/1580 1319/4567/1319 1318/4566/1318
f 1585/4593/1585 1592/4601/1592 1319/4567/1319 1580/4585/1580
f 1621/4634/1621 1613/4626/1613 1319/4567/1319 1592/4601/1592
f 1605/4618/1605 1598/4609/1598 1319/4567/1319 1613/4626/1613
f 1567/4558/1567 1568/4559/1568 1319/4567/1319 1598/4609/1598
s 1
f 1568/4569/1568 1569/4560/1569 1320/4568/1320 1319/4570/1319
f 1581/4586/1581 1576/4579/1576 1571/4572/1571 1570/4571/1570
f 1577/4580/1577 1578/4581/1578 1573/4574/1573 1572/4573/1572
f 1579/4582/1579 1663/4583/1663 1664/4576/1664 1574/4575/1574
f 1666/4584/1666 1580/4585/1580 1575/4578/1575 1665/4577/1665
f 1669/4594/1669 1582/4587/1582 1576/4579/1576 1581/4586/1581
f 1583/4588/1583 1672/4589/1672 1578/4581/1578 1577/4580/1577
s 2
f 1672/4589/1672 1673/4642/1673 1626/4641/1626 1578/4581/1578
s 1
f 1584/4590/1584 1658/4591/1658 1663/4583/1663 1579/4582/1579
f 1661/4592/1661 1585/4593/1585 1580/4585/1580 1666/4584/1666
f 1593/4602/1593 1586/4595/1586 1582/4587/1582 1669/4594/1669
f 1587/4596/1587 1588/4597/1588 1672/4589/1672 1583/4588/1583
f 1589/4598/1589 1590/4599/1590 1658/4591/1658 1584/4590/1584
f 1591/4600/1591 1592/4601/1592 1585/4593/1585 1661/4592/1661
f 1779/4627/1779 1615/4628/1615 1586/4595/1586 1593/4602/1593
f 1616/4629/1616 1780/4630/1780 1588/4597/1588 1587/4596/1587
s 2
f 1780/4630/1780 1779/4627/1779 1593/4602/1593 1588/4597/1588
s 1
f 1618/4631/1618 1619/4632/1619 1590/4599/1590 1589/4598/1589
s 2
f 1619/4632/1619 1620/4633/1620 1591/4600/1591 1590/4599/1590
s 1
f 1620/4633/1620 1621/4634/1621 1592/4601/1592 1591/4600/1591
f 1554/4529/1554 1555/4530/1555 1594/4603/1594 1599/4610/1599
f 1560/4534/1560 1561/4535/1561 1774/4605/1774 1595/4604/1595
s 2
f 1561/4535/1561 1554/4529/1554 1599/4610/1599 1774/4605/1774
s 1
f 1564/4555/1564 1565/4556/1565 1653/4607/1653 1597/4606/1597
s 2
f 1565/4556/1565 1566/4557/1566 1654/4608/1654 1653/4607/1653
s 1
f 1566/4557/1566 1567/4558/1567 1598/4609/1598 1654/4608/1654
f 1599/4610/1599 1594/4603/1594 1601/4612/1601 1775/4611/1775
f 1595/4604/1595 1774/4605/1774 1776/4614/1776 1602/4613/1602
s 4
f 1775/4611/1775 1781/4637/1781 1774/4605/1774 1599/4610/1599
f 1783/4643/1783 1776/4614/1776 1774/4605/1774 1781/4637/1781
s 1
f 1597/4606/1597 1653/4607/1653 1652/4616/1652 1604/4615/1604
f 1654/4608/1654 1598/4609/1598 1605/4618/1605 1655/4617/1655
f 1775/4611/1775 1601/4612/1601 1607/4620/1607 1777/4619/1777
f 1602/4613/1602 1776/4614/1776 1778/4622/1778 1608/4621/1608
s 4
f 1776/4614/1776 1783/4643/1783 1784/4644/1784 1778/4622/1778
s 1
f 1604/4615/1604 1652/4616/1652 1611/4624/1611 1610/4623/1610
s 2
f 1652/4616/1652 1651/4638/1651 1625/4640/1625 1611/4624/1611
s 1
f 1655/4617/1655 1605/4618/1605 1613/4626/1613 1612/4625/1612
f 1777/4619/1777 1607/4620/1607 1615/4628/1615 1779/4627/1779
f 1608/4621/1608 1778/4622/1778 1780/4630/1780 1616/4629/1616
s 4
f 1779/4627/1779 1784/4644/1784 1782/4639/1782 1777/4619/1777
f 1778/4622/1778 1784/4644/1784 1779/4627/1779 1780/4630/1780
s 1
f 1610/4623/1610 1611/4624/1611 1619/4632/1619 1618/4631/1618
f 1612/4625/1612 1613/4626/1613 1621/4634/1621 1620/4633/1620
s 2
f 1669/4594/1669 1581/4586/1581 1622/4635/1622 1668/4636/1668
s 4
f 1775/4611/1775 1777/4619/1777 1782/4639/1782 1781/4637/1781
f 1781/4637/1781 1782/4639/1782 1784/4644/1784 1783/4643/1783
s 2
f 1655/4617/1655 1612/4625/1612 1657/4646/1657 1656/4645/1656
f 1658/4648/1658 1659/4649/1659 1662/4650/1662 1663/4647/1663
f 1661/4652/1661 1666/4653/1666 1667/4654/1667 1660/4651/1660
s 1
f 1619/4727/1619 1611/4715/1611 1633/4663/1633 1647/4662/1647
s 4
f 1611/4715/1611 1625/4716/1625 1648/4664/1648 1633/4663/1633
s 1
f 1641/4676/1641 1789/4683/1789 1625/4716/1625 1651/4717/1651
s 4
f 1657/4724/1657 1612/4725/1612 1649/4666/1649 1634/4665/1634
s 1
f 1612/4725/1612 1620/4726/1620 1650/4667/1650 1649/4666/1649
s 4
f 1620/4726/1620 1619/4727/1619 1647/4662/1647 1650/4667/1650
f 1651/4717/1651 1652/4718/1652 1642/4677/1642 1641/4676/1641
s 1
f 1652/4718/1652 1653/4719/1653 1643/4678/1643 1642/4677/1642
s 4
f 1653/4719/1653 1654/4720/1654 1644/4679/1644 1643/4678/1643
s 1
f 1644/4679/1644 1654/4720/1654 1655/4721/1655 1645/4680/1645
s 4
f 1655/4721/1655 1656/4722/1656 1646/4681/1646 1645/4680/1645
s 1
f 1787/4684/1787 1656/4723/1656 1657/4724/1657 1634/4665/1634
s 8
f 1628/4762/1628 1646/4700/1646 1787/4705/1787 1786/4697/1786
s 1
f 1647/4685/1647 1633/4686/1633 1658/4729/1658 1590/4728/1590
s 8
f 1633/4686/1633 1648/4687/1648 1659/4730/1659 1658/4729/1658
s 1
f 1637/4706/1637 1662/4734/1662 1648/4687/1648 1789/4713/1789
s 4
f 1637/4706/1637 1636/4707/1636 1663/4735/1663 1662/4734/1662
s 1
f 1663/4735/1663 1636/4707/1636 1635/4708/1635 1664/4736/1664
s 4
f 1635/4708/1635 1640/4709/1640 1665/4737/1665 1664/4736/1664
s 1
f 1640/4709/1640 1639/4710/1639 1666/4738/1666 1665/4737/1665
s 4
f 1639/4710/1639 1638/4711/1638 1667/4739/1667 1666/4738/1666
s 1
f 1634/4688/1634 1660/4731/1660 1638/4712/1638 1787/4714/1787
s 8
f 1634/4688/1634 1649/4689/1649 1661/4732/1661 1660/4731/1660
s 1
f 1649/4689/1649 1650/4690/1650 1591/4733/1591 1661/4732/1661
s 8
f 1650/4690/1650 1647/4685/1647 1590/4728/1590 1591/4733/1591
s 1
f 1635/4668/1635 1636/4669/1636 1581/4749/1581 1570/4741/1570
s 4
f 1636/4669/1636 1637/4670/1637 1622/4750/1622 1581/4749/1581
s 8
f 1629/4655/1629 1668/4742/1668 1637/4670/1637 1789/4674/1789
s 4
f 1629/4655/1629 1785/4656/1785 1669/4743/1669 1668/4742/1668
s 1
f 1785/4656/1785 1630/4657/1630 1670/4744/1670 1669/4743/1669
s 2
f 1630/4657/1630 1631/4658/1631 1671/4745/1671 1670/4744/1670
s 1
f 1631/4658/1631 1632/4659/1632 1672/4746/1672 1671/4745/1671
s 4
f 1632/4659/1632 1786/4660/1786 1673/4747/1673 1672/4746/1672
s 8
f 1638/4671/1638 1626/4751/1626 1786/4661/1786 1787/4675/1787
s 4
f 1638/4671/1638 1639/4672/1639 1578/4752/1578 1626/4751/1626
s 1
f 1578/4752/1578 1639/4672/1639 1640/4673/1640 1573/4753/1573
s 4
f 1640/4673/1640 1635/4668/1635 1570/4741/1570 1573/4753/1573
f 1566/4549/1566 1565/4548/1565 1568/4551/1568 1567/4550/1567
f 1563/4546/1563 1568/4551/1568 1565/4548/1565 1564/4547/1564
f 1562/4545/1562 1569/4552/1569 1568/4551/1568 1563/4546/1563
f 1444/4302/1444 1447/4305/1447 1442/4300/1442 1443/4301/1443
f 1447/4305/1447 1444/4302/1444 1445/4303/1445 1446/4304/1446
f 1447/4305/1447 1448/4306/1448 1441/4299/1441 1442/4300/1442
s 0
f 1558/4780/1558 1308/4769/1308 1300/4767/1300 1557/4779/1557
f 1436/4775/1436 1301/4768/1301 1309/4770/1309 1437/4776/1437
f 1436/4775/1436 1308/4769/1308 1558/4780/1558 1301/4768/1301
f 1448/4778/1448 1313/4771/1313 1321/4773/1321 1441/4777/1441
f 1562/4781/1562 1328/4774/1328 1320/4772/1320 1569/4782/1569
f 1562/4781/1562 1313/4771/1313 1448/4778/1448 1328/4774/1328
s 1
f 130/194/130 104/246/104 128/213/128
f 127/212/127 151/253/151 139/214/139
s 8
f 113/227/113 107/292/107 139/235/139
f 134/229/134 102/285/102 128/234/128
s 1
f 154/260/154 130/217/130 157/264/157
f 162/270/162 145/242/145 155/261/155
s 8
f 101/280/101 118/200/118 163/272/163
f 168/278/168 113/191/113 105/281/105
s 1
f 362/682/362 336/734/336 360/701/360
f 359/700/359 383/741/383 371/702/371
s 8
f 345/715/345 339/780/339 371/723/371
f 366/717/366 334/773/334 360/722/360
s 1
f 386/748/386 362/705/362 389/752/389
f 394/758/394 377/730/377 387/749/387
s 8
f 333/768/333 350/688/350 395/760/395
f 400/766/400 345/679/345 337/769/337
s 1
f 530/1028/530 504/1080/504 528/1047/528
f 527/1046/527 551/1087/551 539/1048/539
s 8
f 513/1061/513 507/1126/507 539/1069/539
f 534/1063/534 502/1119/502 528/1068/528
s 1
f 554/1094/554 530/1051/530 557/1098/557
f 562/1104/562 545/1076/545 555/1095/555
s 8
f 501/1114/501 518/1034/518 563/1106/563
f 568/1112/568 513/1025/513 505/1115/505
s 1
f 738/1516/738 712/1568/712 736/1535/736
f 735/1534/735 759/1575/759 747/1536/747
s 8
f 721/1549/721 715/1614/715 747/1557/747
f 742/1551/742 710/1607/710 736/1556/736
s 1
f 762/1582/762 738/1539/738 765/1586/765
f 770/1592/770 753/1564/753 763/1583/763
s 8
f 709/1602/709 726/1522/726 771/1594/771
f 776/1600/776 721/1513/721 713/1603/713
s 1
f 894/1862/894 868/1914/868 892/1881/892
f 891/1880/891 915/1921/915 903/1882/903
s 8
f 877/1895/877 871/1960/871 903/1903/903
f 898/1897/898 866/1953/866 892/1902/892
s 1
f 918/1928/918 894/1885/894 921/1932/921
f 926/1938/926 909/1910/909 919/1929/919
s 8
f 865/1948/865 882/1868/882 927/1940/927
f 932/1946/932 877/1859/877 869/1949/869
s 1
f 1102/2350/1102 1076/2402/1076 1100/2369/1100
f 1099/2368/1099 1123/2409/1123 1111/2370/1111
s 8
f 1085/2383/1085 1079/2448/1079 1111/2391/1111
f 1106/2385/1106 1074/2441/1074 1100/2390/1100
s 1
f 1126/2416/1126 1102/2373/1102 1129/2420/1129
f 1134/2426/1134 1117/2398/1117 1127/2417/1127
s 8
f 1073/2436/1073 1090/2356/1090 1135/2428/1135
f 1140/2434/1140 1085/2347/1085 1077/2437/1077
s 1
f 1384/4224/1384 1788/4191/1788 1407/4172/1407
f 1759/4192/1759 1405/4190/1405 1415/4231/1415
s 2
f 1674/4264/1674 1675/4265/1675 1757/4200/1757
f 1757/4200/1757 1388/4199/1388 1383/4264/1383
s 1
f 1676/4265/1676 1677/4266/1677 1389/4201/1389
f 1389/4201/1389 1757/4200/1757 1365/4265/1365
s 8
f 1678/4266/1678 1679/4267/1679 1758/4202/1758
f 1758/4202/1758 1389/4201/1389 1373/4266/1373
s 1
f 1680/4267/1680 1681/4268/1681 1390/4203/1390
f 1390/4203/1390 1758/4202/1758 1376/4267/1376
s 2
f 1682/4268/1682 1683/4269/1683 1391/4204/1391
f 1391/4204/1391 1390/4203/1390 1368/4268/1368
s 8
f 1684/4270/1684 1685/4271/1685 1405/4208/1405
s 1
f 1402/4211/1402 1686/4274/1686 1687/4262/1687
f 1359/4262/1359 1401/4206/1401 1402/4211/1402
s 2
f 1688/4262/1688 1689/4263/1689 1400/4207/1400
f 1400/4207/1400 1401/4206/1401 1359/4262/1359
s 8
f 1383/4264/1383 1388/4199/1388 1788/4212/1788
f 1690/4263/1690 1691/4264/1691 1788/4212/1788
f 1400/4207/1400 1382/4263/1382 1788/4212/1788
s 2
f 1692/4271/1692 1693/4272/1693 1404/4209/1404
f 1404/4209/1404 1405/4208/1405 1386/4271/1386
s 1
f 1694/4272/1694 1695/4273/1695 1403/4210/1403
f 1403/4210/1403 1404/4209/1404 1362/4272/1362
s 8
f 1696/4273/1696 1697/4274/1697 1402/4211/1402
f 1402/4211/1402 1403/4210/1403 1355/4273/1355
s 1
f 1407/4195/1407 1421/4242/1421 1418/4238/1418
f 1397/4220/1397 1419/4239/1419 1426/4248/1426
s 8
f 1396/4178/1396 1427/4250/1427 1381/4258/1381
f 1391/4169/1391 1385/4259/1385 1432/4256/1432
s 1
f 1504/4470/1504 1525/4437/1525 1527/4418/1527
f 1530/4438/1530 1524/4436/1524 1536/4477/1536
s 2
f 1698/4510/1698 1699/4511/1699 1509/4446/1509
f 1509/4446/1509 1508/4445/1508 1503/4510/1503
s 1
f 1700/4511/1700 1701/4512/1701 1771/4447/1771
f 1771/4447/1771 1509/4446/1509 1485/4511/1485
s 8
f 1702/4512/1702 1703/4513/1703 1510/4448/1510
f 1510/4448/1510 1771/4447/1771 1493/4512/1493
s 1
f 1704/4513/1704 1705/4514/1705 1772/4449/1772
f 1772/4449/1772 1510/4448/1510 1496/4513/1496
s 2
f 1706/4514/1706 1707/4515/1707 1773/4450/1773
f 1773/4450/1773 1772/4449/1772 1488/4514/1488
s 8
f 1708/4516/1708 1709/4517/1709 1524/4454/1524
s 1
f 1521/4457/1521 1710/4520/1710 1711/4508/1711
f 1479/4508/1479 1520/4452/1520 1521/4457/1521
s 2
f 1712/4508/1712 1713/4509/1713 1519/4453/1519
f 1519/4453/1519 1520/4452/1520 1479/4508/1479
s 8
f 1503/4510/1503 1508/4445/1508 1525/4458/1525
f 1714/4509/1714 1715/4510/1715 1525/4458/1525
f 1519/4453/1519 1502/4509/1502 1525/4458/1525
s 2
f 1716/4517/1716 1717/4518/1717 1523/4455/1523
f 1523/4455/1523 1524/4454/1524 1506/4517/1506
s 1
f 1718/4518/1718 1719/4519/1719 1522/4456/1522
f 1522/4456/1522 1523/4455/1523 1482/4518/1482
s 8
f 1720/4519/1720 1721/4520/1721 1521/4457/1521
f 1521/4457/1521 1522/4456/1522 1475/4519/1475
s 1
f 1527/4441/1527 1542/4488/1542 1539/4484/1539
f 1516/4466/1516 1540/4485/1540 1547/4494/1547
s 8
f 1515/4424/1515 1548/4496/1548 1501/4504/1501
f 1773/4415/1773 1505/4505/1505 1553/4502/1553
s 1
f 1625/4716/1625 1789/4683/1789 1648/4664/1648
f 1787/4684/1787 1646/4682/1646 1656/4723/1656
s 2
f 1722/4756/1722 1723/4757/1723 1785/4692/1785
f 1785/4692/1785 1629/4691/1629 1624/4756/1624
s 1
f 1724/4757/1724 1725/4758/1725 1630/4693/1630
f 1630/4693/1630 1785/4692/1785 1606/4757/1606
s 8
f 1726/4758/1726 1727/4759/1727 1631/4694/1631
f 1631/4694/1631 1630/4693/1630 1614/4758/1614
s 1
f 1728/4759/1728 1729/4760/1729 1632/4695/1632
f 1632/4695/1632 1631/4694/1631 1617/4759/1617
s 2
f 1730/4760/1730 1731/4761/1731 1786/4696/1786
f 1786/4696/1786 1632/4695/1632 1609/4760/1609
s 8
f 1732/4762/1732 1733/4763/1733 1646/4700/1646
s 1
f 1643/4703/1643 1734/4766/1734 1735/4754/1735
f 1600/4754/1600 1642/4698/1642 1643/4703/1643
s 2
f 1736/4754/1736 1737/4755/1737 1641/4699/1641
f 1641/4699/1641 1642/4698/1642 1600/4754/1600
s 8
f 1624/4756/1624 1629/4691/1629 1789/4704/1789
f 1738/4755/1738 1739/4756/1739 1789/4704/1789
f 1641/4699/1641 1623/4755/1623 1789/4704/1789
s 2
f 1740/4763/1740 1741/4764/1741 1645/4701/1645
f 1645/4701/1645 1646/4700/1646 1627/4763/1627
s 1
f 1742/4764/1742 1743/4765/1743 1644/4702/1644
f 1644/4702/1644 1645/4701/1645 1603/4764/1603
s 8
f 1744/4765/1744 1745/4766/1745 1643/4703/1643
f 1643/4703/1643 1644/4702/1644 1596/4765/1596
s 1
f 1648/4687/1648 1662/4734/1662 1659/4730/1659
f 1638/4712/1638 1660/4731/1660 1667/4740/1667
s 8
f 1637/4670/1637 1668/4742/1668 1622/4750/1622
f 1786/4661/1786 1626/4751/1626 1673/4748/1673
# 1694 faces

g
