# Max2Obj Version 4.0 Mar 10th, 2001
#
mtllib ./tris.mtl
g
# object beam to come ...
#
v  88.000000 128.000000 -80.000000
v  88.000000 128.000000 -84.000000
v  94.000000 128.000000 -84.000000
v  94.000000 128.000000 -92.000000
v  88.000000 128.000000 -92.000000
v  88.000000 128.000000 -96.000000
v  104.000000 128.000000 -96.000000
v  104.000000 128.000000 -92.000000
v  98.000000 128.000000 -92.000000
v  98.000000 128.000000 -84.000000
v  104.000000 128.000000 -84.000000
v  104.000000 128.000000 -80.000000
v  88.000000 -128.000000 -80.000000
v  88.000000 -128.000000 -84.000000
v  94.000000 -128.000000 -84.000000
v  94.000000 -128.000000 -92.000000
v  88.000000 -128.000000 -92.000000
v  88.000000 -128.000000 -96.000000
v  104.000000 -128.000000 -96.000000
v  104.000000 -128.000000 -92.000000
v  98.000000 -128.000000 -92.000000
v  98.000000 -128.000000 -84.000000
v  104.000000 -128.000000 -84.000000
v  104.000000 -128.000000 -80.000000
v  88.000000 128.000000 96.000000
v  88.000000 128.000000 92.000000
v  94.000000 128.000000 92.000000
v  94.000000 128.000000 84.000000
v  88.000000 128.000000 84.000000
v  88.000000 128.000000 80.000000
v  104.000000 128.000000 80.000000
v  104.000000 128.000000 84.000000
v  98.000000 128.000000 84.000000
v  98.000000 128.000000 92.000000
v  104.000000 128.000000 92.000000
v  104.000000 128.000000 96.000000
v  88.000000 -128.000000 96.000000
v  88.000000 -128.000000 92.000000
v  94.000000 -128.000000 92.000000
v  94.000000 -128.000000 84.000000
v  88.000000 -128.000000 84.000000
v  88.000000 -128.000000 80.000000
v  104.000000 -128.000000 80.000000
v  104.000000 -128.000000 84.000000
v  98.000000 -128.000000 84.000000
v  98.000000 -128.000000 92.000000
v  104.000000 -128.000000 92.000000
v  104.000000 -128.000000 96.000000
v  88.000000 -91.300537 -79.989563
v  88.000000 -91.308212 -84.000000
v  104.000000 -91.308212 -84.000000
v  104.000000 -91.300537 -79.989563
v  88.000000 -91.308212 84.000000
v  104.000000 -91.308212 84.000000
v  88.000000 -85.561401 -84.000000
v  104.000000 -85.561401 -84.000000
v  104.000000 -85.598694 -79.989563
v  88.000000 -85.561401 84.000000
v  104.000000 -85.561401 84.000000
v  88.000000 -85.598694 -79.989563
v  88.000000 -74.355164 -84.000000
v  104.000000 -74.355164 -84.000000
v  88.000000 -74.355164 84.000000
v  104.000000 -74.355164 84.000000
v  88.000000 -68.573227 -84.000000
v  104.000000 -68.573227 -84.000000
v  104.000000 -68.573227 -80.000000
v  88.000000 -68.573227 84.000000
v  88.000000 -68.617157 79.982849
v  104.000000 -68.617157 79.982849
v  104.000000 -68.573227 84.000000
v  88.000000 -68.573227 -80.000000
v  88.000000 91.310776 -83.999992
v  104.000000 91.310776 -83.999992
v  104.000000 91.301804 -79.989563
v  88.000000 91.310776 84.000008
v  104.000000 91.310776 84.000008
v  88.000000 91.301811 -79.989571
v  88.000000 85.629822 -79.989555
v  88.000000 85.623657 -83.999992
v  104.000000 85.623657 -83.999992
v  104.000000 85.629822 -79.989555
v  88.000000 85.623642 84.000008
v  104.000000 85.623642 84.000008
v  88.000000 74.336098 -79.989555
v  88.000000 74.355324 -83.999992
v  104.000000 74.355324 -83.999992
v  104.000000 74.336105 -79.989555
v  88.000000 74.355316 84.000008
v  88.000000 74.328552 79.982857
v  104.000000 74.328552 79.982857
v  104.000000 74.355316 84.000008
v  88.000000 68.691101 -79.989555
v  88.000000 68.723816 -83.999992
v  104.000000 68.723816 -83.999992
v  104.000000 68.691101 -79.989555
v  88.000000 68.723801 84.000008
v  88.000000 68.683563 79.982857
v  104.000000 68.683563 79.982857
v  104.000000 68.723801 84.000008
v  94.001129 -85.598694 -79.989563
v  94.001129 85.629822 -79.989555
v  94.001129 74.336098 -79.989555
v  94.001129 74.328552 79.982857
v  98.022087 -85.598694 -79.989563
v  98.022087 85.629822 -79.989555
v  98.022087 74.336098 -79.989555
v  94.000000 -0.042328 -5.656860
v  88.000000 -0.042328 -5.656860
v  88.000000 -0.042328 -11.313713
v  104.000000 -0.042328 -11.313713
v  104.000000 -0.042328 -5.656860
v  98.000000 -0.042328 -5.656860
v  88.000000 -0.042328 5.656845
v  98.000000 -0.042328 5.656845
v  88.000000 -11.371307 -0.057587
v  88.000000 -5.714447 -0.057579
v  94.000000 -5.714447 -0.057579
v  98.000000 -5.714447 -0.057579
v  104.000000 -5.714447 -0.057579
v  104.000000 -11.371307 -0.057587
v  94.000000 5.599258 -0.057594
v  88.000000 5.599258 -0.057594
v  88.000000 11.256104 -0.057594
v  104.000000 11.256104 -0.057594
v  104.000000 5.599258 -0.057594
v  98.000000 5.599258 -0.057594
v  94.000000 -0.042328 -0.057587
v  88.000000 -0.042328 11.313683
v  94.000000 -0.042328 5.656845
v  104.000000 -0.042328 5.656845
v  104.000000 -0.042328 11.313690
v  88.000000 5.714409 -0.057571
v  94.000000 5.714409 -0.057571
v  98.000000 5.714409 -0.057571
v  104.000000 5.714409 -0.057571
v  104.000000 11.371254 -0.057571
v  88.000000 11.371262 -0.057579
v  98.000000 -0.042328 -0.057587
v  94.000000 -5.599304 -0.057587
v  88.000000 -5.599304 -0.057587
v  88.000000 -11.256149 -0.057595
v  104.000000 -11.256149 -0.057595
v  104.000000 -5.599304 -0.057587
v  98.000000 -5.599304 -0.057587
v  94.001129 85.623093 79.982857
v  88.000000 85.623093 79.982857
v  88.000000 91.295090 79.982857
v  104.000000 91.295090 79.982857
v  104.000000 85.623093 79.982857
v  98.022087 85.623093 79.982857
v  98.022087 74.328552 79.982857
v  88.000000 -74.335754 79.982849
v  94.001129 -74.335754 79.982849
v  98.022087 -74.335754 79.982849
v  104.000000 -74.335754 79.982849
v  94.001129 -85.623047 79.982849
v  88.000000 -85.607513 79.982849
v  88.000000 -91.293823 79.982849
v  104.000000 -91.293823 79.982849
v  104.000000 -85.607513 79.982849
v  98.022087 -85.623047 79.982849
v  94.001129 -74.341644 -79.989563
v  88.000000 -74.341644 -79.989563
v  88.000000 -68.672897 -79.979126
v  104.000000 -68.672897 -79.979126
v  104.000000 -74.341644 -79.989563
v  98.022087 -74.341644 -79.989563
v  -94.000000 1.999992 96.000008
v  94.000000 1.999992 96.000008
v  -94.000000 29.999992 96.000008
v  94.000000 29.999992 96.000008
v  -94.000000 1.999992 100.000008
v  94.000000 1.999992 100.000008
v  -94.000000 29.999992 100.000008
v  94.000000 29.999992 100.000008
v  -94.000000 33.999992 96.000008
v  94.000000 33.999992 96.000008
v  -94.000000 61.999992 96.000015
v  94.000000 61.999992 96.000015
v  -94.000000 33.999992 100.000008
v  94.000000 33.999992 100.000008
v  -94.000000 61.999992 100.000015
v  94.000000 61.999992 100.000015
v  -94.000000 66.000000 96.000015
v  94.000000 66.000000 96.000015
v  -94.000000 94.000000 96.000015
v  94.000000 94.000000 96.000015
v  -94.000000 66.000000 100.000015
v  94.000000 66.000000 100.000015
v  -94.000000 94.000000 100.000015
v  94.000000 94.000000 100.000015
v  -94.000000 98.000000 96.000015
v  94.000000 98.000000 96.000015
v  -94.000000 125.999992 96.000015
v  94.000000 125.999992 96.000015
v  -94.000000 98.000000 100.000015
v  94.000000 98.000000 100.000015
v  -94.000000 125.999992 100.000015
v  94.000000 125.999992 100.000015
v  -94.000000 -30.000000 96.000008
v  94.000000 -30.000000 96.000008
v  -94.000000 -2.000000 96.000008
v  94.000000 -2.000000 96.000008
v  -94.000000 -30.000000 100.000008
v  94.000000 -30.000000 100.000008
v  -94.000000 -2.000000 100.000008
v  94.000000 -2.000000 100.000008
v  -94.000000 -62.000000 96.000008
v  94.000000 -62.000000 96.000008
v  -94.000000 -34.000000 96.000008
v  94.000000 -34.000000 96.000008
v  -94.000000 -62.000000 100.000008
v  94.000000 -62.000000 100.000008
v  -94.000000 -34.000000 100.000008
v  94.000000 -34.000000 100.000008
v  -94.000000 -94.000000 96.000008
v  94.000000 -94.000000 96.000008
v  -94.000000 -66.000000 96.000008
v  94.000000 -66.000000 96.000008
v  -94.000000 -94.000000 100.000008
v  94.000000 -94.000000 100.000008
v  -94.000000 -66.000000 100.000008
v  94.000000 -66.000000 100.000008
v  -94.000000 -126.000000 96.000008
v  94.000000 -126.000000 96.000008
v  -94.000000 -98.000000 96.000008
v  94.000000 -98.000000 96.000008
v  -94.000000 -126.000000 100.000008
v  94.000000 -126.000000 100.000008
v  -94.000000 -98.000000 100.000008
v  94.000000 -98.000000 100.000008
v  -104.000000 128.000000 -80.000000
v  -104.000000 128.000000 -84.000000
v  -98.000000 128.000000 -84.000000
v  -98.000000 128.000000 -92.000000
v  -104.000000 128.000000 -92.000000
v  -104.000000 128.000000 -96.000000
v  -88.000000 128.000000 -96.000000
v  -88.000000 128.000000 -92.000000
v  -94.000000 128.000000 -92.000000
v  -94.000000 128.000000 -84.000000
v  -88.000000 128.000000 -84.000000
v  -88.000000 128.000000 -80.000000
v  -104.000000 -128.000000 -80.000000
v  -104.000000 -128.000000 -84.000000
v  -98.000000 -128.000000 -84.000000
v  -98.000000 -128.000000 -92.000000
v  -104.000000 -128.000000 -92.000000
v  -104.000000 -128.000000 -96.000000
v  -88.000000 -128.000000 -96.000000
v  -88.000000 -128.000000 -92.000000
v  -94.000000 -128.000000 -92.000000
v  -94.000000 -128.000000 -84.000000
v  -88.000000 -128.000000 -84.000000
v  -88.000000 -128.000000 -80.000000
v  -104.000000 128.000000 96.000000
v  -104.000000 128.000000 92.000000
v  -98.000000 128.000000 92.000000
v  -98.000000 128.000000 84.000000
v  -104.000000 128.000000 84.000000
v  -104.000000 128.000000 80.000000
v  -88.000000 128.000000 80.000000
v  -88.000000 128.000000 84.000000
v  -94.000000 128.000000 84.000000
v  -94.000000 128.000000 92.000000
v  -88.000000 128.000000 92.000000
v  -88.000000 128.000000 96.000000
v  -104.000000 -128.000000 96.000000
v  -104.000000 -128.000000 92.000000
v  -98.000000 -128.000000 92.000000
v  -98.000000 -128.000000 84.000000
v  -104.000000 -128.000000 84.000000
v  -104.000000 -128.000000 80.000000
v  -88.000000 -128.000000 80.000000
v  -88.000000 -128.000000 84.000000
v  -94.000000 -128.000000 84.000000
v  -94.000000 -128.000000 92.000000
v  -88.000000 -128.000000 92.000000
v  -88.000000 -128.000000 96.000000
v  -104.000000 -91.300537 -79.989563
v  -104.000000 -91.308212 -84.000000
v  -88.000000 -91.308212 -84.000000
v  -88.000000 -91.300537 -79.989563
v  -104.000000 -91.308212 84.000000
v  -88.000000 -91.308212 84.000000
v  -104.000000 -85.561401 -84.000000
v  -88.000000 -85.561401 -84.000000
v  -88.000000 -85.598694 -79.989563
v  -104.000000 -85.561401 84.000000
v  -88.000000 -85.561401 84.000000
v  -104.000000 -85.598694 -79.989563
v  -104.000000 -74.355164 -84.000000
v  -88.000000 -74.355164 -84.000000
v  -104.000000 -74.355164 84.000000
v  -88.000000 -74.355164 84.000000
v  -104.000000 -68.573227 -84.000000
v  -88.000000 -68.573227 -84.000000
v  -88.000000 -68.573227 -80.000000
v  -104.000000 -68.573227 84.000000
v  -104.000000 -68.617157 79.982849
v  -88.000000 -68.617157 79.982849
v  -88.000000 -68.573227 84.000000
v  -104.000000 -68.573227 -80.000000
v  -104.000000 91.310776 -83.999992
v  -88.000000 91.310776 -83.999992
v  -88.000000 91.301804 -79.989563
v  -104.000000 91.310776 84.000008
v  -88.000000 91.310776 84.000008
v  -104.000000 91.301811 -79.989571
v  -104.000000 85.629822 -79.989555
v  -104.000000 85.623657 -83.999992
v  -88.000000 85.623657 -83.999992
v  -88.000000 85.629822 -79.989555
v  -104.000000 85.623642 84.000008
v  -88.000000 85.623642 84.000008
v  -104.000000 74.336098 -79.989555
v  -104.000000 74.355324 -83.999992
v  -88.000000 74.355324 -83.999992
v  -88.000000 74.336105 -79.989555
v  -104.000000 74.355316 84.000008
v  -104.000000 74.328552 79.982857
v  -88.000000 74.328552 79.982857
v  -88.000000 74.355316 84.000008
v  -104.000000 68.691101 -79.989555
v  -104.000000 68.723816 -83.999992
v  -88.000000 68.723816 -83.999992
v  -88.000000 68.691101 -79.989555
v  -104.000000 68.723801 84.000008
v  -104.000000 68.683563 79.982857
v  -88.000000 68.683563 79.982857
v  -88.000000 68.723801 84.000008
v  -97.998871 -85.598694 -79.989563
v  -97.998871 85.629822 -79.989555
v  -97.998871 74.336098 -79.989555
v  -97.998871 74.328552 79.982857
v  -93.977921 -85.598694 -79.989563
v  -93.977913 85.629822 -79.989555
v  -93.977913 74.336098 -79.989555
v  -98.000000 -0.042328 -5.656860
v  -104.000000 -0.042328 -5.656860
v  -104.000000 -0.042328 -11.313713
v  -88.000000 -0.042328 -11.313713
v  -88.000000 -0.042328 -5.656860
v  -94.000000 -0.042328 -5.656860
v  -104.000000 -0.042328 5.656845
v  -94.000000 -0.042328 5.656845
v  -104.000000 -11.371307 -0.057587
v  -104.000000 -5.714447 -0.057579
v  -98.000000 -5.714447 -0.057579
v  -94.000000 -5.714447 -0.057579
v  -88.000000 -5.714447 -0.057579
v  -88.000000 -11.371307 -0.057587
v  -98.000000 5.599258 -0.057594
v  -104.000000 5.599258 -0.057594
v  -104.000000 11.256104 -0.057594
v  -88.000000 11.256104 -0.057594
v  -88.000000 5.599258 -0.057594
v  -94.000000 5.599258 -0.057594
v  -98.000000 -0.042328 -0.057587
v  -104.000000 -0.042328 11.313683
v  -98.000000 -0.042328 5.656845
v  -88.000000 -0.042328 5.656845
v  -88.000000 -0.042328 11.313690
v  -104.000000 5.714409 -0.057571
v  -98.000000 5.714409 -0.057571
v  -94.000000 5.714409 -0.057571
v  -88.000000 5.714409 -0.057571
v  -88.000000 11.371254 -0.057571
v  -104.000000 11.371262 -0.057579
v  -94.000000 -0.042328 -0.057587
v  -98.000000 -5.599304 -0.057587
v  -104.000000 -5.599304 -0.057587
v  -104.000000 -11.256149 -0.057595
v  -88.000000 -11.256149 -0.057595
v  -88.000000 -5.599304 -0.057587
v  -94.000000 -5.599304 -0.057587
v  -97.998871 85.623093 79.982857
v  -104.000000 85.623093 79.982857
v  -104.000000 91.295090 79.982857
v  -88.000000 91.295090 79.982857
v  -88.000000 85.623093 79.982857
v  -93.977921 85.623093 79.982857
v  -93.977921 74.328552 79.982857
v  -104.000000 -74.335754 79.982849
v  -97.998871 -74.335754 79.982849
v  -93.977921 -74.335754 79.982849
v  -88.000000 -74.335754 79.982849
v  -97.998871 -85.623047 79.982849
v  -104.000000 -85.607513 79.982849
v  -104.000000 -91.293823 79.982849
v  -88.000000 -91.293823 79.982849
v  -88.000000 -85.607513 79.982849
v  -93.977921 -85.623047 79.982849
v  -97.998871 -74.341644 -79.989563
v  -104.000000 -74.341644 -79.989563
v  -104.000000 -68.672897 -79.979126
v  -88.000000 -68.672897 -79.979126
v  -88.000000 -74.341644 -79.989563
v  -93.977921 -74.341644 -79.989563
v  -7.999992 -128.000000 80.000000
v  -7.999992 -128.000000 84.000000
v  -1.999992 -128.000000 84.000000
v  -1.999992 -128.000000 92.000000
v  -7.999992 -128.000000 92.000000
v  -7.999992 -128.000000 96.000000
v  8.000008 -128.000000 96.000000
v  8.000008 -128.000000 92.000000
v  2.000008 -128.000000 92.000000
v  2.000008 -128.000000 84.000000
v  8.000008 -128.000000 84.000000
v  8.000008 -128.000000 80.000000
v  -7.999992 128.000000 80.000000
v  -7.999992 128.000000 84.000000
v  -1.999992 128.000000 84.000000
v  -1.999992 128.000000 92.000000
v  -7.999992 128.000000 92.000000
v  -7.999992 128.000000 96.000000
v  8.000008 128.000000 96.000000
v  8.000008 128.000000 92.000000
v  2.000008 128.000000 92.000000
v  2.000008 128.000000 84.000000
v  8.000008 128.000000 84.000000
v  8.000008 128.000000 80.000000
v  88.000000 -384.000000 -80.000008
v  88.000000 -384.000000 -84.000008
v  94.000000 -384.000000 -84.000008
v  94.000000 -384.000000 -92.000008
v  88.000000 -384.000000 -92.000008
v  88.000000 -384.000000 -96.000008
v  104.000000 -384.000000 -96.000008
v  104.000000 -384.000000 -92.000008
v  98.000000 -384.000000 -92.000008
v  98.000000 -384.000000 -84.000008
v  104.000000 -384.000000 -84.000008
v  104.000000 -384.000000 -80.000008
v  88.000000 -384.000000 95.999992
v  88.000000 -384.000000 91.999992
v  94.000000 -384.000000 91.999992
v  94.000000 -384.000000 83.999992
v  88.000000 -384.000000 83.999992
v  88.000000 -384.000000 79.999992
v  104.000000 -384.000000 79.999992
v  104.000000 -384.000000 83.999992
v  98.000000 -384.000000 83.999992
v  98.000000 -384.000000 91.999992
v  104.000000 -384.000000 91.999992
v  104.000000 -384.000000 95.999992
v  88.000000 -347.300537 -79.989571
v  88.000000 -347.308228 -84.000008
v  104.000000 -347.308228 -84.000008
v  104.000000 -347.300537 -79.989571
v  88.000000 -347.308228 83.999992
v  104.000000 -347.308228 83.999992
v  88.000000 -341.561401 -84.000008
v  104.000000 -341.561401 -84.000008
v  104.000000 -341.598694 -79.989571
v  88.000000 -341.561401 83.999992
v  104.000000 -341.561401 83.999992
v  88.000000 -341.598694 -79.989571
v  88.000000 -330.355164 -84.000008
v  104.000000 -330.355164 -84.000008
v  88.000000 -330.355164 83.999992
v  104.000000 -330.355164 83.999992
v  88.000000 -324.573242 -84.000008
v  104.000000 -324.573242 -84.000008
v  104.000000 -324.573242 -80.000008
v  88.000000 -324.573242 83.999992
v  88.000000 -324.617157 79.982841
v  104.000000 -324.617157 79.982841
v  104.000000 -324.573242 83.999992
v  88.000000 -324.573242 -80.000008
v  88.000000 -164.689224 -84.000000
v  104.000000 -164.689224 -84.000000
v  104.000000 -164.698196 -79.989571
v  88.000000 -164.689224 84.000000
v  104.000000 -164.689224 84.000000
v  88.000000 -164.698181 -79.989578
v  88.000000 -170.370178 -79.989563
v  88.000000 -170.376343 -84.000000
v  104.000000 -170.376343 -84.000000
v  104.000000 -170.370178 -79.989563
v  88.000000 -170.376358 84.000000
v  104.000000 -170.376358 84.000000
v  88.000000 -181.663910 -79.989563
v  88.000000 -181.644684 -84.000000
v  104.000000 -181.644684 -84.000000
v  104.000000 -181.663910 -79.989563
v  88.000000 -181.644684 84.000000
v  88.000000 -181.671448 79.982849
v  104.000000 -181.671448 79.982849
v  104.000000 -181.644684 84.000000
v  88.000000 -187.308899 -79.989563
v  88.000000 -187.276184 -84.000000
v  104.000000 -187.276184 -84.000000
v  104.000000 -187.308899 -79.989563
v  88.000000 -187.276199 84.000000
v  88.000000 -187.316437 79.982849
v  104.000000 -187.316437 79.982849
v  104.000000 -187.276199 84.000000
v  94.001129 -341.598694 -79.989571
v  94.001129 -170.370178 -79.989563
v  94.001129 -181.663910 -79.989563
v  94.001129 -181.671448 79.982849
v  98.022087 -341.598694 -79.989571
v  98.022087 -170.370178 -79.989563
v  98.022087 -181.663910 -79.989563
v  94.000000 -256.042328 -5.656868
v  88.000000 -256.042328 -5.656868
v  88.000000 -256.042328 -11.313721
v  104.000000 -256.042328 -11.313721
v  104.000000 -256.042328 -5.656868
v  98.000000 -256.042328 -5.656868
v  88.000000 -256.042328 5.656837
v  98.000000 -256.042328 5.656837
v  88.000000 -267.371307 -0.057595
v  88.000000 -261.714447 -0.057587
v  94.000000 -261.714447 -0.057587
v  98.000000 -261.714447 -0.057587
v  104.000000 -261.714447 -0.057587
v  104.000000 -267.371307 -0.057595
v  94.000000 -250.400742 -0.057602
v  88.000000 -250.400742 -0.057602
v  88.000000 -244.743896 -0.057601
v  104.000000 -244.743896 -0.057601
v  104.000000 -250.400742 -0.057602
v  98.000000 -250.400742 -0.057602
v  94.000000 -256.042328 -0.057594
v  88.000000 -256.042328 11.313675
v  94.000000 -256.042328 5.656837
v  104.000000 -256.042328 5.656837
v  104.000000 -256.042328 11.313683
v  88.000000 -250.285583 -0.057579
v  94.000000 -250.285583 -0.057579
v  98.000000 -250.285583 -0.057579
v  104.000000 -250.285583 -0.057579
v  104.000000 -244.628754 -0.057579
v  88.000000 -244.628738 -0.057586
v  98.000000 -256.042328 -0.057594
v  94.000000 -261.599304 -0.057595
v  88.000000 -261.599304 -0.057595
v  88.000000 -267.256165 -0.057602
v  104.000000 -267.256165 -0.057602
v  104.000000 -261.599304 -0.057595
v  98.000000 -261.599304 -0.057595
v  94.001129 -170.376907 79.982849
v  88.000000 -170.376907 79.982849
v  88.000000 -164.704910 79.982849
v  104.000000 -164.704910 79.982849
v  104.000000 -170.376907 79.982849
v  98.022087 -170.376907 79.982849
v  98.022087 -181.671448 79.982849
v  88.000000 -330.335754 79.982841
v  94.001129 -330.335754 79.982841
v  98.022087 -330.335754 79.982841
v  104.000000 -330.335754 79.982841
v  94.001129 -341.623047 79.982841
v  88.000000 -341.607513 79.982841
v  88.000000 -347.293823 79.982841
v  104.000000 -347.293823 79.982841
v  104.000000 -341.607513 79.982841
v  98.022087 -341.623047 79.982841
v  94.001129 -330.341644 -79.989571
v  88.000000 -330.341644 -79.989571
v  88.000000 -324.672913 -79.979134
v  104.000000 -324.672913 -79.979134
v  104.000000 -330.341644 -79.989571
v  98.022087 -330.341644 -79.989571
v  -94.000000 -254.000000 96.000000
v  94.000000 -254.000000 96.000000
v  -94.000000 -226.000000 96.000000
v  94.000000 -226.000000 96.000000
v  -94.000000 -254.000000 100.000000
v  94.000000 -254.000000 100.000000
v  -94.000000 -226.000000 100.000000
v  94.000000 -226.000000 100.000000
v  -94.000000 -222.000000 96.000000
v  94.000000 -222.000000 96.000000
v  -94.000000 -194.000000 96.000008
v  94.000000 -194.000000 96.000008
v  -94.000000 -222.000000 100.000000
v  94.000000 -222.000000 100.000000
v  -94.000000 -194.000000 100.000008
v  94.000000 -194.000000 100.000008
v  -94.000000 -190.000000 96.000008
v  94.000000 -190.000000 96.000008
v  -94.000000 -162.000000 96.000008
v  94.000000 -162.000000 96.000008
v  -94.000000 -190.000000 100.000008
v  94.000000 -190.000000 100.000008
v  -94.000000 -162.000000 100.000008
v  94.000000 -162.000000 100.000008
v  -94.000000 -158.000000 96.000008
v  94.000000 -158.000000 96.000008
v  -94.000000 -130.000000 96.000008
v  94.000000 -130.000000 96.000008
v  -94.000000 -158.000000 100.000008
v  94.000000 -158.000000 100.000008
v  -94.000000 -130.000000 100.000008
v  94.000000 -130.000000 100.000008
v  -94.000000 -286.000000 96.000000
v  94.000000 -286.000000 96.000000
v  -94.000000 -258.000000 96.000000
v  94.000000 -258.000000 96.000000
v  -94.000000 -286.000000 100.000000
v  94.000000 -286.000000 100.000000
v  -94.000000 -258.000000 100.000000
v  94.000000 -258.000000 100.000000
v  -94.000000 -318.000000 96.000000
v  94.000000 -318.000000 96.000000
v  -94.000000 -290.000000 96.000000
v  94.000000 -290.000000 96.000000
v  -94.000000 -318.000000 100.000000
v  94.000000 -318.000000 100.000000
v  -94.000000 -290.000000 100.000000
v  94.000000 -290.000000 100.000000
v  -94.000000 -350.000000 96.000000
v  94.000000 -350.000000 96.000000
v  -94.000000 -322.000000 96.000000
v  94.000000 -322.000000 96.000000
v  -94.000000 -350.000000 100.000000
v  94.000000 -350.000000 100.000000
v  -94.000000 -322.000000 100.000000
v  94.000000 -322.000000 100.000000
v  -94.000000 -382.000000 96.000000
v  94.000000 -382.000000 96.000000
v  -94.000000 -354.000000 96.000000
v  94.000000 -354.000000 96.000000
v  -94.000000 -382.000000 100.000000
v  94.000000 -382.000000 100.000000
v  -94.000000 -354.000000 100.000000
v  94.000000 -354.000000 100.000000
v  -104.000000 -384.000000 -80.000008
v  -104.000000 -384.000000 -84.000008
v  -98.000000 -384.000000 -84.000008
v  -98.000000 -384.000000 -92.000008
v  -104.000000 -384.000000 -92.000008
v  -104.000000 -384.000000 -96.000008
v  -88.000000 -384.000000 -96.000008
v  -88.000000 -384.000000 -92.000008
v  -94.000000 -384.000000 -92.000008
v  -94.000000 -384.000000 -84.000008
v  -88.000000 -384.000000 -84.000008
v  -88.000000 -384.000000 -80.000008
v  -104.000000 -384.000000 95.999992
v  -104.000000 -384.000000 91.999992
v  -98.000000 -384.000000 91.999992
v  -98.000000 -384.000000 83.999992
v  -104.000000 -384.000000 83.999992
v  -104.000000 -384.000000 79.999992
v  -88.000000 -384.000000 79.999992
v  -88.000000 -384.000000 83.999992
v  -94.000000 -384.000000 83.999992
v  -94.000000 -384.000000 91.999992
v  -88.000000 -384.000000 91.999992
v  -88.000000 -384.000000 95.999992
v  -104.000000 -347.300537 -79.989571
v  -104.000000 -347.308228 -84.000008
v  -88.000000 -347.308228 -84.000008
v  -88.000000 -347.300537 -79.989571
v  -104.000000 -347.308228 83.999992
v  -88.000000 -347.308228 83.999992
v  -104.000000 -341.561401 -84.000008
v  -88.000000 -341.561401 -84.000008
v  -88.000000 -341.598694 -79.989571
v  -104.000000 -341.561401 83.999992
v  -88.000000 -341.561401 83.999992
v  -104.000000 -341.598694 -79.989571
v  -104.000000 -330.355164 -84.000008
v  -88.000000 -330.355164 -84.000008
v  -104.000000 -330.355164 83.999992
v  -88.000000 -330.355164 83.999992
v  -104.000000 -324.573242 -84.000008
v  -88.000000 -324.573242 -84.000008
v  -88.000000 -324.573242 -80.000008
v  -104.000000 -324.573242 83.999992
v  -104.000000 -324.617157 79.982841
v  -88.000000 -324.617157 79.982841
v  -88.000000 -324.573242 83.999992
v  -104.000000 -324.573242 -80.000008
v  -104.000000 -164.689224 -84.000000
v  -88.000000 -164.689224 -84.000000
v  -88.000000 -164.698196 -79.989571
v  -104.000000 -164.689224 84.000000
v  -88.000000 -164.689224 84.000000
v  -104.000000 -164.698181 -79.989578
v  -104.000000 -170.370178 -79.989563
v  -104.000000 -170.376343 -84.000000
v  -88.000000 -170.376343 -84.000000
v  -88.000000 -170.370178 -79.989563
v  -104.000000 -170.376358 84.000000
v  -88.000000 -170.376358 84.000000
v  -104.000000 -181.663910 -79.989563
v  -104.000000 -181.644684 -84.000000
v  -88.000000 -181.644684 -84.000000
v  -88.000000 -181.663910 -79.989563
v  -104.000000 -181.644684 84.000000
v  -104.000000 -181.671448 79.982849
v  -88.000000 -181.671448 79.982849
v  -88.000000 -181.644684 84.000000
v  -104.000000 -187.308899 -79.989563
v  -104.000000 -187.276184 -84.000000
v  -88.000000 -187.276184 -84.000000
v  -88.000000 -187.308899 -79.989563
v  -104.000000 -187.276199 84.000000
v  -104.000000 -187.316437 79.982849
v  -88.000000 -187.316437 79.982849
v  -88.000000 -187.276199 84.000000
v  -97.998871 -341.598694 -79.989571
v  -97.998871 -170.370178 -79.989563
v  -97.998871 -181.663910 -79.989563
v  -97.998871 -181.671448 79.982849
v  -93.977921 -341.598694 -79.989571
v  -93.977913 -170.370178 -79.989563
v  -93.977913 -181.663910 -79.989563
v  -98.000000 -256.042328 -5.656868
v  -104.000000 -256.042328 -5.656868
v  -104.000000 -256.042328 -11.313721
v  -88.000000 -256.042328 -11.313721
v  -88.000000 -256.042328 -5.656868
v  -94.000000 -256.042328 -5.656868
v  -104.000000 -256.042328 5.656837
v  -94.000000 -256.042328 5.656837
v  -104.000000 -267.371307 -0.057595
v  -104.000000 -261.714447 -0.057587
v  -98.000000 -261.714447 -0.057587
v  -94.000000 -261.714447 -0.057587
v  -88.000000 -261.714447 -0.057587
v  -88.000000 -267.371307 -0.057595
v  -98.000000 -250.400742 -0.057602
v  -104.000000 -250.400742 -0.057602
v  -104.000000 -244.743896 -0.057601
v  -88.000000 -244.743896 -0.057601
v  -88.000000 -250.400742 -0.057602
v  -94.000000 -250.400742 -0.057602
v  -98.000000 -256.042328 -0.057594
v  -104.000000 -256.042328 11.313675
v  -98.000000 -256.042328 5.656837
v  -88.000000 -256.042328 5.656837
v  -88.000000 -256.042328 11.313683
v  -104.000000 -250.285583 -0.057579
v  -98.000000 -250.285583 -0.057579
v  -94.000000 -250.285583 -0.057579
v  -88.000000 -250.285583 -0.057579
v  -88.000000 -244.628754 -0.057579
v  -104.000000 -244.628738 -0.057586
v  -94.000000 -256.042328 -0.057594
v  -98.000000 -261.599304 -0.057595
v  -104.000000 -261.599304 -0.057595
v  -104.000000 -267.256165 -0.057602
v  -88.000000 -267.256165 -0.057602
v  -88.000000 -261.599304 -0.057595
v  -94.000000 -261.599304 -0.057595
v  -97.998871 -170.376907 79.982849
v  -104.000000 -170.376907 79.982849
v  -104.000000 -164.704910 79.982849
v  -88.000000 -164.704910 79.982849
v  -88.000000 -170.376907 79.982849
v  -93.977921 -170.376907 79.982849
v  -93.977921 -181.671448 79.982849
v  -104.000000 -330.335754 79.982841
v  -97.998871 -330.335754 79.982841
v  -93.977921 -330.335754 79.982841
v  -88.000000 -330.335754 79.982841
v  -97.998871 -341.623047 79.982841
v  -104.000000 -341.607513 79.982841
v  -104.000000 -347.293823 79.982841
v  -88.000000 -347.293823 79.982841
v  -88.000000 -341.607513 79.982841
v  -93.977921 -341.623047 79.982841
v  -97.998871 -330.341644 -79.989571
v  -104.000000 -330.341644 -79.989571
v  -104.000000 -324.672913 -79.979134
v  -88.000000 -324.672913 -79.979134
v  -88.000000 -330.341644 -79.989571
v  -93.977921 -330.341644 -79.989571
v  -7.999992 -384.000000 80.000000
v  -7.999992 -384.000000 84.000000
v  -1.999992 -384.000000 84.000000
v  -1.999992 -384.000000 92.000000
v  -7.999992 -384.000000 92.000000
v  -7.999992 -384.000000 96.000000
v  8.000008 -384.000000 96.000000
v  8.000008 -384.000000 92.000000
v  2.000008 -384.000000 92.000000
v  2.000008 -384.000000 84.000000
v  8.000008 -384.000000 84.000000
v  8.000008 -384.000000 80.000000
v  88.000000 384.000000 -79.999992
v  88.000000 384.000000 -83.999992
v  94.000000 384.000000 -83.999992
v  94.000000 384.000000 -91.999992
v  88.000000 384.000000 -91.999992
v  88.000000 384.000000 -95.999992
v  104.000000 384.000000 -95.999992
v  104.000000 384.000000 -91.999992
v  98.000000 384.000000 -91.999992
v  98.000000 384.000000 -83.999992
v  104.000000 384.000000 -83.999992
v  104.000000 384.000000 -79.999992
v  88.000000 384.000000 96.000008
v  88.000000 384.000000 92.000008
v  94.000000 384.000000 92.000008
v  94.000000 384.000000 84.000008
v  88.000000 384.000000 84.000008
v  88.000000 384.000000 80.000008
v  104.000000 384.000000 80.000008
v  104.000000 384.000000 84.000008
v  98.000000 384.000000 84.000008
v  98.000000 384.000000 92.000008
v  104.000000 384.000000 92.000008
v  104.000000 384.000000 96.000008
v  88.000000 164.699463 -79.989563
v  88.000000 164.691788 -84.000000
v  104.000000 164.691788 -84.000000
v  104.000000 164.699463 -79.989563
v  88.000000 164.691788 84.000000
v  104.000000 164.691788 84.000000
v  88.000000 170.438599 -84.000000
v  104.000000 170.438599 -84.000000
v  104.000000 170.401306 -79.989563
v  88.000000 170.438599 84.000000
v  104.000000 170.438599 84.000000
v  88.000000 170.401306 -79.989563
v  88.000000 181.644836 -84.000000
v  104.000000 181.644836 -84.000000
v  88.000000 181.644836 84.000000
v  104.000000 181.644836 84.000000
v  88.000000 187.426773 -84.000000
v  104.000000 187.426773 -84.000000
v  104.000000 187.426773 -80.000000
v  88.000000 187.426773 84.000000
v  88.000000 187.382843 79.982849
v  104.000000 187.382843 79.982849
v  104.000000 187.426773 84.000000
v  88.000000 187.426773 -80.000000
v  88.000000 347.310791 -83.999992
v  104.000000 347.310791 -83.999992
v  104.000000 347.301819 -79.989563
v  88.000000 347.310791 84.000008
v  104.000000 347.310791 84.000008
v  88.000000 347.301819 -79.989571
v  88.000000 341.629822 -79.989555
v  88.000000 341.623657 -83.999992
v  104.000000 341.623657 -83.999992
v  104.000000 341.629822 -79.989555
v  88.000000 341.623657 84.000008
v  104.000000 341.623657 84.000008
v  88.000000 330.336121 -79.989555
v  88.000000 330.355316 -83.999992
v  104.000000 330.355316 -83.999992
v  104.000000 330.336121 -79.989555
v  88.000000 330.355316 84.000008
v  88.000000 330.328552 79.982857
v  104.000000 330.328552 79.982857
v  104.000000 330.355316 84.000008
v  88.000000 324.691101 -79.989555
v  88.000000 324.723816 -83.999992
v  104.000000 324.723816 -83.999992
v  104.000000 324.691101 -79.989555
v  88.000000 324.723816 84.000008
v  88.000000 324.683563 79.982857
v  104.000000 324.683563 79.982857
v  104.000000 324.723816 84.000008
v  94.001129 170.401306 -79.989563
v  94.001129 341.629822 -79.989555
v  94.001129 330.336121 -79.989555
v  94.001129 330.328552 79.982857
v  98.022087 170.401306 -79.989563
v  98.022087 341.629822 -79.989555
v  98.022087 330.336121 -79.989555
v  94.000000 255.957672 -5.656860
v  88.000000 255.957672 -5.656860
v  88.000000 255.957672 -11.313713
v  104.000000 255.957672 -11.313713
v  104.000000 255.957672 -5.656860
v  98.000000 255.957672 -5.656860
v  88.000000 255.957672 5.656845
v  98.000000 255.957672 5.656845
v  88.000000 244.628693 -0.057587
v  88.000000 250.285553 -0.057579
v  94.000000 250.285553 -0.057579
v  98.000000 250.285553 -0.057579
v  104.000000 250.285553 -0.057579
v  104.000000 244.628693 -0.057587
v  94.000000 261.599243 -0.057594
v  88.000000 261.599243 -0.057594
v  88.000000 267.256104 -0.057594
v  104.000000 267.256104 -0.057594
v  104.000000 261.599243 -0.057594
v  98.000000 261.599243 -0.057594
v  94.000000 255.957672 -0.057587
v  88.000000 255.957672 11.313683
v  94.000000 255.957672 5.656845
v  104.000000 255.957672 5.656845
v  104.000000 255.957672 11.313690
v  88.000000 261.714417 -0.057571
v  94.000000 261.714417 -0.057571
v  98.000000 261.714417 -0.057571
v  104.000000 261.714417 -0.057571
v  104.000000 267.371246 -0.057571
v  88.000000 267.371277 -0.057579
v  98.000000 255.957672 -0.057587
v  94.000000 250.400696 -0.057587
v  88.000000 250.400696 -0.057587
v  88.000000 244.743851 -0.057595
v  104.000000 244.743851 -0.057595
v  104.000000 250.400696 -0.057587
v  98.000000 250.400696 -0.057587
v  94.001129 341.623108 79.982857
v  88.000000 341.623108 79.982857
v  88.000000 347.295105 79.982857
v  104.000000 347.295105 79.982857
v  104.000000 341.623108 79.982857
v  98.022087 341.623108 79.982857
v  98.022087 330.328552 79.982857
v  88.000000 181.664246 79.982849
v  94.001129 181.664246 79.982849
v  98.022087 181.664246 79.982849
v  104.000000 181.664246 79.982849
v  94.001129 170.376953 79.982849
v  88.000000 170.392487 79.982849
v  88.000000 164.706177 79.982849
v  104.000000 164.706177 79.982849
v  104.000000 170.392487 79.982849
v  98.022087 170.376953 79.982849
v  94.001129 181.658356 -79.989563
v  88.000000 181.658356 -79.989563
v  88.000000 187.327103 -79.979126
v  104.000000 187.327103 -79.979126
v  104.000000 181.658356 -79.989563
v  98.022087 181.658356 -79.989563
v  -94.000000 258.000000 96.000008
v  94.000000 258.000000 96.000008
v  -94.000000 286.000000 96.000008
v  94.000000 286.000000 96.000008
v  -94.000000 258.000000 100.000008
v  94.000000 258.000000 100.000008
v  -94.000000 286.000000 100.000008
v  94.000000 286.000000 100.000008
v  -94.000000 290.000000 96.000008
v  94.000000 290.000000 96.000008
v  -94.000000 318.000000 96.000015
v  94.000000 318.000000 96.000015
v  -94.000000 290.000000 100.000008
v  94.000000 290.000000 100.000008
v  -94.000000 318.000000 100.000015
v  94.000000 318.000000 100.000015
v  -94.000000 322.000000 96.000015
v  94.000000 322.000000 96.000015
v  -94.000000 350.000000 96.000015
v  94.000000 350.000000 96.000015
v  -94.000000 322.000000 100.000015
v  94.000000 322.000000 100.000015
v  -94.000000 350.000000 100.000015
v  94.000000 350.000000 100.000015
v  -94.000000 354.000000 96.000015
v  94.000000 354.000000 96.000015
v  -94.000000 382.000000 96.000015
v  94.000000 382.000000 96.000015
v  -94.000000 354.000000 100.000015
v  94.000000 354.000000 100.000015
v  -94.000000 382.000000 100.000015
v  94.000000 382.000000 100.000015
v  -94.000000 226.000000 96.000008
v  94.000000 226.000000 96.000008
v  -94.000000 254.000000 96.000008
v  94.000000 254.000000 96.000008
v  -94.000000 226.000000 100.000008
v  94.000000 226.000000 100.000008
v  -94.000000 254.000000 100.000008
v  94.000000 254.000000 100.000008
v  -94.000000 194.000000 96.000008
v  94.000000 194.000000 96.000008
v  -94.000000 222.000000 96.000008
v  94.000000 222.000000 96.000008
v  -94.000000 194.000000 100.000008
v  94.000000 194.000000 100.000008
v  -94.000000 222.000000 100.000008
v  94.000000 222.000000 100.000008
v  -94.000000 162.000000 96.000008
v  94.000000 162.000000 96.000008
v  -94.000000 190.000000 96.000008
v  94.000000 190.000000 96.000008
v  -94.000000 162.000000 100.000008
v  94.000000 162.000000 100.000008
v  -94.000000 190.000000 100.000008
v  94.000000 190.000000 100.000008
v  -94.000000 130.000000 96.000008
v  94.000000 130.000000 96.000008
v  -94.000000 158.000000 96.000008
v  94.000000 158.000000 96.000008
v  -94.000000 130.000000 100.000008
v  94.000000 130.000000 100.000008
v  -94.000000 158.000000 100.000008
v  94.000000 158.000000 100.000008
v  -104.000000 384.000000 -79.999992
v  -104.000000 384.000000 -83.999992
v  -98.000000 384.000000 -83.999992
v  -98.000000 384.000000 -91.999992
v  -104.000000 384.000000 -91.999992
v  -104.000000 384.000000 -95.999992
v  -88.000000 384.000000 -95.999992
v  -88.000000 384.000000 -91.999992
v  -94.000000 384.000000 -91.999992
v  -94.000000 384.000000 -83.999992
v  -88.000000 384.000000 -83.999992
v  -88.000000 384.000000 -79.999992
v  -104.000000 384.000000 96.000008
v  -104.000000 384.000000 92.000008
v  -98.000000 384.000000 92.000008
v  -98.000000 384.000000 84.000008
v  -104.000000 384.000000 84.000008
v  -104.000000 384.000000 80.000008
v  -88.000000 384.000000 80.000008
v  -88.000000 384.000000 84.000008
v  -94.000000 384.000000 84.000008
v  -94.000000 384.000000 92.000008
v  -88.000000 384.000000 92.000008
v  -88.000000 384.000000 96.000008
v  -104.000000 164.699463 -79.989563
v  -104.000000 164.691788 -84.000000
v  -88.000000 164.691788 -84.000000
v  -88.000000 164.699463 -79.989563
v  -104.000000 164.691788 84.000000
v  -88.000000 164.691788 84.000000
v  -104.000000 170.438599 -84.000000
v  -88.000000 170.438599 -84.000000
v  -88.000000 170.401306 -79.989563
v  -104.000000 170.438599 84.000000
v  -88.000000 170.438599 84.000000
v  -104.000000 170.401306 -79.989563
v  -104.000000 181.644836 -84.000000
v  -88.000000 181.644836 -84.000000
v  -104.000000 181.644836 84.000000
v  -88.000000 181.644836 84.000000
v  -104.000000 187.426773 -84.000000
v  -88.000000 187.426773 -84.000000
v  -88.000000 187.426773 -80.000000
v  -104.000000 187.426773 84.000000
v  -104.000000 187.382843 79.982849
v  -88.000000 187.382843 79.982849
v  -88.000000 187.426773 84.000000
v  -104.000000 187.426773 -80.000000
v  -104.000000 347.310791 -83.999992
v  -88.000000 347.310791 -83.999992
v  -88.000000 347.301819 -79.989563
v  -104.000000 347.310791 84.000008
v  -88.000000 347.310791 84.000008
v  -104.000000 347.301819 -79.989571
v  -104.000000 341.629822 -79.989555
v  -104.000000 341.623657 -83.999992
v  -88.000000 341.623657 -83.999992
v  -88.000000 341.629822 -79.989555
v  -104.000000 341.623657 84.000008
v  -88.000000 341.623657 84.000008
v  -104.000000 330.336121 -79.989555
v  -104.000000 330.355316 -83.999992
v  -88.000000 330.355316 -83.999992
v  -88.000000 330.336121 -79.989555
v  -104.000000 330.355316 84.000008
v  -104.000000 330.328552 79.982857
v  -88.000000 330.328552 79.982857
v  -88.000000 330.355316 84.000008
v  -104.000000 324.691101 -79.989555
v  -104.000000 324.723816 -83.999992
v  -88.000000 324.723816 -83.999992
v  -88.000000 324.691101 -79.989555
v  -104.000000 324.723816 84.000008
v  -104.000000 324.683563 79.982857
v  -88.000000 324.683563 79.982857
v  -88.000000 324.723816 84.000008
v  -97.998871 170.401306 -79.989563
v  -97.998871 341.629822 -79.989555
v  -97.998871 330.336121 -79.989555
v  -97.998871 330.328552 79.982857
v  -93.977921 170.401306 -79.989563
v  -93.977913 341.629822 -79.989555
v  -93.977913 330.336121 -79.989555
v  -98.000000 255.957672 -5.656860
v  -104.000000 255.957672 -5.656860
v  -104.000000 255.957672 -11.313713
v  -88.000000 255.957672 -11.313713
v  -88.000000 255.957672 -5.656860
v  -94.000000 255.957672 -5.656860
v  -104.000000 255.957672 5.656845
v  -94.000000 255.957672 5.656845
v  -104.000000 244.628693 -0.057587
v  -104.000000 250.285553 -0.057579
v  -98.000000 250.285553 -0.057579
v  -94.000000 250.285553 -0.057579
v  -88.000000 250.285553 -0.057579
v  -88.000000 244.628693 -0.057587
v  -98.000000 261.599243 -0.057594
v  -104.000000 261.599243 -0.057594
v  -104.000000 267.256104 -0.057594
v  -88.000000 267.256104 -0.057594
v  -88.000000 261.599243 -0.057594
v  -94.000000 261.599243 -0.057594
v  -98.000000 255.957672 -0.057587
v  -104.000000 255.957672 11.313683
v  -98.000000 255.957672 5.656845
v  -88.000000 255.957672 5.656845
v  -88.000000 255.957672 11.313690
v  -104.000000 261.714417 -0.057571
v  -98.000000 261.714417 -0.057571
v  -94.000000 261.714417 -0.057571
v  -88.000000 261.714417 -0.057571
v  -88.000000 267.371246 -0.057571
v  -104.000000 267.371277 -0.057579
v  -94.000000 255.957672 -0.057587
v  -98.000000 250.400696 -0.057587
v  -104.000000 250.400696 -0.057587
v  -104.000000 244.743851 -0.057595
v  -88.000000 244.743851 -0.057595
v  -88.000000 250.400696 -0.057587
v  -94.000000 250.400696 -0.057587
v  -97.998871 341.623108 79.982857
v  -104.000000 341.623108 79.982857
v  -104.000000 347.295105 79.982857
v  -88.000000 347.295105 79.982857
v  -88.000000 341.623108 79.982857
v  -93.977921 341.623108 79.982857
v  -93.977921 330.328552 79.982857
v  -104.000000 181.664246 79.982849
v  -97.998871 181.664246 79.982849
v  -93.977921 181.664246 79.982849
v  -88.000000 181.664246 79.982849
v  -97.998871 170.376953 79.982849
v  -104.000000 170.392487 79.982849
v  -104.000000 164.706177 79.982849
v  -88.000000 164.706177 79.982849
v  -88.000000 170.392487 79.982849
v  -93.977921 170.376953 79.982849
v  -97.998871 181.658356 -79.989563
v  -104.000000 181.658356 -79.989563
v  -104.000000 187.327103 -79.979126
v  -88.000000 187.327103 -79.979126
v  -88.000000 181.658356 -79.989563
v  -93.977921 181.658356 -79.989563
v  -7.999992 384.000000 79.999992
v  -7.999992 384.000000 83.999992
v  -1.999992 384.000000 83.999992
v  -1.999992 384.000000 91.999992
v  -7.999992 384.000000 91.999992
v  -7.999992 384.000000 95.999992
v  8.000008 384.000000 95.999992
v  8.000008 384.000000 91.999992
v  2.000008 384.000000 91.999992
v  2.000008 384.000000 83.999992
v  8.000008 384.000000 83.999992
v  8.000008 384.000000 79.999992
v  -55.999992 128.000000 -92.000000
v  -55.999992 128.000000 -96.000000
v  -55.999992 -127.999992 -96.000000
v  -55.999992 -127.999992 -92.000000
v  -49.999992 128.000000 -92.000000
v  -49.999992 -127.999992 -92.000000
v  -49.999992 128.000000 -84.000000
v  -49.999992 -127.999992 -84.000000
v  -55.999992 128.000000 -84.000000
v  -55.999992 -127.999992 -84.000000
v  -55.999992 128.000000 -80.000000
v  -55.999992 -127.999992 -80.000000
v  -39.999992 128.000000 -80.000000
v  -39.999992 -127.999992 -80.000000
v  -39.999992 128.000000 -84.000000
v  -39.999992 -127.999992 -84.000000
v  -45.999992 128.000000 -84.000000
v  -45.999992 -127.999992 -84.000000
v  -45.999992 128.000000 -92.000000
v  -45.999992 -127.999992 -92.000000
v  -39.999992 128.000000 -92.000000
v  -39.999992 -127.999992 -92.000000
v  -39.999992 128.000000 -96.000000
v  -39.999992 -127.999992 -96.000000
v  -55.999992 -384.000000 -96.000000
v  -55.999992 -384.000000 -92.000000
v  -49.999992 -384.000000 -92.000000
v  -49.999992 -384.000000 -84.000000
v  -55.999992 -384.000000 -84.000000
v  -55.999992 -384.000000 -80.000000
v  -39.999992 -384.000000 -80.000000
v  -39.999992 -384.000000 -84.000000
v  -45.999992 -384.000000 -84.000000
v  -45.999992 -384.000000 -92.000000
v  -39.999992 -384.000000 -92.000000
v  -39.999992 -384.000000 -96.000000
v  -56.000000 384.000000 -92.000008
v  -56.000000 384.000000 -96.000008
v  -49.999992 384.000000 -92.000008
v  -49.999992 384.000000 -84.000008
v  -56.000000 384.000000 -84.000008
v  -56.000000 384.000000 -80.000008
v  -39.999992 384.000000 -80.000008
v  -39.999992 384.000000 -84.000008
v  -45.999992 384.000000 -84.000008
v  -45.999992 384.000000 -92.000008
v  -39.999992 384.000000 -92.000008
v  -39.999992 384.000000 -96.000008
v  40.000015 128.000000 -92.000000
v  40.000015 128.000000 -96.000000
v  40.000015 -127.999992 -96.000000
v  40.000015 -127.999992 -92.000000
v  46.000015 128.000000 -92.000000
v  46.000015 -127.999992 -92.000000
v  46.000015 128.000000 -84.000000
v  46.000015 -127.999992 -84.000000
v  40.000015 128.000000 -84.000000
v  40.000015 -127.999992 -84.000000
v  40.000015 128.000000 -80.000000
v  40.000015 -127.999992 -80.000000
v  56.000015 128.000000 -80.000000
v  56.000015 -127.999992 -80.000000
v  56.000015 128.000000 -84.000000
v  56.000015 -127.999992 -84.000000
v  50.000015 128.000000 -84.000000
v  50.000015 -127.999992 -84.000000
v  50.000015 128.000000 -92.000000
v  50.000015 -127.999992 -92.000000
v  56.000015 128.000000 -92.000000
v  56.000015 -127.999992 -92.000000
v  56.000015 128.000000 -96.000000
v  56.000015 -127.999992 -96.000000
v  40.000015 -384.000000 -96.000000
v  40.000015 -384.000000 -92.000000
v  46.000015 -384.000000 -92.000000
v  46.000015 -384.000000 -84.000000
v  40.000015 -384.000000 -84.000000
v  40.000015 -384.000000 -80.000000
v  56.000015 -384.000000 -80.000000
v  56.000015 -384.000000 -84.000000
v  50.000015 -384.000000 -84.000000
v  50.000015 -384.000000 -92.000000
v  56.000015 -384.000000 -92.000000
v  56.000015 -384.000000 -96.000000
v  40.000008 384.000000 -92.000008
v  40.000008 384.000000 -96.000008
v  46.000015 384.000000 -92.000008
v  46.000015 384.000000 -84.000008
v  40.000008 384.000000 -84.000008
v  40.000008 384.000000 -80.000008
v  56.000015 384.000000 -80.000008
v  56.000015 384.000000 -84.000008
v  50.000015 384.000000 -84.000008
v  50.000015 384.000000 -92.000008
v  56.000015 384.000000 -92.000008
v  56.000015 384.000000 -96.000008
v  93.999992 94.000015 -80.000000
v  94.000000 66.000015 -79.999985
v  -94.000000 66.000000 -79.999985
v  -94.000008 94.000000 -80.000000
v  93.999992 94.000015 -76.000000
v  -94.000008 94.000000 -76.000000
v  -94.000000 66.000000 -75.999985
v  94.000000 66.000015 -75.999985
v  93.999992 -65.999977 -79.999992
v  94.000000 -93.999977 -79.999992
v  -94.000000 -93.999992 -79.999992
v  -94.000008 -65.999992 -79.999992
v  93.999992 -65.999992 -75.999992
v  -94.000008 -66.000008 -75.999992
v  -94.000000 -94.000008 -75.999992
v  94.000000 -93.999992 -75.999992
v  94.000000 -162.000000 -79.999992
v  93.999992 -190.000000 -79.999992
v  -94.000008 -190.000000 -79.999992
v  -94.000000 -162.000000 -79.999992
v  94.000000 -162.000000 -75.999992
v  -94.000000 -162.000000 -75.999992
v  -94.000008 -190.000000 -75.999992
v  93.999992 -190.000000 -75.999992
v  93.999992 -258.000000 -80.000015
v  94.000000 -286.000000 -80.000000
v  -94.000000 -286.000000 -80.000000
v  -94.000008 -258.000000 -80.000015
v  93.999992 -258.000000 -76.000015
v  -94.000008 -258.000000 -76.000015
v  -94.000000 -286.000000 -76.000000
v  94.000000 -286.000000 -76.000000
v  94.000000 -354.000000 -80.000000
v  93.999992 -382.000000 -80.000000
v  -94.000008 -382.000000 -80.000000
v  -94.000000 -354.000000 -80.000000
v  94.000000 -354.000000 -76.000000
v  -94.000000 -354.000000 -76.000000
v  -94.000008 -382.000000 -76.000000
v  93.999992 -382.000000 -76.000000
v  93.999992 286.000000 -79.999992
v  94.000000 258.000000 -79.999992
v  -94.000000 258.000000 -79.999992
v  -94.000008 286.000000 -79.999992
v  93.999992 286.000000 -75.999992
v  -94.000008 286.000000 -75.999992
v  -94.000000 258.000000 -75.999992
v  94.000000 258.000000 -75.999992
v  94.000000 382.000000 -79.999985
v  94.000000 354.000000 -79.999985
v  -94.000000 354.000000 -79.999985
v  -94.000000 382.000000 -79.999985
v  94.000000 382.000000 -75.999985
v  -94.000000 382.000000 -75.999985
v  -94.000000 354.000000 -75.999985
v  94.000000 354.000000 -75.999985
v  94.000000 190.000000 -79.999992
v  93.999992 162.000000 -79.999992
v  -94.000008 162.000000 -79.999992
v  -94.000000 190.000000 -79.999992
v  94.000000 190.000000 -75.999992
v  -94.000000 190.000000 -75.999992
v  -94.000008 162.000000 -75.999992
v  93.999992 162.000000 -75.999992
v  93.999992 -1.999977 -80.000000
v  94.000000 -29.999977 -79.999985
v  -94.000000 -29.999992 -79.999985
v  -94.000008 -1.999992 -80.000000
v  93.999992 -1.999977 -76.000000
v  -94.000008 -1.999992 -76.000000
v  -94.000000 -29.999992 -75.999985
v  94.000000 -29.999977 -75.999985
v  93.999992 30.000023 -80.000000
v  94.000000 2.000023 -79.999985
v  -94.000000 2.000008 -79.999985
v  -94.000008 30.000008 -80.000000
v  93.999992 30.000023 -76.000000
v  -94.000008 30.000008 -76.000000
v  -94.000000 2.000008 -75.999985
v  94.000000 2.000023 -75.999985
v  -79.999992 127.999992 7.999992
v  -83.999992 127.999992 7.999992
v  -83.999992 127.999992 1.999992
v  -91.999992 127.999992 1.999992
v  -91.999992 127.999992 7.999992
v  -95.999992 127.999992 7.999992
v  -95.999992 127.999992 -8.000008
v  -91.999992 127.999992 -8.000008
v  -91.999992 127.999992 -2.000008
v  -83.999992 127.999992 -2.000008
v  -83.999992 127.999992 -8.000008
v  -79.999992 127.999992 -8.000008
v  -79.999992 -128.000000 7.999992
v  -83.999992 -128.000000 7.999992
v  -83.999992 -128.000000 1.999992
v  -91.999992 -128.000000 1.999992
v  -91.999992 -128.000000 7.999992
v  -95.999992 -128.000000 7.999992
v  -95.999992 -128.000000 -8.000008
v  -91.999992 -128.000000 -8.000008
v  -91.999992 -128.000000 -2.000008
v  -83.999992 -128.000000 -2.000008
v  -83.999992 -128.000000 -8.000008
v  -79.999992 -128.000000 -8.000008
v  96.000008 127.999992 8.000008
v  92.000008 127.999992 8.000008
v  92.000008 127.999992 2.000008
v  84.000008 127.999992 2.000008
v  84.000008 127.999992 8.000008
v  80.000008 127.999992 8.000008
v  80.000008 127.999992 -7.999992
v  84.000008 127.999992 -7.999992
v  84.000008 127.999992 -1.999992
v  92.000008 127.999992 -1.999992
v  92.000008 127.999992 -7.999992
v  96.000008 127.999992 -7.999992
v  96.000008 -128.000000 8.000008
v  92.000008 -128.000000 8.000008
v  92.000008 -128.000000 2.000008
v  84.000008 -128.000000 2.000008
v  84.000008 -128.000000 8.000008
v  80.000008 -128.000000 8.000008
v  80.000008 -128.000000 -7.999992
v  84.000008 -128.000000 -7.999992
v  84.000008 -128.000000 -1.999992
v  92.000008 -128.000000 -1.999992
v  92.000008 -128.000000 -7.999992
v  96.000008 -128.000000 -7.999992
v  -79.989555 -91.300545 7.999992
v  -83.999992 -91.308220 7.999992
v  -83.999992 -91.308220 -8.000008
v  -79.989555 -91.300545 -8.000008
v  84.000008 -91.308220 8.000008
v  84.000008 -91.308220 -7.999992
v  -83.999992 -85.561409 7.999992
v  -83.999992 -85.561409 -8.000008
v  -79.989555 -85.598701 -8.000008
v  84.000008 -85.561409 8.000008
v  84.000008 -85.561409 -7.999992
v  -79.989555 -85.598701 7.999992
v  -83.999992 -74.355171 7.999992
v  -83.999992 -74.355171 -8.000008
v  84.000008 -74.355171 8.000008
v  84.000008 -74.355171 -7.999992
v  -83.999992 -68.573235 7.999992
v  -83.999992 -68.573235 -8.000008
v  -79.999992 -68.573235 -8.000008
v  84.000008 -68.573235 8.000008
v  79.982857 -68.617165 8.000008
v  79.982857 -68.617165 -7.999992
v  84.000008 -68.573235 -7.999992
v  -79.999992 -68.573235 7.999992
v  -83.999985 91.310768 7.999992
v  -83.999985 91.310768 -8.000008
v  -79.989555 91.301796 -8.000008
v  84.000015 91.310768 8.000008
v  84.000015 91.310768 -7.999992
v  -79.989563 91.301804 7.999992
v  -79.989548 85.629814 7.999992
v  -83.999985 85.623650 7.999992
v  -83.999985 85.623650 -8.000008
v  -79.989548 85.629814 -8.000008
v  84.000015 85.623634 8.000008
v  84.000015 85.623634 -7.999992
v  -79.989548 74.336090 7.999992
v  -83.999985 74.355316 7.999992
v  -83.999985 74.355316 -8.000008
v  -79.989548 74.336098 -8.000008
v  84.000015 74.355309 8.000008
v  79.982864 74.328545 8.000008
v  79.982864 74.328545 -7.999992
v  84.000015 74.355309 -7.999992
v  -79.989548 68.691093 7.999992
v  -83.999985 68.723808 7.999992
v  -83.999985 68.723808 -8.000008
v  -79.989548 68.691093 -8.000008
v  84.000015 68.723793 8.000008
v  79.982864 68.683556 8.000008
v  79.982864 68.683556 -7.999992
v  84.000015 68.723793 -7.999992
v  -79.989555 -85.598701 1.998863
v  -79.989548 85.629814 1.998863
v  -79.989548 74.336090 1.998863
v  79.982864 74.328545 1.998878
v  -79.989555 -85.598701 -2.022095
v  -79.989548 85.629814 -2.022095
v  -79.989548 74.336090 -2.022095
v  -5.656853 -0.042332 2.000000
v  -5.656854 -0.042332 8.000000
v  -11.313706 -0.042332 8.000000
v  -11.313705 -0.042332 -8.000000
v  -5.656853 -0.042332 -8.000000
v  -5.656853 -0.042332 -2.000000
v  5.656852 -0.042332 8.000000
v  5.656853 -0.042332 -2.000000
v  -0.057581 -11.371311 8.000000
v  -0.057573 -5.714451 8.000000
v  -0.057572 -5.714451 2.000000
v  -0.057572 -5.714451 -2.000000
v  -0.057571 -5.714451 -8.000000
v  -0.057579 -11.371311 -8.000000
v  -0.057587 5.599254 2.000000
v  -0.057587 5.599254 8.000000
v  -0.057587 11.256100 8.000000
v  -0.057586 11.256100 -8.000000
v  -0.057586 5.599254 -8.000000
v  -0.057587 5.599254 -2.000000
v  -0.057580 -0.042332 2.000000
v  11.313689 -0.042332 8.000000
v  5.656852 -0.042332 2.000000
v  5.656853 -0.042332 -8.000000
v  11.313698 -0.042332 -8.000000
v  -0.057565 5.714405 8.000000
v  -0.057564 5.714405 2.000000
v  -0.057564 5.714405 -2.000000
v  -0.057563 5.714405 -8.000000
v  -0.057563 11.371250 -8.000000
v  -0.057572 11.371258 8.000000
v  -0.057579 -0.042332 -2.000000
v  -0.057580 -5.599308 2.000000
v  -0.057580 -5.599308 8.000000
v  -0.057588 -11.256153 8.000000
v  -0.057587 -11.256153 -8.000000
v  -0.057579 -5.599308 -8.000000
v  -0.057580 -5.599308 -2.000000
v  79.982864 85.623085 1.998878
v  79.982864 85.623085 8.000008
v  79.982864 91.295082 8.000008
v  79.982864 91.295082 -7.999992
v  79.982864 85.623085 -7.999992
v  79.982864 85.623085 -2.022079
v  79.982864 74.328545 -2.022079
v  79.982857 -74.335762 8.000008
v  79.982857 -74.335762 1.998878
v  79.982857 -74.335762 -2.022079
v  79.982857 -74.335762 -7.999992
v  79.982857 -85.623055 1.998878
v  79.982857 -85.607521 8.000008
v  79.982857 -91.293831 8.000008
v  79.982857 -91.293831 -7.999992
v  79.982857 -85.607521 -7.999992
v  79.982857 -85.623055 -2.022079
v  -79.989555 -74.341652 1.998863
v  -79.989555 -74.341652 7.999992
v  -79.979118 -68.672905 7.999992
v  -79.979118 -68.672905 -8.000008
v  -79.989555 -74.341652 -8.000008
v  -79.989555 -74.341652 -2.022095
v  -80.000000 -384.000000 7.999992
v  -84.000000 -384.000000 7.999992
v  -84.000000 -384.000000 1.999992
v  -92.000000 -384.000000 1.999992
v  -92.000000 -384.000000 7.999992
v  -96.000000 -384.000000 7.999992
v  -96.000000 -384.000000 -8.000008
v  -92.000000 -384.000000 -8.000008
v  -92.000000 -384.000000 -2.000008
v  -84.000000 -384.000000 -2.000008
v  -84.000000 -384.000000 -8.000008
v  -80.000000 -384.000000 -8.000008
v  96.000000 -384.000000 8.000008
v  92.000000 -384.000000 8.000008
v  92.000000 -384.000000 2.000008
v  84.000000 -384.000000 2.000008
v  84.000000 -384.000000 8.000008
v  80.000000 -384.000000 8.000008
v  80.000000 -384.000000 -7.999992
v  84.000000 -384.000000 -7.999992
v  84.000000 -384.000000 -1.999992
v  92.000000 -384.000000 -1.999992
v  92.000000 -384.000000 -7.999992
v  96.000000 -384.000000 -7.999992
v  -79.989563 -347.300537 7.999992
v  -84.000000 -347.308228 7.999992
v  -84.000000 -347.308228 -8.000008
v  -79.989563 -347.300537 -8.000008
v  84.000000 -347.308228 8.000008
v  84.000000 -347.308228 -7.999992
v  -84.000000 -341.561401 7.999992
v  -84.000000 -341.561401 -8.000008
v  -79.989563 -341.598694 -8.000008
v  84.000000 -341.561401 8.000008
v  84.000000 -341.561401 -7.999992
v  -79.989563 -341.598694 7.999992
v  -84.000000 -330.355164 7.999992
v  -84.000000 -330.355164 -8.000008
v  84.000000 -330.355164 8.000008
v  84.000000 -330.355164 -7.999992
v  -84.000000 -324.573242 7.999992
v  -84.000000 -324.573242 -8.000008
v  -80.000000 -324.573242 -8.000008
v  84.000000 -324.573242 8.000008
v  79.982849 -324.617157 8.000008
v  79.982849 -324.617157 -7.999992
v  84.000000 -324.573242 -7.999992
v  -80.000000 -324.573242 7.999992
v  -83.999992 -164.689224 7.999992
v  -83.999992 -164.689224 -8.000008
v  -79.989563 -164.698196 -8.000008
v  84.000008 -164.689224 8.000008
v  84.000008 -164.689224 -7.999992
v  -79.989571 -164.698181 7.999992
v  -79.989555 -170.370178 7.999992
v  -83.999992 -170.376343 7.999992
v  -83.999992 -170.376343 -8.000008
v  -79.989555 -170.370178 -8.000008
v  84.000008 -170.376358 8.000008
v  84.000008 -170.376358 -7.999992
v  -79.989555 -181.663910 7.999992
v  -83.999992 -181.644684 7.999992
v  -83.999992 -181.644684 -8.000008
v  -79.989555 -181.663910 -8.000008
v  84.000008 -181.644684 8.000008
v  79.982857 -181.671448 8.000008
v  79.982857 -181.671448 -7.999992
v  84.000008 -181.644684 -7.999992
v  -79.989555 -187.308899 7.999992
v  -83.999992 -187.276184 7.999992
v  -83.999992 -187.276184 -8.000008
v  -79.989555 -187.308899 -8.000008
v  84.000008 -187.276199 8.000008
v  79.982857 -187.316437 8.000008
v  79.982857 -187.316437 -7.999992
v  84.000008 -187.276199 -7.999992
v  -79.989563 -341.598694 1.998863
v  -79.989555 -170.370178 1.998863
v  -79.989555 -181.663910 1.998863
v  79.982857 -181.671448 1.998878
v  -79.989563 -341.598694 -2.022095
v  -79.989555 -170.370178 -2.022095
v  -79.989555 -181.663910 -2.022095
v  -5.656861 -256.042328 2.000000
v  -5.656861 -256.042328 8.000000
v  -11.313714 -256.042328 8.000000
v  -11.313713 -256.042328 -8.000000
v  -5.656860 -256.042328 -8.000000
v  -5.656860 -256.042328 -2.000000
v  5.656844 -256.042328 8.000000
v  5.656845 -256.042328 -2.000000
v  -0.057588 -267.371307 8.000000
v  -0.057580 -261.714447 8.000000
v  -0.057580 -261.714447 2.000000
v  -0.057580 -261.714447 -2.000000
v  -0.057579 -261.714447 -8.000000
v  -0.057587 -267.371307 -8.000000
v  -0.057595 -250.400742 2.000000
v  -0.057595 -250.400742 8.000000
v  -0.057595 -244.743896 8.000000
v  -0.057594 -244.743896 -8.000000
v  -0.057594 -250.400742 -8.000000
v  -0.057594 -250.400742 -2.000000
v  -0.057587 -256.042328 2.000000
v  11.313682 -256.042328 8.000000
v  5.656845 -256.042328 2.000000
v  5.656845 -256.042328 -8.000000
v  11.313690 -256.042328 -8.000000
v  -0.057572 -250.285583 8.000000
v  -0.057572 -250.285583 2.000000
v  -0.057571 -250.285583 -2.000000
v  -0.057571 -250.285583 -8.000000
v  -0.057571 -244.628754 -8.000000
v  -0.057580 -244.628738 8.000000
v  -0.057587 -256.042328 -2.000000
v  -0.057587 -261.599304 2.000000
v  -0.057588 -261.599304 8.000000
v  -0.057596 -267.256165 8.000000
v  -0.057595 -267.256165 -8.000000
v  -0.057587 -261.599304 -8.000000
v  -0.057587 -261.599304 -2.000000
v  79.982857 -170.376907 1.998878
v  79.982857 -170.376907 8.000008
v  79.982857 -164.704910 8.000008
v  79.982857 -164.704910 -7.999992
v  79.982857 -170.376907 -7.999992
v  79.982857 -170.376907 -2.022079
v  79.982857 -181.671448 -2.022079
v  79.982849 -330.335754 8.000008
v  79.982849 -330.335754 1.998878
v  79.982849 -330.335754 -2.022079
v  79.982849 -330.335754 -7.999992
v  79.982849 -341.623047 1.998878
v  79.982849 -341.607513 8.000008
v  79.982849 -347.293823 8.000008
v  79.982849 -347.293823 -7.999992
v  79.982849 -341.607513 -7.999992
v  79.982849 -341.623047 -2.022079
v  -79.989563 -330.341644 1.998863
v  -79.989563 -330.341644 7.999992
v  -79.979126 -324.672913 7.999992
v  -79.979126 -324.672913 -8.000008
v  -79.989563 -330.341644 -8.000008
v  -79.989563 -330.341644 -2.022095
v  -79.999985 384.000000 7.999992
v  -83.999985 384.000000 7.999992
v  -83.999985 384.000000 1.999992
v  -91.999985 384.000000 1.999992
v  -91.999985 384.000000 7.999992
v  -95.999985 384.000000 7.999992
v  -95.999985 384.000000 -8.000008
v  -91.999985 384.000000 -8.000008
v  -91.999985 384.000000 -2.000008
v  -83.999985 384.000000 -2.000008
v  -83.999985 384.000000 -8.000008
v  -79.999985 384.000000 -8.000008
v  96.000015 384.000000 8.000008
v  92.000015 384.000000 8.000008
v  92.000015 384.000000 2.000008
v  84.000015 384.000000 2.000008
v  84.000015 384.000000 8.000008
v  80.000015 384.000000 8.000008
v  80.000015 384.000000 -7.999992
v  84.000015 384.000000 -7.999992
v  84.000015 384.000000 -1.999992
v  92.000015 384.000000 -1.999992
v  92.000015 384.000000 -7.999992
v  96.000015 384.000000 -7.999992
v  -79.989555 164.699463 7.999992
v  -83.999992 164.691788 7.999992
v  -83.999992 164.691788 -8.000008
v  -79.989555 164.699463 -8.000008
v  84.000008 164.691788 8.000008
v  84.000008 164.691788 -7.999992
v  -83.999992 170.438599 7.999992
v  -83.999992 170.438599 -8.000008
v  -79.989555 170.401306 -8.000008
v  84.000008 170.438599 8.000008
v  84.000008 170.438599 -7.999992
v  -79.989555 170.401306 7.999992
v  -83.999992 181.644836 7.999992
v  -83.999992 181.644836 -8.000008
v  84.000008 181.644836 8.000008
v  84.000008 181.644836 -7.999992
v  -83.999992 187.426773 7.999992
v  -83.999992 187.426773 -8.000008
v  -79.999992 187.426773 -8.000008
v  84.000008 187.426773 8.000008
v  79.982857 187.382843 8.000008
v  79.982857 187.382843 -7.999992
v  84.000008 187.426773 -7.999992
v  -79.999992 187.426773 7.999992
v  -83.999985 347.310791 7.999992
v  -83.999985 347.310791 -8.000008
v  -79.989555 347.301819 -8.000008
v  84.000015 347.310791 8.000008
v  84.000015 347.310791 -7.999992
v  -79.989563 347.301819 7.999992
v  -79.989548 341.629822 7.999992
v  -83.999985 341.623657 7.999992
v  -83.999985 341.623657 -8.000008
v  -79.989548 341.629822 -8.000008
v  84.000015 341.623657 8.000008
v  84.000015 341.623657 -7.999992
v  -79.989548 330.336121 7.999992
v  -83.999985 330.355316 7.999992
v  -83.999985 330.355316 -8.000008
v  -79.989548 330.336121 -8.000008
v  84.000015 330.355316 8.000008
v  79.982864 330.328552 8.000008
v  79.982864 330.328552 -7.999992
v  84.000015 330.355316 -7.999992
v  -79.989548 324.691101 7.999992
v  -83.999985 324.723816 7.999992
v  -83.999985 324.723816 -8.000008
v  -79.989548 324.691101 -8.000008
v  84.000015 324.723816 8.000008
v  79.982864 324.683563 8.000008
v  79.982864 324.683563 -7.999992
v  84.000015 324.723816 -7.999992
v  -79.989555 170.401306 1.998863
v  -79.989548 341.629822 1.998863
v  -79.989548 330.336121 1.998863
v  79.982864 330.328552 1.998878
v  -79.989555 170.401306 -2.022095
v  -79.989548 341.629822 -2.022095
v  -79.989548 330.336121 -2.022095
v  -5.656853 255.957672 2.000000
v  -5.656854 255.957672 8.000000
v  -11.313706 255.957672 8.000000
v  -11.313705 255.957672 -8.000000
v  -5.656853 255.957672 -8.000000
v  -5.656853 255.957672 -2.000000
v  5.656852 255.957672 8.000000
v  5.656853 255.957672 -2.000000
v  -0.057581 244.628693 8.000000
v  -0.057573 250.285553 8.000000
v  -0.057572 250.285553 2.000000
v  -0.057572 250.285553 -2.000000
v  -0.057571 250.285553 -8.000000
v  -0.057579 244.628693 -8.000000
v  -0.057587 261.599243 2.000000
v  -0.057587 261.599243 8.000000
v  -0.057587 267.256104 8.000000
v  -0.057586 267.256104 -8.000000
v  -0.057586 261.599243 -8.000000
v  -0.057587 261.599243 -2.000000
v  -0.057580 255.957672 2.000000
v  11.313689 255.957672 8.000000
v  5.656852 255.957672 2.000000
v  5.656853 255.957672 -8.000000
v  11.313698 255.957672 -8.000000
v  -0.057565 261.714417 8.000000
v  -0.057564 261.714417 2.000000
v  -0.057564 261.714417 -2.000000
v  -0.057563 261.714417 -8.000000
v  -0.057563 267.371246 -8.000000
v  -0.057572 267.371277 8.000000
v  -0.057579 255.957672 -2.000000
v  -0.057580 250.400696 2.000000
v  -0.057580 250.400696 8.000000
v  -0.057588 244.743851 8.000000
v  -0.057587 244.743851 -8.000000
v  -0.057579 250.400696 -8.000000
v  -0.057580 250.400696 -2.000000
v  79.982864 341.623108 1.998878
v  79.982864 341.623108 8.000008
v  79.982864 347.295105 8.000008
v  79.982864 347.295105 -7.999992
v  79.982864 341.623108 -7.999992
v  79.982864 341.623108 -2.022079
v  79.982864 330.328552 -2.022079
v  79.982857 181.664246 8.000008
v  79.982857 181.664246 1.998878
v  79.982857 181.664246 -2.022079
v  79.982857 181.664246 -7.999992
v  79.982857 170.376953 1.998878
v  79.982857 170.392487 8.000008
v  79.982857 164.706177 8.000008
v  79.982857 164.706177 -7.999992
v  79.982857 170.392487 -7.999992
v  79.982857 170.376953 -2.022079
v  -79.989555 181.658356 1.998863
v  -79.989555 181.658356 7.999992
v  -79.979118 187.327103 7.999992
v  -79.979118 187.327103 -8.000008
v  -79.989555 181.658356 -8.000008
v  -79.989555 181.658356 -2.022095
# 1784 vertices

vt  0.146551 0.995622 -4.000000
vt  0.146551 0.964102 -4.000000
vt  0.193830 0.964102 -4.000000
vt  0.193830 0.901064 -4.000000
vt  0.146551 0.901064 -4.000000
vt  0.146551 0.869545 -4.000000
vt  0.272628 0.869545 -4.000000
vt  0.272628 0.901064 -4.000000
vt  0.225349 0.901064 -4.000000
vt  0.225349 0.964102 -4.000000
vt  0.272628 0.964102 -4.000000
vt  0.272628 0.995622 -4.000000
vt  0.004043 0.995622 4.000000
vt  0.004043 0.964102 4.000000
vt  0.051322 0.964102 4.000000
vt  0.051322 0.901064 4.000000
vt  0.004043 0.901064 4.000000
vt  0.004043 0.869545 4.000000
vt  0.130120 0.869545 4.000000
vt  0.130120 0.901064 4.000000
vt  0.082841 0.901064 4.000000
vt  0.082841 0.964102 4.000000
vt  0.130120 0.964102 4.000000
vt  0.130120 0.995622 4.000000
vt  0.866912 0.998875 -0.000018
vt  0.851310 0.998875 -0.000015
vt  0.827928 0.998875 -0.000013
vt  0.796771 0.998875 -0.000014
vt  0.773395 0.998875 -0.000016
vt  0.757802 0.998875 -0.000020
vt  0.695561 0.998875 -0.000043
vt  0.679989 0.998875 -0.000052
vt  0.656655 0.998875 -0.000072
vt  0.968109 0.998875 -0.000075
vt  0.944755 0.998875 -0.000050
vt  0.929169 0.998875 -0.000040
vt  0.866934 0.003548 -0.000002
vt  0.851334 0.003548 -0.000002
vt  0.827953 0.003548 -0.000002
vt  0.796795 0.003548 -0.000001
vt  0.773416 0.003548 -0.000000
vt  0.757820 0.003548 0.000001
vt  0.695573 0.003548 0.000006
vt  0.679998 0.003548 0.000008
vt  0.656659 0.003548 0.000014
vt  0.968115 0.003548 0.000005
vt  0.944768 0.003548 0.000001
vt  0.929186 0.003548 0.000000
vt  0.999224 0.998875 -0.000137
vt  0.999226 0.003548 0.000014
vt  0.147017 0.860923 -4.000000
vt  0.147017 0.829404 -4.000000
vt  0.194296 0.829404 -4.000000
vt  0.194296 0.766366 -4.000000
vt  0.147017 0.766366 -4.000000
vt  0.147017 0.734847 -4.000000
vt  0.273094 0.734847 -4.000000
vt  0.273094 0.766366 -4.000000
vt  0.225815 0.766366 -4.000000
vt  0.225815 0.829404 -4.000000
vt  0.273094 0.829404 -4.000000
vt  0.273094 0.860923 -4.000000
vt  0.004509 0.860923 4.000000
vt  0.004509 0.829404 4.000000
vt  0.051788 0.829404 4.000000
vt  0.051788 0.766366 4.000000
vt  0.004509 0.766366 4.000000
vt  0.004509 0.734847 4.000000
vt  0.130586 0.734847 4.000000
vt  0.130586 0.766366 4.000000
vt  0.083307 0.766366 4.000000
vt  0.083307 0.829404 4.000000
vt  0.130586 0.829404 4.000000
vt  0.130586 0.860923 4.000000
vt  0.522252 0.998875 -0.000018
vt  0.506650 0.998875 -0.000015
vt  0.483268 0.998875 -0.000013
vt  0.452111 0.998875 -0.000014
vt  0.428734 0.998875 -0.000016
vt  0.413142 0.998875 -0.000020
vt  0.350901 0.998875 -0.000043
vt  0.335329 0.998875 -0.000052
vt  0.311995 0.998875 -0.000072
vt  0.623449 0.998875 -0.000075
vt  0.600095 0.998875 -0.000050
vt  0.584509 0.998875 -0.000040
vt  0.522274 0.003548 -0.000002
vt  0.506674 0.003548 -0.000002
vt  0.483293 0.003548 -0.000002
vt  0.452135 0.003548 -0.000001
vt  0.428756 0.003548 -0.000000
vt  0.413160 0.003548 0.000001
vt  0.350913 0.003548 0.000006
vt  0.335338 0.003548 0.000008
vt  0.311999 0.003548 0.000014
vt  0.623455 0.003548 0.000005
vt  0.600108 0.003548 0.000001
vt  0.584526 0.003548 0.000000
vt  0.654564 0.998875 -0.000137
vt  0.654566 0.003548 0.000014
vt  0.866931 0.146205 -0.000004
vt  0.851331 0.146205 -0.000004
vt  0.944766 0.146205 -0.000006
vt  0.929184 0.146205 -0.000006
vt  0.428753 0.146205 -0.000003
vt  0.413158 0.146205 -0.000002
vt  0.350911 0.146205 -0.000001
vt  0.335336 0.146205 -0.000000
vt  0.851330 0.168549 -0.000004
vt  0.944766 0.168549 -0.000007
vt  0.929183 0.168549 -0.000006
vt  0.428752 0.168549 -0.000003
vt  0.413157 0.168549 -0.000003
vt  0.350911 0.168549 -0.000002
vt  0.335336 0.168549 -0.000002
vt  0.866930 0.168549 -0.000004
vt  0.851329 0.212119 -0.000004
vt  0.944766 0.212119 -0.000009
vt  0.929182 0.212119 -0.000008
vt  0.428751 0.212119 -0.000004
vt  0.413157 0.212119 -0.000004
vt  0.350910 0.212119 -0.000004
vt  0.335336 0.212119 -0.000004
vt  0.866929 0.212119 -0.000005
vt  0.851329 0.234599 -0.000005
vt  0.944765 0.234599 -0.000011
vt  0.929182 0.234599 -0.000009
vt  0.428751 0.234599 -0.000004
vt  0.413156 0.234599 -0.000004
vt  0.350910 0.234599 -0.000005
vt  0.335336 0.234599 -0.000006
vt  0.866929 0.234599 -0.000005
vt  0.851314 0.856227 -0.000013
vt  0.944757 0.856227 -0.000042
vt  0.929172 0.856227 -0.000034
vt  0.428738 0.856227 -0.000014
vt  0.413145 0.856227 -0.000017
vt  0.350902 0.856227 -0.000036
vt  0.335330 0.856227 -0.000043
vt  0.866915 0.856227 -0.000016
vt  0.866916 0.834116 -0.000015
vt  0.851314 0.834116 -0.000013
vt  0.944758 0.834116 -0.000041
vt  0.929172 0.834116 -0.000033
vt  0.428738 0.834116 -0.000014
vt  0.413145 0.834116 -0.000016
vt  0.350903 0.834116 -0.000035
vt  0.335331 0.834116 -0.000042
vt  0.866917 0.790304 -0.000014
vt  0.851315 0.790304 -0.000012
vt  0.944758 0.790304 -0.000039
vt  0.929173 0.790304 -0.000031
vt  0.428739 0.790304 -0.000013
vt  0.413146 0.790304 -0.000016
vt  0.350903 0.790304 -0.000033
vt  0.335331 0.790304 -0.000039
vt  0.866917 0.768409 -0.000014
vt  0.851316 0.768409 -0.000012
vt  0.944758 0.768409 -0.000038
vt  0.929173 0.768409 -0.000030
vt  0.428739 0.768409 -0.000013
vt  0.413147 0.768409 -0.000015
vt  0.350903 0.768409 -0.000032
vt  0.335331 0.768409 -0.000038
vt  0.890284 0.168549 -0.000005
vt  0.890283 0.212119 -0.000006
vt  0.890271 0.834116 -0.000022
vt  0.389796 0.834116 -0.000023
vt  0.890271 0.790304 -0.000021
vt  0.389796 0.790304 -0.000022
vt  0.906010 0.168549 -0.000006
vt  0.906009 0.212119 -0.000007
vt  0.905998 0.834116 -0.000026
vt  0.905999 0.790304 -0.000025
vt  0.374072 0.834116 -0.000028
vt  0.374072 0.790304 -0.000026
vt  0.413146 0.790304 -0.000016
vt  0.413145 0.834116 -0.000016
vt  0.389796 0.834116 -0.000023
vt  0.389796 0.790304 -0.000022
vt  0.374072 0.834116 -0.000028
vt  0.350903 0.834116 -0.000035
vt  0.350903 0.790304 -0.000033
vt  0.374072 0.790304 -0.000026
vt  0.452124 0.477232 -0.000007
vt  0.428746 0.477232 -0.000008
vt  0.413152 0.461680 -0.000009
vt  0.350907 0.461680 -0.000017
vt  0.335334 0.477232 -0.000020
vt  0.311997 0.477232 -0.000027
vt  0.654565 0.477232 -0.000058
vt  0.522262 0.523888 -0.000010
vt  0.506662 0.508336 -0.000008
vt  0.483280 0.508336 -0.000007
vt  0.623452 0.508336 -0.000036
vt  0.600102 0.508336 -0.000025
vt  0.584517 0.523888 -0.000021
vt  0.522264 0.461596 -0.000009
vt  0.506663 0.477148 -0.000008
vt  0.483281 0.477148 -0.000007
vt  0.623452 0.477148 -0.000033
vt  0.600102 0.477148 -0.000023
vt  0.584518 0.461596 -0.000018
vt  0.467660 0.492742 -0.000007
vt  0.639050 0.492742 -0.000047
vt  0.452123 0.508252 -0.000007
vt  0.428745 0.508252 -0.000008
vt  0.413151 0.523804 -0.000010
vt  0.350906 0.523804 -0.000020
vt  0.335333 0.508252 -0.000022
vt  0.311997 0.508252 -0.000030
vt  0.654565 0.508252 -0.000062
vt  0.467660 0.492742 -0.000007
vt  0.639050 0.492742 -0.000047
vt  0.866923 0.483674 -0.000009
vt  0.851322 0.499226 -0.000008
vt  0.827941 0.499226 -0.000007
vt  0.968112 0.499226 -0.000035
vt  0.944762 0.499226 -0.000024
vt  0.929178 0.483674 -0.000019
vt  0.796783 0.530330 -0.000008
vt  0.773405 0.530330 -0.000009
vt  0.757811 0.545882 -0.000010
vt  0.695566 0.545882 -0.000021
vt  0.679993 0.530330 -0.000024
vt  0.656657 0.530330 -0.000031
vt  0.999225 0.530330 -0.000066
vt  0.851322 0.530879 -0.000009
vt  0.827940 0.530879 -0.000008
vt  0.968112 0.530879 -0.000038
vt  0.944761 0.530879 -0.000026
vt  0.929177 0.546431 -0.000022
vt  0.866922 0.546431 -0.000010
vt  0.812087 0.515053 -0.000007
vt  0.983943 0.515053 -0.000051
vt  0.796783 0.499775 -0.000007
vt  0.773405 0.499775 -0.000008
vt  0.757812 0.484223 -0.000009
vt  0.695567 0.484223 -0.000018
vt  0.679993 0.499775 -0.000022
vt  0.656657 0.499775 -0.000029
vt  0.999225 0.499775 -0.000061
vt  0.812087 0.515053 -0.000007
vt  0.983943 0.515053 -0.000051
vt  0.506652 0.917114 -0.000014
vt  0.483270 0.917114 -0.000012
vt  0.452112 0.948257 -0.000013
vt  0.428736 0.948257 -0.000015
vt  0.413143 0.963809 -0.000019
vt  0.350901 0.963809 -0.000042
vt  0.335330 0.948257 -0.000049
vt  0.311995 0.948257 -0.000067
vt  0.654564 0.948257 -0.000129
vt  0.623449 0.917114 -0.000069
vt  0.600096 0.917114 -0.000045
vt  0.584511 0.901553 -0.000036
vt  0.522254 0.901553 -0.000016
vt  0.866932 0.106377 -0.000003
vt  0.851332 0.090834 -0.000003
vt  0.827951 0.090834 -0.000003
vt  0.968114 0.090834 -0.000002
vt  0.944767 0.090834 -0.000003
vt  0.929184 0.106377 -0.000004
vt  0.796794 0.059771 -0.000002
vt  0.773415 0.059771 -0.000001
vt  0.757820 0.044219 -0.000000
vt  0.695572 0.044219 0.000004
vt  0.679997 0.059771 0.000005
vt  0.656658 0.059771 0.000009
vt  0.999226 0.059771 0.000006
vt  0.522273 0.022151 -0.000002
vt  0.452134 0.068775 -0.000002
vt  0.428755 0.068775 -0.000001
vt  0.413159 0.084318 -0.000001
vt  0.350912 0.084318 0.000002
vt  0.335337 0.068775 0.000004
vt  0.311998 0.068775 0.000008
vt  0.654566 0.068775 0.000005
vt  0.506673 0.037703 -0.000002
vt  0.483292 0.037703 -0.000002
vt  0.623455 0.037703 0.000002
vt  0.600108 0.037703 -0.000000
vt  0.584526 0.022151 -0.000001
vt  0.851311 0.970324 -0.000014
vt  0.827929 0.970324 -0.000013
vt  0.796773 0.939191 -0.000013
vt  0.773396 0.939191 -0.000015
vt  0.757804 0.923630 -0.000018
vt  0.695562 0.923630 -0.000040
vt  0.679990 0.939191 -0.000048
vt  0.656655 0.939191 -0.000067
vt  0.999224 0.939191 -0.000128
vt  0.968109 0.970324 -0.000073
vt  0.944756 0.970324 -0.000048
vt  0.929169 0.985876 -0.000039
vt  0.866912 0.985876 -0.000018
vt  0.313121 1.434930 0.000000
vt  0.617640 1.434930 0.000000
vt  0.313121 1.472995 0.000000
vt  0.617640 1.472995 0.000000
vt  0.313556 1.428536 0.000000
vt  0.313556 -0.401466 0.000000
vt  0.275431 1.428536 0.000000
vt  0.275431 -0.401466 0.000000
vt  0.314011 1.433759 0.000000
vt  0.314011 -0.401947 0.000000
vt  0.619962 1.433759 0.000000
vt  0.619962 -0.401947 0.000000
vt  0.969948 1.418422 0.000000
vt  0.664139 1.418422 0.000000
vt  0.969948 1.457131 0.000000
vt  0.664139 1.457131 0.000000
vt  0.656473 -0.395513 0.000000
vt  0.656473 1.434490 0.000000
vt  0.618348 -0.395513 0.000000
vt  0.618348 1.434490 0.000000
vt  0.970380 1.432242 0.000000
vt  0.970380 -0.403464 0.000000
vt  0.664429 1.432242 0.000000
vt  0.664429 -0.403464 0.000000
vt  0.313121 1.001619 0.000000
vt  0.617640 1.001619 0.000000
vt  0.313121 1.039684 0.000000
vt  0.617640 1.039684 0.000000
vt  0.313556 0.995225 0.000000
vt  0.313556 -0.834777 0.000000
vt  0.275431 0.995225 0.000000
vt  0.275431 -0.834777 0.000000
vt  0.314011 1.000448 0.000000
vt  0.314011 -0.835258 0.000000
vt  0.619962 1.000448 0.000000
vt  0.619962 -0.835258 0.000000
vt  0.969948 0.985111 0.000000
vt  0.664139 0.985111 0.000000
vt  0.969948 1.023820 0.000000
vt  0.664139 1.023820 0.000000
vt  0.656473 -0.828824 0.000000
vt  0.656473 1.001179 0.000000
vt  0.618348 -0.828824 0.000000
vt  0.618348 1.001179 0.000000
vt  0.970380 0.998931 0.000000
vt  0.970380 -0.836775 0.000000
vt  0.664429 0.998931 0.000000
vt  0.664429 -0.836775 0.000000
vt  0.968839 1.574982 0.000000
vt  0.664320 1.574982 0.000000
vt  0.968839 1.613047 0.000000
vt  0.664320 1.613047 0.000000
vt  0.968404 1.568588 0.000000
vt  0.968404 -0.261414 0.000000
vt  1.006529 1.568588 0.000000
vt  1.006529 -0.261414 0.000000
vt  0.967949 1.573811 0.000000
vt  0.967949 -0.261895 0.000000
vt  0.661998 1.573811 0.000000
vt  0.661998 -0.261895 0.000000
vt  0.312012 1.558474 0.000000
vt  0.617821 1.558474 0.000000
vt  0.312012 1.597184 0.000000
vt  0.617821 1.597184 0.000000
vt  0.625487 -0.255461 0.000000
vt  0.625487 1.574542 0.000000
vt  0.663612 -0.255461 0.000000
vt  0.663612 1.574542 0.000000
vt  0.311580 1.572294 0.000000
vt  0.311580 -0.263412 0.000000
vt  0.617531 1.572294 0.000000
vt  0.617531 -0.263412 0.000000
vt  0.968839 1.001619 0.000000
vt  0.664320 1.001619 0.000000
vt  0.968839 1.039684 0.000000
vt  0.664320 1.039684 0.000000
vt  0.968404 0.995225 0.000000
vt  0.968404 -0.834777 0.000000
vt  1.006529 0.995225 0.000000
vt  1.006529 -0.834777 0.000000
vt  0.967949 1.000448 0.000000
vt  0.967949 -0.835258 0.000000
vt  0.661998 1.000448 0.000000
vt  0.661998 -0.835258 0.000000
vt  0.312012 0.985111 0.000000
vt  0.617821 0.985111 0.000000
vt  0.312012 1.023820 0.000000
vt  0.617821 1.023820 0.000000
vt  0.625487 -0.828824 0.000000
vt  0.625487 1.001179 0.000000
vt  0.663612 -0.828824 0.000000
vt  0.663612 1.001179 0.000000
vt  0.311580 0.998931 0.000000
vt  0.311580 -0.836775 0.000000
vt  0.617531 0.998931 0.000000
vt  0.617531 -0.836775 0.000000
vt  0.968839 1.001619 0.000000
vt  0.664320 1.001619 0.000000
vt  0.968839 1.039684 0.000000
vt  0.664320 1.039684 0.000000
vt  0.968404 0.995225 0.000000
vt  0.968404 -0.834777 0.000000
vt  1.006529 0.995225 0.000000
vt  1.006529 -0.834777 0.000000
vt  0.967949 1.000448 0.000000
vt  0.967949 -0.835258 0.000000
vt  0.661998 1.000448 0.000000
vt  0.661998 -0.835258 0.000000
vt  0.312012 0.985111 0.000000
vt  0.617821 0.985111 0.000000
vt  0.312012 1.023820 0.000000
vt  0.617821 1.023820 0.000000
vt  0.625487 -0.828824 0.000000
vt  0.625487 1.001179 0.000000
vt  0.663612 -0.828824 0.000000
vt  0.663612 1.001179 0.000000
vt  0.311580 0.998931 0.000000
vt  0.311580 -0.836775 0.000000
vt  0.617531 0.998931 0.000000
vt  0.617531 -0.836775 0.000000
vt  0.968839 1.574982 0.000000
vt  0.664320 1.574982 0.000000
vt  0.968839 1.613047 0.000000
vt  0.664320 1.613047 0.000000
vt  0.968404 1.568588 0.000000
vt  0.968404 -0.261414 0.000000
vt  1.006529 1.568588 0.000000
vt  1.006529 -0.261414 0.000000
vt  0.967949 1.573811 0.000000
vt  0.967949 -0.261895 0.000000
vt  0.661998 1.573811 0.000000
vt  0.661998 -0.261895 0.000000
vt  0.312012 1.558474 0.000000
vt  0.617821 1.558474 0.000000
vt  0.312012 1.597184 0.000000
vt  0.617821 1.597184 0.000000
vt  0.625487 -0.255461 0.000000
vt  0.625487 1.574542 0.000000
vt  0.663612 -0.255461 0.000000
vt  0.663612 1.574542 0.000000
vt  0.311580 1.572294 0.000000
vt  0.311580 -0.263412 0.000000
vt  0.617531 1.572294 0.000000
vt  0.617531 -0.263412 0.000000
vt  0.313121 1.001619 0.000000
vt  0.617640 1.001619 0.000000
vt  0.313121 1.039684 0.000000
vt  0.617640 1.039684 0.000000
vt  0.313556 0.995225 0.000000
vt  0.313556 -0.834777 0.000000
vt  0.275431 0.995225 0.000000
vt  0.275431 -0.834777 0.000000
vt  0.314011 1.000448 0.000000
vt  0.314011 -0.835258 0.000000
vt  0.619962 1.000448 0.000000
vt  0.619962 -0.835258 0.000000
vt  0.969948 0.985111 0.000000
vt  0.664139 0.985111 0.000000
vt  0.969948 1.023820 0.000000
vt  0.664139 1.023820 0.000000
vt  0.656473 -0.828824 0.000000
vt  0.656473 1.001179 0.000000
vt  0.618348 -0.828824 0.000000
vt  0.618348 1.001179 0.000000
vt  0.970380 0.998931 0.000000
vt  0.970380 -0.836775 0.000000
vt  0.664429 0.998931 0.000000
vt  0.664429 -0.836775 0.000000
vt  0.313121 1.434930 0.000000
vt  0.617640 1.434930 0.000000
vt  0.313121 1.472995 0.000000
vt  0.617640 1.472995 0.000000
vt  0.313556 1.428536 0.000000
vt  0.313556 -0.401466 0.000000
vt  0.275431 1.428536 0.000000
vt  0.275431 -0.401466 0.000000
vt  0.314011 1.433759 0.000000
vt  0.314011 -0.401947 0.000000
vt  0.619962 1.433759 0.000000
vt  0.619962 -0.401947 0.000000
vt  0.969948 1.418422 0.000000
vt  0.664139 1.418422 0.000000
vt  0.969948 1.457131 0.000000
vt  0.664139 1.457131 0.000000
vt  0.656473 -0.395513 0.000000
vt  0.656473 1.434490 0.000000
vt  0.618348 -0.395513 0.000000
vt  0.618348 1.434490 0.000000
vt  0.970380 1.432242 0.000000
vt  0.970380 -0.403464 0.000000
vt  0.664429 1.432242 0.000000
vt  0.664429 -0.403464 0.000000
vt  0.146551 0.995622 -4.000000
vt  0.146551 0.964102 -4.000000
vt  0.193830 0.964102 -4.000000
vt  0.193830 0.901064 -4.000000
vt  0.146551 0.901064 -4.000000
vt  0.146551 0.869545 -4.000000
vt  0.272628 0.869545 -4.000000
vt  0.272628 0.901064 -4.000000
vt  0.225349 0.901064 -4.000000
vt  0.225349 0.964102 -4.000000
vt  0.272628 0.964102 -4.000000
vt  0.272628 0.995622 -4.000000
vt  0.004043 0.995622 4.000000
vt  0.004043 0.964102 4.000000
vt  0.051322 0.964102 4.000000
vt  0.051322 0.901064 4.000000
vt  0.004043 0.901064 4.000000
vt  0.004043 0.869545 4.000000
vt  0.130120 0.869545 4.000000
vt  0.130120 0.901064 4.000000
vt  0.082841 0.901064 4.000000
vt  0.082841 0.964102 4.000000
vt  0.130120 0.964102 4.000000
vt  0.130120 0.995622 4.000000
vt  0.866912 0.998875 -0.000018
vt  0.851310 0.998875 -0.000015
vt  0.827928 0.998875 -0.000013
vt  0.796771 0.998875 -0.000014
vt  0.773395 0.998875 -0.000016
vt  0.757802 0.998875 -0.000020
vt  0.695561 0.998875 -0.000043
vt  0.679989 0.998875 -0.000052
vt  0.656655 0.998875 -0.000072
vt  0.968109 0.998875 -0.000075
vt  0.944755 0.998875 -0.000050
vt  0.929169 0.998875 -0.000040
vt  0.866934 0.003548 -0.000002
vt  0.851334 0.003548 -0.000002
vt  0.827953 0.003548 -0.000002
vt  0.796795 0.003548 -0.000001
vt  0.773416 0.003548 -0.000000
vt  0.757820 0.003548 0.000001
vt  0.695573 0.003548 0.000006
vt  0.679998 0.003548 0.000008
vt  0.656659 0.003548 0.000014
vt  0.968115 0.003548 0.000005
vt  0.944768 0.003548 0.000001
vt  0.929186 0.003548 0.000000
vt  0.999224 0.998875 -0.000137
vt  0.999226 0.003548 0.000014
vt  0.147017 0.860923 -4.000000
vt  0.147017 0.829404 -4.000000
vt  0.194296 0.829404 -4.000000
vt  0.194296 0.766366 -4.000000
vt  0.147017 0.766366 -4.000000
vt  0.147017 0.734847 -4.000000
vt  0.273094 0.734847 -4.000000
vt  0.273094 0.766366 -4.000000
vt  0.225815 0.766366 -4.000000
vt  0.225815 0.829404 -4.000000
vt  0.273094 0.829404 -4.000000
vt  0.273094 0.860923 -4.000000
vt  0.004509 0.860923 4.000000
vt  0.004509 0.829404 4.000000
vt  0.051788 0.829404 4.000000
vt  0.051788 0.766366 4.000000
vt  0.004509 0.766366 4.000000
vt  0.004509 0.734847 4.000000
vt  0.130586 0.734847 4.000000
vt  0.130586 0.766366 4.000000
vt  0.083307 0.766366 4.000000
vt  0.083307 0.829404 4.000000
vt  0.130586 0.829404 4.000000
vt  0.130586 0.860923 4.000000
vt  0.522252 0.998875 -0.000018
vt  0.506650 0.998875 -0.000015
vt  0.483268 0.998875 -0.000013
vt  0.452111 0.998875 -0.000014
vt  0.428734 0.998875 -0.000016
vt  0.413142 0.998875 -0.000020
vt  0.350901 0.998875 -0.000043
vt  0.335329 0.998875 -0.000052
vt  0.311995 0.998875 -0.000072
vt  0.623449 0.998875 -0.000075
vt  0.600095 0.998875 -0.000050
vt  0.584509 0.998875 -0.000040
vt  0.522274 0.003548 -0.000002
vt  0.506674 0.003548 -0.000002
vt  0.483293 0.003548 -0.000002
vt  0.452135 0.003548 -0.000001
vt  0.428756 0.003548 -0.000000
vt  0.413160 0.003548 0.000001
vt  0.350913 0.003548 0.000006
vt  0.335338 0.003548 0.000008
vt  0.311999 0.003548 0.000014
vt  0.623455 0.003548 0.000005
vt  0.600108 0.003548 0.000001
vt  0.584526 0.003548 0.000000
vt  0.654564 0.998875 -0.000137
vt  0.654566 0.003548 0.000014
vt  0.866931 0.146205 -0.000004
vt  0.851331 0.146205 -0.000004
vt  0.944766 0.146205 -0.000006
vt  0.929184 0.146205 -0.000006
vt  0.428753 0.146205 -0.000003
vt  0.413158 0.146205 -0.000002
vt  0.350911 0.146205 -0.000001
vt  0.335336 0.146205 -0.000000
vt  0.851330 0.168549 -0.000004
vt  0.944766 0.168549 -0.000007
vt  0.929183 0.168549 -0.000006
vt  0.428752 0.168549 -0.000003
vt  0.413157 0.168549 -0.000003
vt  0.350911 0.168549 -0.000002
vt  0.335336 0.168549 -0.000002
vt  0.866930 0.168549 -0.000004
vt  0.851329 0.212119 -0.000004
vt  0.944766 0.212119 -0.000009
vt  0.929182 0.212119 -0.000008
vt  0.428751 0.212119 -0.000004
vt  0.413157 0.212119 -0.000004
vt  0.350910 0.212119 -0.000004
vt  0.335336 0.212119 -0.000004
vt  0.866929 0.212119 -0.000005
vt  0.851329 0.234599 -0.000005
vt  0.944765 0.234599 -0.000011
vt  0.929182 0.234599 -0.000009
vt  0.428751 0.234599 -0.000004
vt  0.413156 0.234599 -0.000004
vt  0.350910 0.234599 -0.000005
vt  0.335336 0.234599 -0.000006
vt  0.866929 0.234599 -0.000005
vt  0.851314 0.856227 -0.000013
vt  0.944757 0.856227 -0.000042
vt  0.929172 0.856227 -0.000034
vt  0.428738 0.856227 -0.000014
vt  0.413145 0.856227 -0.000017
vt  0.350902 0.856227 -0.000036
vt  0.335330 0.856227 -0.000043
vt  0.866915 0.856227 -0.000016
vt  0.866916 0.834116 -0.000015
vt  0.851314 0.834116 -0.000013
vt  0.944758 0.834116 -0.000041
vt  0.929172 0.834116 -0.000033
vt  0.428738 0.834116 -0.000014
vt  0.413145 0.834116 -0.000016
vt  0.350903 0.834116 -0.000035
vt  0.335331 0.834116 -0.000042
vt  0.866917 0.790304 -0.000014
vt  0.851315 0.790304 -0.000012
vt  0.944758 0.790304 -0.000039
vt  0.929173 0.790304 -0.000031
vt  0.428739 0.790304 -0.000013
vt  0.413146 0.790304 -0.000016
vt  0.350903 0.790304 -0.000033
vt  0.335331 0.790304 -0.000039
vt  0.866917 0.768409 -0.000014
vt  0.851316 0.768409 -0.000012
vt  0.944758 0.768409 -0.000038
vt  0.929173 0.768409 -0.000030
vt  0.428739 0.768409 -0.000013
vt  0.413147 0.768409 -0.000015
vt  0.350903 0.768409 -0.000032
vt  0.335331 0.768409 -0.000038
vt  0.890284 0.168549 -0.000005
vt  0.890283 0.212119 -0.000006
vt  0.890271 0.834116 -0.000022
vt  0.389796 0.834116 -0.000023
vt  0.890271 0.790304 -0.000021
vt  0.389796 0.790304 -0.000022
vt  0.906010 0.168549 -0.000006
vt  0.906009 0.212119 -0.000007
vt  0.905998 0.834116 -0.000026
vt  0.905999 0.790304 -0.000025
vt  0.374072 0.834116 -0.000028
vt  0.374072 0.790304 -0.000026
vt  0.413146 0.790304 -0.000016
vt  0.413145 0.834116 -0.000016
vt  0.389796 0.834116 -0.000023
vt  0.389796 0.790304 -0.000022
vt  0.374072 0.834116 -0.000028
vt  0.350903 0.834116 -0.000035
vt  0.350903 0.790304 -0.000033
vt  0.374072 0.790304 -0.000026
vt  0.452124 0.477232 -0.000007
vt  0.428746 0.477232 -0.000008
vt  0.413152 0.461680 -0.000009
vt  0.350907 0.461680 -0.000017
vt  0.335334 0.477232 -0.000020
vt  0.311997 0.477232 -0.000027
vt  0.654565 0.477232 -0.000058
vt  0.522262 0.523888 -0.000010
vt  0.506662 0.508336 -0.000008
vt  0.483280 0.508336 -0.000007
vt  0.623452 0.508336 -0.000036
vt  0.600102 0.508336 -0.000025
vt  0.584517 0.523888 -0.000021
vt  0.522264 0.461596 -0.000009
vt  0.506663 0.477148 -0.000008
vt  0.483281 0.477148 -0.000007
vt  0.623452 0.477148 -0.000033
vt  0.600102 0.477148 -0.000023
vt  0.584518 0.461596 -0.000018
vt  0.467660 0.492742 -0.000007
vt  0.639050 0.492742 -0.000047
vt  0.452123 0.508252 -0.000007
vt  0.428745 0.508252 -0.000008
vt  0.413151 0.523804 -0.000010
vt  0.350906 0.523804 -0.000020
vt  0.335333 0.508252 -0.000022
vt  0.311997 0.508252 -0.000030
vt  0.654565 0.508252 -0.000062
vt  0.467660 0.492742 -0.000007
vt  0.639050 0.492742 -0.000047
vt  0.866923 0.483674 -0.000009
vt  0.851322 0.499226 -0.000008
vt  0.827941 0.499226 -0.000007
vt  0.968112 0.499226 -0.000035
vt  0.944762 0.499226 -0.000024
vt  0.929178 0.483674 -0.000019
vt  0.796783 0.530330 -0.000008
vt  0.773405 0.530330 -0.000009
vt  0.757811 0.545882 -0.000010
vt  0.695566 0.545882 -0.000021
vt  0.679993 0.530330 -0.000024
vt  0.656657 0.530330 -0.000031
vt  0.999225 0.530330 -0.000066
vt  0.851322 0.530879 -0.000009
vt  0.827940 0.530879 -0.000008
vt  0.968112 0.530879 -0.000038
vt  0.944761 0.530879 -0.000026
vt  0.929177 0.546431 -0.000022
vt  0.866922 0.546431 -0.000010
vt  0.812087 0.515053 -0.000007
vt  0.983943 0.515053 -0.000051
vt  0.796783 0.499775 -0.000007
vt  0.773405 0.499775 -0.000008
vt  0.757812 0.484223 -0.000009
vt  0.695567 0.484223 -0.000018
vt  0.679993 0.499775 -0.000022
vt  0.656657 0.499775 -0.000029
vt  0.999225 0.499775 -0.000061
vt  0.812087 0.515053 -0.000007
vt  0.983943 0.515053 -0.000051
vt  0.506652 0.917114 -0.000014
vt  0.483270 0.917114 -0.000012
vt  0.452112 0.948257 -0.000013
vt  0.428736 0.948257 -0.000015
vt  0.413143 0.963809 -0.000019
vt  0.350901 0.963809 -0.000042
vt  0.335330 0.948257 -0.000049
vt  0.311995 0.948257 -0.000067
vt  0.654564 0.948257 -0.000129
vt  0.623449 0.917114 -0.000069
vt  0.600096 0.917114 -0.000045
vt  0.584511 0.901553 -0.000036
vt  0.522254 0.901553 -0.000016
vt  0.866932 0.106377 -0.000003
vt  0.851332 0.090834 -0.000003
vt  0.827951 0.090834 -0.000003
vt  0.968114 0.090834 -0.000002
vt  0.944767 0.090834 -0.000003
vt  0.929184 0.106377 -0.000004
vt  0.796794 0.059771 -0.000002
vt  0.773415 0.059771 -0.000001
vt  0.757820 0.044219 -0.000000
vt  0.695572 0.044219 0.000004
vt  0.679997 0.059771 0.000005
vt  0.656658 0.059771 0.000009
vt  0.999226 0.059771 0.000006
vt  0.522273 0.022151 -0.000002
vt  0.452134 0.068775 -0.000002
vt  0.428755 0.068775 -0.000001
vt  0.413159 0.084318 -0.000001
vt  0.350912 0.084318 0.000002
vt  0.335337 0.068775 0.000004
vt  0.311998 0.068775 0.000008
vt  0.654566 0.068775 0.000005
vt  0.506673 0.037703 -0.000002
vt  0.483292 0.037703 -0.000002
vt  0.623455 0.037703 0.000002
vt  0.600108 0.037703 -0.000000
vt  0.584526 0.022151 -0.000001
vt  0.851311 0.970324 -0.000014
vt  0.827929 0.970324 -0.000013
vt  0.796773 0.939191 -0.000013
vt  0.773396 0.939191 -0.000015
vt  0.757804 0.923630 -0.000018
vt  0.695562 0.923630 -0.000040
vt  0.679990 0.939191 -0.000048
vt  0.656655 0.939191 -0.000067
vt  0.999224 0.939191 -0.000128
vt  0.968109 0.970324 -0.000073
vt  0.944756 0.970324 -0.000048
vt  0.929169 0.985876 -0.000039
vt  0.866912 0.985876 -0.000018
vt  0.147017 0.860923 -4.000000
vt  0.147017 0.829404 -4.000000
vt  0.194296 0.829404 -4.000000
vt  0.194296 0.766366 -4.000000
vt  0.147017 0.766366 -4.000000
vt  0.147017 0.734847 -4.000000
vt  0.273094 0.734847 -4.000000
vt  0.273094 0.766366 -4.000000
vt  0.225815 0.766366 -4.000000
vt  0.225815 0.829404 -4.000000
vt  0.273094 0.829404 -4.000000
vt  0.273094 0.860923 -4.000000
vt  0.004509 0.860923 4.000000
vt  0.004509 0.829404 4.000000
vt  0.051788 0.829404 4.000000
vt  0.051788 0.766366 4.000000
vt  0.004509 0.766366 4.000000
vt  0.004509 0.734847 4.000000
vt  0.130586 0.734847 4.000000
vt  0.130586 0.766366 4.000000
vt  0.083307 0.766366 4.000000
vt  0.083307 0.829404 4.000000
vt  0.130586 0.829404 4.000000
vt  0.130586 0.860923 4.000000
vt  0.522252 0.998875 -0.000018
vt  0.506650 0.998875 -0.000015
vt  0.483268 0.998875 -0.000013
vt  0.452111 0.998875 -0.000014
vt  0.428734 0.998875 -0.000016
vt  0.413142 0.998875 -0.000020
vt  0.350901 0.998875 -0.000043
vt  0.335329 0.998875 -0.000052
vt  0.311995 0.998875 -0.000072
vt  0.623449 0.998875 -0.000075
vt  0.600095 0.998875 -0.000050
vt  0.584509 0.998875 -0.000040
vt  0.522274 0.003548 -0.000002
vt  0.506674 0.003548 -0.000002
vt  0.483293 0.003548 -0.000002
vt  0.452135 0.003548 -0.000001
vt  0.428756 0.003548 -0.000000
vt  0.413160 0.003548 0.000001
vt  0.350913 0.003548 0.000006
vt  0.335338 0.003548 0.000008
vt  0.311999 0.003548 0.000014
vt  0.623455 0.003548 0.000005
vt  0.600108 0.003548 0.000001
vt  0.584526 0.003548 0.000000
vt  0.654564 0.998875 -0.000137
vt  0.654566 0.003548 0.000014
vt  0.146551 0.995622 -4.000000
vt  0.146551 0.964102 -4.000000
vt  0.193830 0.964102 -4.000000
vt  0.193830 0.901064 -4.000000
vt  0.146551 0.901064 -4.000000
vt  0.146551 0.869545 -4.000000
vt  0.272628 0.869545 -4.000000
vt  0.272628 0.901064 -4.000000
vt  0.225349 0.901064 -4.000000
vt  0.225349 0.964102 -4.000000
vt  0.272628 0.964102 -4.000000
vt  0.272628 0.995622 -4.000000
vt  0.004043 0.995622 4.000000
vt  0.004043 0.964102 4.000000
vt  0.051322 0.964102 4.000000
vt  0.051322 0.901064 4.000000
vt  0.004043 0.901064 4.000000
vt  0.004043 0.869545 4.000000
vt  0.130120 0.869545 4.000000
vt  0.130120 0.901064 4.000000
vt  0.082841 0.901064 4.000000
vt  0.082841 0.964102 4.000000
vt  0.130120 0.964102 4.000000
vt  0.130120 0.995622 4.000000
vt  0.866912 0.998875 -0.000018
vt  0.851310 0.998875 -0.000015
vt  0.827928 0.998875 -0.000013
vt  0.796771 0.998875 -0.000014
vt  0.773395 0.998875 -0.000016
vt  0.757802 0.998875 -0.000020
vt  0.695561 0.998875 -0.000043
vt  0.679989 0.998875 -0.000052
vt  0.656655 0.998875 -0.000072
vt  0.968109 0.998875 -0.000075
vt  0.944755 0.998875 -0.000050
vt  0.929169 0.998875 -0.000040
vt  0.866934 0.003548 -0.000002
vt  0.851334 0.003548 -0.000002
vt  0.827953 0.003548 -0.000002
vt  0.796795 0.003548 -0.000001
vt  0.773416 0.003548 -0.000000
vt  0.757820 0.003548 0.000001
vt  0.695573 0.003548 0.000006
vt  0.679998 0.003548 0.000008
vt  0.656659 0.003548 0.000014
vt  0.968115 0.003548 0.000005
vt  0.944768 0.003548 0.000001
vt  0.929186 0.003548 0.000000
vt  0.999224 0.998875 -0.000137
vt  0.999226 0.003548 0.000014
vt  0.147017 0.860923 -4.000000
vt  0.147017 0.829404 -4.000000
vt  0.194296 0.829404 -4.000000
vt  0.194296 0.766366 -4.000000
vt  0.147017 0.766366 -4.000000
vt  0.147017 0.734847 -4.000000
vt  0.273094 0.734847 -4.000000
vt  0.273094 0.766366 -4.000000
vt  0.225815 0.766366 -4.000000
vt  0.225815 0.829404 -4.000000
vt  0.273094 0.829404 -4.000000
vt  0.273094 0.860923 -4.000000
vt  0.004509 0.860923 4.000000
vt  0.004509 0.829404 4.000000
vt  0.051788 0.829404 4.000000
vt  0.051788 0.766366 4.000000
vt  0.004509 0.766366 4.000000
vt  0.004509 0.734847 4.000000
vt  0.130586 0.734847 4.000000
vt  0.130586 0.766366 4.000000
vt  0.083307 0.766366 4.000000
vt  0.083307 0.829404 4.000000
vt  0.130586 0.829404 4.000000
vt  0.130586 0.860923 4.000000
vt  0.522252 0.998875 -0.000018
vt  0.506650 0.998875 -0.000015
vt  0.483268 0.998875 -0.000013
vt  0.452111 0.998875 -0.000014
vt  0.428734 0.998875 -0.000016
vt  0.413142 0.998875 -0.000020
vt  0.350901 0.998875 -0.000043
vt  0.335329 0.998875 -0.000052
vt  0.311995 0.998875 -0.000072
vt  0.623449 0.998875 -0.000075
vt  0.600095 0.998875 -0.000050
vt  0.584509 0.998875 -0.000040
vt  0.522274 0.003548 -0.000002
vt  0.506674 0.003548 -0.000002
vt  0.483293 0.003548 -0.000002
vt  0.452135 0.003548 -0.000001
vt  0.428756 0.003548 -0.000000
vt  0.413160 0.003548 0.000001
vt  0.350913 0.003548 0.000006
vt  0.335338 0.003548 0.000008
vt  0.311999 0.003548 0.000014
vt  0.623455 0.003548 0.000005
vt  0.600108 0.003548 0.000001
vt  0.584526 0.003548 0.000000
vt  0.654564 0.998875 -0.000137
vt  0.654566 0.003548 0.000014
vt  0.866931 0.146205 -0.000004
vt  0.851331 0.146205 -0.000004
vt  0.944766 0.146205 -0.000006
vt  0.929184 0.146205 -0.000006
vt  0.428753 0.146205 -0.000003
vt  0.413158 0.146205 -0.000002
vt  0.350911 0.146205 -0.000001
vt  0.335336 0.146205 -0.000000
vt  0.851330 0.168549 -0.000004
vt  0.944766 0.168549 -0.000007
vt  0.929183 0.168549 -0.000006
vt  0.428752 0.168549 -0.000003
vt  0.413157 0.168549 -0.000003
vt  0.350911 0.168549 -0.000002
vt  0.335336 0.168549 -0.000002
vt  0.866930 0.168549 -0.000004
vt  0.851329 0.212119 -0.000004
vt  0.944766 0.212119 -0.000009
vt  0.929182 0.212119 -0.000008
vt  0.428751 0.212119 -0.000004
vt  0.413157 0.212119 -0.000004
vt  0.350910 0.212119 -0.000004
vt  0.335336 0.212119 -0.000004
vt  0.866929 0.212119 -0.000005
vt  0.851329 0.234599 -0.000005
vt  0.944765 0.234599 -0.000011
vt  0.929182 0.234599 -0.000009
vt  0.428751 0.234599 -0.000004
vt  0.413156 0.234599 -0.000004
vt  0.350910 0.234599 -0.000005
vt  0.335336 0.234599 -0.000006
vt  0.866929 0.234599 -0.000005
vt  0.851314 0.856227 -0.000013
vt  0.944757 0.856227 -0.000042
vt  0.929172 0.856227 -0.000034
vt  0.428738 0.856227 -0.000014
vt  0.413145 0.856227 -0.000017
vt  0.350902 0.856227 -0.000036
vt  0.335330 0.856227 -0.000043
vt  0.866915 0.856227 -0.000016
vt  0.866916 0.834116 -0.000015
vt  0.851314 0.834116 -0.000013
vt  0.944758 0.834116 -0.000041
vt  0.929172 0.834116 -0.000033
vt  0.428738 0.834116 -0.000014
vt  0.413145 0.834116 -0.000016
vt  0.350903 0.834116 -0.000035
vt  0.335331 0.834116 -0.000042
vt  0.866917 0.790304 -0.000014
vt  0.851315 0.790304 -0.000012
vt  0.944758 0.790304 -0.000039
vt  0.929173 0.790304 -0.000031
vt  0.428739 0.790304 -0.000013
vt  0.413146 0.790304 -0.000016
vt  0.350903 0.790304 -0.000033
vt  0.335331 0.790304 -0.000039
vt  0.866917 0.768409 -0.000014
vt  0.851316 0.768409 -0.000012
vt  0.944758 0.768409 -0.000038
vt  0.929173 0.768409 -0.000030
vt  0.428739 0.768409 -0.000013
vt  0.413147 0.768409 -0.000015
vt  0.350903 0.768409 -0.000032
vt  0.335331 0.768409 -0.000038
vt  0.890284 0.168549 -0.000005
vt  0.890283 0.212119 -0.000006
vt  0.890271 0.834116 -0.000022
vt  0.389796 0.834116 -0.000023
vt  0.890271 0.790304 -0.000021
vt  0.389796 0.790304 -0.000022
vt  0.906010 0.168549 -0.000006
vt  0.906009 0.212119 -0.000007
vt  0.905998 0.834116 -0.000026
vt  0.905999 0.790304 -0.000025
vt  0.374072 0.834116 -0.000028
vt  0.374072 0.790304 -0.000026
vt  0.413146 0.790304 -0.000016
vt  0.413145 0.834116 -0.000016
vt  0.389796 0.834116 -0.000023
vt  0.389796 0.790304 -0.000022
vt  0.374072 0.834116 -0.000028
vt  0.350903 0.834116 -0.000035
vt  0.350903 0.790304 -0.000033
vt  0.374072 0.790304 -0.000026
vt  0.452124 0.477232 -0.000007
vt  0.428746 0.477232 -0.000008
vt  0.413152 0.461680 -0.000009
vt  0.350907 0.461680 -0.000017
vt  0.335334 0.477232 -0.000020
vt  0.311997 0.477232 -0.000027
vt  0.654565 0.477232 -0.000058
vt  0.522262 0.523888 -0.000010
vt  0.506662 0.508336 -0.000008
vt  0.483280 0.508336 -0.000007
vt  0.623452 0.508336 -0.000036
vt  0.600102 0.508336 -0.000025
vt  0.584517 0.523888 -0.000021
vt  0.522264 0.461596 -0.000009
vt  0.506663 0.477148 -0.000008
vt  0.483281 0.477148 -0.000007
vt  0.623452 0.477148 -0.000033
vt  0.600102 0.477148 -0.000023
vt  0.584518 0.461596 -0.000018
vt  0.467660 0.492742 -0.000007
vt  0.639050 0.492742 -0.000047
vt  0.452123 0.508252 -0.000007
vt  0.428745 0.508252 -0.000008
vt  0.413151 0.523804 -0.000010
vt  0.350906 0.523804 -0.000020
vt  0.335333 0.508252 -0.000022
vt  0.311997 0.508252 -0.000030
vt  0.654565 0.508252 -0.000062
vt  0.467660 0.492742 -0.000007
vt  0.639050 0.492742 -0.000047
vt  0.866923 0.483674 -0.000009
vt  0.851322 0.499226 -0.000008
vt  0.827941 0.499226 -0.000007
vt  0.968112 0.499226 -0.000035
vt  0.944762 0.499226 -0.000024
vt  0.929178 0.483674 -0.000019
vt  0.796783 0.530330 -0.000008
vt  0.773405 0.530330 -0.000009
vt  0.757811 0.545882 -0.000010
vt  0.695566 0.545882 -0.000021
vt  0.679993 0.530330 -0.000024
vt  0.656657 0.530330 -0.000031
vt  0.999225 0.530330 -0.000066
vt  0.851322 0.530879 -0.000009
vt  0.827940 0.530879 -0.000008
vt  0.968112 0.530879 -0.000038
vt  0.944761 0.530879 -0.000026
vt  0.929177 0.546431 -0.000022
vt  0.866922 0.546431 -0.000010
vt  0.812087 0.515053 -0.000007
vt  0.983943 0.515053 -0.000051
vt  0.796783 0.499775 -0.000007
vt  0.773405 0.499775 -0.000008
vt  0.757812 0.484223 -0.000009
vt  0.695567 0.484223 -0.000018
vt  0.679993 0.499775 -0.000022
vt  0.656657 0.499775 -0.000029
vt  0.999225 0.499775 -0.000061
vt  0.812087 0.515053 -0.000007
vt  0.983943 0.515053 -0.000051
vt  0.506652 0.917114 -0.000014
vt  0.483270 0.917114 -0.000012
vt  0.452112 0.948257 -0.000013
vt  0.428736 0.948257 -0.000015
vt  0.413143 0.963809 -0.000019
vt  0.350901 0.963809 -0.000042
vt  0.335330 0.948257 -0.000049
vt  0.311995 0.948257 -0.000067
vt  0.654564 0.948257 -0.000129
vt  0.623449 0.917114 -0.000069
vt  0.600096 0.917114 -0.000045
vt  0.584511 0.901553 -0.000036
vt  0.522254 0.901553 -0.000016
vt  0.866932 0.106377 -0.000003
vt  0.851332 0.090834 -0.000003
vt  0.827951 0.090834 -0.000003
vt  0.968114 0.090834 -0.000002
vt  0.944767 0.090834 -0.000003
vt  0.929184 0.106377 -0.000004
vt  0.796794 0.059771 -0.000002
vt  0.773415 0.059771 -0.000001
vt  0.757820 0.044219 -0.000000
vt  0.695572 0.044219 0.000004
vt  0.679997 0.059771 0.000005
vt  0.656658 0.059771 0.000009
vt  0.999226 0.059771 0.000006
vt  0.522273 0.022151 -0.000002
vt  0.452134 0.068775 -0.000002
vt  0.428755 0.068775 -0.000001
vt  0.413159 0.084318 -0.000001
vt  0.350912 0.084318 0.000002
vt  0.335337 0.068775 0.000004
vt  0.311998 0.068775 0.000008
vt  0.654566 0.068775 0.000005
vt  0.506673 0.037703 -0.000002
vt  0.483292 0.037703 -0.000002
vt  0.623455 0.037703 0.000002
vt  0.600108 0.037703 -0.000000
vt  0.584526 0.022151 -0.000001
vt  0.851311 0.970324 -0.000014
vt  0.827929 0.970324 -0.000013
vt  0.796773 0.939191 -0.000013
vt  0.773396 0.939191 -0.000015
vt  0.757804 0.923630 -0.000018
vt  0.695562 0.923630 -0.000040
vt  0.679990 0.939191 -0.000048
vt  0.656655 0.939191 -0.000067
vt  0.999224 0.939191 -0.000128
vt  0.968109 0.970324 -0.000073
vt  0.944756 0.970324 -0.000048
vt  0.929169 0.985876 -0.000039
vt  0.866912 0.985876 -0.000018
vt  0.313121 1.434930 0.000000
vt  0.617640 1.434930 0.000000
vt  0.313121 1.472995 0.000000
vt  0.617640 1.472995 0.000000
vt  0.313556 1.428536 0.000000
vt  0.313556 -0.401466 0.000000
vt  0.275431 1.428536 0.000000
vt  0.275431 -0.401466 0.000000
vt  0.314011 1.433759 0.000000
vt  0.314011 -0.401947 0.000000
vt  0.619962 1.433759 0.000000
vt  0.619962 -0.401947 0.000000
vt  0.969948 1.418422 0.000000
vt  0.664139 1.418422 0.000000
vt  0.969948 1.457131 0.000000
vt  0.664139 1.457131 0.000000
vt  0.656473 -0.395513 0.000000
vt  0.656473 1.434490 0.000000
vt  0.618348 -0.395513 0.000000
vt  0.618348 1.434490 0.000000
vt  0.970380 1.432242 0.000000
vt  0.970380 -0.403464 0.000000
vt  0.664429 1.432242 0.000000
vt  0.664429 -0.403464 0.000000
vt  0.313121 1.001619 0.000000
vt  0.617640 1.001619 0.000000
vt  0.313121 1.039684 0.000000
vt  0.617640 1.039684 0.000000
vt  0.313556 0.995225 0.000000
vt  0.313556 -0.834777 0.000000
vt  0.275431 0.995225 0.000000
vt  0.275431 -0.834777 0.000000
vt  0.314011 1.000448 0.000000
vt  0.314011 -0.835258 0.000000
vt  0.619962 1.000448 0.000000
vt  0.619962 -0.835258 0.000000
vt  0.969948 0.985111 0.000000
vt  0.664139 0.985111 0.000000
vt  0.969948 1.023820 0.000000
vt  0.664139 1.023820 0.000000
vt  0.656473 -0.828824 0.000000
vt  0.656473 1.001179 0.000000
vt  0.618348 -0.828824 0.000000
vt  0.618348 1.001179 0.000000
vt  0.970380 0.998931 0.000000
vt  0.970380 -0.836775 0.000000
vt  0.664429 0.998931 0.000000
vt  0.664429 -0.836775 0.000000
vt  0.968839 1.574982 0.000000
vt  0.664320 1.574982 0.000000
vt  0.968839 1.613047 0.000000
vt  0.664320 1.613047 0.000000
vt  0.968404 1.568588 0.000000
vt  0.968404 -0.261414 0.000000
vt  1.006529 1.568588 0.000000
vt  1.006529 -0.261414 0.000000
vt  0.967949 1.573811 0.000000
vt  0.967949 -0.261895 0.000000
vt  0.661998 1.573811 0.000000
vt  0.661998 -0.261895 0.000000
vt  0.312012 1.558474 0.000000
vt  0.617821 1.558474 0.000000
vt  0.312012 1.597184 0.000000
vt  0.617821 1.597184 0.000000
vt  0.625487 -0.255461 0.000000
vt  0.625487 1.574542 0.000000
vt  0.663612 -0.255461 0.000000
vt  0.663612 1.574542 0.000000
vt  0.311580 1.572294 0.000000
vt  0.311580 -0.263412 0.000000
vt  0.617531 1.572294 0.000000
vt  0.617531 -0.263412 0.000000
vt  0.968839 1.001619 0.000000
vt  0.664320 1.001619 0.000000
vt  0.968839 1.039684 0.000000
vt  0.664320 1.039684 0.000000
vt  0.968404 0.995225 0.000000
vt  0.968404 -0.834777 0.000000
vt  1.006529 0.995225 0.000000
vt  1.006529 -0.834777 0.000000
vt  0.967949 1.000448 0.000000
vt  0.967949 -0.835258 0.000000
vt  0.661998 1.000448 0.000000
vt  0.661998 -0.835258 0.000000
vt  0.312012 0.985111 0.000000
vt  0.617821 0.985111 0.000000
vt  0.312012 1.023820 0.000000
vt  0.617821 1.023820 0.000000
vt  0.625487 -0.828824 0.000000
vt  0.625487 1.001179 0.000000
vt  0.663612 -0.828824 0.000000
vt  0.663612 1.001179 0.000000
vt  0.311580 0.998931 0.000000
vt  0.311580 -0.836775 0.000000
vt  0.617531 0.998931 0.000000
vt  0.617531 -0.836775 0.000000
vt  0.968839 1.001619 0.000000
vt  0.664320 1.001619 0.000000
vt  0.968839 1.039684 0.000000
vt  0.664320 1.039684 0.000000
vt  0.968404 0.995225 0.000000
vt  0.968404 -0.834777 0.000000
vt  1.006529 0.995225 0.000000
vt  1.006529 -0.834777 0.000000
vt  0.967949 1.000448 0.000000
vt  0.967949 -0.835258 0.000000
vt  0.661998 1.000448 0.000000
vt  0.661998 -0.835258 0.000000
vt  0.312012 0.985111 0.000000
vt  0.617821 0.985111 0.000000
vt  0.312012 1.023820 0.000000
vt  0.617821 1.023820 0.000000
vt  0.625487 -0.828824 0.000000
vt  0.625487 1.001179 0.000000
vt  0.663612 -0.828824 0.000000
vt  0.663612 1.001179 0.000000
vt  0.311580 0.998931 0.000000
vt  0.311580 -0.836775 0.000000
vt  0.617531 0.998931 0.000000
vt  0.617531 -0.836775 0.000000
vt  0.968839 1.574982 0.000000
vt  0.664320 1.574982 0.000000
vt  0.968839 1.613047 0.000000
vt  0.664320 1.613047 0.000000
vt  0.968404 1.568588 0.000000
vt  0.968404 -0.261414 0.000000
vt  1.006529 1.568588 0.000000
vt  1.006529 -0.261414 0.000000
vt  0.967949 1.573811 0.000000
vt  0.967949 -0.261895 0.000000
vt  0.661998 1.573811 0.000000
vt  0.661998 -0.261895 0.000000
vt  0.312012 1.558474 0.000000
vt  0.617821 1.558474 0.000000
vt  0.312012 1.597184 0.000000
vt  0.617821 1.597184 0.000000
vt  0.625487 -0.255461 0.000000
vt  0.625487 1.574542 0.000000
vt  0.663612 -0.255461 0.000000
vt  0.663612 1.574542 0.000000
vt  0.311580 1.572294 0.000000
vt  0.311580 -0.263412 0.000000
vt  0.617531 1.572294 0.000000
vt  0.617531 -0.263412 0.000000
vt  0.313121 1.001619 0.000000
vt  0.617640 1.001619 0.000000
vt  0.313121 1.039684 0.000000
vt  0.617640 1.039684 0.000000
vt  0.313556 0.995225 0.000000
vt  0.313556 -0.834777 0.000000
vt  0.275431 0.995225 0.000000
vt  0.275431 -0.834777 0.000000
vt  0.314011 1.000448 0.000000
vt  0.314011 -0.835258 0.000000
vt  0.619962 1.000448 0.000000
vt  0.619962 -0.835258 0.000000
vt  0.969948 0.985111 0.000000
vt  0.664139 0.985111 0.000000
vt  0.969948 1.023820 0.000000
vt  0.664139 1.023820 0.000000
vt  0.656473 -0.828824 0.000000
vt  0.656473 1.001179 0.000000
vt  0.618348 -0.828824 0.000000
vt  0.618348 1.001179 0.000000
vt  0.970380 0.998931 0.000000
vt  0.970380 -0.836775 0.000000
vt  0.664429 0.998931 0.000000
vt  0.664429 -0.836775 0.000000
vt  0.313121 1.434930 0.000000
vt  0.617640 1.434930 0.000000
vt  0.313121 1.472995 0.000000
vt  0.617640 1.472995 0.000000
vt  0.313556 1.428536 0.000000
vt  0.313556 -0.401466 0.000000
vt  0.275431 1.428536 0.000000
vt  0.275431 -0.401466 0.000000
vt  0.314011 1.433759 0.000000
vt  0.314011 -0.401947 0.000000
vt  0.619962 1.433759 0.000000
vt  0.619962 -0.401947 0.000000
vt  0.969948 1.418422 0.000000
vt  0.664139 1.418422 0.000000
vt  0.969948 1.457131 0.000000
vt  0.664139 1.457131 0.000000
vt  0.656473 -0.395513 0.000000
vt  0.656473 1.434490 0.000000
vt  0.618348 -0.395513 0.000000
vt  0.618348 1.434490 0.000000
vt  0.970380 1.432242 0.000000
vt  0.970380 -0.403464 0.000000
vt  0.664429 1.432242 0.000000
vt  0.664429 -0.403464 0.000000
vt  0.146551 0.995622 -4.000000
vt  0.146551 0.964102 -4.000000
vt  0.193830 0.964102 -4.000000
vt  0.193830 0.901064 -4.000000
vt  0.146551 0.901064 -4.000000
vt  0.146551 0.869545 -4.000000
vt  0.272628 0.869545 -4.000000
vt  0.272628 0.901064 -4.000000
vt  0.225349 0.901064 -4.000000
vt  0.225349 0.964102 -4.000000
vt  0.272628 0.964102 -4.000000
vt  0.272628 0.995622 -4.000000
vt  0.004043 0.995622 4.000000
vt  0.004043 0.964102 4.000000
vt  0.051322 0.964102 4.000000
vt  0.051322 0.901064 4.000000
vt  0.004043 0.901064 4.000000
vt  0.004043 0.869545 4.000000
vt  0.130120 0.869545 4.000000
vt  0.130120 0.901064 4.000000
vt  0.082841 0.901064 4.000000
vt  0.082841 0.964102 4.000000
vt  0.130120 0.964102 4.000000
vt  0.130120 0.995622 4.000000
vt  0.866912 0.998875 -0.000018
vt  0.851310 0.998875 -0.000015
vt  0.827928 0.998875 -0.000013
vt  0.796771 0.998875 -0.000014
vt  0.773395 0.998875 -0.000016
vt  0.757802 0.998875 -0.000020
vt  0.695561 0.998875 -0.000043
vt  0.679989 0.998875 -0.000052
vt  0.656655 0.998875 -0.000072
vt  0.968109 0.998875 -0.000075
vt  0.944755 0.998875 -0.000050
vt  0.929169 0.998875 -0.000040
vt  0.866934 0.003548 -0.000002
vt  0.851334 0.003548 -0.000002
vt  0.827953 0.003548 -0.000002
vt  0.796795 0.003548 -0.000001
vt  0.773416 0.003548 -0.000000
vt  0.757820 0.003548 0.000001
vt  0.695573 0.003548 0.000006
vt  0.679998 0.003548 0.000008
vt  0.656659 0.003548 0.000014
vt  0.968115 0.003548 0.000005
vt  0.944768 0.003548 0.000001
vt  0.929186 0.003548 0.000000
vt  0.999224 0.998875 -0.000137
vt  0.999226 0.003548 0.000014
vt  0.147017 0.860923 -4.000000
vt  0.147017 0.829404 -4.000000
vt  0.194296 0.829404 -4.000000
vt  0.194296 0.766366 -4.000000
vt  0.147017 0.766366 -4.000000
vt  0.147017 0.734847 -4.000000
vt  0.273094 0.734847 -4.000000
vt  0.273094 0.766366 -4.000000
vt  0.225815 0.766366 -4.000000
vt  0.225815 0.829404 -4.000000
vt  0.273094 0.829404 -4.000000
vt  0.273094 0.860923 -4.000000
vt  0.004509 0.860923 4.000000
vt  0.004509 0.829404 4.000000
vt  0.051788 0.829404 4.000000
vt  0.051788 0.766366 4.000000
vt  0.004509 0.766366 4.000000
vt  0.004509 0.734847 4.000000
vt  0.130586 0.734847 4.000000
vt  0.130586 0.766366 4.000000
vt  0.083307 0.766366 4.000000
vt  0.083307 0.829404 4.000000
vt  0.130586 0.829404 4.000000
vt  0.130586 0.860923 4.000000
vt  0.522252 0.998875 -0.000018
vt  0.506650 0.998875 -0.000015
vt  0.483268 0.998875 -0.000013
vt  0.452111 0.998875 -0.000014
vt  0.428734 0.998875 -0.000016
vt  0.413142 0.998875 -0.000020
vt  0.350901 0.998875 -0.000043
vt  0.335329 0.998875 -0.000052
vt  0.311995 0.998875 -0.000072
vt  0.623449 0.998875 -0.000075
vt  0.600095 0.998875 -0.000050
vt  0.584509 0.998875 -0.000040
vt  0.522274 0.003548 -0.000002
vt  0.506674 0.003548 -0.000002
vt  0.483293 0.003548 -0.000002
vt  0.452135 0.003548 -0.000001
vt  0.428756 0.003548 -0.000000
vt  0.413160 0.003548 0.000001
vt  0.350913 0.003548 0.000006
vt  0.335338 0.003548 0.000008
vt  0.311999 0.003548 0.000014
vt  0.623455 0.003548 0.000005
vt  0.600108 0.003548 0.000001
vt  0.584526 0.003548 0.000000
vt  0.654564 0.998875 -0.000137
vt  0.654566 0.003548 0.000014
vt  0.866931 0.146205 -0.000004
vt  0.851331 0.146205 -0.000004
vt  0.944766 0.146205 -0.000006
vt  0.929184 0.146205 -0.000006
vt  0.428753 0.146205 -0.000003
vt  0.413158 0.146205 -0.000002
vt  0.350911 0.146205 -0.000001
vt  0.335336 0.146205 -0.000000
vt  0.851330 0.168549 -0.000004
vt  0.944766 0.168549 -0.000007
vt  0.929183 0.168549 -0.000006
vt  0.428752 0.168549 -0.000003
vt  0.413157 0.168549 -0.000003
vt  0.350911 0.168549 -0.000002
vt  0.335336 0.168549 -0.000002
vt  0.866930 0.168549 -0.000004
vt  0.851329 0.212119 -0.000004
vt  0.944766 0.212119 -0.000009
vt  0.929182 0.212119 -0.000008
vt  0.428751 0.212119 -0.000004
vt  0.413157 0.212119 -0.000004
vt  0.350910 0.212119 -0.000004
vt  0.335336 0.212119 -0.000004
vt  0.866929 0.212119 -0.000005
vt  0.851329 0.234599 -0.000005
vt  0.944765 0.234599 -0.000011
vt  0.929182 0.234599 -0.000009
vt  0.428751 0.234599 -0.000004
vt  0.413156 0.234599 -0.000004
vt  0.350910 0.234599 -0.000005
vt  0.335336 0.234599 -0.000006
vt  0.866929 0.234599 -0.000005
vt  0.851314 0.856227 -0.000013
vt  0.944757 0.856227 -0.000042
vt  0.929172 0.856227 -0.000034
vt  0.428738 0.856227 -0.000014
vt  0.413145 0.856227 -0.000017
vt  0.350902 0.856227 -0.000036
vt  0.335330 0.856227 -0.000043
vt  0.866915 0.856227 -0.000016
vt  0.866916 0.834116 -0.000015
vt  0.851314 0.834116 -0.000013
vt  0.944758 0.834116 -0.000041
vt  0.929172 0.834116 -0.000033
vt  0.428738 0.834116 -0.000014
vt  0.413145 0.834116 -0.000016
vt  0.350903 0.834116 -0.000035
vt  0.335331 0.834116 -0.000042
vt  0.866917 0.790304 -0.000014
vt  0.851315 0.790304 -0.000012
vt  0.944758 0.790304 -0.000039
vt  0.929173 0.790304 -0.000031
vt  0.428739 0.790304 -0.000013
vt  0.413146 0.790304 -0.000016
vt  0.350903 0.790304 -0.000033
vt  0.335331 0.790304 -0.000039
vt  0.866917 0.768409 -0.000014
vt  0.851316 0.768409 -0.000012
vt  0.944758 0.768409 -0.000038
vt  0.929173 0.768409 -0.000030
vt  0.428739 0.768409 -0.000013
vt  0.413147 0.768409 -0.000015
vt  0.350903 0.768409 -0.000032
vt  0.335331 0.768409 -0.000038
vt  0.890284 0.168549 -0.000005
vt  0.890283 0.212119 -0.000006
vt  0.890271 0.834116 -0.000022
vt  0.389796 0.834116 -0.000023
vt  0.890271 0.790304 -0.000021
vt  0.389796 0.790304 -0.000022
vt  0.906010 0.168549 -0.000006
vt  0.906009 0.212119 -0.000007
vt  0.905998 0.834116 -0.000026
vt  0.905999 0.790304 -0.000025
vt  0.374072 0.834116 -0.000028
vt  0.374072 0.790304 -0.000026
vt  0.413146 0.790304 -0.000016
vt  0.413145 0.834116 -0.000016
vt  0.389796 0.834116 -0.000023
vt  0.389796 0.790304 -0.000022
vt  0.374072 0.834116 -0.000028
vt  0.350903 0.834116 -0.000035
vt  0.350903 0.790304 -0.000033
vt  0.374072 0.790304 -0.000026
vt  0.452124 0.477232 -0.000007
vt  0.428746 0.477232 -0.000008
vt  0.413152 0.461680 -0.000009
vt  0.350907 0.461680 -0.000017
vt  0.335334 0.477232 -0.000020
vt  0.311997 0.477232 -0.000027
vt  0.654565 0.477232 -0.000058
vt  0.522262 0.523888 -0.000010
vt  0.506662 0.508336 -0.000008
vt  0.483280 0.508336 -0.000007
vt  0.623452 0.508336 -0.000036
vt  0.600102 0.508336 -0.000025
vt  0.584517 0.523888 -0.000021
vt  0.522264 0.461596 -0.000009
vt  0.506663 0.477148 -0.000008
vt  0.483281 0.477148 -0.000007
vt  0.623452 0.477148 -0.000033
vt  0.600102 0.477148 -0.000023
vt  0.584518 0.461596 -0.000018
vt  0.467660 0.492742 -0.000007
vt  0.639050 0.492742 -0.000047
vt  0.452123 0.508252 -0.000007
vt  0.428745 0.508252 -0.000008
vt  0.413151 0.523804 -0.000010
vt  0.350906 0.523804 -0.000020
vt  0.335333 0.508252 -0.000022
vt  0.311997 0.508252 -0.000030
vt  0.654565 0.508252 -0.000062
vt  0.467660 0.492742 -0.000007
vt  0.639050 0.492742 -0.000047
vt  0.866923 0.483674 -0.000009
vt  0.851322 0.499226 -0.000008
vt  0.827941 0.499226 -0.000007
vt  0.968112 0.499226 -0.000035
vt  0.944762 0.499226 -0.000024
vt  0.929178 0.483674 -0.000019
vt  0.796783 0.530330 -0.000008
vt  0.773405 0.530330 -0.000009
vt  0.757811 0.545882 -0.000010
vt  0.695566 0.545882 -0.000021
vt  0.679993 0.530330 -0.000024
vt  0.656657 0.530330 -0.000031
vt  0.999225 0.530330 -0.000066
vt  0.851322 0.530879 -0.000009
vt  0.827940 0.530879 -0.000008
vt  0.968112 0.530879 -0.000038
vt  0.944761 0.530879 -0.000026
vt  0.929177 0.546431 -0.000022
vt  0.866922 0.546431 -0.000010
vt  0.812087 0.515053 -0.000007
vt  0.983943 0.515053 -0.000051
vt  0.796783 0.499775 -0.000007
vt  0.773405 0.499775 -0.000008
vt  0.757812 0.484223 -0.000009
vt  0.695567 0.484223 -0.000018
vt  0.679993 0.499775 -0.000022
vt  0.656657 0.499775 -0.000029
vt  0.999225 0.499775 -0.000061
vt  0.812087 0.515053 -0.000007
vt  0.983943 0.515053 -0.000051
vt  0.506652 0.917114 -0.000014
vt  0.483270 0.917114 -0.000012
vt  0.452112 0.948257 -0.000013
vt  0.428736 0.948257 -0.000015
vt  0.413143 0.963809 -0.000019
vt  0.350901 0.963809 -0.000042
vt  0.335330 0.948257 -0.000049
vt  0.311995 0.948257 -0.000067
vt  0.654564 0.948257 -0.000129
vt  0.623449 0.917114 -0.000069
vt  0.600096 0.917114 -0.000045
vt  0.584511 0.901553 -0.000036
vt  0.522254 0.901553 -0.000016
vt  0.866932 0.106377 -0.000003
vt  0.851332 0.090834 -0.000003
vt  0.827951 0.090834 -0.000003
vt  0.968114 0.090834 -0.000002
vt  0.944767 0.090834 -0.000003
vt  0.929184 0.106377 -0.000004
vt  0.796794 0.059771 -0.000002
vt  0.773415 0.059771 -0.000001
vt  0.757820 0.044219 -0.000000
vt  0.695572 0.044219 0.000004
vt  0.679997 0.059771 0.000005
vt  0.656658 0.059771 0.000009
vt  0.999226 0.059771 0.000006
vt  0.522273 0.022151 -0.000002
vt  0.452134 0.068775 -0.000002
vt  0.428755 0.068775 -0.000001
vt  0.413159 0.084318 -0.000001
vt  0.350912 0.084318 0.000002
vt  0.335337 0.068775 0.000004
vt  0.311998 0.068775 0.000008
vt  0.654566 0.068775 0.000005
vt  0.506673 0.037703 -0.000002
vt  0.483292 0.037703 -0.000002
vt  0.623455 0.037703 0.000002
vt  0.600108 0.037703 -0.000000
vt  0.584526 0.022151 -0.000001
vt  0.851311 0.970324 -0.000014
vt  0.827929 0.970324 -0.000013
vt  0.796773 0.939191 -0.000013
vt  0.773396 0.939191 -0.000015
vt  0.757804 0.923630 -0.000018
vt  0.695562 0.923630 -0.000040
vt  0.679990 0.939191 -0.000048
vt  0.656655 0.939191 -0.000067
vt  0.999224 0.939191 -0.000128
vt  0.968109 0.970324 -0.000073
vt  0.944756 0.970324 -0.000048
vt  0.929169 0.985876 -0.000039
vt  0.866912 0.985876 -0.000018
vt  0.147017 0.860923 -4.000000
vt  0.147017 0.829404 -4.000000
vt  0.194296 0.829404 -4.000000
vt  0.194296 0.766366 -4.000000
vt  0.147017 0.766366 -4.000000
vt  0.147017 0.734847 -4.000000
vt  0.273094 0.734847 -4.000000
vt  0.273094 0.766366 -4.000000
vt  0.225815 0.766366 -4.000000
vt  0.225815 0.829404 -4.000000
vt  0.273094 0.829404 -4.000000
vt  0.273094 0.860923 -4.000000
vt  0.004509 0.860923 4.000000
vt  0.004509 0.829404 4.000000
vt  0.051788 0.829404 4.000000
vt  0.051788 0.766366 4.000000
vt  0.004509 0.766366 4.000000
vt  0.004509 0.734847 4.000000
vt  0.130586 0.734847 4.000000
vt  0.130586 0.766366 4.000000
vt  0.083307 0.766366 4.000000
vt  0.083307 0.829404 4.000000
vt  0.130586 0.829404 4.000000
vt  0.130586 0.860923 4.000000
vt  0.522252 0.998875 -0.000018
vt  0.506650 0.998875 -0.000015
vt  0.483268 0.998875 -0.000013
vt  0.452111 0.998875 -0.000014
vt  0.428734 0.998875 -0.000016
vt  0.413142 0.998875 -0.000020
vt  0.350901 0.998875 -0.000043
vt  0.335329 0.998875 -0.000052
vt  0.311995 0.998875 -0.000072
vt  0.623449 0.998875 -0.000075
vt  0.600095 0.998875 -0.000050
vt  0.584509 0.998875 -0.000040
vt  0.522274 0.003548 -0.000002
vt  0.506674 0.003548 -0.000002
vt  0.483293 0.003548 -0.000002
vt  0.452135 0.003548 -0.000001
vt  0.428756 0.003548 -0.000000
vt  0.413160 0.003548 0.000001
vt  0.350913 0.003548 0.000006
vt  0.335338 0.003548 0.000008
vt  0.311999 0.003548 0.000014
vt  0.623455 0.003548 0.000005
vt  0.600108 0.003548 0.000001
vt  0.584526 0.003548 0.000000
vt  0.654564 0.998875 -0.000137
vt  0.654566 0.003548 0.000014
vt  0.146551 0.995622 -4.000000
vt  0.146551 0.964102 -4.000000
vt  0.193830 0.964102 -4.000000
vt  0.193830 0.901064 -4.000000
vt  0.146551 0.901064 -4.000000
vt  0.146551 0.869545 -4.000000
vt  0.272628 0.869545 -4.000000
vt  0.272628 0.901064 -4.000000
vt  0.225349 0.901064 -4.000000
vt  0.225349 0.964102 -4.000000
vt  0.272628 0.964102 -4.000000
vt  0.272628 0.995622 -4.000000
vt  0.004043 0.995622 4.000000
vt  0.004043 0.964102 4.000000
vt  0.051322 0.964102 4.000000
vt  0.051322 0.901064 4.000000
vt  0.004043 0.901064 4.000000
vt  0.004043 0.869545 4.000000
vt  0.130120 0.869545 4.000000
vt  0.130120 0.901064 4.000000
vt  0.082841 0.901064 4.000000
vt  0.082841 0.964102 4.000000
vt  0.130120 0.964102 4.000000
vt  0.130120 0.995622 4.000000
vt  0.866912 0.998875 -0.000018
vt  0.851310 0.998875 -0.000015
vt  0.827928 0.998875 -0.000013
vt  0.796771 0.998875 -0.000014
vt  0.773395 0.998875 -0.000016
vt  0.757802 0.998875 -0.000020
vt  0.695561 0.998875 -0.000043
vt  0.679989 0.998875 -0.000052
vt  0.656655 0.998875 -0.000072
vt  0.968109 0.998875 -0.000075
vt  0.944755 0.998875 -0.000050
vt  0.929169 0.998875 -0.000040
vt  0.866934 0.003548 -0.000002
vt  0.851334 0.003548 -0.000002
vt  0.827953 0.003548 -0.000002
vt  0.796795 0.003548 -0.000001
vt  0.773416 0.003548 -0.000000
vt  0.757820 0.003548 0.000001
vt  0.695573 0.003548 0.000006
vt  0.679998 0.003548 0.000008
vt  0.656659 0.003548 0.000014
vt  0.968115 0.003548 0.000005
vt  0.944768 0.003548 0.000001
vt  0.929186 0.003548 0.000000
vt  0.999224 0.998875 -0.000137
vt  0.999226 0.003548 0.000014
vt  0.147017 0.860923 -4.000000
vt  0.147017 0.829404 -4.000000
vt  0.194296 0.829404 -4.000000
vt  0.194296 0.766366 -4.000000
vt  0.147017 0.766366 -4.000000
vt  0.147017 0.734847 -4.000000
vt  0.273094 0.734847 -4.000000
vt  0.273094 0.766366 -4.000000
vt  0.225815 0.766366 -4.000000
vt  0.225815 0.829404 -4.000000
vt  0.273094 0.829404 -4.000000
vt  0.273094 0.860923 -4.000000
vt  0.004509 0.860923 4.000000
vt  0.004509 0.829404 4.000000
vt  0.051788 0.829404 4.000000
vt  0.051788 0.766366 4.000000
vt  0.004509 0.766366 4.000000
vt  0.004509 0.734847 4.000000
vt  0.130586 0.734847 4.000000
vt  0.130586 0.766366 4.000000
vt  0.083307 0.766366 4.000000
vt  0.083307 0.829404 4.000000
vt  0.130586 0.829404 4.000000
vt  0.130586 0.860923 4.000000
vt  0.522252 0.998875 -0.000018
vt  0.506650 0.998875 -0.000015
vt  0.483268 0.998875 -0.000013
vt  0.452111 0.998875 -0.000014
vt  0.428734 0.998875 -0.000016
vt  0.413142 0.998875 -0.000020
vt  0.350901 0.998875 -0.000043
vt  0.335329 0.998875 -0.000052
vt  0.311995 0.998875 -0.000072
vt  0.623449 0.998875 -0.000075
vt  0.600095 0.998875 -0.000050
vt  0.584509 0.998875 -0.000040
vt  0.522274 0.003548 -0.000002
vt  0.506674 0.003548 -0.000002
vt  0.483293 0.003548 -0.000002
vt  0.452135 0.003548 -0.000001
vt  0.428756 0.003548 -0.000000
vt  0.413160 0.003548 0.000001
vt  0.350913 0.003548 0.000006
vt  0.335338 0.003548 0.000008
vt  0.311999 0.003548 0.000014
vt  0.623455 0.003548 0.000005
vt  0.600108 0.003548 0.000001
vt  0.584526 0.003548 0.000000
vt  0.654564 0.998875 -0.000137
vt  0.654566 0.003548 0.000014
vt  0.866931 0.146205 -0.000004
vt  0.851331 0.146205 -0.000004
vt  0.944766 0.146205 -0.000006
vt  0.929184 0.146205 -0.000006
vt  0.428753 0.146205 -0.000003
vt  0.413158 0.146205 -0.000002
vt  0.350911 0.146205 -0.000001
vt  0.335336 0.146205 -0.000000
vt  0.851330 0.168549 -0.000004
vt  0.944766 0.168549 -0.000007
vt  0.929183 0.168549 -0.000006
vt  0.428752 0.168549 -0.000003
vt  0.413157 0.168549 -0.000003
vt  0.350911 0.168549 -0.000002
vt  0.335336 0.168549 -0.000002
vt  0.866930 0.168549 -0.000004
vt  0.851329 0.212119 -0.000004
vt  0.944766 0.212119 -0.000009
vt  0.929182 0.212119 -0.000008
vt  0.428751 0.212119 -0.000004
vt  0.413157 0.212119 -0.000004
vt  0.350910 0.212119 -0.000004
vt  0.335336 0.212119 -0.000004
vt  0.866929 0.212119 -0.000005
vt  0.851329 0.234599 -0.000005
vt  0.944765 0.234599 -0.000011
vt  0.929182 0.234599 -0.000009
vt  0.428751 0.234599 -0.000004
vt  0.413156 0.234599 -0.000004
vt  0.350910 0.234599 -0.000005
vt  0.335336 0.234599 -0.000006
vt  0.866929 0.234599 -0.000005
vt  0.851314 0.856227 -0.000013
vt  0.944757 0.856227 -0.000042
vt  0.929172 0.856227 -0.000034
vt  0.428738 0.856227 -0.000014
vt  0.413145 0.856227 -0.000017
vt  0.350902 0.856227 -0.000036
vt  0.335330 0.856227 -0.000043
vt  0.866915 0.856227 -0.000016
vt  0.866916 0.834116 -0.000015
vt  0.851314 0.834116 -0.000013
vt  0.944758 0.834116 -0.000041
vt  0.929172 0.834116 -0.000033
vt  0.428738 0.834116 -0.000014
vt  0.413145 0.834116 -0.000016
vt  0.350903 0.834116 -0.000035
vt  0.335331 0.834116 -0.000042
vt  0.866917 0.790304 -0.000014
vt  0.851315 0.790304 -0.000012
vt  0.944758 0.790304 -0.000039
vt  0.929173 0.790304 -0.000031
vt  0.428739 0.790304 -0.000013
vt  0.413146 0.790304 -0.000016
vt  0.350903 0.790304 -0.000033
vt  0.335331 0.790304 -0.000039
vt  0.866917 0.768409 -0.000014
vt  0.851316 0.768409 -0.000012
vt  0.944758 0.768409 -0.000038
vt  0.929173 0.768409 -0.000030
vt  0.428739 0.768409 -0.000013
vt  0.413147 0.768409 -0.000015
vt  0.350903 0.768409 -0.000032
vt  0.335331 0.768409 -0.000038
vt  0.890284 0.168549 -0.000005
vt  0.890283 0.212119 -0.000006
vt  0.890271 0.834116 -0.000022
vt  0.389796 0.834116 -0.000023
vt  0.890271 0.790304 -0.000021
vt  0.389796 0.790304 -0.000022
vt  0.906010 0.168549 -0.000006
vt  0.906009 0.212119 -0.000007
vt  0.905998 0.834116 -0.000026
vt  0.905999 0.790304 -0.000025
vt  0.374072 0.834116 -0.000028
vt  0.374072 0.790304 -0.000026
vt  0.413146 0.790304 -0.000016
vt  0.413145 0.834116 -0.000016
vt  0.389796 0.834116 -0.000023
vt  0.389796 0.790304 -0.000022
vt  0.374072 0.834116 -0.000028
vt  0.350903 0.834116 -0.000035
vt  0.350903 0.790304 -0.000033
vt  0.374072 0.790304 -0.000026
vt  0.452124 0.477232 -0.000007
vt  0.428746 0.477232 -0.000008
vt  0.413152 0.461680 -0.000009
vt  0.350907 0.461680 -0.000017
vt  0.335334 0.477232 -0.000020
vt  0.311997 0.477232 -0.000027
vt  0.654565 0.477232 -0.000058
vt  0.522262 0.523888 -0.000010
vt  0.506662 0.508336 -0.000008
vt  0.483280 0.508336 -0.000007
vt  0.623452 0.508336 -0.000036
vt  0.600102 0.508336 -0.000025
vt  0.584517 0.523888 -0.000021
vt  0.522264 0.461596 -0.000009
vt  0.506663 0.477148 -0.000008
vt  0.483281 0.477148 -0.000007
vt  0.623452 0.477148 -0.000033
vt  0.600102 0.477148 -0.000023
vt  0.584518 0.461596 -0.000018
vt  0.467660 0.492742 -0.000007
vt  0.639050 0.492742 -0.000047
vt  0.452123 0.508252 -0.000007
vt  0.428745 0.508252 -0.000008
vt  0.413151 0.523804 -0.000010
vt  0.350906 0.523804 -0.000020
vt  0.335333 0.508252 -0.000022
vt  0.311997 0.508252 -0.000030
vt  0.654565 0.508252 -0.000062
vt  0.467660 0.492742 -0.000007
vt  0.639050 0.492742 -0.000047
vt  0.866923 0.483674 -0.000009
vt  0.851322 0.499226 -0.000008
vt  0.827941 0.499226 -0.000007
vt  0.968112 0.499226 -0.000035
vt  0.944762 0.499226 -0.000024
vt  0.929178 0.483674 -0.000019
vt  0.796783 0.530330 -0.000008
vt  0.773405 0.530330 -0.000009
vt  0.757811 0.545882 -0.000010
vt  0.695566 0.545882 -0.000021
vt  0.679993 0.530330 -0.000024
vt  0.656657 0.530330 -0.000031
vt  0.999225 0.530330 -0.000066
vt  0.851322 0.530879 -0.000009
vt  0.827940 0.530879 -0.000008
vt  0.968112 0.530879 -0.000038
vt  0.944761 0.530879 -0.000026
vt  0.929177 0.546431 -0.000022
vt  0.866922 0.546431 -0.000010
vt  0.812087 0.515053 -0.000007
vt  0.983943 0.515053 -0.000051
vt  0.796783 0.499775 -0.000007
vt  0.773405 0.499775 -0.000008
vt  0.757812 0.484223 -0.000009
vt  0.695567 0.484223 -0.000018
vt  0.679993 0.499775 -0.000022
vt  0.656657 0.499775 -0.000029
vt  0.999225 0.499775 -0.000061
vt  0.812087 0.515053 -0.000007
vt  0.983943 0.515053 -0.000051
vt  0.506652 0.917114 -0.000014
vt  0.483270 0.917114 -0.000012
vt  0.452112 0.948257 -0.000013
vt  0.428736 0.948257 -0.000015
vt  0.413143 0.963809 -0.000019
vt  0.350901 0.963809 -0.000042
vt  0.335330 0.948257 -0.000049
vt  0.311995 0.948257 -0.000067
vt  0.654564 0.948257 -0.000129
vt  0.623449 0.917114 -0.000069
vt  0.600096 0.917114 -0.000045
vt  0.584511 0.901553 -0.000036
vt  0.522254 0.901553 -0.000016
vt  0.866932 0.106377 -0.000003
vt  0.851332 0.090834 -0.000003
vt  0.827951 0.090834 -0.000003
vt  0.968114 0.090834 -0.000002
vt  0.944767 0.090834 -0.000003
vt  0.929184 0.106377 -0.000004
vt  0.796794 0.059771 -0.000002
vt  0.773415 0.059771 -0.000001
vt  0.757820 0.044219 -0.000000
vt  0.695572 0.044219 0.000004
vt  0.679997 0.059771 0.000005
vt  0.656658 0.059771 0.000009
vt  0.999226 0.059771 0.000006
vt  0.522273 0.022151 -0.000002
vt  0.452134 0.068775 -0.000002
vt  0.428755 0.068775 -0.000001
vt  0.413159 0.084318 -0.000001
vt  0.350912 0.084318 0.000002
vt  0.335337 0.068775 0.000004
vt  0.311998 0.068775 0.000008
vt  0.654566 0.068775 0.000005
vt  0.506673 0.037703 -0.000002
vt  0.483292 0.037703 -0.000002
vt  0.623455 0.037703 0.000002
vt  0.600108 0.037703 -0.000000
vt  0.584526 0.022151 -0.000001
vt  0.851311 0.970324 -0.000014
vt  0.827929 0.970324 -0.000013
vt  0.796773 0.939191 -0.000013
vt  0.773396 0.939191 -0.000015
vt  0.757804 0.923630 -0.000018
vt  0.695562 0.923630 -0.000040
vt  0.679990 0.939191 -0.000048
vt  0.656655 0.939191 -0.000067
vt  0.999224 0.939191 -0.000128
vt  0.968109 0.970324 -0.000073
vt  0.944756 0.970324 -0.000048
vt  0.929169 0.985876 -0.000039
vt  0.866912 0.985876 -0.000018
vt  0.313121 1.434930 0.000000
vt  0.617640 1.434930 0.000000
vt  0.313121 1.472995 0.000000
vt  0.617640 1.472995 0.000000
vt  0.313556 1.428536 0.000000
vt  0.313556 -0.401466 0.000000
vt  0.275431 1.428536 0.000000
vt  0.275431 -0.401466 0.000000
vt  0.314011 1.433759 0.000000
vt  0.314011 -0.401947 0.000000
vt  0.619962 1.433759 0.000000
vt  0.619962 -0.401947 0.000000
vt  0.969948 1.418422 0.000000
vt  0.664139 1.418422 0.000000
vt  0.969948 1.457131 0.000000
vt  0.664139 1.457131 0.000000
vt  0.656473 -0.395513 0.000000
vt  0.656473 1.434490 0.000000
vt  0.618348 -0.395513 0.000000
vt  0.618348 1.434490 0.000000
vt  0.970380 1.432242 0.000000
vt  0.970380 -0.403464 0.000000
vt  0.664429 1.432242 0.000000
vt  0.664429 -0.403464 0.000000
vt  0.313121 1.001619 0.000000
vt  0.617640 1.001619 0.000000
vt  0.313121 1.039684 0.000000
vt  0.617640 1.039684 0.000000
vt  0.313556 0.995225 0.000000
vt  0.313556 -0.834777 0.000000
vt  0.275431 0.995225 0.000000
vt  0.275431 -0.834777 0.000000
vt  0.314011 1.000448 0.000000
vt  0.314011 -0.835258 0.000000
vt  0.619962 1.000448 0.000000
vt  0.619962 -0.835258 0.000000
vt  0.969948 0.985111 0.000000
vt  0.664139 0.985111 0.000000
vt  0.969948 1.023820 0.000000
vt  0.664139 1.023820 0.000000
vt  0.656473 -0.828824 0.000000
vt  0.656473 1.001179 0.000000
vt  0.618348 -0.828824 0.000000
vt  0.618348 1.001179 0.000000
vt  0.970380 0.998931 0.000000
vt  0.970380 -0.836775 0.000000
vt  0.664429 0.998931 0.000000
vt  0.664429 -0.836775 0.000000
vt  0.968839 1.574982 0.000000
vt  0.664320 1.574982 0.000000
vt  0.968839 1.613047 0.000000
vt  0.664320 1.613047 0.000000
vt  0.968404 1.568588 0.000000
vt  0.968404 -0.261414 0.000000
vt  1.006529 1.568588 0.000000
vt  1.006529 -0.261414 0.000000
vt  0.967949 1.573811 0.000000
vt  0.967949 -0.261895 0.000000
vt  0.661998 1.573811 0.000000
vt  0.661998 -0.261895 0.000000
vt  0.312012 1.558474 0.000000
vt  0.617821 1.558474 0.000000
vt  0.312012 1.597184 0.000000
vt  0.617821 1.597184 0.000000
vt  0.625487 -0.255461 0.000000
vt  0.625487 1.574542 0.000000
vt  0.663612 -0.255461 0.000000
vt  0.663612 1.574542 0.000000
vt  0.311580 1.572294 0.000000
vt  0.311580 -0.263412 0.000000
vt  0.617531 1.572294 0.000000
vt  0.617531 -0.263412 0.000000
vt  0.968839 1.001619 0.000000
vt  0.664320 1.001619 0.000000
vt  0.968839 1.039684 0.000000
vt  0.664320 1.039684 0.000000
vt  0.968404 0.995225 0.000000
vt  0.968404 -0.834777 0.000000
vt  1.006529 0.995225 0.000000
vt  1.006529 -0.834777 0.000000
vt  0.967949 1.000448 0.000000
vt  0.967949 -0.835258 0.000000
vt  0.661998 1.000448 0.000000
vt  0.661998 -0.835258 0.000000
vt  0.312012 0.985111 0.000000
vt  0.617821 0.985111 0.000000
vt  0.312012 1.023820 0.000000
vt  0.617821 1.023820 0.000000
vt  0.625487 -0.828824 0.000000
vt  0.625487 1.001179 0.000000
vt  0.663612 -0.828824 0.000000
vt  0.663612 1.001179 0.000000
vt  0.311580 0.998931 0.000000
vt  0.311580 -0.836775 0.000000
vt  0.617531 0.998931 0.000000
vt  0.617531 -0.836775 0.000000
vt  0.968839 1.001619 0.000000
vt  0.664320 1.001619 0.000000
vt  0.968839 1.039684 0.000000
vt  0.664320 1.039684 0.000000
vt  0.968404 0.995225 0.000000
vt  0.968404 -0.834777 0.000000
vt  1.006529 0.995225 0.000000
vt  1.006529 -0.834777 0.000000
vt  0.967949 1.000448 0.000000
vt  0.967949 -0.835258 0.000000
vt  0.661998 1.000448 0.000000
vt  0.661998 -0.835258 0.000000
vt  0.312012 0.985111 0.000000
vt  0.617821 0.985111 0.000000
vt  0.312012 1.023820 0.000000
vt  0.617821 1.023820 0.000000
vt  0.625487 -0.828824 0.000000
vt  0.625487 1.001179 0.000000
vt  0.663612 -0.828824 0.000000
vt  0.663612 1.001179 0.000000
vt  0.311580 0.998931 0.000000
vt  0.311580 -0.836775 0.000000
vt  0.617531 0.998931 0.000000
vt  0.617531 -0.836775 0.000000
vt  0.968839 1.574982 0.000000
vt  0.664320 1.574982 0.000000
vt  0.968839 1.613047 0.000000
vt  0.664320 1.613047 0.000000
vt  0.968404 1.568588 0.000000
vt  0.968404 -0.261414 0.000000
vt  1.006529 1.568588 0.000000
vt  1.006529 -0.261414 0.000000
vt  0.967949 1.573811 0.000000
vt  0.967949 -0.261895 0.000000
vt  0.661998 1.573811 0.000000
vt  0.661998 -0.261895 0.000000
vt  0.312012 1.558474 0.000000
vt  0.617821 1.558474 0.000000
vt  0.312012 1.597184 0.000000
vt  0.617821 1.597184 0.000000
vt  0.625487 -0.255461 0.000000
vt  0.625487 1.574542 0.000000
vt  0.663612 -0.255461 0.000000
vt  0.663612 1.574542 0.000000
vt  0.311580 1.572294 0.000000
vt  0.311580 -0.263412 0.000000
vt  0.617531 1.572294 0.000000
vt  0.617531 -0.263412 0.000000
vt  0.313121 1.001619 0.000000
vt  0.617640 1.001619 0.000000
vt  0.313121 1.039684 0.000000
vt  0.617640 1.039684 0.000000
vt  0.313556 0.995225 0.000000
vt  0.313556 -0.834777 0.000000
vt  0.275431 0.995225 0.000000
vt  0.275431 -0.834777 0.000000
vt  0.314011 1.000448 0.000000
vt  0.314011 -0.835258 0.000000
vt  0.619962 1.000448 0.000000
vt  0.619962 -0.835258 0.000000
vt  0.969948 0.985111 0.000000
vt  0.664139 0.985111 0.000000
vt  0.969948 1.023820 0.000000
vt  0.664139 1.023820 0.000000
vt  0.656473 -0.828824 0.000000
vt  0.656473 1.001179 0.000000
vt  0.618348 -0.828824 0.000000
vt  0.618348 1.001179 0.000000
vt  0.970380 0.998931 0.000000
vt  0.970380 -0.836775 0.000000
vt  0.664429 0.998931 0.000000
vt  0.664429 -0.836775 0.000000
vt  0.313121 1.434930 0.000000
vt  0.617640 1.434930 0.000000
vt  0.313121 1.472995 0.000000
vt  0.617640 1.472995 0.000000
vt  0.313556 1.428536 0.000000
vt  0.313556 -0.401466 0.000000
vt  0.275431 1.428536 0.000000
vt  0.275431 -0.401466 0.000000
vt  0.314011 1.433759 0.000000
vt  0.314011 -0.401947 0.000000
vt  0.619962 1.433759 0.000000
vt  0.619962 -0.401947 0.000000
vt  0.969948 1.418422 0.000000
vt  0.664139 1.418422 0.000000
vt  0.969948 1.457131 0.000000
vt  0.664139 1.457131 0.000000
vt  0.656473 -0.395513 0.000000
vt  0.656473 1.434490 0.000000
vt  0.618348 -0.395513 0.000000
vt  0.618348 1.434490 0.000000
vt  0.970380 1.432242 0.000000
vt  0.970380 -0.403464 0.000000
vt  0.664429 1.432242 0.000000
vt  0.664429 -0.403464 0.000000
vt  0.146551 0.995622 -4.000000
vt  0.146551 0.964102 -4.000000
vt  0.193830 0.964102 -4.000000
vt  0.193830 0.901064 -4.000000
vt  0.146551 0.901064 -4.000000
vt  0.146551 0.869545 -4.000000
vt  0.272628 0.869545 -4.000000
vt  0.272628 0.901064 -4.000000
vt  0.225349 0.901064 -4.000000
vt  0.225349 0.964102 -4.000000
vt  0.272628 0.964102 -4.000000
vt  0.272628 0.995622 -4.000000
vt  0.004043 0.995622 4.000000
vt  0.004043 0.964102 4.000000
vt  0.051322 0.964102 4.000000
vt  0.051322 0.901064 4.000000
vt  0.004043 0.901064 4.000000
vt  0.004043 0.869545 4.000000
vt  0.130120 0.869545 4.000000
vt  0.130120 0.901064 4.000000
vt  0.082841 0.901064 4.000000
vt  0.082841 0.964102 4.000000
vt  0.130120 0.964102 4.000000
vt  0.130120 0.995622 4.000000
vt  0.866912 0.998875 -0.000018
vt  0.851310 0.998875 -0.000015
vt  0.827928 0.998875 -0.000013
vt  0.796771 0.998875 -0.000014
vt  0.773395 0.998875 -0.000016
vt  0.757802 0.998875 -0.000020
vt  0.695561 0.998875 -0.000043
vt  0.679989 0.998875 -0.000052
vt  0.656655 0.998875 -0.000072
vt  0.968109 0.998875 -0.000075
vt  0.944755 0.998875 -0.000050
vt  0.929169 0.998875 -0.000040
vt  0.866934 0.003548 -0.000002
vt  0.851334 0.003548 -0.000002
vt  0.827953 0.003548 -0.000002
vt  0.796795 0.003548 -0.000001
vt  0.773416 0.003548 -0.000000
vt  0.757820 0.003548 0.000001
vt  0.695573 0.003548 0.000006
vt  0.679998 0.003548 0.000008
vt  0.656659 0.003548 0.000014
vt  0.968115 0.003548 0.000005
vt  0.944768 0.003548 0.000001
vt  0.929186 0.003548 0.000000
vt  0.999224 0.998875 -0.000137
vt  0.999226 0.003548 0.000014
vt  0.147017 0.860923 -4.000000
vt  0.147017 0.829404 -4.000000
vt  0.194296 0.829404 -4.000000
vt  0.194296 0.766366 -4.000000
vt  0.147017 0.766366 -4.000000
vt  0.147017 0.734847 -4.000000
vt  0.273094 0.734847 -4.000000
vt  0.273094 0.766366 -4.000000
vt  0.225815 0.766366 -4.000000
vt  0.225815 0.829404 -4.000000
vt  0.273094 0.829404 -4.000000
vt  0.273094 0.860923 -4.000000
vt  0.004509 0.860923 4.000000
vt  0.004509 0.829404 4.000000
vt  0.051788 0.829404 4.000000
vt  0.051788 0.766366 4.000000
vt  0.004509 0.766366 4.000000
vt  0.004509 0.734847 4.000000
vt  0.130586 0.734847 4.000000
vt  0.130586 0.766366 4.000000
vt  0.083307 0.766366 4.000000
vt  0.083307 0.829404 4.000000
vt  0.130586 0.829404 4.000000
vt  0.130586 0.860923 4.000000
vt  0.522252 0.998875 -0.000018
vt  0.506650 0.998875 -0.000015
vt  0.483268 0.998875 -0.000013
vt  0.452111 0.998875 -0.000014
vt  0.428734 0.998875 -0.000016
vt  0.413142 0.998875 -0.000020
vt  0.350901 0.998875 -0.000043
vt  0.335329 0.998875 -0.000052
vt  0.311995 0.998875 -0.000072
vt  0.623449 0.998875 -0.000075
vt  0.600095 0.998875 -0.000050
vt  0.584509 0.998875 -0.000040
vt  0.522274 0.003548 -0.000002
vt  0.506674 0.003548 -0.000002
vt  0.483293 0.003548 -0.000002
vt  0.452135 0.003548 -0.000001
vt  0.428756 0.003548 -0.000000
vt  0.413160 0.003548 0.000001
vt  0.350913 0.003548 0.000006
vt  0.335338 0.003548 0.000008
vt  0.311999 0.003548 0.000014
vt  0.623455 0.003548 0.000005
vt  0.600108 0.003548 0.000001
vt  0.584526 0.003548 0.000000
vt  0.654564 0.998875 -0.000137
vt  0.654566 0.003548 0.000014
vt  0.866931 0.146205 -0.000004
vt  0.851331 0.146205 -0.000004
vt  0.944766 0.146205 -0.000006
vt  0.929184 0.146205 -0.000006
vt  0.428753 0.146205 -0.000003
vt  0.413158 0.146205 -0.000002
vt  0.350911 0.146205 -0.000001
vt  0.335336 0.146205 -0.000000
vt  0.851330 0.168549 -0.000004
vt  0.944766 0.168549 -0.000007
vt  0.929183 0.168549 -0.000006
vt  0.428752 0.168549 -0.000003
vt  0.413157 0.168549 -0.000003
vt  0.350911 0.168549 -0.000002
vt  0.335336 0.168549 -0.000002
vt  0.866930 0.168549 -0.000004
vt  0.851329 0.212119 -0.000004
vt  0.944766 0.212119 -0.000009
vt  0.929182 0.212119 -0.000008
vt  0.428751 0.212119 -0.000004
vt  0.413157 0.212119 -0.000004
vt  0.350910 0.212119 -0.000004
vt  0.335336 0.212119 -0.000004
vt  0.866929 0.212119 -0.000005
vt  0.851329 0.234599 -0.000005
vt  0.944765 0.234599 -0.000011
vt  0.929182 0.234599 -0.000009
vt  0.428751 0.234599 -0.000004
vt  0.413156 0.234599 -0.000004
vt  0.350910 0.234599 -0.000005
vt  0.335336 0.234599 -0.000006
vt  0.866929 0.234599 -0.000005
vt  0.851314 0.856227 -0.000013
vt  0.944757 0.856227 -0.000042
vt  0.929172 0.856227 -0.000034
vt  0.428738 0.856227 -0.000014
vt  0.413145 0.856227 -0.000017
vt  0.350902 0.856227 -0.000036
vt  0.335330 0.856227 -0.000043
vt  0.866915 0.856227 -0.000016
vt  0.866916 0.834116 -0.000015
vt  0.851314 0.834116 -0.000013
vt  0.944758 0.834116 -0.000041
vt  0.929172 0.834116 -0.000033
vt  0.428738 0.834116 -0.000014
vt  0.413145 0.834116 -0.000016
vt  0.350903 0.834116 -0.000035
vt  0.335331 0.834116 -0.000042
vt  0.866917 0.790304 -0.000014
vt  0.851315 0.790304 -0.000012
vt  0.944758 0.790304 -0.000039
vt  0.929173 0.790304 -0.000031
vt  0.428739 0.790304 -0.000013
vt  0.413146 0.790304 -0.000016
vt  0.350903 0.790304 -0.000033
vt  0.335331 0.790304 -0.000039
vt  0.866917 0.768409 -0.000014
vt  0.851316 0.768409 -0.000012
vt  0.944758 0.768409 -0.000038
vt  0.929173 0.768409 -0.000030
vt  0.428739 0.768409 -0.000013
vt  0.413147 0.768409 -0.000015
vt  0.350903 0.768409 -0.000032
vt  0.335331 0.768409 -0.000038
vt  0.890284 0.168549 -0.000005
vt  0.890283 0.212119 -0.000006
vt  0.890271 0.834116 -0.000022
vt  0.389796 0.834116 -0.000023
vt  0.890271 0.790304 -0.000021
vt  0.389796 0.790304 -0.000022
vt  0.906010 0.168549 -0.000006
vt  0.906009 0.212119 -0.000007
vt  0.905998 0.834116 -0.000026
vt  0.905999 0.790304 -0.000025
vt  0.374072 0.834116 -0.000028
vt  0.374072 0.790304 -0.000026
vt  0.413146 0.790304 -0.000016
vt  0.413145 0.834116 -0.000016
vt  0.389796 0.834116 -0.000023
vt  0.389796 0.790304 -0.000022
vt  0.374072 0.834116 -0.000028
vt  0.350903 0.834116 -0.000035
vt  0.350903 0.790304 -0.000033
vt  0.374072 0.790304 -0.000026
vt  0.452124 0.477232 -0.000007
vt  0.428746 0.477232 -0.000008
vt  0.413152 0.461680 -0.000009
vt  0.350907 0.461680 -0.000017
vt  0.335334 0.477232 -0.000020
vt  0.311997 0.477232 -0.000027
vt  0.654565 0.477232 -0.000058
vt  0.522262 0.523888 -0.000010
vt  0.506662 0.508336 -0.000008
vt  0.483280 0.508336 -0.000007
vt  0.623452 0.508336 -0.000036
vt  0.600102 0.508336 -0.000025
vt  0.584517 0.523888 -0.000021
vt  0.522264 0.461596 -0.000009
vt  0.506663 0.477148 -0.000008
vt  0.483281 0.477148 -0.000007
vt  0.623452 0.477148 -0.000033
vt  0.600102 0.477148 -0.000023
vt  0.584518 0.461596 -0.000018
vt  0.467660 0.492742 -0.000007
vt  0.639050 0.492742 -0.000047
vt  0.452123 0.508252 -0.000007
vt  0.428745 0.508252 -0.000008
vt  0.413151 0.523804 -0.000010
vt  0.350906 0.523804 -0.000020
vt  0.335333 0.508252 -0.000022
vt  0.311997 0.508252 -0.000030
vt  0.654565 0.508252 -0.000062
vt  0.467660 0.492742 -0.000007
vt  0.639050 0.492742 -0.000047
vt  0.866923 0.483674 -0.000009
vt  0.851322 0.499226 -0.000008
vt  0.827941 0.499226 -0.000007
vt  0.968112 0.499226 -0.000035
vt  0.944762 0.499226 -0.000024
vt  0.929178 0.483674 -0.000019
vt  0.796783 0.530330 -0.000008
vt  0.773405 0.530330 -0.000009
vt  0.757811 0.545882 -0.000010
vt  0.695566 0.545882 -0.000021
vt  0.679993 0.530330 -0.000024
vt  0.656657 0.530330 -0.000031
vt  0.999225 0.530330 -0.000066
vt  0.851322 0.530879 -0.000009
vt  0.827940 0.530879 -0.000008
vt  0.968112 0.530879 -0.000038
vt  0.944761 0.530879 -0.000026
vt  0.929177 0.546431 -0.000022
vt  0.866922 0.546431 -0.000010
vt  0.812087 0.515053 -0.000007
vt  0.983943 0.515053 -0.000051
vt  0.796783 0.499775 -0.000007
vt  0.773405 0.499775 -0.000008
vt  0.757812 0.484223 -0.000009
vt  0.695567 0.484223 -0.000018
vt  0.679993 0.499775 -0.000022
vt  0.656657 0.499775 -0.000029
vt  0.999225 0.499775 -0.000061
vt  0.812087 0.515053 -0.000007
vt  0.983943 0.515053 -0.000051
vt  0.506652 0.917114 -0.000014
vt  0.483270 0.917114 -0.000012
vt  0.452112 0.948257 -0.000013
vt  0.428736 0.948257 -0.000015
vt  0.413143 0.963809 -0.000019
vt  0.350901 0.963809 -0.000042
vt  0.335330 0.948257 -0.000049
vt  0.311995 0.948257 -0.000067
vt  0.654564 0.948257 -0.000129
vt  0.623449 0.917114 -0.000069
vt  0.600096 0.917114 -0.000045
vt  0.584511 0.901553 -0.000036
vt  0.522254 0.901553 -0.000016
vt  0.866932 0.106377 -0.000003
vt  0.851332 0.090834 -0.000003
vt  0.827951 0.090834 -0.000003
vt  0.968114 0.090834 -0.000002
vt  0.944767 0.090834 -0.000003
vt  0.929184 0.106377 -0.000004
vt  0.796794 0.059771 -0.000002
vt  0.773415 0.059771 -0.000001
vt  0.757820 0.044219 -0.000000
vt  0.695572 0.044219 0.000004
vt  0.679997 0.059771 0.000005
vt  0.656658 0.059771 0.000009
vt  0.999226 0.059771 0.000006
vt  0.522273 0.022151 -0.000002
vt  0.452134 0.068775 -0.000002
vt  0.428755 0.068775 -0.000001
vt  0.413159 0.084318 -0.000001
vt  0.350912 0.084318 0.000002
vt  0.335337 0.068775 0.000004
vt  0.311998 0.068775 0.000008
vt  0.654566 0.068775 0.000005
vt  0.506673 0.037703 -0.000002
vt  0.483292 0.037703 -0.000002
vt  0.623455 0.037703 0.000002
vt  0.600108 0.037703 -0.000000
vt  0.584526 0.022151 -0.000001
vt  0.851311 0.970324 -0.000014
vt  0.827929 0.970324 -0.000013
vt  0.796773 0.939191 -0.000013
vt  0.773396 0.939191 -0.000015
vt  0.757804 0.923630 -0.000018
vt  0.695562 0.923630 -0.000040
vt  0.679990 0.939191 -0.000048
vt  0.656655 0.939191 -0.000067
vt  0.999224 0.939191 -0.000128
vt  0.968109 0.970324 -0.000073
vt  0.944756 0.970324 -0.000048
vt  0.929169 0.985876 -0.000039
vt  0.866912 0.985876 -0.000018
vt  0.147017 0.860923 -4.000000
vt  0.147017 0.829404 -4.000000
vt  0.194296 0.829404 -4.000000
vt  0.194296 0.766366 -4.000000
vt  0.147017 0.766366 -4.000000
vt  0.147017 0.734847 -4.000000
vt  0.273094 0.734847 -4.000000
vt  0.273094 0.766366 -4.000000
vt  0.225815 0.766366 -4.000000
vt  0.225815 0.829404 -4.000000
vt  0.273094 0.829404 -4.000000
vt  0.273094 0.860923 -4.000000
vt  0.004509 0.860923 4.000000
vt  0.004509 0.829404 4.000000
vt  0.051788 0.829404 4.000000
vt  0.051788 0.766366 4.000000
vt  0.004509 0.766366 4.000000
vt  0.004509 0.734847 4.000000
vt  0.130586 0.734847 4.000000
vt  0.130586 0.766366 4.000000
vt  0.083307 0.766366 4.000000
vt  0.083307 0.829404 4.000000
vt  0.130586 0.829404 4.000000
vt  0.130586 0.860923 4.000000
vt  0.522252 0.998875 -0.000018
vt  0.506650 0.998875 -0.000015
vt  0.483268 0.998875 -0.000013
vt  0.452111 0.998875 -0.000014
vt  0.428734 0.998875 -0.000016
vt  0.413142 0.998875 -0.000020
vt  0.350901 0.998875 -0.000043
vt  0.335329 0.998875 -0.000052
vt  0.311995 0.998875 -0.000072
vt  0.623449 0.998875 -0.000075
vt  0.600095 0.998875 -0.000050
vt  0.584509 0.998875 -0.000040
vt  0.522274 0.003548 -0.000002
vt  0.506674 0.003548 -0.000002
vt  0.483293 0.003548 -0.000002
vt  0.452135 0.003548 -0.000001
vt  0.428756 0.003548 -0.000000
vt  0.413160 0.003548 0.000001
vt  0.350913 0.003548 0.000006
vt  0.335338 0.003548 0.000008
vt  0.311999 0.003548 0.000014
vt  0.623455 0.003548 0.000005
vt  0.600108 0.003548 0.000001
vt  0.584526 0.003548 0.000000
vt  0.654564 0.998875 -0.000137
vt  0.654566 0.003548 0.000014
vt  0.506674 0.003548 -0.000002
vt  0.522274 0.003548 -0.000002
vt  0.522252 0.998875 -0.000018
vt  0.506650 0.998875 -0.000015
vt  0.483293 0.003548 -0.000002
vt  0.483268 0.998875 -0.000013
vt  0.452135 0.003548 -0.000001
vt  0.452111 0.998875 -0.000014
vt  0.428756 0.003548 -0.000000
vt  0.428734 0.998875 -0.000016
vt  0.413160 0.003548 0.000001
vt  0.413142 0.998875 -0.000020
vt  0.350913 0.003548 0.000006
vt  0.350901 0.998875 -0.000043
vt  0.335338 0.003548 0.000008
vt  0.335329 0.998875 -0.000052
vt  0.311999 0.003548 0.000014
vt  0.311995 0.998875 -0.000072
vt  0.623455 0.003548 0.000005
vt  0.654566 0.003548 0.000014
vt  0.654564 0.998875 -0.000137
vt  0.623449 0.998875 -0.000075
vt  0.600108 0.003548 0.000001
vt  0.600095 0.998875 -0.000050
vt  0.584526 0.003548 0.000000
vt  0.584509 0.998875 -0.000040
vt  0.506674 0.003548 -0.000002
vt  0.522274 0.003548 -0.000002
vt  0.522252 0.998875 -0.000018
vt  0.506650 0.998875 -0.000015
vt  0.483293 0.003548 -0.000002
vt  0.483268 0.998875 -0.000013
vt  0.452135 0.003548 -0.000001
vt  0.452111 0.998875 -0.000014
vt  0.428756 0.003548 -0.000000
vt  0.428734 0.998875 -0.000016
vt  0.413160 0.003548 0.000001
vt  0.413142 0.998875 -0.000020
vt  0.350913 0.003548 0.000006
vt  0.350901 0.998875 -0.000043
vt  0.335338 0.003548 0.000008
vt  0.335329 0.998875 -0.000052
vt  0.311999 0.003548 0.000014
vt  0.311995 0.998875 -0.000072
vt  0.623455 0.003548 0.000005
vt  0.654566 0.003548 0.000014
vt  0.654564 0.998875 -0.000137
vt  0.623449 0.998875 -0.000075
vt  0.600108 0.003548 0.000001
vt  0.600095 0.998875 -0.000050
vt  0.584526 0.003548 0.000000
vt  0.584509 0.998875 -0.000040
vt  0.194296 0.829404 -4.000000
vt  0.147017 0.829404 -4.000000
vt  0.147017 0.860923 -4.000000
vt  0.273094 0.860923 -4.000000
vt  0.273094 0.829404 -4.000000
vt  0.225815 0.829404 -4.000000
vt  0.225815 0.766366 -4.000000
vt  0.194296 0.766366 -4.000000
vt  0.273094 0.766366 -4.000000
vt  0.273094 0.734847 -4.000000
vt  0.147017 0.734847 -4.000000
vt  0.147017 0.766366 -4.000000
vt  0.506674 0.003548 -0.000002
vt  0.522274 0.003548 -0.000002
vt  0.522252 0.998875 -0.000018
vt  0.506650 0.998875 -0.000015
vt  0.483293 0.003548 -0.000002
vt  0.483268 0.998875 -0.000013
vt  0.452135 0.003548 -0.000001
vt  0.452111 0.998875 -0.000014
vt  0.428756 0.003548 -0.000000
vt  0.428734 0.998875 -0.000016
vt  0.413160 0.003548 0.000001
vt  0.413142 0.998875 -0.000020
vt  0.350913 0.003548 0.000006
vt  0.350901 0.998875 -0.000043
vt  0.335338 0.003548 0.000008
vt  0.335329 0.998875 -0.000052
vt  0.311999 0.003548 0.000014
vt  0.311995 0.998875 -0.000072
vt  0.623455 0.003548 0.000005
vt  0.654566 0.003548 0.000014
vt  0.654564 0.998875 -0.000137
vt  0.623449 0.998875 -0.000075
vt  0.600108 0.003548 0.000001
vt  0.600095 0.998875 -0.000050
vt  0.584526 0.003548 0.000000
vt  0.584509 0.998875 -0.000040
vt  0.051788 0.766366 4.000000
vt  0.004509 0.766366 4.000000
vt  0.004509 0.734847 4.000000
vt  0.130586 0.734847 4.000000
vt  0.130586 0.766366 4.000000
vt  0.083307 0.766366 4.000000
vt  0.130586 0.829404 4.000000
vt  0.130586 0.860923 4.000000
vt  0.004509 0.860923 4.000000
vt  0.083307 0.829404 4.000000
vt  0.004509 0.829404 4.000000
vt  0.051788 0.829404 4.000000
vt  0.506674 0.003548 -0.000002
vt  0.522274 0.003548 -0.000002
vt  0.522252 0.998875 -0.000018
vt  0.506650 0.998875 -0.000015
vt  0.483293 0.003548 -0.000002
vt  0.483268 0.998875 -0.000013
vt  0.452135 0.003548 -0.000001
vt  0.452111 0.998875 -0.000014
vt  0.428756 0.003548 -0.000000
vt  0.428734 0.998875 -0.000016
vt  0.413160 0.003548 0.000001
vt  0.413142 0.998875 -0.000020
vt  0.350913 0.003548 0.000006
vt  0.350901 0.998875 -0.000043
vt  0.335338 0.003548 0.000008
vt  0.335329 0.998875 -0.000052
vt  0.311999 0.003548 0.000014
vt  0.311995 0.998875 -0.000072
vt  0.623455 0.003548 0.000005
vt  0.654566 0.003548 0.000014
vt  0.654564 0.998875 -0.000137
vt  0.623449 0.998875 -0.000075
vt  0.600108 0.003548 0.000001
vt  0.600095 0.998875 -0.000050
vt  0.584526 0.003548 0.000000
vt  0.584509 0.998875 -0.000040
vt  0.506674 0.003548 -0.000002
vt  0.522274 0.003548 -0.000002
vt  0.522252 0.998875 -0.000018
vt  0.506650 0.998875 -0.000015
vt  0.483293 0.003548 -0.000002
vt  0.483268 0.998875 -0.000013
vt  0.452135 0.003548 -0.000001
vt  0.452111 0.998875 -0.000014
vt  0.428756 0.003548 -0.000000
vt  0.428734 0.998875 -0.000016
vt  0.413160 0.003548 0.000001
vt  0.413142 0.998875 -0.000020
vt  0.350913 0.003548 0.000006
vt  0.350901 0.998875 -0.000043
vt  0.335338 0.003548 0.000008
vt  0.335329 0.998875 -0.000052
vt  0.311999 0.003548 0.000014
vt  0.311995 0.998875 -0.000072
vt  0.623455 0.003548 0.000005
vt  0.654566 0.003548 0.000014
vt  0.654564 0.998875 -0.000137
vt  0.623449 0.998875 -0.000075
vt  0.600108 0.003548 0.000001
vt  0.600095 0.998875 -0.000050
vt  0.584526 0.003548 0.000000
vt  0.584509 0.998875 -0.000040
vt  0.194296 0.829404 -4.000000
vt  0.147017 0.829404 -4.000000
vt  0.147017 0.860923 -4.000000
vt  0.273094 0.860923 -4.000000
vt  0.273094 0.829404 -4.000000
vt  0.225815 0.829404 -4.000000
vt  0.225815 0.766366 -4.000000
vt  0.194296 0.766366 -4.000000
vt  0.273094 0.766366 -4.000000
vt  0.273094 0.734847 -4.000000
vt  0.147017 0.734847 -4.000000
vt  0.147017 0.766366 -4.000000
vt  0.506674 0.003548 -0.000002
vt  0.522274 0.003548 -0.000002
vt  0.522252 0.998875 -0.000018
vt  0.506650 0.998875 -0.000015
vt  0.483293 0.003548 -0.000002
vt  0.483268 0.998875 -0.000013
vt  0.452135 0.003548 -0.000001
vt  0.452111 0.998875 -0.000014
vt  0.428756 0.003548 -0.000000
vt  0.428734 0.998875 -0.000016
vt  0.413160 0.003548 0.000001
vt  0.413142 0.998875 -0.000020
vt  0.350913 0.003548 0.000006
vt  0.350901 0.998875 -0.000043
vt  0.335338 0.003548 0.000008
vt  0.335329 0.998875 -0.000052
vt  0.311999 0.003548 0.000014
vt  0.311995 0.998875 -0.000072
vt  0.623455 0.003548 0.000005
vt  0.654566 0.003548 0.000014
vt  0.654564 0.998875 -0.000137
vt  0.623449 0.998875 -0.000075
vt  0.600108 0.003548 0.000001
vt  0.600095 0.998875 -0.000050
vt  0.584526 0.003548 0.000000
vt  0.584509 0.998875 -0.000040
vt  0.051788 0.766366 4.000000
vt  0.004509 0.766366 4.000000
vt  0.004509 0.734847 4.000000
vt  0.130586 0.734847 4.000000
vt  0.130586 0.766366 4.000000
vt  0.083307 0.766366 4.000000
vt  0.130586 0.829404 4.000000
vt  0.130586 0.860923 4.000000
vt  0.004509 0.860923 4.000000
vt  0.083307 0.829404 4.000000
vt  0.004509 0.829404 4.000000
vt  0.051788 0.829404 4.000000
vt  0.661998 -0.261895 0.000000
vt  0.967949 -0.261895 0.000000
vt  0.967949 1.573811 0.000000
vt  0.661998 1.573811 0.000000
vt  0.617531 -0.263412 0.000000
vt  0.617531 1.572294 0.000000
vt  0.311580 1.572294 0.000000
vt  0.311580 -0.263412 0.000000
vt  1.006529 -0.261414 0.000000
vt  1.006529 1.568588 0.000000
vt  0.968404 1.568588 0.000000
vt  0.968404 -0.261414 0.000000
vt  0.617821 1.597184 0.000000
vt  0.312012 1.597184 0.000000
vt  0.312012 1.558474 0.000000
vt  0.617821 1.558474 0.000000
vt  0.663612 -0.255461 0.000000
vt  0.663612 1.574542 0.000000
vt  0.625487 1.574542 0.000000
vt  0.625487 -0.255461 0.000000
vt  0.968839 1.613047 0.000000
vt  0.664320 1.613047 0.000000
vt  0.664320 1.574982 0.000000
vt  0.968839 1.574982 0.000000
vt  0.619962 -0.835258 0.000000
vt  0.314011 -0.835258 0.000000
vt  0.314011 1.000448 0.000000
vt  0.619962 1.000448 0.000000
vt  0.664429 -0.836775 0.000000
vt  0.664429 0.998931 0.000000
vt  0.970380 0.998931 0.000000
vt  0.970380 -0.836775 0.000000
vt  0.275431 -0.834777 0.000000
vt  0.275431 0.995225 0.000000
vt  0.313556 0.995225 0.000000
vt  0.313556 -0.834777 0.000000
vt  0.664139 1.023820 0.000000
vt  0.969948 1.023820 0.000000
vt  0.969948 0.985111 0.000000
vt  0.664139 0.985111 0.000000
vt  0.618348 -0.828824 0.000000
vt  0.618348 1.001179 0.000000
vt  0.656473 1.001179 0.000000
vt  0.656473 -0.828824 0.000000
vt  0.313121 1.039684 0.000000
vt  0.617640 1.039684 0.000000
vt  0.617640 1.001619 0.000000
vt  0.313121 1.001619 0.000000
vt  0.661998 -0.261895 0.000000
vt  0.967949 -0.261895 0.000000
vt  0.967949 1.573811 0.000000
vt  0.661998 1.573811 0.000000
vt  0.617531 -0.263412 0.000000
vt  0.617531 1.572294 0.000000
vt  0.311580 1.572294 0.000000
vt  0.311580 -0.263412 0.000000
vt  1.006529 -0.261414 0.000000
vt  1.006529 1.568588 0.000000
vt  0.968404 1.568588 0.000000
vt  0.968404 -0.261414 0.000000
vt  0.617821 1.597184 0.000000
vt  0.312012 1.597184 0.000000
vt  0.312012 1.558474 0.000000
vt  0.617821 1.558474 0.000000
vt  0.663612 -0.255461 0.000000
vt  0.663612 1.574542 0.000000
vt  0.625487 1.574542 0.000000
vt  0.625487 -0.255461 0.000000
vt  0.968839 1.613047 0.000000
vt  0.664320 1.613047 0.000000
vt  0.664320 1.574982 0.000000
vt  0.968839 1.574982 0.000000
vt  0.661998 -0.835258 0.000000
vt  0.967949 -0.835258 0.000000
vt  0.967949 1.000448 0.000000
vt  0.661998 1.000448 0.000000
vt  0.617531 -0.836775 0.000000
vt  0.617531 0.998931 0.000000
vt  0.311580 0.998931 0.000000
vt  0.311580 -0.836775 0.000000
vt  1.006529 -0.834777 0.000000
vt  1.006529 0.995225 0.000000
vt  0.968404 0.995225 0.000000
vt  0.968404 -0.834777 0.000000
vt  0.617821 1.023820 0.000000
vt  0.312012 1.023820 0.000000
vt  0.312012 0.985111 0.000000
vt  0.617821 0.985111 0.000000
vt  0.663612 -0.828824 0.000000
vt  0.663612 1.001179 0.000000
vt  0.625487 1.001179 0.000000
vt  0.625487 -0.828824 0.000000
vt  0.968839 1.039684 0.000000
vt  0.664320 1.039684 0.000000
vt  0.664320 1.001619 0.000000
vt  0.968839 1.001619 0.000000
vt  0.619962 -0.401947 0.000000
vt  0.314011 -0.401947 0.000000
vt  0.314011 1.433759 0.000000
vt  0.619962 1.433759 0.000000
vt  0.664429 -0.403464 0.000000
vt  0.664429 1.432242 0.000000
vt  0.970380 1.432242 0.000000
vt  0.970380 -0.403464 0.000000
vt  0.275431 -0.401466 0.000000
vt  0.275431 1.428536 0.000000
vt  0.313556 1.428536 0.000000
vt  0.313556 -0.401466 0.000000
vt  0.664139 1.457131 0.000000
vt  0.969948 1.457131 0.000000
vt  0.969948 1.418422 0.000000
vt  0.664139 1.418422 0.000000
vt  0.618348 -0.395513 0.000000
vt  0.618348 1.434490 0.000000
vt  0.656473 1.434490 0.000000
vt  0.656473 -0.395513 0.000000
vt  0.313121 1.472995 0.000000
vt  0.617640 1.472995 0.000000
vt  0.617640 1.434930 0.000000
vt  0.313121 1.434930 0.000000
vt  0.619962 -0.401947 0.000000
vt  0.314011 -0.401947 0.000000
vt  0.314011 1.433759 0.000000
vt  0.619962 1.433759 0.000000
vt  0.664429 -0.403464 0.000000
vt  0.664429 1.432242 0.000000
vt  0.970380 1.432242 0.000000
vt  0.970380 -0.403464 0.000000
vt  0.275431 -0.401466 0.000000
vt  0.275431 1.428536 0.000000
vt  0.313556 1.428536 0.000000
vt  0.313556 -0.401466 0.000000
vt  0.664139 1.457131 0.000000
vt  0.969948 1.457131 0.000000
vt  0.969948 1.418422 0.000000
vt  0.664139 1.418422 0.000000
vt  0.618348 -0.395513 0.000000
vt  0.618348 1.434490 0.000000
vt  0.656473 1.434490 0.000000
vt  0.656473 -0.395513 0.000000
vt  0.313121 1.472995 0.000000
vt  0.617640 1.472995 0.000000
vt  0.617640 1.434930 0.000000
vt  0.313121 1.434930 0.000000
vt  0.661998 -0.835258 0.000000
vt  0.967949 -0.835258 0.000000
vt  0.967949 1.000448 0.000000
vt  0.661998 1.000448 0.000000
vt  0.617531 -0.836775 0.000000
vt  0.617531 0.998931 0.000000
vt  0.311580 0.998931 0.000000
vt  0.311580 -0.836775 0.000000
vt  1.006529 -0.834777 0.000000
vt  1.006529 0.995225 0.000000
vt  0.968404 0.995225 0.000000
vt  0.968404 -0.834777 0.000000
vt  0.617821 1.023820 0.000000
vt  0.312012 1.023820 0.000000
vt  0.312012 0.985111 0.000000
vt  0.617821 0.985111 0.000000
vt  0.663612 -0.828824 0.000000
vt  0.663612 1.001179 0.000000
vt  0.625487 1.001179 0.000000
vt  0.625487 -0.828824 0.000000
vt  0.968839 1.039684 0.000000
vt  0.664320 1.039684 0.000000
vt  0.664320 1.001619 0.000000
vt  0.968839 1.001619 0.000000
vt  0.619962 -0.835258 0.000000
vt  0.314011 -0.835258 0.000000
vt  0.314011 1.000448 0.000000
vt  0.619962 1.000448 0.000000
vt  0.664429 -0.836775 0.000000
vt  0.664429 0.998931 0.000000
vt  0.970380 0.998931 0.000000
vt  0.970380 -0.836775 0.000000
vt  0.275431 -0.834777 0.000000
vt  0.275431 0.995225 0.000000
vt  0.313556 0.995225 0.000000
vt  0.313556 -0.834777 0.000000
vt  0.664139 1.023820 0.000000
vt  0.969948 1.023820 0.000000
vt  0.969948 0.985111 0.000000
vt  0.664139 0.985111 0.000000
vt  0.618348 -0.828824 0.000000
vt  0.618348 1.001179 0.000000
vt  0.656473 1.001179 0.000000
vt  0.656473 -0.828824 0.000000
vt  0.313121 1.039684 0.000000
vt  0.617640 1.039684 0.000000
vt  0.617640 1.001619 0.000000
vt  0.313121 1.001619 0.000000
vt  0.661998 -0.261895 0.000000
vt  0.967949 -0.261895 0.000000
vt  0.967949 1.573811 0.000000
vt  0.661998 1.573811 0.000000
vt  0.617531 -0.263412 0.000000
vt  0.617531 1.572294 0.000000
vt  0.311580 1.572294 0.000000
vt  0.311580 -0.263412 0.000000
vt  1.006529 -0.261414 0.000000
vt  1.006529 1.568588 0.000000
vt  0.968404 1.568588 0.000000
vt  0.968404 -0.261414 0.000000
vt  0.617821 1.597184 0.000000
vt  0.312012 1.597184 0.000000
vt  0.312012 1.558474 0.000000
vt  0.617821 1.558474 0.000000
vt  0.663612 -0.255461 0.000000
vt  0.663612 1.574542 0.000000
vt  0.625487 1.574542 0.000000
vt  0.625487 -0.255461 0.000000
vt  0.968839 1.613047 0.000000
vt  0.664320 1.613047 0.000000
vt  0.664320 1.574982 0.000000
vt  0.968839 1.574982 0.000000
vt  0.661998 -0.261895 0.000000
vt  0.967949 -0.261895 0.000000
vt  0.967949 1.573811 0.000000
vt  0.661998 1.573811 0.000000
vt  0.617531 -0.263412 0.000000
vt  0.617531 1.572294 0.000000
vt  0.311580 1.572294 0.000000
vt  0.311580 -0.263412 0.000000
vt  1.006529 -0.261414 0.000000
vt  1.006529 1.568588 0.000000
vt  0.968404 1.568588 0.000000
vt  0.968404 -0.261414 0.000000
vt  0.617821 1.597184 0.000000
vt  0.312012 1.597184 0.000000
vt  0.312012 1.558474 0.000000
vt  0.617821 1.558474 0.000000
vt  0.663612 -0.255461 0.000000
vt  0.663612 1.574542 0.000000
vt  0.625487 1.574542 0.000000
vt  0.625487 -0.255461 0.000000
vt  0.968839 1.613047 0.000000
vt  0.664320 1.613047 0.000000
vt  0.664320 1.574982 0.000000
vt  0.968839 1.574982 0.000000
vt  0.866912 0.998875 -0.000018
vt  0.851310 0.998875 -0.000015
vt  0.827928 0.998875 -0.000013
vt  0.796771 0.998875 -0.000014
vt  0.773395 0.998875 -0.000016
vt  0.757802 0.998875 -0.000020
vt  0.695561 0.998875 -0.000043
vt  0.679989 0.998875 -0.000052
vt  0.656655 0.998875 -0.000072
vt  0.968109 0.998875 -0.000075
vt  0.944755 0.998875 -0.000050
vt  0.929169 0.998875 -0.000040
vt  0.866934 0.003548 -0.000002
vt  0.851334 0.003548 -0.000002
vt  0.827953 0.003548 -0.000002
vt  0.796795 0.003548 -0.000001
vt  0.773416 0.003548 -0.000000
vt  0.757820 0.003548 0.000001
vt  0.695573 0.003548 0.000006
vt  0.679998 0.003548 0.000008
vt  0.656659 0.003548 0.000014
vt  0.968115 0.003548 0.000005
vt  0.944768 0.003548 0.000001
vt  0.929186 0.003548 0.000000
vt  0.999224 0.998875 -0.000137
vt  0.999226 0.003548 0.000014
vt  0.522252 0.998875 -0.000018
vt  0.506650 0.998875 -0.000015
vt  0.483268 0.998875 -0.000013
vt  0.452111 0.998875 -0.000014
vt  0.428734 0.998875 -0.000016
vt  0.413142 0.998875 -0.000020
vt  0.350901 0.998875 -0.000043
vt  0.335329 0.998875 -0.000052
vt  0.311995 0.998875 -0.000072
vt  0.623449 0.998875 -0.000075
vt  0.600095 0.998875 -0.000050
vt  0.584509 0.998875 -0.000040
vt  0.522274 0.003548 -0.000002
vt  0.506674 0.003548 -0.000002
vt  0.483293 0.003548 -0.000002
vt  0.452135 0.003548 -0.000001
vt  0.428756 0.003548 -0.000000
vt  0.413160 0.003548 0.000001
vt  0.350913 0.003548 0.000006
vt  0.335338 0.003548 0.000008
vt  0.311999 0.003548 0.000014
vt  0.623455 0.003548 0.000005
vt  0.600108 0.003548 0.000001
vt  0.584526 0.003548 0.000000
vt  0.654564 0.998875 -0.000137
vt  0.654566 0.003548 0.000014
vt  0.866931 0.146205 -0.000004
vt  0.851331 0.146205 -0.000004
vt  0.944766 0.146205 -0.000006
vt  0.929184 0.146205 -0.000006
vt  0.428753 0.146205 -0.000003
vt  0.413158 0.146205 -0.000002
vt  0.350911 0.146205 -0.000001
vt  0.335336 0.146205 -0.000000
vt  0.851330 0.168549 -0.000004
vt  0.944766 0.168549 -0.000007
vt  0.929183 0.168549 -0.000006
vt  0.428752 0.168549 -0.000003
vt  0.413157 0.168549 -0.000003
vt  0.350911 0.168549 -0.000002
vt  0.335336 0.168549 -0.000002
vt  0.866930 0.168549 -0.000004
vt  0.851329 0.212119 -0.000004
vt  0.944766 0.212119 -0.000009
vt  0.929182 0.212119 -0.000008
vt  0.428751 0.212119 -0.000004
vt  0.413157 0.212119 -0.000004
vt  0.350910 0.212119 -0.000004
vt  0.335336 0.212119 -0.000004
vt  0.866929 0.212119 -0.000005
vt  0.851329 0.234599 -0.000005
vt  0.944765 0.234599 -0.000011
vt  0.929182 0.234599 -0.000009
vt  0.428751 0.234599 -0.000004
vt  0.413156 0.234599 -0.000004
vt  0.350910 0.234599 -0.000005
vt  0.335336 0.234599 -0.000006
vt  0.866929 0.234599 -0.000005
vt  0.851314 0.856227 -0.000013
vt  0.944757 0.856227 -0.000042
vt  0.929172 0.856227 -0.000034
vt  0.428738 0.856227 -0.000014
vt  0.413145 0.856227 -0.000017
vt  0.350902 0.856227 -0.000036
vt  0.335330 0.856227 -0.000043
vt  0.866915 0.856227 -0.000016
vt  0.866916 0.834116 -0.000015
vt  0.851314 0.834116 -0.000013
vt  0.944758 0.834116 -0.000041
vt  0.929172 0.834116 -0.000033
vt  0.428738 0.834116 -0.000014
vt  0.413145 0.834116 -0.000016
vt  0.350903 0.834116 -0.000035
vt  0.335331 0.834116 -0.000042
vt  0.866917 0.790304 -0.000014
vt  0.851315 0.790304 -0.000012
vt  0.944758 0.790304 -0.000039
vt  0.929173 0.790304 -0.000031
vt  0.428739 0.790304 -0.000013
vt  0.413146 0.790304 -0.000016
vt  0.350903 0.790304 -0.000033
vt  0.335331 0.790304 -0.000039
vt  0.866917 0.768409 -0.000014
vt  0.851316 0.768409 -0.000012
vt  0.944758 0.768409 -0.000038
vt  0.929173 0.768409 -0.000030
vt  0.428739 0.768409 -0.000013
vt  0.413147 0.768409 -0.000015
vt  0.350903 0.768409 -0.000032
vt  0.335331 0.768409 -0.000038
vt  0.890284 0.168549 -0.000005
vt  0.890283 0.212119 -0.000006
vt  0.890271 0.834116 -0.000022
vt  0.389796 0.834116 -0.000023
vt  0.890271 0.790304 -0.000021
vt  0.389796 0.790304 -0.000022
vt  0.906010 0.168549 -0.000006
vt  0.906009 0.212119 -0.000007
vt  0.905998 0.834116 -0.000026
vt  0.905999 0.790304 -0.000025
vt  0.374072 0.834116 -0.000028
vt  0.374072 0.790304 -0.000026
vt  0.413146 0.790304 -0.000016
vt  0.413145 0.834116 -0.000016
vt  0.389796 0.834116 -0.000023
vt  0.389796 0.790304 -0.000022
vt  0.374072 0.834116 -0.000028
vt  0.350903 0.834116 -0.000035
vt  0.350903 0.790304 -0.000033
vt  0.374072 0.790304 -0.000026
vt  0.452124 0.477232 -0.000007
vt  0.428746 0.477232 -0.000008
vt  0.413152 0.461680 -0.000009
vt  0.350907 0.461680 -0.000017
vt  0.335334 0.477232 -0.000020
vt  0.311997 0.477232 -0.000027
vt  0.654565 0.477232 -0.000058
vt  0.522262 0.523888 -0.000010
vt  0.506662 0.508336 -0.000008
vt  0.483280 0.508336 -0.000007
vt  0.623452 0.508336 -0.000036
vt  0.600102 0.508336 -0.000025
vt  0.584517 0.523888 -0.000021
vt  0.522264 0.461596 -0.000009
vt  0.506663 0.477148 -0.000008
vt  0.483281 0.477148 -0.000007
vt  0.623452 0.477148 -0.000033
vt  0.600102 0.477148 -0.000023
vt  0.584518 0.461596 -0.000018
vt  0.467660 0.492742 -0.000007
vt  0.639050 0.492742 -0.000047
vt  0.452123 0.508252 -0.000007
vt  0.428745 0.508252 -0.000008
vt  0.413151 0.523804 -0.000010
vt  0.350906 0.523804 -0.000020
vt  0.335333 0.508252 -0.000022
vt  0.311997 0.508252 -0.000030
vt  0.654565 0.508252 -0.000062
vt  0.467660 0.492742 -0.000007
vt  0.639050 0.492742 -0.000047
vt  0.866923 0.483674 -0.000009
vt  0.851322 0.499226 -0.000008
vt  0.827941 0.499226 -0.000007
vt  0.968112 0.499226 -0.000035
vt  0.944762 0.499226 -0.000024
vt  0.929178 0.483674 -0.000019
vt  0.796783 0.530330 -0.000008
vt  0.773405 0.530330 -0.000009
vt  0.757811 0.545882 -0.000010
vt  0.695566 0.545882 -0.000021
vt  0.679993 0.530330 -0.000024
vt  0.656657 0.530330 -0.000031
vt  0.999225 0.530330 -0.000066
vt  0.851322 0.530879 -0.000009
vt  0.827940 0.530879 -0.000008
vt  0.968112 0.530879 -0.000038
vt  0.944761 0.530879 -0.000026
vt  0.929177 0.546431 -0.000022
vt  0.866922 0.546431 -0.000010
vt  0.812087 0.515053 -0.000007
vt  0.983943 0.515053 -0.000051
vt  0.796783 0.499775 -0.000007
vt  0.773405 0.499775 -0.000008
vt  0.757812 0.484223 -0.000009
vt  0.695567 0.484223 -0.000018
vt  0.679993 0.499775 -0.000022
vt  0.656657 0.499775 -0.000029
vt  0.999225 0.499775 -0.000061
vt  0.812087 0.515053 -0.000007
vt  0.983943 0.515053 -0.000051
vt  0.506652 0.917114 -0.000014
vt  0.483270 0.917114 -0.000012
vt  0.452112 0.948257 -0.000013
vt  0.428736 0.948257 -0.000015
vt  0.413143 0.963809 -0.000019
vt  0.350901 0.963809 -0.000042
vt  0.335330 0.948257 -0.000049
vt  0.311995 0.948257 -0.000067
vt  0.654564 0.948257 -0.000129
vt  0.623449 0.917114 -0.000069
vt  0.600096 0.917114 -0.000045
vt  0.584511 0.901553 -0.000036
vt  0.522254 0.901553 -0.000016
vt  0.866932 0.106377 -0.000003
vt  0.851332 0.090834 -0.000003
vt  0.827951 0.090834 -0.000003
vt  0.968114 0.090834 -0.000002
vt  0.944767 0.090834 -0.000003
vt  0.929184 0.106377 -0.000004
vt  0.796794 0.059771 -0.000002
vt  0.773415 0.059771 -0.000001
vt  0.757820 0.044219 -0.000000
vt  0.695572 0.044219 0.000004
vt  0.679997 0.059771 0.000005
vt  0.656658 0.059771 0.000009
vt  0.999226 0.059771 0.000006
vt  0.522273 0.022151 -0.000002
vt  0.452134 0.068775 -0.000002
vt  0.428755 0.068775 -0.000001
vt  0.413159 0.084318 -0.000001
vt  0.350912 0.084318 0.000002
vt  0.335337 0.068775 0.000004
vt  0.311998 0.068775 0.000008
vt  0.654566 0.068775 0.000005
vt  0.506673 0.037703 -0.000002
vt  0.483292 0.037703 -0.000002
vt  0.623455 0.037703 0.000002
vt  0.600108 0.037703 -0.000000
vt  0.584526 0.022151 -0.000001
vt  0.851311 0.970324 -0.000014
vt  0.827929 0.970324 -0.000013
vt  0.796773 0.939191 -0.000013
vt  0.773396 0.939191 -0.000015
vt  0.757804 0.923630 -0.000018
vt  0.695562 0.923630 -0.000040
vt  0.679990 0.939191 -0.000048
vt  0.656655 0.939191 -0.000067
vt  0.999224 0.939191 -0.000128
vt  0.968109 0.970324 -0.000073
vt  0.944756 0.970324 -0.000048
vt  0.929169 0.985876 -0.000039
vt  0.866912 0.985876 -0.000018
vt  0.004043 0.995622 4.000000
vt  0.004043 0.964102 4.000000
vt  0.051322 0.964102 4.000000
vt  0.051322 0.901064 4.000000
vt  0.004043 0.901064 4.000000
vt  0.004043 0.869545 4.000000
vt  0.130120 0.869545 4.000000
vt  0.130120 0.901064 4.000000
vt  0.082841 0.901064 4.000000
vt  0.082841 0.964102 4.000000
vt  0.130120 0.964102 4.000000
vt  0.130120 0.995622 4.000000
vt  0.866912 0.998875 -0.000018
vt  0.851310 0.998875 -0.000015
vt  0.827928 0.998875 -0.000013
vt  0.796771 0.998875 -0.000014
vt  0.773395 0.998875 -0.000016
vt  0.757802 0.998875 -0.000020
vt  0.695561 0.998875 -0.000043
vt  0.679989 0.998875 -0.000052
vt  0.656655 0.998875 -0.000072
vt  0.968109 0.998875 -0.000075
vt  0.944755 0.998875 -0.000050
vt  0.929169 0.998875 -0.000040
vt  0.866934 0.003548 -0.000002
vt  0.851334 0.003548 -0.000002
vt  0.827953 0.003548 -0.000002
vt  0.796795 0.003548 -0.000001
vt  0.773416 0.003548 -0.000000
vt  0.757820 0.003548 0.000001
vt  0.695573 0.003548 0.000006
vt  0.679998 0.003548 0.000008
vt  0.656659 0.003548 0.000014
vt  0.968115 0.003548 0.000005
vt  0.944768 0.003548 0.000001
vt  0.929186 0.003548 0.000000
vt  0.999224 0.998875 -0.000137
vt  0.999226 0.003548 0.000014
vt  0.004509 0.860923 4.000000
vt  0.004509 0.829404 4.000000
vt  0.051788 0.829404 4.000000
vt  0.051788 0.766366 4.000000
vt  0.004509 0.766366 4.000000
vt  0.004509 0.734847 4.000000
vt  0.130586 0.734847 4.000000
vt  0.130586 0.766366 4.000000
vt  0.083307 0.766366 4.000000
vt  0.083307 0.829404 4.000000
vt  0.130586 0.829404 4.000000
vt  0.130586 0.860923 4.000000
vt  0.522252 0.998875 -0.000018
vt  0.506650 0.998875 -0.000015
vt  0.483268 0.998875 -0.000013
vt  0.452111 0.998875 -0.000014
vt  0.428734 0.998875 -0.000016
vt  0.413142 0.998875 -0.000020
vt  0.350901 0.998875 -0.000043
vt  0.335329 0.998875 -0.000052
vt  0.311995 0.998875 -0.000072
vt  0.623449 0.998875 -0.000075
vt  0.600095 0.998875 -0.000050
vt  0.584509 0.998875 -0.000040
vt  0.522274 0.003548 -0.000002
vt  0.506674 0.003548 -0.000002
vt  0.483293 0.003548 -0.000002
vt  0.452135 0.003548 -0.000001
vt  0.428756 0.003548 -0.000000
vt  0.413160 0.003548 0.000001
vt  0.350913 0.003548 0.000006
vt  0.335338 0.003548 0.000008
vt  0.311999 0.003548 0.000014
vt  0.623455 0.003548 0.000005
vt  0.600108 0.003548 0.000001
vt  0.584526 0.003548 0.000000
vt  0.654564 0.998875 -0.000137
vt  0.654566 0.003548 0.000014
vt  0.866931 0.146205 -0.000004
vt  0.851331 0.146205 -0.000004
vt  0.944766 0.146205 -0.000006
vt  0.929184 0.146205 -0.000006
vt  0.428753 0.146205 -0.000003
vt  0.413158 0.146205 -0.000002
vt  0.350911 0.146205 -0.000001
vt  0.335336 0.146205 -0.000000
vt  0.851330 0.168549 -0.000004
vt  0.944766 0.168549 -0.000007
vt  0.929183 0.168549 -0.000006
vt  0.428752 0.168549 -0.000003
vt  0.413157 0.168549 -0.000003
vt  0.350911 0.168549 -0.000002
vt  0.335336 0.168549 -0.000002
vt  0.866930 0.168549 -0.000004
vt  0.851329 0.212119 -0.000004
vt  0.944766 0.212119 -0.000009
vt  0.929182 0.212119 -0.000008
vt  0.428751 0.212119 -0.000004
vt  0.413157 0.212119 -0.000004
vt  0.350910 0.212119 -0.000004
vt  0.335336 0.212119 -0.000004
vt  0.866929 0.212119 -0.000005
vt  0.851329 0.234599 -0.000005
vt  0.944765 0.234599 -0.000011
vt  0.929182 0.234599 -0.000009
vt  0.428751 0.234599 -0.000004
vt  0.413156 0.234599 -0.000004
vt  0.350910 0.234599 -0.000005
vt  0.335336 0.234599 -0.000006
vt  0.866929 0.234599 -0.000005
vt  0.851314 0.856227 -0.000013
vt  0.944757 0.856227 -0.000042
vt  0.929172 0.856227 -0.000034
vt  0.428738 0.856227 -0.000014
vt  0.413145 0.856227 -0.000017
vt  0.350902 0.856227 -0.000036
vt  0.335330 0.856227 -0.000043
vt  0.866915 0.856227 -0.000016
vt  0.866916 0.834116 -0.000015
vt  0.851314 0.834116 -0.000013
vt  0.944758 0.834116 -0.000041
vt  0.929172 0.834116 -0.000033
vt  0.428738 0.834116 -0.000014
vt  0.413145 0.834116 -0.000016
vt  0.350903 0.834116 -0.000035
vt  0.335331 0.834116 -0.000042
vt  0.866917 0.790304 -0.000014
vt  0.851315 0.790304 -0.000012
vt  0.944758 0.790304 -0.000039
vt  0.929173 0.790304 -0.000031
vt  0.428739 0.790304 -0.000013
vt  0.413146 0.790304 -0.000016
vt  0.350903 0.790304 -0.000033
vt  0.335331 0.790304 -0.000039
vt  0.866917 0.768409 -0.000014
vt  0.851316 0.768409 -0.000012
vt  0.944758 0.768409 -0.000038
vt  0.929173 0.768409 -0.000030
vt  0.428739 0.768409 -0.000013
vt  0.413147 0.768409 -0.000015
vt  0.350903 0.768409 -0.000032
vt  0.335331 0.768409 -0.000038
vt  0.890284 0.168549 -0.000005
vt  0.890283 0.212119 -0.000006
vt  0.890271 0.834116 -0.000022
vt  0.389796 0.834116 -0.000023
vt  0.890271 0.790304 -0.000021
vt  0.389796 0.790304 -0.000022
vt  0.906010 0.168549 -0.000006
vt  0.906009 0.212119 -0.000007
vt  0.905998 0.834116 -0.000026
vt  0.905999 0.790304 -0.000025
vt  0.374072 0.834116 -0.000028
vt  0.374072 0.790304 -0.000026
vt  0.413146 0.790304 -0.000016
vt  0.413145 0.834116 -0.000016
vt  0.389796 0.834116 -0.000023
vt  0.389796 0.790304 -0.000022
vt  0.374072 0.834116 -0.000028
vt  0.350903 0.834116 -0.000035
vt  0.350903 0.790304 -0.000033
vt  0.374072 0.790304 -0.000026
vt  0.452124 0.477232 -0.000007
vt  0.428746 0.477232 -0.000008
vt  0.413152 0.461680 -0.000009
vt  0.350907 0.461680 -0.000017
vt  0.335334 0.477232 -0.000020
vt  0.311997 0.477232 -0.000027
vt  0.654565 0.477232 -0.000058
vt  0.522262 0.523888 -0.000010
vt  0.506662 0.508336 -0.000008
vt  0.483280 0.508336 -0.000007
vt  0.623452 0.508336 -0.000036
vt  0.600102 0.508336 -0.000025
vt  0.584517 0.523888 -0.000021
vt  0.522264 0.461596 -0.000009
vt  0.506663 0.477148 -0.000008
vt  0.483281 0.477148 -0.000007
vt  0.623452 0.477148 -0.000033
vt  0.600102 0.477148 -0.000023
vt  0.584518 0.461596 -0.000018
vt  0.467660 0.492742 -0.000007
vt  0.639050 0.492742 -0.000047
vt  0.452123 0.508252 -0.000007
vt  0.428745 0.508252 -0.000008
vt  0.413151 0.523804 -0.000010
vt  0.350906 0.523804 -0.000020
vt  0.335333 0.508252 -0.000022
vt  0.311997 0.508252 -0.000030
vt  0.654565 0.508252 -0.000062
vt  0.467660 0.492742 -0.000007
vt  0.639050 0.492742 -0.000047
vt  0.866923 0.483674 -0.000009
vt  0.851322 0.499226 -0.000008
vt  0.827941 0.499226 -0.000007
vt  0.968112 0.499226 -0.000035
vt  0.944762 0.499226 -0.000024
vt  0.929178 0.483674 -0.000019
vt  0.796783 0.530330 -0.000008
vt  0.773405 0.530330 -0.000009
vt  0.757811 0.545882 -0.000010
vt  0.695566 0.545882 -0.000021
vt  0.679993 0.530330 -0.000024
vt  0.656657 0.530330 -0.000031
vt  0.999225 0.530330 -0.000066
vt  0.851322 0.530879 -0.000009
vt  0.827940 0.530879 -0.000008
vt  0.968112 0.530879 -0.000038
vt  0.944761 0.530879 -0.000026
vt  0.929177 0.546431 -0.000022
vt  0.866922 0.546431 -0.000010
vt  0.812087 0.515053 -0.000007
vt  0.983943 0.515053 -0.000051
vt  0.796783 0.499775 -0.000007
vt  0.773405 0.499775 -0.000008
vt  0.757812 0.484223 -0.000009
vt  0.695567 0.484223 -0.000018
vt  0.679993 0.499775 -0.000022
vt  0.656657 0.499775 -0.000029
vt  0.999225 0.499775 -0.000061
vt  0.812087 0.515053 -0.000007
vt  0.983943 0.515053 -0.000051
vt  0.506652 0.917114 -0.000014
vt  0.483270 0.917114 -0.000012
vt  0.452112 0.948257 -0.000013
vt  0.428736 0.948257 -0.000015
vt  0.413143 0.963809 -0.000019
vt  0.350901 0.963809 -0.000042
vt  0.335330 0.948257 -0.000049
vt  0.311995 0.948257 -0.000067
vt  0.654564 0.948257 -0.000129
vt  0.623449 0.917114 -0.000069
vt  0.600096 0.917114 -0.000045
vt  0.584511 0.901553 -0.000036
vt  0.522254 0.901553 -0.000016
vt  0.866932 0.106377 -0.000003
vt  0.851332 0.090834 -0.000003
vt  0.827951 0.090834 -0.000003
vt  0.968114 0.090834 -0.000002
vt  0.944767 0.090834 -0.000003
vt  0.929184 0.106377 -0.000004
vt  0.796794 0.059771 -0.000002
vt  0.773415 0.059771 -0.000001
vt  0.757820 0.044219 -0.000000
vt  0.695572 0.044219 0.000004
vt  0.679997 0.059771 0.000005
vt  0.656658 0.059771 0.000009
vt  0.999226 0.059771 0.000006
vt  0.522273 0.022151 -0.000002
vt  0.452134 0.068775 -0.000002
vt  0.428755 0.068775 -0.000001
vt  0.413159 0.084318 -0.000001
vt  0.350912 0.084318 0.000002
vt  0.335337 0.068775 0.000004
vt  0.311998 0.068775 0.000008
vt  0.654566 0.068775 0.000005
vt  0.506673 0.037703 -0.000002
vt  0.483292 0.037703 -0.000002
vt  0.623455 0.037703 0.000002
vt  0.600108 0.037703 -0.000000
vt  0.584526 0.022151 -0.000001
vt  0.851311 0.970324 -0.000014
vt  0.827929 0.970324 -0.000013
vt  0.796773 0.939191 -0.000013
vt  0.773396 0.939191 -0.000015
vt  0.757804 0.923630 -0.000018
vt  0.695562 0.923630 -0.000040
vt  0.679990 0.939191 -0.000048
vt  0.656655 0.939191 -0.000067
vt  0.999224 0.939191 -0.000128
vt  0.968109 0.970324 -0.000073
vt  0.944756 0.970324 -0.000048
vt  0.929169 0.985876 -0.000039
vt  0.866912 0.985876 -0.000018
vt  0.146551 0.995622 -4.000000
vt  0.146551 0.964102 -4.000000
vt  0.193830 0.964102 -4.000000
vt  0.193830 0.901064 -4.000000
vt  0.146551 0.901064 -4.000000
vt  0.146551 0.869545 -4.000000
vt  0.272628 0.869545 -4.000000
vt  0.272628 0.901064 -4.000000
vt  0.225349 0.901064 -4.000000
vt  0.225349 0.964102 -4.000000
vt  0.272628 0.964102 -4.000000
vt  0.272628 0.995622 -4.000000
vt  0.866912 0.998875 -0.000018
vt  0.851310 0.998875 -0.000015
vt  0.827928 0.998875 -0.000013
vt  0.796771 0.998875 -0.000014
vt  0.773395 0.998875 -0.000016
vt  0.757802 0.998875 -0.000020
vt  0.695561 0.998875 -0.000043
vt  0.679989 0.998875 -0.000052
vt  0.656655 0.998875 -0.000072
vt  0.968109 0.998875 -0.000075
vt  0.944755 0.998875 -0.000050
vt  0.929169 0.998875 -0.000040
vt  0.866934 0.003548 -0.000002
vt  0.851334 0.003548 -0.000002
vt  0.827953 0.003548 -0.000002
vt  0.796795 0.003548 -0.000001
vt  0.773416 0.003548 -0.000000
vt  0.757820 0.003548 0.000001
vt  0.695573 0.003548 0.000006
vt  0.679998 0.003548 0.000008
vt  0.656659 0.003548 0.000014
vt  0.968115 0.003548 0.000005
vt  0.944768 0.003548 0.000001
vt  0.929186 0.003548 0.000000
vt  0.999224 0.998875 -0.000137
vt  0.999226 0.003548 0.000014
vt  0.147017 0.860923 -4.000000
vt  0.147017 0.829404 -4.000000
vt  0.194296 0.829404 -4.000000
vt  0.194296 0.766366 -4.000000
vt  0.147017 0.766366 -4.000000
vt  0.147017 0.734847 -4.000000
vt  0.273094 0.734847 -4.000000
vt  0.273094 0.766366 -4.000000
vt  0.225815 0.766366 -4.000000
vt  0.225815 0.829404 -4.000000
vt  0.273094 0.829404 -4.000000
vt  0.273094 0.860923 -4.000000
vt  0.522252 0.998875 -0.000018
vt  0.506650 0.998875 -0.000015
vt  0.483268 0.998875 -0.000013
vt  0.452111 0.998875 -0.000014
vt  0.428734 0.998875 -0.000016
vt  0.413142 0.998875 -0.000020
vt  0.350901 0.998875 -0.000043
vt  0.335329 0.998875 -0.000052
vt  0.311995 0.998875 -0.000072
vt  0.623449 0.998875 -0.000075
vt  0.600095 0.998875 -0.000050
vt  0.584509 0.998875 -0.000040
vt  0.522274 0.003548 -0.000002
vt  0.506674 0.003548 -0.000002
vt  0.483293 0.003548 -0.000002
vt  0.452135 0.003548 -0.000001
vt  0.428756 0.003548 -0.000000
vt  0.413160 0.003548 0.000001
vt  0.350913 0.003548 0.000006
vt  0.335338 0.003548 0.000008
vt  0.311999 0.003548 0.000014
vt  0.623455 0.003548 0.000005
vt  0.600108 0.003548 0.000001
vt  0.584526 0.003548 0.000000
vt  0.654564 0.998875 -0.000137
vt  0.654566 0.003548 0.000014
vt  0.866931 0.146205 -0.000004
vt  0.851331 0.146205 -0.000004
vt  0.944766 0.146205 -0.000006
vt  0.929184 0.146205 -0.000006
vt  0.428753 0.146205 -0.000003
vt  0.413158 0.146205 -0.000002
vt  0.350911 0.146205 -0.000001
vt  0.335336 0.146205 -0.000000
vt  0.851330 0.168549 -0.000004
vt  0.944766 0.168549 -0.000007
vt  0.929183 0.168549 -0.000006
vt  0.428752 0.168549 -0.000003
vt  0.413157 0.168549 -0.000003
vt  0.350911 0.168549 -0.000002
vt  0.335336 0.168549 -0.000002
vt  0.866930 0.168549 -0.000004
vt  0.851329 0.212119 -0.000004
vt  0.944766 0.212119 -0.000009
vt  0.929182 0.212119 -0.000008
vt  0.428751 0.212119 -0.000004
vt  0.413157 0.212119 -0.000004
vt  0.350910 0.212119 -0.000004
vt  0.335336 0.212119 -0.000004
vt  0.866929 0.212119 -0.000005
vt  0.851329 0.234599 -0.000005
vt  0.944765 0.234599 -0.000011
vt  0.929182 0.234599 -0.000009
vt  0.428751 0.234599 -0.000004
vt  0.413156 0.234599 -0.000004
vt  0.350910 0.234599 -0.000005
vt  0.335336 0.234599 -0.000006
vt  0.866929 0.234599 -0.000005
vt  0.851314 0.856227 -0.000013
vt  0.944757 0.856227 -0.000042
vt  0.929172 0.856227 -0.000034
vt  0.428738 0.856227 -0.000014
vt  0.413145 0.856227 -0.000017
vt  0.350902 0.856227 -0.000036
vt  0.335330 0.856227 -0.000043
vt  0.866915 0.856227 -0.000016
vt  0.866916 0.834116 -0.000015
vt  0.851314 0.834116 -0.000013
vt  0.944758 0.834116 -0.000041
vt  0.929172 0.834116 -0.000033
vt  0.428738 0.834116 -0.000014
vt  0.413145 0.834116 -0.000016
vt  0.350903 0.834116 -0.000035
vt  0.335331 0.834116 -0.000042
vt  0.866917 0.790304 -0.000014
vt  0.851315 0.790304 -0.000012
vt  0.944758 0.790304 -0.000039
vt  0.929173 0.790304 -0.000031
vt  0.428739 0.790304 -0.000013
vt  0.413146 0.790304 -0.000016
vt  0.350903 0.790304 -0.000033
vt  0.335331 0.790304 -0.000039
vt  0.866917 0.768409 -0.000014
vt  0.851316 0.768409 -0.000012
vt  0.944758 0.768409 -0.000038
vt  0.929173 0.768409 -0.000030
vt  0.428739 0.768409 -0.000013
vt  0.413147 0.768409 -0.000015
vt  0.350903 0.768409 -0.000032
vt  0.335331 0.768409 -0.000038
vt  0.890284 0.168549 -0.000005
vt  0.890283 0.212119 -0.000006
vt  0.890271 0.834116 -0.000022
vt  0.389796 0.834116 -0.000023
vt  0.890271 0.790304 -0.000021
vt  0.389796 0.790304 -0.000022
vt  0.906010 0.168549 -0.000006
vt  0.906009 0.212119 -0.000007
vt  0.905998 0.834116 -0.000026
vt  0.905999 0.790304 -0.000025
vt  0.374072 0.834116 -0.000028
vt  0.374072 0.790304 -0.000026
vt  0.413146 0.790304 -0.000016
vt  0.413145 0.834116 -0.000016
vt  0.389796 0.834116 -0.000023
vt  0.389796 0.790304 -0.000022
vt  0.374072 0.834116 -0.000028
vt  0.350903 0.834116 -0.000035
vt  0.350903 0.790304 -0.000033
vt  0.374072 0.790304 -0.000026
vt  0.452124 0.477232 -0.000007
vt  0.428746 0.477232 -0.000008
vt  0.413152 0.461680 -0.000009
vt  0.350907 0.461680 -0.000017
vt  0.335334 0.477232 -0.000020
vt  0.311997 0.477232 -0.000027
vt  0.654565 0.477232 -0.000058
vt  0.522262 0.523888 -0.000010
vt  0.506662 0.508336 -0.000008
vt  0.483280 0.508336 -0.000007
vt  0.623452 0.508336 -0.000036
vt  0.600102 0.508336 -0.000025
vt  0.584517 0.523888 -0.000021
vt  0.522264 0.461596 -0.000009
vt  0.506663 0.477148 -0.000008
vt  0.483281 0.477148 -0.000007
vt  0.623452 0.477148 -0.000033
vt  0.600102 0.477148 -0.000023
vt  0.584518 0.461596 -0.000018
vt  0.467660 0.492742 -0.000007
vt  0.639050 0.492742 -0.000047
vt  0.452123 0.508252 -0.000007
vt  0.428745 0.508252 -0.000008
vt  0.413151 0.523804 -0.000010
vt  0.350906 0.523804 -0.000020
vt  0.335333 0.508252 -0.000022
vt  0.311997 0.508252 -0.000030
vt  0.654565 0.508252 -0.000062
vt  0.467660 0.492742 -0.000007
vt  0.639050 0.492742 -0.000047
vt  0.866923 0.483674 -0.000009
vt  0.851322 0.499226 -0.000008
vt  0.827941 0.499226 -0.000007
vt  0.968112 0.499226 -0.000035
vt  0.944762 0.499226 -0.000024
vt  0.929178 0.483674 -0.000019
vt  0.796783 0.530330 -0.000008
vt  0.773405 0.530330 -0.000009
vt  0.757811 0.545882 -0.000010
vt  0.695566 0.545882 -0.000021
vt  0.679993 0.530330 -0.000024
vt  0.656657 0.530330 -0.000031
vt  0.999225 0.530330 -0.000066
vt  0.851322 0.530879 -0.000009
vt  0.827940 0.530879 -0.000008
vt  0.968112 0.530879 -0.000038
vt  0.944761 0.530879 -0.000026
vt  0.929177 0.546431 -0.000022
vt  0.866922 0.546431 -0.000010
vt  0.812087 0.515053 -0.000007
vt  0.983943 0.515053 -0.000051
vt  0.796783 0.499775 -0.000007
vt  0.773405 0.499775 -0.000008
vt  0.757812 0.484223 -0.000009
vt  0.695567 0.484223 -0.000018
vt  0.679993 0.499775 -0.000022
vt  0.656657 0.499775 -0.000029
vt  0.999225 0.499775 -0.000061
vt  0.812087 0.515053 -0.000007
vt  0.983943 0.515053 -0.000051
vt  0.506652 0.917114 -0.000014
vt  0.483270 0.917114 -0.000012
vt  0.452112 0.948257 -0.000013
vt  0.428736 0.948257 -0.000015
vt  0.413143 0.963809 -0.000019
vt  0.350901 0.963809 -0.000042
vt  0.335330 0.948257 -0.000049
vt  0.311995 0.948257 -0.000067
vt  0.654564 0.948257 -0.000129
vt  0.623449 0.917114 -0.000069
vt  0.600096 0.917114 -0.000045
vt  0.584511 0.901553 -0.000036
vt  0.522254 0.901553 -0.000016
vt  0.866932 0.106377 -0.000003
vt  0.851332 0.090834 -0.000003
vt  0.827951 0.090834 -0.000003
vt  0.968114 0.090834 -0.000002
vt  0.944767 0.090834 -0.000003
vt  0.929184 0.106377 -0.000004
vt  0.796794 0.059771 -0.000002
vt  0.773415 0.059771 -0.000001
vt  0.757820 0.044219 -0.000000
vt  0.695572 0.044219 0.000004
vt  0.679997 0.059771 0.000005
vt  0.656658 0.059771 0.000009
vt  0.999226 0.059771 0.000006
vt  0.522273 0.022151 -0.000002
vt  0.452134 0.068775 -0.000002
vt  0.428755 0.068775 -0.000001
vt  0.413159 0.084318 -0.000001
vt  0.350912 0.084318 0.000002
vt  0.335337 0.068775 0.000004
vt  0.311998 0.068775 0.000008
vt  0.654566 0.068775 0.000005
vt  0.506673 0.037703 -0.000002
vt  0.483292 0.037703 -0.000002
vt  0.623455 0.037703 0.000002
vt  0.600108 0.037703 -0.000000
vt  0.584526 0.022151 -0.000001
vt  0.851311 0.970324 -0.000014
vt  0.827929 0.970324 -0.000013
vt  0.796773 0.939191 -0.000013
vt  0.773396 0.939191 -0.000015
vt  0.757804 0.923630 -0.000018
vt  0.695562 0.923630 -0.000040
vt  0.679990 0.939191 -0.000048
vt  0.656655 0.939191 -0.000067
vt  0.999224 0.939191 -0.000128
vt  0.968109 0.970324 -0.000073
vt  0.944756 0.970324 -0.000048
vt  0.929169 0.985876 -0.000039
vt  0.866912 0.985876 -0.000018
# 3738 texture vertices

vn  -2.000000 0.000000 0.000000
vn  -0.000009 -0.000000 -2.000000
vn  0.000000 0.000000 -1.000000
vn  -1.000000 0.000000 0.000000
vn  0.000000 0.000000 1.000000
vn  -1.000000 0.000000 0.000000
vn  0.000000 0.000000 -1.000000
vn  1.000000 0.000000 0.000000
vn  0.000000 0.000000 1.000000
vn  1.000000 0.000000 0.000000
vn  0.000000 -0.000000 -1.000000
vn  1.000000 0.000000 0.000000
vn  -2.000000 0.000000 0.000000
vn  -1.000000 0.000000 0.000000
vn  -0.000012 -0.000000 -10.000000
vn  -2.000000 0.000000 0.000000
vn  0.000000 0.000000 2.000000
vn  -2.000000 0.000000 0.000000
vn  0.000000 0.000000 -2.000000
vn  2.000000 0.000000 0.000000
vn  0.000000 0.000000 2.000000
vn  2.000000 0.000000 0.000000
vn  0.000000 0.000000 -2.000000
vn  1.000000 0.000000 0.000000
vn  -2.000000 0.000000 0.000000
vn  -1.000000 0.000000 0.000000
vn  0.000000 0.000000 -1.000000
vn  -1.000000 0.000000 0.000000
vn  0.000000 0.000000 1.000000
vn  -1.000000 0.000000 0.000000
vn  0.000000 0.000467 -1.000000
vn  -0.000009 0.000000 2.000000
vn  0.000000 0.000000 1.000000
vn  1.000000 0.000000 0.000000
vn  0.000000 0.000000 -1.000000
vn  1.000000 0.000000 0.000000
vn  -1.000000 0.000000 0.000000
vn  -2.000000 0.000000 0.000000
vn  0.000000 0.000000 -2.000000
vn  -2.000000 0.000000 0.000000
vn  0.000000 0.000000 2.000000
vn  -1.000000 0.000000 0.000000
vn  0.000000 -0.000467 -1.000000
vn  1.000000 0.000000 0.000000
vn  -0.000012 0.000000 10.000000
vn  2.000000 0.000000 0.000000
vn  0.000000 0.000000 -2.000000
vn  2.000000 0.000000 0.000000
vn  -1.000000 0.000000 0.000000
vn  -2.000000 0.000000 0.000000
vn  0.000000 0.000000 -2.000000
vn  2.000000 0.000000 0.000000
vn  0.000000 0.000000 2.000000
vn  2.000000 0.000000 0.000000
vn  0.000000 0.000000 -2.000000
vn  0.000000 0.000000 -2.000000
vn  3.000000 0.000000 0.000000
vn  0.000000 0.000000 2.000000
vn  0.000000 0.000000 2.000000
vn  -3.000000 0.000000 0.000000
vn  0.000000 0.000000 -2.000000
vn  0.000000 0.000000 -2.000000
vn  0.000000 0.000000 2.000000
vn  0.000000 0.000000 2.000000
vn  0.000001 0.000000 -2.000000
vn  0.000002 0.000000 -2.000000
vn  3.000000 0.000000 0.000000
vn  0.000002 -0.000000 2.000000
vn  -3.000000 0.000000 0.000000
vn  2.000000 0.000000 0.000000
vn  0.000001 -0.000000 2.000000
vn  -3.000000 0.000000 0.000000
vn  -0.000010 -0.000000 -2.000000
vn  0.000001 -0.000000 -2.000000
vn  2.000000 0.000000 0.000000
vn  0.000001 0.000000 2.000000
vn  -0.000010 0.000000 2.000000
vn  -1.000000 0.000000 0.000000
vn  -1.000000 0.000000 0.000000
vn  -0.000003 0.000000 -2.000000
vn  0.000003 0.000000 -2.000000
vn  2.000000 0.000000 0.000000
vn  0.000003 0.000000 2.000000
vn  -0.000003 0.000000 2.000000
vn  -3.000000 0.000000 0.000000
vn  -0.000003 0.000000 -2.000000
vn  0.000003 0.000000 -2.000000
vn  2.000000 0.000000 0.000000
vn  0.000003 0.000000 2.000000
vn  -2.000000 0.000000 0.000000
vn  3.000000 0.000000 0.000000
vn  -0.000003 0.000000 2.000000
vn  -2.000000 0.000000 0.000000
vn  -0.000001 0.000000 -2.000000
vn  0.000003 0.000000 -2.000000
vn  1.000000 0.000000 0.000000
vn  0.000003 -0.000000 2.000000
vn  -1.000000 0.000000 0.000000
vn  0.000000 0.000000 -1.000000
vn  -0.000001 -0.000000 2.000000
vn  0.000000 0.000000 2.000000
vn  0.000000 0.000003 5.000000
vn  0.000000 0.000000 5.000000
vn  0.000000 0.000000 -2.000000
vn  0.000000 0.000000 2.000000
vn  0.000000 0.000003 4.000000
vn  0.000000 0.000000 6.000000
vn  0.000000 0.706889 0.707324
vn  0.000000 1.413779 1.414648
vn  -2.000000 0.000000 0.000000
vn  0.000000 -1.413621 -1.414806
vn  2.000000 0.000000 0.000000
vn  -0.000001 1.413779 1.414648
vn  -2.000000 0.000000 0.000000
vn  0.000000 0.706893 -0.707320
vn  -2.000000 0.000000 0.000000
vn  -1.000000 0.000000 0.000000
vn  0.000000 0.707318 -0.706895
vn  2.000000 0.000137 0.000139
vn  0.000000 0.707318 -0.706895
vn  2.000000 0.000000 0.000000
vn  -2.000000 0.000000 0.000028
vn  0.000000 -1.414360 1.414067
vn  -2.000000 0.000000 0.000000
vn  0.000000 1.414227 -1.414201
vn  1.000000 0.000000 0.000000
vn  0.000000 -1.414360 1.414067
vn  -2.000000 0.000015 0.000014
vn  -1.000000 0.000000 0.000000
vn  0.000000 1.413787 -1.414640
vn  0.000000 1.413787 -1.414640
vn  2.000000 0.000000 0.000000
vn  -1.000000 0.000000 0.000000
vn  0.000000 -1.414360 -1.414067
vn  2.000000 -0.000000 0.000553
vn  0.000000 -1.414360 -1.414067
vn  2.000000 0.000000 0.000000
vn  -2.000000 0.000000 0.000000
vn  3.000000 -0.000297 -0.000552
vn  -2.000000 -0.000007 0.000007
vn  0.000000 0.707249 0.706964
vn  -2.000000 0.000000 0.000000
vn  0.000000 -0.707119 -0.707095
vn  1.000000 0.000000 0.000000
vn  0.000000 0.707181 0.707033
vn  0.000000 0.000000 -1.000000
vn  -3.000000 0.000000 0.000000
vn  -2.000000 0.000000 0.000000
vn  0.000000 0.000934 -2.000000
vn  3.000000 0.000000 0.000000
vn  0.000000 0.000000 -1.000000
vn  0.000000 0.000000 -2.000000
vn  -3.000000 0.000000 0.000000
vn  0.000000 0.000000 -1.000000
vn  0.000000 0.000000 -1.000000
vn  3.000000 0.000000 0.000000
vn  0.000000 0.000000 -2.000000
vn  -3.000000 0.000000 0.000000
vn  -2.000000 0.000000 0.000000
vn  0.000000 -0.000934 -2.000000
vn  3.000000 0.000000 0.000000
vn  0.000000 0.000000 -2.000000
vn  0.000000 0.000000 1.000000
vn  -3.000000 0.000000 0.000000
vn  -2.000000 0.000000 0.000000
vn  0.000000 1.414572 -1.413855
vn  1.000000 0.000000 0.000000
vn  0.000000 0.000000 1.000000
vn  0.000000 0.000000 -2.000000
vn  0.000000 0.000000 -1.000000
vn  0.000000 0.000000 -1.000000
vn  0.000000 0.000000 -2.000000
vn  0.000000 0.000000 2.000000
vn  0.000000 0.000000 1.000000
vn  0.000000 0.000000 1.000000
vn  0.000000 0.000000 2.000000
vn  0.000000 0.000001 -2.000000
vn  0.000000 0.000000 -1.000000
vn  0.000000 0.000000 -1.000000
vn  0.000000 0.000001 -2.000000
vn  0.000000 -0.000001 2.000000
vn  0.000000 -0.000000 1.000000
vn  0.000000 -0.000000 1.000000
vn  0.000000 -0.000001 2.000000
vn  0.000000 0.000000 -2.000000
vn  0.000000 0.000000 -1.000000
vn  0.000000 0.000000 -1.000000
vn  0.000000 0.000000 -2.000000
vn  0.000000 0.000000 2.000000
vn  0.000000 0.000000 1.000000
vn  0.000000 0.000000 1.000000
vn  0.000000 0.000000 2.000000
vn  0.000000 0.000000 -2.000000
vn  0.000000 0.000000 -1.000000
vn  0.000000 0.000000 -1.000000
vn  0.000000 0.000000 -2.000000
vn  0.000000 0.000000 2.000000
vn  0.000000 0.000000 1.000000
vn  0.000000 0.000000 1.000000
vn  0.000000 0.000000 2.000000
vn  0.000000 0.000000 -2.000000
vn  0.000000 0.000000 -1.000000
vn  0.000000 0.000000 -1.000000
vn  0.000000 0.000000 -2.000000
vn  0.000000 0.000000 2.000000
vn  0.000000 0.000000 1.000000
vn  0.000000 0.000000 1.000000
vn  0.000000 0.000000 2.000000
vn  0.000000 0.000000 -2.000000
vn  0.000000 0.000000 -1.000000
vn  0.000000 0.000000 -1.000000
vn  0.000000 0.000000 -2.000000
vn  0.000000 0.000000 2.000000
vn  0.000000 0.000000 1.000000
vn  0.000000 0.000000 1.000000
vn  0.000000 0.000000 2.000000
vn  0.000000 0.000000 -2.000000
vn  0.000000 0.000000 -1.000000
vn  0.000000 0.000000 -1.000000
vn  0.000000 0.000000 -2.000000
vn  0.000000 0.000000 2.000000
vn  0.000000 0.000000 1.000000
vn  0.000000 0.000000 1.000000
vn  0.000000 0.000000 2.000000
vn  0.000000 0.000000 -2.000000
vn  0.000000 0.000000 -1.000000
vn  0.000000 0.000000 -1.000000
vn  0.000000 0.000000 -2.000000
vn  0.000000 0.000000 2.000000
vn  0.000000 0.000000 1.000000
vn  0.000000 0.000000 1.000000
vn  0.000000 0.000000 2.000000
vn  -2.000000 0.000000 0.000000
vn  -0.000009 -0.000000 -2.000000
vn  0.000000 0.000000 -1.000000
vn  -1.000000 0.000000 0.000000
vn  0.000000 0.000000 1.000000
vn  -1.000000 0.000000 0.000000
vn  0.000000 0.000000 -1.000000
vn  1.000000 0.000000 0.000000
vn  0.000000 0.000000 1.000000
vn  1.000000 0.000000 0.000000
vn  0.000000 -0.000000 -1.000000
vn  1.000000 0.000000 0.000000
vn  -2.000000 0.000000 0.000000
vn  -1.000000 0.000000 0.000000
vn  -0.000012 -0.000000 -10.000000
vn  -2.000000 0.000000 0.000000
vn  0.000000 0.000000 2.000000
vn  -2.000000 0.000000 0.000000
vn  0.000000 0.000000 -2.000000
vn  2.000000 0.000000 0.000000
vn  0.000000 0.000000 2.000000
vn  2.000000 0.000000 0.000000
vn  0.000000 0.000000 -2.000000
vn  1.000000 0.000000 0.000000
vn  -2.000000 0.000000 0.000000
vn  -1.000000 0.000000 0.000000
vn  0.000000 0.000000 -1.000000
vn  -1.000000 0.000000 0.000000
vn  0.000000 0.000000 1.000000
vn  -1.000000 0.000000 0.000000
vn  0.000000 0.000467 -1.000000
vn  -0.000009 0.000000 2.000000
vn  0.000000 0.000000 1.000000
vn  1.000000 0.000000 0.000000
vn  0.000000 0.000000 -1.000000
vn  1.000000 0.000000 0.000000
vn  -1.000000 0.000000 0.000000
vn  -2.000000 0.000000 0.000000
vn  0.000000 0.000000 -2.000000
vn  -2.000000 0.000000 0.000000
vn  0.000000 0.000000 2.000000
vn  -1.000000 0.000000 0.000000
vn  0.000000 -0.000467 -1.000000
vn  1.000000 0.000000 0.000000
vn  -0.000012 0.000000 10.000000
vn  2.000000 0.000000 0.000000
vn  0.000000 0.000000 -2.000000
vn  2.000000 0.000000 0.000000
vn  -1.000000 0.000000 0.000000
vn  -2.000000 0.000000 0.000000
vn  0.000000 0.000000 -2.000000
vn  2.000000 0.000000 0.000000
vn  0.000000 0.000000 2.000000
vn  2.000000 0.000000 0.000000
vn  0.000000 0.000000 -2.000000
vn  0.000000 0.000000 -2.000000
vn  3.000000 0.000000 0.000000
vn  0.000000 0.000000 2.000000
vn  0.000000 0.000000 2.000000
vn  -3.000000 0.000000 0.000000
vn  0.000000 0.000000 -2.000000
vn  0.000000 0.000000 -2.000000
vn  0.000000 0.000000 2.000000
vn  0.000000 0.000000 2.000000
vn  0.000001 0.000000 -2.000000
vn  0.000002 0.000000 -2.000000
vn  3.000000 0.000000 0.000000
vn  0.000002 -0.000000 2.000000
vn  -3.000000 0.000000 0.000000
vn  2.000000 0.000000 0.000000
vn  0.000001 -0.000000 2.000000
vn  -3.000000 0.000000 0.000000
vn  -0.000010 -0.000000 -2.000000
vn  0.000001 -0.000000 -2.000000
vn  2.000000 0.000000 0.000000
vn  0.000001 0.000000 2.000000
vn  -0.000010 0.000000 2.000000
vn  -1.000000 0.000000 0.000000
vn  -1.000000 0.000000 0.000000
vn  -0.000003 0.000000 -2.000000
vn  0.000003 0.000000 -2.000000
vn  2.000000 0.000000 0.000000
vn  0.000003 0.000000 2.000000
vn  -0.000003 0.000000 2.000000
vn  -3.000000 0.000000 0.000000
vn  -0.000003 0.000000 -2.000000
vn  0.000003 0.000000 -2.000000
vn  2.000000 0.000000 0.000000
vn  0.000003 0.000000 2.000000
vn  -2.000000 0.000000 0.000000
vn  3.000000 0.000000 0.000000
vn  -0.000003 0.000000 2.000000
vn  -2.000000 0.000000 0.000000
vn  -0.000001 0.000000 -2.000000
vn  0.000003 0.000000 -2.000000
vn  1.000000 0.000000 0.000000
vn  0.000003 -0.000000 2.000000
vn  -1.000000 0.000000 0.000000
vn  0.000000 0.000000 -1.000000
vn  -0.000001 -0.000000 2.000000
vn  0.000000 0.000000 2.000000
vn  0.000000 0.000003 5.000000
vn  0.000000 0.000000 5.000000
vn  0.000000 0.000000 -2.000000
vn  0.000000 0.000000 2.000000
vn  0.000000 0.000003 4.000000
vn  0.000000 0.000000 6.000000
vn  0.000000 0.706889 0.707324
vn  0.000000 1.413779 1.414648
vn  -2.000000 0.000000 0.000000
vn  0.000000 -1.413621 -1.414806
vn  2.000000 0.000000 0.000000
vn  -0.000001 1.413779 1.414648
vn  -2.000000 0.000000 0.000000
vn  0.000000 0.706893 -0.707320
vn  -2.000000 0.000000 0.000000
vn  -1.000000 0.000000 0.000000
vn  0.000000 0.707318 -0.706895
vn  2.000000 0.000137 0.000139
vn  0.000000 0.707318 -0.706895
vn  2.000000 0.000000 0.000000
vn  -2.000000 0.000000 0.000028
vn  0.000000 -1.414360 1.414067
vn  -2.000000 0.000000 0.000000
vn  0.000000 1.414227 -1.414201
vn  1.000000 0.000000 0.000000
vn  0.000000 -1.414360 1.414067
vn  -2.000000 0.000015 0.000014
vn  -1.000000 0.000000 0.000000
vn  0.000000 1.413787 -1.414640
vn  0.000000 1.413787 -1.414640
vn  2.000000 0.000000 0.000000
vn  -1.000000 0.000000 0.000000
vn  0.000000 -1.414360 -1.414067
vn  2.000000 -0.000000 0.000553
vn  0.000000 -1.414360 -1.414067
vn  2.000000 0.000000 0.000000
vn  -2.000000 0.000000 0.000000
vn  3.000000 -0.000297 -0.000552
vn  -2.000000 -0.000007 0.000007
vn  0.000000 0.707249 0.706964
vn  -2.000000 0.000000 0.000000
vn  0.000000 -0.707119 -0.707095
vn  1.000000 0.000000 0.000000
vn  0.000000 0.707181 0.707033
vn  0.000000 0.000000 -1.000000
vn  -3.000000 0.000000 0.000000
vn  -2.000000 0.000000 0.000000
vn  0.000000 0.000934 -2.000000
vn  3.000000 0.000000 0.000000
vn  0.000000 0.000000 -1.000000
vn  0.000000 0.000000 -2.000000
vn  -3.000000 0.000000 0.000000
vn  0.000000 0.000000 -1.000000
vn  0.000000 0.000000 -1.000000
vn  3.000000 0.000000 0.000000
vn  0.000000 0.000000 -2.000000
vn  -3.000000 0.000000 0.000000
vn  -2.000000 0.000000 0.000000
vn  0.000000 -0.000934 -2.000000
vn  3.000000 0.000000 0.000000
vn  0.000000 0.000000 -2.000000
vn  0.000000 0.000000 1.000000
vn  -3.000000 0.000000 0.000000
vn  -2.000000 0.000000 0.000000
vn  0.000000 1.414572 -1.413855
vn  1.000000 0.000000 0.000000
vn  0.000000 0.000000 1.000000
vn  -2.000000 0.000000 0.000000
vn  -1.000000 0.000000 0.000000
vn  0.000000 0.000000 1.000000
vn  -1.000000 0.000000 0.000000
vn  0.000000 0.000000 -1.000000
vn  -1.000000 0.000000 0.000000
vn  0.000000 0.000000 1.000000
vn  1.000000 0.000000 0.000000
vn  0.000000 0.000000 -1.000000
vn  1.000000 0.000000 0.000000
vn  0.000000 0.000000 1.000000
vn  1.000000 0.000000 0.000000
vn  -1.000000 0.000000 0.000000
vn  -2.000000 0.000000 0.000000
vn  0.000000 0.000000 2.000000
vn  -2.000000 0.000000 0.000000
vn  0.000000 0.000000 -2.000000
vn  -2.000000 0.000000 0.000000
vn  0.000000 0.000000 2.000000
vn  2.000000 0.000000 0.000000
vn  0.000000 0.000000 -2.000000
vn  2.000000 0.000000 0.000000
vn  0.000000 0.000000 2.000000
vn  2.000000 0.000000 0.000000
vn  -2.000000 0.000000 0.000000
vn  -1.000000 0.000000 0.000000
vn  -0.000005 0.000000 -10.000000
vn  -2.000000 0.000000 0.000000
vn  0.000000 -0.000000 2.000000
vn  -2.000000 0.000000 0.000000
vn  0.000000 0.000000 -2.000000
vn  2.000000 0.000000 0.000000
vn  0.000000 -0.000000 2.000000
vn  2.000000 0.000000 0.000000
vn  -0.000001 0.000000 -2.000000
vn  1.000000 0.000000 0.000000
vn  -1.000000 0.000000 0.000000
vn  -2.000000 0.000000 0.000000
vn  0.000000 0.000000 -2.000000
vn  -2.000000 0.000000 0.000000
vn  -0.000001 -0.000000 2.000000
vn  -1.000000 0.000000 0.000000
vn  0.000000 -0.000467 -1.000000
vn  1.000000 0.000000 0.000000
vn  -0.000005 -0.000000 10.000000
vn  2.000000 0.000000 0.000000
vn  0.000000 0.000000 -2.000000
vn  2.000000 0.000000 0.000000
vn  -1.000000 0.000000 0.000000
vn  -2.000000 0.000000 0.000000
vn  -0.000003 0.000000 -2.000000
vn  2.000000 0.000000 0.000000
vn  -0.000003 0.000000 2.000000
vn  2.000000 0.000000 0.000000
vn  0.000000 0.000000 -2.000000
vn  -0.000003 0.000000 -2.000000
vn  3.000000 0.000000 0.000000
vn  -0.000003 0.000000 2.000000
vn  0.000000 0.000000 2.000000
vn  -3.000000 0.000000 0.000000
vn  0.000000 0.000000 -2.000000
vn  -0.000003 0.000000 -2.000000
vn  -0.000003 0.000000 2.000000
vn  0.000000 0.000000 2.000000
vn  0.000001 0.000000 -2.000000
vn  -0.000001 0.000000 -2.000000
vn  3.000000 0.000000 0.000000
vn  -0.000001 -0.000000 2.000000
vn  -3.000000 0.000000 0.000000
vn  2.000000 0.000000 0.000000
vn  0.000001 -0.000000 2.000000
vn  -3.000000 0.000000 0.000000
vn  -0.000003 0.000000 -2.000000
vn  0.000000 0.000000 -2.000000
vn  2.000000 0.000000 0.000000
vn  0.000000 0.000000 2.000000
vn  -0.000003 0.000000 2.000000
vn  -1.000000 0.000000 0.000000
vn  -1.000000 0.000000 0.000000
vn  -0.000003 0.000000 -2.000000
vn  0.000000 0.000000 -2.000000
vn  2.000000 0.000000 0.000000
vn  0.000000 0.000000 2.000000
vn  -0.000003 0.000000 2.000000
vn  -3.000000 0.000000 0.000000
vn  -0.000003 0.000000 -2.000000
vn  0.000000 0.000000 -2.000000
vn  2.000000 0.000000 0.000000
vn  0.000000 0.000000 2.000000
vn  -2.000000 0.000000 0.000000
vn  3.000000 0.000000 0.000000
vn  -0.000003 0.000000 2.000000
vn  -2.000000 0.000000 0.000000
vn  -0.000001 0.000000 -2.000000
vn  0.000001 0.000000 -2.000000
vn  1.000000 0.000000 0.000000
vn  0.000001 -0.000000 2.000000
vn  -1.000000 0.000000 0.000000
vn  0.000000 0.000000 -1.000000
vn  -0.000001 -0.000000 2.000000
vn  0.000000 0.000000 2.000000
vn  0.000000 0.000003 5.000000
vn  0.000000 0.000000 5.000000
vn  0.000000 0.000000 -2.000000
vn  0.000000 0.000000 2.000000
vn  0.000000 0.000003 4.000000
vn  0.000000 0.000000 6.000000
vn  0.000000 0.706889 0.707324
vn  0.000000 1.413779 1.414648
vn  -2.000000 0.000000 0.000000
vn  0.000000 -1.413621 -1.414806
vn  2.000000 0.000000 0.000000
vn  0.000000 1.413779 1.414648
vn  -2.000000 0.000000 0.000000
vn  0.000000 0.706893 -0.707320
vn  -2.000000 0.000000 0.000000
vn  -1.000000 0.000000 0.000000
vn  0.000000 0.707318 -0.706895
vn  2.000000 0.000137 0.000139
vn  0.000000 0.707318 -0.706895
vn  2.000000 0.000000 0.000000
vn  -2.000000 0.000000 0.000028
vn  0.000000 -1.414360 1.414067
vn  -2.000000 0.000000 0.000000
vn  0.000000 1.414227 -1.414201
vn  1.000000 0.000000 0.000000
vn  0.000000 -1.414360 1.414067
vn  -2.000000 0.000015 0.000014
vn  -1.000000 0.000000 0.000000
vn  0.000000 1.413787 -1.414640
vn  0.000000 1.413787 -1.414640
vn  2.000000 0.000000 0.000000
vn  -1.000000 0.000000 0.000000
vn  0.000000 -1.414360 -1.414067
vn  2.000000 -0.000000 0.000553
vn  0.000000 -1.414360 -1.414067
vn  2.000000 0.000000 0.000000
vn  -2.000000 0.000000 0.000000
vn  3.000000 -0.000297 -0.000552
vn  -2.000000 -0.000007 0.000007
vn  0.000000 0.707249 0.706964
vn  -2.000000 0.000000 0.000000
vn  0.000000 -0.707119 -0.707094
vn  1.000000 0.000000 0.000000
vn  0.000000 0.707181 0.707033
vn  0.000000 0.000000 -1.000000
vn  -3.000000 0.000000 0.000000
vn  -2.000000 0.000000 0.000000
vn  0.000000 0.000935 -2.000000
vn  3.000000 0.000000 0.000000
vn  0.000000 0.000000 -1.000000
vn  0.000000 0.000000 -2.000000
vn  -3.000000 0.000000 0.000000
vn  0.000000 0.000000 -1.000000
vn  0.000000 0.000000 -1.000000
vn  3.000000 0.000000 0.000000
vn  0.000000 0.000000 -2.000000
vn  -3.000000 0.000000 0.000000
vn  -2.000000 0.000000 0.000000
vn  0.000000 -0.000934 -2.000000
vn  3.000000 0.000000 0.000000
vn  0.000000 0.000000 -2.000000
vn  0.000000 0.000000 1.000000
vn  -3.000000 0.000000 0.000000
vn  -2.000000 0.000000 0.000000
vn  0.000000 1.414572 -1.413855
vn  1.000000 0.000000 0.000000
vn  0.000000 0.000000 1.000000
vn  0.000000 0.000000 -2.000000
vn  0.000000 0.000000 -1.000000
vn  0.000000 0.000000 -1.000000
vn  0.000000 0.000000 -2.000000
vn  0.000000 0.000000 2.000000
vn  0.000000 0.000000 1.000000
vn  0.000000 0.000000 1.000000
vn  0.000000 0.000000 2.000000
vn  0.000000 0.000001 -2.000000
vn  0.000000 0.000000 -1.000000
vn  0.000000 0.000000 -1.000000
vn  0.000000 0.000001 -2.000000
vn  0.000000 -0.000001 2.000000
vn  0.000000 -0.000000 1.000000
vn  0.000000 -0.000000 1.000000
vn  0.000000 -0.000001 2.000000
vn  0.000000 0.000000 -2.000000
vn  0.000000 0.000000 -1.000000
vn  0.000000 0.000000 -1.000000
vn  0.000000 0.000000 -2.000000
vn  0.000000 0.000000 2.000000
vn  0.000000 0.000000 1.000000
vn  0.000000 0.000000 1.000000
vn  0.000000 0.000000 2.000000
vn  0.000000 0.000000 -2.000000
vn  0.000000 0.000000 -1.000000
vn  0.000000 0.000000 -1.000000
vn  0.000000 0.000000 -2.000000
vn  0.000000 0.000000 2.000000
vn  0.000000 0.000000 1.000000
vn  0.000000 0.000000 1.000000
vn  0.000000 0.000000 2.000000
vn  0.000000 0.000000 -2.000000
vn  0.000000 0.000000 -1.000000
vn  0.000000 0.000000 -1.000000
vn  0.000000 0.000000 -2.000000
vn  0.000000 0.000000 2.000000
vn  0.000000 0.000000 1.000000
vn  0.000000 0.000000 1.000000
vn  0.000000 0.000000 2.000000
vn  0.000000 0.000000 -2.000000
vn  0.000000 0.000000 -1.000000
vn  0.000000 0.000000 -1.000000
vn  0.000000 0.000000 -2.000000
vn  0.000000 0.000000 2.000000
vn  0.000000 0.000000 1.000000
vn  0.000000 0.000000 1.000000
vn  0.000000 0.000000 2.000000
vn  0.000000 0.000000 -2.000000
vn  0.000000 0.000000 -1.000000
vn  0.000000 0.000000 -1.000000
vn  0.000000 0.000000 -2.000000
vn  0.000000 0.000000 2.000000
vn  0.000000 0.000000 1.000000
vn  0.000000 0.000000 1.000000
vn  0.000000 0.000000 2.000000
vn  0.000000 0.000000 -2.000000
vn  0.000000 0.000000 -1.000000
vn  0.000000 0.000000 -1.000000
vn  0.000000 0.000000 -2.000000
vn  0.000000 0.000000 2.000000
vn  0.000000 0.000000 1.000000
vn  0.000000 0.000000 1.000000
vn  0.000000 0.000000 2.000000
vn  -2.000000 0.000000 0.000000
vn  -1.000000 0.000000 0.000000
vn  -0.000005 0.000000 -10.000000
vn  -2.000000 0.000000 0.000000
vn  0.000000 -0.000000 2.000000
vn  -2.000000 0.000000 0.000000
vn  0.000000 0.000000 -2.000000
vn  2.000000 0.000000 0.000000
vn  0.000000 -0.000000 2.000000
vn  2.000000 0.000000 0.000000
vn  -0.000001 0.000000 -2.000000
vn  1.000000 0.000000 0.000000
vn  -1.000000 0.000000 0.000000
vn  -2.000000 0.000000 0.000000
vn  0.000000 0.000000 -2.000000
vn  -2.000000 0.000000 0.000000
vn  -0.000001 -0.000000 2.000000
vn  -1.000000 0.000000 0.000000
vn  0.000000 -0.000467 -1.000000
vn  1.000000 0.000000 0.000000
vn  -0.000005 -0.000000 10.000000
vn  2.000000 0.000000 0.000000
vn  0.000000 0.000000 -2.000000
vn  2.000000 0.000000 0.000000
vn  -1.000000 0.000000 0.000000
vn  -2.000000 0.000000 0.000000
vn  -0.000003 0.000000 -2.000000
vn  2.000000 0.000000 0.000000
vn  -0.000003 0.000000 2.000000
vn  2.000000 0.000000 0.000000
vn  0.000000 0.000000 -2.000000
vn  -0.000003 0.000000 -2.000000
vn  3.000000 0.000000 0.000000
vn  -0.000003 0.000000 2.000000
vn  0.000000 0.000000 2.000000
vn  -3.000000 0.000000 0.000000
vn  0.000000 0.000000 -2.000000
vn  -0.000003 0.000000 -2.000000
vn  -0.000003 0.000000 2.000000
vn  0.000000 0.000000 2.000000
vn  0.000001 0.000000 -2.000000
vn  -0.000001 0.000000 -2.000000
vn  3.000000 0.000000 0.000000
vn  -0.000001 -0.000000 2.000000
vn  -3.000000 0.000000 0.000000
vn  2.000000 0.000000 0.000000
vn  0.000001 -0.000000 2.000000
vn  -3.000000 0.000000 0.000000
vn  -0.000003 0.000000 -2.000000
vn  0.000000 0.000000 -2.000000
vn  2.000000 0.000000 0.000000
vn  0.000000 0.000000 2.000000
vn  -0.000003 0.000000 2.000000
vn  -1.000000 0.000000 0.000000
vn  -1.000000 0.000000 0.000000
vn  -0.000003 0.000000 -2.000000
vn  0.000000 0.000000 -2.000000
vn  2.000000 0.000000 0.000000
vn  0.000000 0.000000 2.000000
vn  -0.000003 0.000000 2.000000
vn  -3.000000 0.000000 0.000000
vn  -0.000003 0.000000 -2.000000
vn  0.000000 0.000000 -2.000000
vn  2.000000 0.000000 0.000000
vn  0.000000 0.000000 2.000000
vn  -2.000000 0.000000 0.000000
vn  3.000000 0.000000 0.000000
vn  -0.000003 0.000000 2.000000
vn  -2.000000 0.000000 0.000000
vn  -0.000001 0.000000 -2.000000
vn  0.000001 0.000000 -2.000000
vn  1.000000 0.000000 0.000000
vn  0.000001 -0.000000 2.000000
vn  -1.000000 0.000000 0.000000
vn  0.000000 0.000000 -1.000000
vn  -0.000001 -0.000000 2.000000
vn  0.000000 0.000000 2.000000
vn  0.000000 0.000003 5.000000
vn  0.000000 0.000000 5.000000
vn  0.000000 0.000000 -2.000000
vn  0.000000 0.000000 2.000000
vn  0.000000 0.000003 4.000000
vn  0.000000 0.000000 6.000000
vn  0.000000 0.706889 0.707324
vn  0.000000 1.413779 1.414648
vn  -2.000000 0.000000 0.000000
vn  0.000000 -1.413621 -1.414806
vn  2.000000 0.000000 0.000000
vn  0.000000 1.413779 1.414648
vn  -2.000000 0.000000 0.000000
vn  0.000000 0.706893 -0.707320
vn  -2.000000 0.000000 0.000000
vn  -1.000000 0.000000 0.000000
vn  0.000000 0.707318 -0.706895
vn  2.000000 0.000137 0.000139
vn  0.000000 0.707318 -0.706895
vn  2.000000 0.000000 0.000000
vn  -2.000000 0.000000 0.000028
vn  0.000000 -1.414360 1.414067
vn  -2.000000 0.000000 0.000000
vn  0.000000 1.414227 -1.414201
vn  1.000000 0.000000 0.000000
vn  0.000000 -1.414360 1.414067
vn  -2.000000 0.000015 0.000014
vn  -1.000000 0.000000 0.000000
vn  0.000000 1.413787 -1.414640
vn  0.000000 1.413787 -1.414640
vn  2.000000 0.000000 0.000000
vn  -1.000000 0.000000 0.000000
vn  0.000000 -1.414360 -1.414067
vn  2.000000 -0.000000 0.000553
vn  0.000000 -1.414360 -1.414067
vn  2.000000 0.000000 0.000000
vn  -2.000000 0.000000 0.000000
vn  3.000000 -0.000297 -0.000552
vn  -2.000000 -0.000007 0.000007
vn  0.000000 0.707249 0.706964
vn  -2.000000 0.000000 0.000000
vn  0.000000 -0.707119 -0.707094
vn  1.000000 0.000000 0.000000
vn  0.000000 0.707181 0.707033
vn  0.000000 0.000000 -1.000000
vn  -3.000000 0.000000 0.000000
vn  -2.000000 0.000000 0.000000
vn  0.000000 0.000935 -2.000000
vn  3.000000 0.000000 0.000000
vn  0.000000 0.000000 -1.000000
vn  0.000000 0.000000 -2.000000
vn  -3.000000 0.000000 0.000000
vn  0.000000 0.000000 -1.000000
vn  0.000000 0.000000 -1.000000
vn  3.000000 0.000000 0.000000
vn  0.000000 0.000000 -2.000000
vn  -3.000000 0.000000 0.000000
vn  -2.000000 0.000000 0.000000
vn  0.000000 -0.000934 -2.000000
vn  3.000000 0.000000 0.000000
vn  0.000000 0.000000 -2.000000
vn  0.000000 0.000000 1.000000
vn  -3.000000 0.000000 0.000000
vn  -2.000000 0.000000 0.000000
vn  0.000000 1.414572 -1.413855
vn  1.000000 0.000000 0.000000
vn  0.000000 0.000000 1.000000
vn  -2.000000 0.000000 0.000000
vn  -1.000000 0.000000 0.000000
vn  0.000000 0.000000 1.000000
vn  -1.000000 0.000000 0.000000
vn  0.000000 0.000000 -1.000000
vn  -1.000000 0.000000 0.000000
vn  0.000000 0.000000 1.000000
vn  1.000000 0.000000 0.000000
vn  0.000000 0.000000 -1.000000
vn  1.000000 0.000000 0.000000
vn  0.000000 0.000000 1.000000
vn  1.000000 0.000000 0.000000
vn  0.000000 4.000000 0.000000
vn  -0.000001 0.000000 -2.000000
vn  0.000000 0.000000 -1.000000
vn  -1.000000 0.000000 0.000000
vn  0.000000 -0.000000 1.000000
vn  -1.000000 0.000000 0.000000
vn  0.000000 0.000000 -1.000000
vn  1.000000 0.000000 0.000000
vn  0.000000 -0.000000 1.000000
vn  1.000000 0.000000 0.000000
vn  0.000000 0.000000 -1.000000
vn  0.000000 1.000000 0.000000
vn  -2.000000 0.000000 0.000000
vn  -1.000000 0.000000 0.000000
vn  0.000000 0.000000 -1.000000
vn  -1.000000 0.000000 0.000000
vn  0.000000 0.000000 1.000000
vn  0.000000 3.000000 0.000000
vn  0.000000 2.000000 0.000000
vn  -0.000001 -0.000000 2.000000
vn  0.000000 -0.000000 1.000000
vn  1.000000 0.000000 0.000000
vn  0.000000 0.000000 -1.000000
vn  1.000000 0.000000 0.000000
vn  -1.000000 0.000000 0.000000
vn  -2.000000 0.000000 0.000000
vn  -0.000003 0.000000 -2.000000
vn  2.000000 0.000000 0.000000
vn  -0.000003 0.000000 2.000000
vn  2.000000 0.000000 0.000000
vn  0.000000 0.000000 -2.000000
vn  -0.000003 0.000000 -2.000000
vn  3.000000 0.000000 0.000000
vn  -0.000003 0.000000 2.000000
vn  0.000000 0.000000 2.000000
vn  -3.000000 0.000000 0.000000
vn  0.000000 0.000000 -2.000000
vn  -0.000003 0.000000 -2.000000
vn  -0.000003 0.000000 2.000000
vn  0.000000 0.000000 2.000000
vn  0.000001 0.000000 -2.000000
vn  -0.000001 0.000000 -2.000000
vn  3.000000 0.000000 0.000000
vn  -0.000001 -0.000000 2.000000
vn  -3.000000 0.000000 0.000000
vn  2.000000 0.000000 0.000000
vn  0.000001 -0.000000 2.000000
vn  -3.000000 0.000000 0.000000
vn  -0.000003 0.000000 -2.000000
vn  0.000000 0.000000 -2.000000
vn  2.000000 0.000000 0.000000
vn  0.000000 0.000000 2.000000
vn  -0.000003 0.000000 2.000000
vn  -1.000000 0.000000 0.000000
vn  -1.000000 0.000000 0.000000
vn  -0.000003 0.000000 -2.000000
vn  0.000000 0.000000 -2.000000
vn  2.000000 0.000000 0.000000
vn  0.000000 0.000000 2.000000
vn  -0.000003 0.000000 2.000000
vn  -3.000000 0.000000 0.000000
vn  -0.000003 0.000000 -2.000000
vn  0.000000 0.000000 -2.000000
vn  2.000000 0.000000 0.000000
vn  0.000000 0.000000 2.000000
vn  -2.000000 0.000000 0.000000
vn  3.000000 0.000000 0.000000
vn  -0.000003 0.000000 2.000000
vn  -2.000000 0.000000 0.000000
vn  -0.000001 0.000000 -2.000000
vn  0.000001 0.000000 -2.000000
vn  1.000000 0.000000 0.000000
vn  0.000001 -0.000000 2.000000
vn  -1.000000 0.000000 0.000000
vn  0.000000 0.000000 -1.000000
vn  -0.000001 -0.000000 2.000000
vn  0.000000 0.000000 2.000000
vn  0.000000 0.000003 5.000000
vn  0.000000 0.000000 5.000000
vn  0.000000 0.000000 -2.000000
vn  0.000000 0.000000 2.000000
vn  0.000000 0.000003 4.000000
vn  0.000000 0.000000 6.000000
vn  0.000000 0.706889 0.707324
vn  0.000000 1.413778 1.414649
vn  -2.000000 0.000000 0.000000
vn  0.000000 -1.413621 -1.414806
vn  2.000000 0.000000 0.000000
vn  0.000000 1.413778 1.414649
vn  -2.000000 0.000000 0.000000
vn  0.000000 0.706893 -0.707320
vn  -2.000000 0.000000 0.000000
vn  -1.000000 0.000000 0.000000
vn  0.000000 0.707318 -0.706895
vn  2.000000 0.000137 0.000139
vn  0.000000 0.707318 -0.706895
vn  2.000000 0.000000 0.000000
vn  -2.000000 0.000000 0.000028
vn  0.000000 -1.414360 1.414067
vn  -2.000000 0.000000 0.000000
vn  0.000000 1.414226 -1.414201
vn  1.000000 0.000000 0.000000
vn  0.000000 -1.414360 1.414067
vn  -2.000000 0.000015 0.000014
vn  -1.000000 0.000000 0.000000
vn  0.000000 1.413787 -1.414640
vn  0.000000 1.413787 -1.414640
vn  2.000000 0.000000 0.000000
vn  -1.000000 0.000000 0.000000
vn  0.000000 -1.414360 -1.414067
vn  2.000000 -0.000000 0.000553
vn  0.000000 -1.414360 -1.414067
vn  2.000000 0.000000 0.000000
vn  -2.000000 0.000000 0.000000
vn  3.000000 -0.000297 -0.000552
vn  -2.000000 -0.000007 0.000007
vn  0.000000 0.707249 0.706964
vn  -2.000000 0.000000 0.000000
vn  0.000000 -0.707119 -0.707095
vn  1.000000 0.000000 0.000000
vn  0.000000 0.707181 0.707033
vn  0.000000 0.000000 -1.000000
vn  -3.000000 0.000000 0.000000
vn  -2.000000 0.000000 0.000000
vn  0.000000 0.000935 -2.000000
vn  3.000000 0.000000 0.000000
vn  0.000000 0.000000 -1.000000
vn  0.000000 0.000000 -2.000000
vn  -3.000000 0.000000 0.000000
vn  0.000000 0.000000 -1.000000
vn  0.000000 0.000000 -1.000000
vn  3.000000 0.000000 0.000000
vn  0.000000 0.000000 -2.000000
vn  -3.000000 0.000000 0.000000
vn  -2.000000 0.000000 0.000000
vn  0.000000 -0.000934 -2.000000
vn  3.000000 0.000000 0.000000
vn  0.000000 0.000000 -2.000000
vn  0.000000 0.000000 1.000000
vn  -3.000000 0.000000 0.000000
vn  -2.000000 0.000000 0.000000
vn  0.000000 1.414572 -1.413855
vn  1.000000 0.000000 0.000000
vn  0.000000 0.000000 1.000000
vn  0.000000 0.000000 -2.000000
vn  0.000000 0.000000 -1.000000
vn  0.000000 0.000000 -1.000000
vn  0.000000 0.000000 -2.000000
vn  0.000000 0.000000 2.000000
vn  0.000000 0.000000 1.000000
vn  0.000000 0.000000 1.000000
vn  0.000000 0.000000 2.000000
vn  0.000000 0.000001 -2.000000
vn  0.000000 0.000000 -1.000000
vn  0.000000 0.000000 -1.000000
vn  0.000000 0.000001 -2.000000
vn  0.000000 -0.000001 2.000000
vn  0.000000 -0.000000 1.000000
vn  0.000000 -0.000000 1.000000
vn  0.000000 -0.000001 2.000000
vn  0.000000 0.000000 -2.000000
vn  0.000000 0.000000 -1.000000
vn  0.000000 0.000000 -1.000000
vn  0.000000 0.000000 -2.000000
vn  0.000000 0.000000 2.000000
vn  0.000000 0.000000 1.000000
vn  0.000000 0.000000 1.000000
vn  0.000000 0.000000 2.000000
vn  0.000000 0.000000 -2.000000
vn  0.000000 0.000000 -1.000000
vn  0.000000 0.000000 -1.000000
vn  0.000000 0.000000 -2.000000
vn  0.000000 0.000000 2.000000
vn  0.000000 0.000000 1.000000
vn  0.000000 0.000000 1.000000
vn  0.000000 0.000000 2.000000
vn  0.000000 0.000000 -2.000000
vn  0.000000 0.000000 -1.000000
vn  0.000000 0.000000 -1.000000
vn  0.000000 0.000000 -2.000000
vn  0.000000 0.000000 2.000000
vn  0.000000 0.000000 1.000000
vn  0.000000 0.000000 1.000000
vn  0.000000 0.000000 2.000000
vn  0.000000 0.000000 -2.000000
vn  0.000000 0.000000 -1.000000
vn  0.000000 0.000000 -1.000000
vn  0.000000 0.000000 -2.000000
vn  0.000000 0.000000 2.000000
vn  0.000000 0.000000 1.000000
vn  0.000000 0.000000 1.000000
vn  0.000000 0.000000 2.000000
vn  0.000000 0.000000 -2.000000
vn  0.000000 0.000000 -1.000000
vn  0.000000 0.000000 -1.000000
vn  0.000000 0.000000 -2.000000
vn  0.000000 0.000000 2.000000
vn  0.000000 0.000000 1.000000
vn  0.000000 0.000000 1.000000
vn  0.000000 0.000000 2.000000
vn  0.000000 0.000000 -2.000000
vn  0.000000 0.000000 -1.000000
vn  0.000000 0.000000 -1.000000
vn  0.000000 0.000000 -2.000000
vn  0.000000 0.000000 2.000000
vn  0.000000 0.000000 1.000000
vn  0.000000 0.000000 1.000000
vn  0.000000 0.000000 2.000000
vn  0.000000 4.000000 0.000000
vn  -0.000001 0.000000 -2.000000
vn  0.000000 0.000000 -1.000000
vn  -1.000000 0.000000 0.000000
vn  0.000000 -0.000000 1.000000
vn  -1.000000 0.000000 0.000000
vn  0.000000 0.000000 -1.000000
vn  1.000000 0.000000 0.000000
vn  0.000000 -0.000000 1.000000
vn  1.000000 0.000000 0.000000
vn  0.000000 0.000000 -1.000000
vn  0.000000 1.000000 0.000000
vn  -2.000000 0.000000 0.000000
vn  -1.000000 0.000000 0.000000
vn  0.000000 0.000000 -1.000000
vn  -1.000000 0.000000 0.000000
vn  0.000000 0.000000 1.000000
vn  0.000000 3.000000 0.000000
vn  0.000000 2.000000 0.000000
vn  -0.000001 -0.000000 2.000000
vn  0.000000 -0.000000 1.000000
vn  1.000000 0.000000 0.000000
vn  0.000000 0.000000 -1.000000
vn  1.000000 0.000000 0.000000
vn  -1.000000 0.000000 0.000000
vn  -2.000000 0.000000 0.000000
vn  -0.000003 0.000000 -2.000000
vn  2.000000 0.000000 0.000000
vn  -0.000003 0.000000 2.000000
vn  2.000000 0.000000 0.000000
vn  0.000000 0.000000 -2.000000
vn  -0.000003 0.000000 -2.000000
vn  3.000000 0.000000 0.000000
vn  -0.000003 0.000000 2.000000
vn  0.000000 0.000000 2.000000
vn  -3.000000 0.000000 0.000000
vn  0.000000 0.000000 -2.000000
vn  -0.000003 0.000000 -2.000000
vn  -0.000003 0.000000 2.000000
vn  0.000000 0.000000 2.000000
vn  0.000001 0.000000 -2.000000
vn  -0.000001 0.000000 -2.000000
vn  3.000000 0.000000 0.000000
vn  -0.000001 -0.000000 2.000000
vn  -3.000000 0.000000 0.000000
vn  2.000000 0.000000 0.000000
vn  0.000001 -0.000000 2.000000
vn  -3.000000 0.000000 0.000000
vn  -0.000003 0.000000 -2.000000
vn  0.000000 0.000000 -2.000000
vn  2.000000 0.000000 0.000000
vn  0.000000 0.000000 2.000000
vn  -0.000003 0.000000 2.000000
vn  -1.000000 0.000000 0.000000
vn  -1.000000 0.000000 0.000000
vn  -0.000003 0.000000 -2.000000
vn  0.000000 0.000000 -2.000000
vn  2.000000 0.000000 0.000000
vn  0.000000 0.000000 2.000000
vn  -0.000003 0.000000 2.000000
vn  -3.000000 0.000000 0.000000
vn  -0.000003 0.000000 -2.000000
vn  0.000000 0.000000 -2.000000
vn  2.000000 0.000000 0.000000
vn  0.000000 0.000000 2.000000
vn  -2.000000 0.000000 0.000000
vn  3.000000 0.000000 0.000000
vn  -0.000003 0.000000 2.000000
vn  -2.000000 0.000000 0.000000
vn  -0.000001 0.000000 -2.000000
vn  0.000001 0.000000 -2.000000
vn  1.000000 0.000000 0.000000
vn  0.000001 -0.000000 2.000000
vn  -1.000000 0.000000 0.000000
vn  0.000000 0.000000 -1.000000
vn  -0.000001 -0.000000 2.000000
vn  0.000000 0.000000 2.000000
vn  0.000000 0.000003 5.000000
vn  0.000000 0.000000 5.000000
vn  0.000000 0.000000 -2.000000
vn  0.000000 0.000000 2.000000
vn  0.000000 0.000003 4.000000
vn  0.000000 0.000000 6.000000
vn  0.000000 0.706889 0.707324
vn  0.000000 1.413778 1.414649
vn  -2.000000 0.000000 0.000000
vn  0.000000 -1.413621 -1.414806
vn  2.000000 0.000000 0.000000
vn  0.000000 1.413778 1.414649
vn  -2.000000 0.000000 0.000000
vn  0.000000 0.706893 -0.707320
vn  -2.000000 0.000000 0.000000
vn  -1.000000 0.000000 0.000000
vn  0.000000 0.707318 -0.706895
vn  2.000000 0.000137 0.000139
vn  0.000000 0.707318 -0.706895
vn  2.000000 0.000000 0.000000
vn  -2.000000 0.000000 0.000028
vn  0.000000 -1.414360 1.414067
vn  -2.000000 0.000000 0.000000
vn  0.000000 1.414226 -1.414201
vn  1.000000 0.000000 0.000000
vn  0.000000 -1.414360 1.414067
vn  -2.000000 0.000015 0.000014
vn  -1.000000 0.000000 0.000000
vn  0.000000 1.413787 -1.414640
vn  0.000000 1.413787 -1.414640
vn  2.000000 0.000000 0.000000
vn  -1.000000 0.000000 0.000000
vn  0.000000 -1.414360 -1.414067
vn  2.000000 -0.000000 0.000553
vn  0.000000 -1.414360 -1.414067
vn  2.000000 0.000000 0.000000
vn  -2.000000 0.000000 0.000000
vn  3.000000 -0.000297 -0.000552
vn  -2.000000 -0.000007 0.000007
vn  0.000000 0.707249 0.706964
vn  -2.000000 0.000000 0.000000
vn  0.000000 -0.707119 -0.707095
vn  1.000000 0.000000 0.000000
vn  0.000000 0.707181 0.707033
vn  0.000000 0.000000 -1.000000
vn  -3.000000 0.000000 0.000000
vn  -2.000000 0.000000 0.000000
vn  0.000000 0.000935 -2.000000
vn  3.000000 0.000000 0.000000
vn  0.000000 0.000000 -1.000000
vn  0.000000 0.000000 -2.000000
vn  -3.000000 0.000000 0.000000
vn  0.000000 0.000000 -1.000000
vn  0.000000 0.000000 -1.000000
vn  3.000000 0.000000 0.000000
vn  0.000000 0.000000 -2.000000
vn  -3.000000 0.000000 0.000000
vn  -2.000000 0.000000 0.000000
vn  0.000000 -0.000934 -2.000000
vn  3.000000 0.000000 0.000000
vn  0.000000 0.000000 -2.000000
vn  0.000000 0.000000 1.000000
vn  -3.000000 0.000000 0.000000
vn  -2.000000 0.000000 0.000000
vn  0.000000 1.414572 -1.413855
vn  1.000000 0.000000 0.000000
vn  0.000000 0.000000 1.000000
vn  -1.000000 0.000000 0.000000
vn  -2.000000 0.000000 0.000000
vn  0.000000 0.000000 2.000000
vn  -2.000000 0.000000 0.000000
vn  0.000000 -0.000000 -2.000000
vn  -2.000000 0.000000 0.000000
vn  0.000000 0.000000 2.000000
vn  2.000000 0.000000 0.000000
vn  0.000000 -0.000000 -2.000000
vn  2.000000 0.000000 0.000000
vn  0.000000 0.000000 2.000000
vn  2.000000 0.000000 0.000000
vn  -2.000000 0.000000 0.000000
vn  -1.000000 0.000000 0.000000
vn  -2.000000 0.000000 0.000000
vn  -1.000000 0.000000 0.000000
vn  0.000000 0.000000 2.000000
vn  0.000000 0.000000 1.000000
vn  -2.000000 0.000000 0.000000
vn  -1.000000 0.000000 0.000000
vn  0.000000 0.000000 -2.000000
vn  0.000000 0.000000 -1.000000
vn  -2.000000 0.000000 0.000000
vn  -1.000000 0.000000 0.000000
vn  0.000000 0.000000 2.000000
vn  0.000000 0.000000 1.000000
vn  2.000000 0.000000 0.000000
vn  1.000000 0.000000 0.000000
vn  0.000000 0.000000 -2.000000
vn  0.000000 0.000000 -1.000000
vn  2.000000 0.000000 0.000000
vn  1.000000 0.000000 0.000000
vn  0.000000 0.000000 2.000000
vn  0.000000 0.000000 1.000000
vn  2.000000 0.000000 0.000000
vn  1.000000 0.000000 0.000000
vn  -2.000000 0.000000 0.000000
vn  -1.000000 0.000000 0.000000
vn  0.000000 0.000000 1.000000
vn  -1.000000 0.000000 0.000000
vn  0.000000 0.000000 -1.000000
vn  -1.000000 0.000000 0.000000
vn  0.000000 0.000000 1.000000
vn  1.000000 0.000000 0.000000
vn  0.000000 0.000000 -1.000000
vn  1.000000 0.000000 0.000000
vn  0.000000 0.000000 1.000000
vn  1.000000 0.000000 0.000000
vn  -2.000000 -0.000000 0.000000
vn  -1.000000 -0.000000 0.000000
vn  0.000000 0.000000 2.000000
vn  -2.000000 0.000000 0.000000
vn  0.000000 -0.000000 -2.000000
vn  -2.000000 -0.000000 0.000000
vn  0.000000 0.000000 2.000000
vn  2.000000 0.000000 0.000000
vn  0.000000 -0.000000 -2.000000
vn  2.000000 0.000000 0.000000
vn  0.000000 0.000000 2.000000
vn  2.000000 0.000000 0.000000
vn  -2.000000 0.000000 0.000000
vn  -1.000000 0.000000 0.000000
vn  -2.000000 0.000000 0.000000
vn  -1.000000 0.000000 0.000000
vn  0.000000 0.000000 2.000000
vn  0.000000 0.000000 1.000000
vn  -2.000000 0.000000 0.000000
vn  -1.000000 0.000000 0.000000
vn  0.000000 0.000000 -2.000000
vn  0.000000 0.000000 -1.000000
vn  -2.000000 0.000000 0.000000
vn  -1.000000 0.000000 0.000000
vn  0.000000 0.000000 2.000000
vn  0.000000 0.000000 1.000000
vn  2.000000 0.000000 0.000000
vn  1.000000 0.000000 0.000000
vn  0.000000 0.000000 -2.000000
vn  0.000000 0.000000 -1.000000
vn  2.000000 0.000000 0.000000
vn  1.000000 0.000000 0.000000
vn  0.000000 0.000000 2.000000
vn  0.000000 0.000000 1.000000
vn  2.000000 0.000000 0.000000
vn  1.000000 0.000000 0.000000
vn  -2.000000 0.000000 0.000000
vn  -1.000000 0.000000 0.000000
vn  0.000000 0.000000 1.000000
vn  -1.000000 0.000000 0.000000
vn  0.000000 0.000000 -1.000000
vn  -1.000000 0.000000 0.000000
vn  0.000000 0.000000 1.000000
vn  1.000000 0.000000 0.000000
vn  0.000000 0.000000 -1.000000
vn  1.000000 0.000000 0.000000
vn  0.000000 0.000000 1.000000
vn  1.000000 0.000000 0.000000
vn  -2.000000 -0.000000 0.000000
vn  -1.000000 -0.000000 0.000000
vn  0.000000 0.000000 2.000000
vn  -2.000000 0.000000 0.000000
vn  0.000000 -0.000000 -2.000000
vn  -2.000000 -0.000000 0.000000
vn  0.000000 0.000000 2.000000
vn  2.000000 0.000000 0.000000
vn  0.000000 -0.000000 -2.000000
vn  2.000000 0.000000 0.000000
vn  0.000000 0.000000 2.000000
vn  2.000000 0.000000 0.000000
vn  0.000000 -0.000001 -2.000000
vn  0.000000 -0.000001 -1.000000
vn  0.000000 -0.000001 -2.000000
vn  0.000000 -0.000001 -1.000000
vn  -0.000000 0.000001 2.000000
vn  -0.000000 0.000001 1.000000
vn  -0.000000 0.000001 2.000000
vn  -0.000000 0.000001 1.000000
vn  0.000000 0.000000 -2.000000
vn  0.000000 0.000000 -1.000000
vn  0.000000 0.000000 -2.000000
vn  0.000000 0.000000 -1.000000
vn  0.000000 0.000000 2.000000
vn  0.000000 0.000000 1.000000
vn  0.000000 0.000000 2.000000
vn  0.000000 0.000000 1.000000
vn  0.000000 0.000000 -2.000000
vn  0.000000 0.000000 -1.000000
vn  0.000000 0.000000 -2.000000
vn  0.000000 0.000000 -1.000000
vn  0.000000 0.000000 2.000000
vn  0.000000 0.000000 1.000000
vn  0.000000 0.000000 2.000000
vn  0.000000 0.000000 1.000000
vn  0.000000 -0.000001 -2.000000
vn  0.000000 -0.000001 -1.000000
vn  0.000000 -0.000001 -2.000000
vn  0.000000 -0.000001 -1.000000
vn  0.000000 0.000001 2.000000
vn  0.000000 0.000001 1.000000
vn  0.000000 0.000001 2.000000
vn  0.000000 0.000001 1.000000
vn  0.000000 0.000000 -2.000000
vn  0.000000 0.000000 -1.000000
vn  0.000000 0.000000 -2.000000
vn  0.000000 0.000000 -1.000000
vn  0.000000 0.000000 2.000000
vn  0.000000 0.000000 1.000000
vn  0.000000 0.000000 2.000000
vn  0.000000 0.000000 1.000000
vn  0.000000 0.000000 -2.000000
vn  0.000000 0.000000 -1.000000
vn  0.000000 0.000000 -2.000000
vn  0.000000 0.000000 -1.000000
vn  0.000000 0.000000 2.000000
vn  0.000000 0.000000 1.000000
vn  0.000000 0.000000 2.000000
vn  0.000000 0.000000 1.000000
vn  0.000000 0.000000 -2.000000
vn  0.000000 0.000000 -1.000000
vn  0.000000 0.000000 -2.000000
vn  0.000000 0.000000 -1.000000
vn  0.000000 0.000000 2.000000
vn  0.000000 0.000000 1.000000
vn  0.000000 0.000000 2.000000
vn  0.000000 0.000000 1.000000
vn  0.000000 0.000000 -2.000000
vn  0.000000 0.000000 -1.000000
vn  0.000000 0.000000 -2.000000
vn  0.000000 0.000000 -1.000000
vn  0.000000 0.000000 2.000000
vn  0.000000 0.000000 1.000000
vn  0.000000 0.000000 2.000000
vn  0.000000 0.000000 1.000000
vn  0.000000 -0.000001 -2.000000
vn  0.000000 -0.000001 -1.000000
vn  0.000000 -0.000001 -2.000000
vn  0.000000 -0.000001 -1.000000
vn  -0.000000 0.000001 2.000000
vn  -0.000000 0.000001 1.000000
vn  -0.000000 0.000001 2.000000
vn  -0.000000 0.000001 1.000000
vn  0.000000 -0.000001 -2.000000
vn  0.000000 -0.000001 -1.000000
vn  0.000000 -0.000001 -2.000000
vn  0.000000 -0.000001 -1.000000
vn  -0.000000 0.000001 2.000000
vn  -0.000000 0.000001 1.000000
vn  -0.000000 0.000001 2.000000
vn  -0.000000 0.000001 1.000000
vn  0.000000 0.000000 2.000000
vn  -2.000000 -0.000000 0.000009
vn  -1.000000 0.000000 0.000000
vn  0.000000 0.000000 1.000000
vn  1.000000 0.000000 0.000000
vn  0.000000 0.000000 1.000000
vn  -1.000000 0.000000 0.000000
vn  0.000000 0.000000 -1.000000
vn  1.000000 0.000000 0.000000
vn  0.000000 0.000000 -1.000000
vn  -1.000000 -0.000000 0.000000
vn  0.000000 0.000000 -1.000000
vn  0.000000 0.000000 2.000000
vn  0.000000 0.000000 1.000000
vn  -10.000000 -0.000000 0.000012
vn  0.000000 0.000000 2.000000
vn  2.000000 0.000000 0.000000
vn  0.000000 0.000000 2.000000
vn  -2.000000 0.000000 0.000000
vn  0.000000 0.000000 -2.000000
vn  2.000000 0.000000 0.000000
vn  0.000000 0.000000 -2.000000
vn  -2.000000 0.000000 0.000000
vn  0.000000 0.000000 -1.000000
vn  0.000000 0.000000 2.000000
vn  0.000000 0.000000 1.000000
vn  -1.000000 0.000000 0.000000
vn  0.000000 0.000000 1.000000
vn  1.000000 0.000000 0.000000
vn  0.000000 0.000000 1.000000
vn  -1.000000 0.000467 0.000000
vn  2.000000 0.000000 0.000009
vn  1.000000 0.000000 0.000000
vn  0.000000 0.000000 -1.000000
vn  -1.000000 0.000000 0.000000
vn  0.000000 0.000000 -1.000000
vn  0.000000 0.000000 1.000000
vn  0.000000 0.000000 2.000000
vn  -2.000000 0.000000 0.000000
vn  0.000000 0.000000 2.000000
vn  2.000000 0.000000 0.000000
vn  0.000000 0.000000 1.000000
vn  -1.000000 -0.000467 0.000000
vn  0.000000 0.000000 -1.000000
vn  10.000000 0.000000 0.000012
vn  0.000000 0.000000 -2.000000
vn  -2.000000 0.000000 0.000000
vn  0.000000 0.000000 -2.000000
vn  0.000000 0.000000 1.000000
vn  0.000000 0.000000 2.000000
vn  -2.000000 0.000000 0.000000
vn  0.000000 0.000000 -2.000000
vn  2.000000 0.000000 0.000000
vn  0.000000 0.000000 -2.000000
vn  -2.000000 0.000000 0.000000
vn  -2.000000 0.000000 0.000000
vn  0.000000 0.000000 -3.000000
vn  2.000000 0.000000 0.000000
vn  2.000000 0.000000 0.000000
vn  0.000000 0.000000 3.000000
vn  -2.000000 0.000000 0.000000
vn  -2.000000 0.000000 0.000000
vn  2.000000 0.000000 0.000000
vn  2.000000 0.000000 0.000000
vn  -2.000000 0.000000 -0.000001
vn  -2.000000 0.000000 -0.000002
vn  0.000000 0.000000 -3.000000
vn  2.000000 -0.000000 -0.000002
vn  0.000000 0.000000 3.000000
vn  0.000000 0.000000 -2.000000
vn  2.000000 -0.000000 -0.000001
vn  0.000000 0.000000 3.000000
vn  -2.000000 -0.000000 0.000010
vn  -2.000000 -0.000000 -0.000001
vn  0.000000 0.000000 -2.000000
vn  2.000000 0.000000 -0.000001
vn  2.000000 0.000000 0.000010
vn  0.000000 0.000000 1.000000
vn  0.000000 0.000000 1.000000
vn  -2.000000 0.000000 0.000003
vn  -2.000000 0.000000 -0.000003
vn  0.000000 0.000000 -2.000000
vn  2.000000 0.000000 -0.000003
vn  2.000000 0.000000 0.000003
vn  0.000000 0.000000 3.000000
vn  -2.000000 0.000000 0.000003
vn  -2.000000 0.000000 -0.000003
vn  0.000000 0.000000 -2.000000
vn  2.000000 0.000000 -0.000003
vn  0.000000 0.000000 2.000000
vn  0.000000 0.000000 -3.000000
vn  2.000000 0.000000 0.000003
vn  0.000000 0.000000 2.000000
vn  -2.000000 0.000000 0.000001
vn  -2.000000 0.000000 -0.000003
vn  0.000000 0.000000 -1.000000
vn  2.000000 -0.000000 -0.000003
vn  0.000000 0.000000 1.000000
vn  -1.000000 0.000000 0.000000
vn  2.000000 -0.000000 0.000001
vn  2.000000 0.000000 0.000000
vn  5.000000 0.000003 0.000000
vn  5.000000 0.000000 0.000000
vn  -2.000000 0.000000 0.000000
vn  2.000000 0.000000 0.000000
vn  4.000000 0.000003 0.000000
vn  6.000000 0.000000 0.000000
vn  0.707324 0.706889 0.000000
vn  1.414648 1.413779 0.000000
vn  -0.000000 0.000000 2.000000
vn  -1.414806 -1.413621 -0.000000
vn  0.000000 -0.000000 -2.000000
vn  1.414648 1.413779 0.000001
vn  -0.000000 -0.000000 2.000000
vn  -0.707320 0.706893 0.000000
vn  -0.000000 0.000000 2.000000
vn  -0.000000 0.000000 1.000000
vn  -0.706895 0.707318 -0.000000
vn  0.000139 0.000137 -2.000000
vn  -0.706895 0.707318 -0.000000
vn  0.000000 -0.000000 -2.000000
vn  0.000028 0.000000 2.000000
vn  1.414067 -1.414360 0.000000
vn  -0.000000 0.000000 2.000000
vn  -1.414201 1.414227 -0.000000
vn  0.000000 -0.000000 -1.000000
vn  1.414067 -1.414360 0.000000
vn  0.000014 0.000015 2.000000
vn  0.000000 -0.000000 1.000000
vn  -1.414640 1.413787 -0.000000
vn  -1.414640 1.413787 0.000000
vn  0.000000 0.000000 -2.000000
vn  -0.000000 -0.000000 1.000000
vn  -1.414067 -1.414360 -0.000000
vn  0.000553 -0.000000 -2.000000
vn  -1.414067 -1.414360 -0.000000
vn  0.000000 0.000000 -2.000000
vn  -0.000000 -0.000000 2.000000
vn  -0.000552 -0.000297 -3.000000
vn  0.000007 -0.000007 2.000000
vn  0.706964 0.707249 0.000000
vn  -0.000000 0.000000 2.000000
vn  -0.707095 -0.707119 -0.000000
vn  0.000000 -0.000000 -1.000000
vn  0.707033 0.707181 0.000000
vn  -1.000000 0.000000 0.000000
vn  0.000000 0.000000 3.000000
vn  0.000000 0.000000 2.000000
vn  -2.000000 0.000934 0.000000
vn  0.000000 0.000000 -3.000000
vn  -1.000000 0.000000 0.000000
vn  -2.000000 0.000000 0.000000
vn  0.000000 0.000000 3.000000
vn  -1.000000 0.000000 0.000000
vn  -1.000000 0.000000 0.000000
vn  0.000000 0.000000 -3.000000
vn  -2.000000 0.000000 0.000000
vn  0.000000 0.000000 3.000000
vn  0.000000 0.000000 2.000000
vn  -2.000000 -0.000934 0.000000
vn  0.000000 0.000000 -3.000000
vn  -2.000000 0.000000 0.000000
vn  1.000000 0.000000 0.000000
vn  0.000000 0.000000 3.000000
vn  -0.000000 -0.000000 2.000000
vn  -1.413855 1.414572 -0.000000
vn  0.000000 0.000000 -1.000000
vn  1.000000 0.000000 0.000000
vn  0.000000 0.000000 2.000000
vn  0.000000 0.000000 1.000000
vn  -10.000000 0.000000 0.000005
vn  0.000000 0.000000 2.000000
vn  2.000000 -0.000000 0.000000
vn  0.000000 0.000000 2.000000
vn  -2.000000 0.000000 0.000000
vn  0.000000 0.000000 -2.000000
vn  2.000000 -0.000000 0.000000
vn  0.000000 0.000000 -2.000000
vn  -2.000000 0.000000 0.000001
vn  0.000000 0.000000 -1.000000
vn  0.000000 0.000000 1.000000
vn  0.000000 0.000000 2.000000
vn  -2.000000 0.000000 0.000000
vn  0.000000 0.000000 2.000000
vn  2.000000 -0.000000 0.000001
vn  0.000000 0.000000 1.000000
vn  -1.000000 -0.000467 0.000000
vn  0.000000 0.000000 -1.000000
vn  10.000000 -0.000000 0.000005
vn  0.000000 0.000000 -2.000000
vn  -2.000000 0.000000 0.000000
vn  0.000000 0.000000 -2.000000
vn  0.000000 0.000000 1.000000
vn  0.000000 0.000000 2.000000
vn  -2.000000 0.000000 0.000003
vn  0.000000 0.000000 -2.000000
vn  2.000000 0.000000 0.000003
vn  0.000000 0.000000 -2.000000
vn  -2.000000 0.000000 0.000000
vn  -2.000000 0.000000 0.000003
vn  0.000000 0.000000 -3.000000
vn  2.000000 0.000000 0.000003
vn  2.000000 0.000000 0.000000
vn  0.000000 0.000000 3.000000
vn  -2.000000 0.000000 0.000000
vn  -2.000000 0.000000 0.000003
vn  2.000000 0.000000 0.000003
vn  2.000000 0.000000 0.000000
vn  -2.000000 0.000000 -0.000001
vn  -2.000000 0.000000 0.000001
vn  0.000000 0.000000 -3.000000
vn  2.000000 -0.000000 0.000001
vn  0.000000 0.000000 3.000000
vn  0.000000 0.000000 -2.000000
vn  2.000000 -0.000000 -0.000001
vn  0.000000 0.000000 3.000000
vn  -2.000000 0.000000 0.000003
vn  -2.000000 0.000000 0.000000
vn  0.000000 0.000000 -2.000000
vn  2.000000 0.000000 0.000000
vn  2.000000 0.000000 0.000003
vn  0.000000 0.000000 1.000000
vn  0.000000 0.000000 1.000000
vn  -2.000000 0.000000 0.000003
vn  -2.000000 0.000000 0.000000
vn  0.000000 0.000000 -2.000000
vn  2.000000 0.000000 0.000000
vn  2.000000 0.000000 0.000003
vn  0.000000 0.000000 3.000000
vn  -2.000000 0.000000 0.000003
vn  -2.000000 0.000000 0.000000
vn  0.000000 0.000000 -2.000000
vn  2.000000 0.000000 0.000000
vn  0.000000 0.000000 2.000000
vn  0.000000 0.000000 -3.000000
vn  2.000000 0.000000 0.000003
vn  0.000000 0.000000 2.000000
vn  -2.000000 0.000000 0.000001
vn  -2.000000 0.000000 -0.000001
vn  0.000000 0.000000 -1.000000
vn  2.000000 -0.000000 -0.000001
vn  0.000000 0.000000 1.000000
vn  -1.000000 0.000000 0.000000
vn  2.000000 -0.000000 0.000001
vn  2.000000 0.000000 0.000000
vn  5.000000 0.000003 0.000000
vn  5.000000 0.000000 0.000000
vn  -2.000000 0.000000 0.000000
vn  2.000000 0.000000 0.000000
vn  4.000000 0.000003 0.000000
vn  6.000000 0.000000 0.000000
vn  0.707324 0.706889 0.000000
vn  1.414648 1.413779 0.000000
vn  -0.000000 0.000000 2.000000
vn  -1.414806 -1.413621 -0.000000
vn  0.000000 -0.000000 -2.000000
vn  1.414648 1.413779 0.000000
vn  -0.000000 -0.000000 2.000000
vn  -0.707320 0.706893 0.000000
vn  -0.000000 0.000000 2.000000
vn  -0.000000 0.000000 1.000000
vn  -0.706895 0.707318 -0.000000
vn  0.000139 0.000137 -2.000000
vn  -0.706895 0.707318 -0.000000
vn  0.000000 -0.000000 -2.000000
vn  0.000028 0.000000 2.000000
vn  1.414067 -1.414360 0.000000
vn  -0.000000 0.000000 2.000000
vn  -1.414201 1.414227 -0.000000
vn  0.000000 -0.000000 -1.000000
vn  1.414067 -1.414360 0.000000
vn  0.000014 0.000015 2.000000
vn  0.000000 -0.000000 1.000000
vn  -1.414640 1.413787 -0.000000
vn  -1.414640 1.413787 0.000000
vn  0.000000 0.000000 -2.000000
vn  -0.000000 -0.000000 1.000000
vn  -1.414067 -1.414360 -0.000000
vn  0.000553 -0.000000 -2.000000
vn  -1.414067 -1.414360 -0.000000
vn  0.000000 0.000000 -2.000000
vn  -0.000000 -0.000000 2.000000
vn  -0.000552 -0.000297 -3.000000
vn  0.000007 -0.000007 2.000000
vn  0.706964 0.707249 0.000000
vn  -0.000000 0.000000 2.000000
vn  -0.707094 -0.707119 -0.000000
vn  0.000000 -0.000000 -1.000000
vn  0.707033 0.707181 0.000000
vn  -1.000000 0.000000 0.000000
vn  0.000000 0.000000 3.000000
vn  0.000000 0.000000 2.000000
vn  -2.000000 0.000935 0.000000
vn  0.000000 0.000000 -3.000000
vn  -1.000000 0.000000 0.000000
vn  -2.000000 0.000000 0.000000
vn  0.000000 0.000000 3.000000
vn  -1.000000 0.000000 0.000000
vn  -1.000000 0.000000 0.000000
vn  0.000000 0.000000 -3.000000
vn  -2.000000 0.000000 0.000000
vn  0.000000 0.000000 3.000000
vn  0.000000 0.000000 2.000000
vn  -2.000000 -0.000934 0.000000
vn  0.000000 0.000000 -3.000000
vn  -2.000000 0.000000 0.000000
vn  1.000000 0.000000 0.000000
vn  0.000000 0.000000 3.000000
vn  -0.000000 -0.000000 2.000000
vn  -1.413855 1.414572 -0.000000
vn  0.000000 0.000000 -1.000000
vn  1.000000 0.000000 0.000000
vn  0.000000 4.000000 0.000000
vn  -2.000000 0.000000 0.000001
vn  -1.000000 0.000000 0.000000
vn  0.000000 0.000000 1.000000
vn  1.000000 -0.000000 0.000000
vn  0.000000 0.000000 1.000000
vn  -1.000000 0.000000 0.000000
vn  0.000000 0.000000 -1.000000
vn  1.000000 -0.000000 0.000000
vn  0.000000 0.000000 -1.000000
vn  -1.000000 0.000000 0.000000
vn  0.000000 1.000000 0.000000
vn  0.000000 0.000000 2.000000
vn  0.000000 0.000000 1.000000
vn  -1.000000 0.000000 0.000000
vn  0.000000 0.000000 1.000000
vn  1.000000 0.000000 0.000000
vn  0.000000 3.000000 0.000000
vn  0.000000 2.000000 0.000000
vn  2.000000 -0.000000 0.000001
vn  1.000000 -0.000000 0.000000
vn  0.000000 0.000000 -1.000000
vn  -1.000000 0.000000 0.000000
vn  0.000000 0.000000 -1.000000
vn  0.000000 0.000000 1.000000
vn  0.000000 0.000000 2.000000
vn  -2.000000 0.000000 0.000003
vn  0.000000 0.000000 -2.000000
vn  2.000000 0.000000 0.000003
vn  0.000000 0.000000 -2.000000
vn  -2.000000 0.000000 0.000000
vn  -2.000000 0.000000 0.000003
vn  0.000000 0.000000 -3.000000
vn  2.000000 0.000000 0.000003
vn  2.000000 0.000000 0.000000
vn  0.000000 0.000000 3.000000
vn  -2.000000 0.000000 0.000000
vn  -2.000000 0.000000 0.000003
vn  2.000000 0.000000 0.000003
vn  2.000000 0.000000 0.000000
vn  -2.000000 0.000000 -0.000001
vn  -2.000000 0.000000 0.000001
vn  0.000000 0.000000 -3.000000
vn  2.000000 -0.000000 0.000001
vn  0.000000 0.000000 3.000000
vn  0.000000 0.000000 -2.000000
vn  2.000000 -0.000000 -0.000001
vn  0.000000 0.000000 3.000000
vn  -2.000000 0.000000 0.000003
vn  -2.000000 0.000000 0.000000
vn  0.000000 0.000000 -2.000000
vn  2.000000 0.000000 0.000000
vn  2.000000 0.000000 0.000003
vn  0.000000 0.000000 1.000000
vn  0.000000 0.000000 1.000000
vn  -2.000000 0.000000 0.000003
vn  -2.000000 0.000000 0.000000
vn  0.000000 0.000000 -2.000000
vn  2.000000 0.000000 0.000000
vn  2.000000 0.000000 0.000003
vn  0.000000 0.000000 3.000000
vn  -2.000000 0.000000 0.000003
vn  -2.000000 0.000000 0.000000
vn  0.000000 0.000000 -2.000000
vn  2.000000 0.000000 0.000000
vn  0.000000 0.000000 2.000000
vn  0.000000 0.000000 -3.000000
vn  2.000000 0.000000 0.000003
vn  0.000000 0.000000 2.000000
vn  -2.000000 0.000000 0.000001
vn  -2.000000 0.000000 -0.000001
vn  0.000000 0.000000 -1.000000
vn  2.000000 -0.000000 -0.000001
vn  0.000000 0.000000 1.000000
vn  -1.000000 0.000000 0.000000
vn  2.000000 -0.000000 0.000001
vn  2.000000 0.000000 0.000000
vn  5.000000 0.000003 0.000000
vn  5.000000 0.000000 0.000000
vn  -2.000000 0.000000 0.000000
vn  2.000000 0.000000 0.000000
vn  4.000000 0.000003 0.000000
vn  6.000000 0.000000 0.000000
vn  0.707324 0.706889 0.000000
vn  1.414649 1.413778 0.000000
vn  -0.000000 0.000000 2.000000
vn  -1.414806 -1.413621 -0.000000
vn  0.000000 -0.000000 -2.000000
vn  1.414649 1.413778 0.000000
vn  -0.000000 -0.000000 2.000000
vn  -0.707320 0.706893 0.000000
vn  -0.000000 0.000000 2.000000
vn  -0.000000 0.000000 1.000000
vn  -0.706895 0.707318 -0.000000
vn  0.000139 0.000137 -2.000000
vn  -0.706895 0.707318 -0.000000
vn  0.000000 -0.000000 -2.000000
vn  0.000028 0.000000 2.000000
vn  1.414067 -1.414360 0.000000
vn  -0.000000 0.000000 2.000000
vn  -1.414201 1.414226 -0.000000
vn  0.000000 -0.000000 -1.000000
vn  1.414067 -1.414360 0.000000
vn  0.000014 0.000015 2.000000
vn  0.000000 -0.000000 1.000000
vn  -1.414640 1.413787 -0.000000
vn  -1.414640 1.413787 0.000000
vn  0.000000 0.000000 -2.000000
vn  -0.000000 -0.000000 1.000000
vn  -1.414067 -1.414360 -0.000000
vn  0.000553 -0.000000 -2.000000
vn  -1.414067 -1.414360 -0.000000
vn  0.000000 0.000000 -2.000000
vn  -0.000000 -0.000000 2.000000
vn  -0.000552 -0.000297 -3.000000
vn  0.000007 -0.000007 2.000000
vn  0.706964 0.707249 0.000000
vn  -0.000000 0.000000 2.000000
vn  -0.707095 -0.707119 -0.000000
vn  0.000000 -0.000000 -1.000000
vn  0.707033 0.707181 0.000000
vn  -1.000000 0.000000 0.000000
vn  0.000000 0.000000 3.000000
vn  0.000000 0.000000 2.000000
vn  -2.000000 0.000935 0.000000
vn  0.000000 0.000000 -3.000000
vn  -1.000000 0.000000 0.000000
vn  -2.000000 0.000000 0.000000
vn  0.000000 0.000000 3.000000
vn  -1.000000 0.000000 0.000000
vn  -1.000000 0.000000 0.000000
vn  0.000000 0.000000 -3.000000
vn  -2.000000 0.000000 0.000000
vn  0.000000 0.000000 3.000000
vn  0.000000 0.000000 2.000000
vn  -2.000000 -0.000934 0.000000
vn  0.000000 0.000000 -3.000000
vn  -2.000000 0.000000 0.000000
vn  1.000000 0.000000 0.000000
vn  0.000000 0.000000 3.000000
vn  -0.000000 -0.000000 2.000000
vn  -1.413855 1.414572 -0.000000
vn  0.000000 0.000000 -1.000000
vn  1.000000 0.000000 0.000000
# 1784 vertex normals

g beam
usemtl ENV_ARC_TBeam_16x256_V01_M
s 1
f 50/102/50 14/38/14 13/37/13 49/101/49
s 2
f 50/102/50 55/109/55 15/39/15 14/38/14
f 61/117/61 65/125/65 15/39/15 55/109/55
f 94/158/94 86/150/86 15/39/15 65/125/65
f 80/142/80 73/133/73 15/39/15 86/150/86
f 2/26/2 3/27/3 15/39/15 73/133/73
s 1
f 16/40/16 15/39/15 3/27/3 4/28/4
s 2
f 17/41/17 16/40/16 4/28/4 5/29/5
s 1
f 18/42/18 17/41/17 5/29/5 6/30/6
s 2
f 19/43/19 18/42/18 6/30/6 7/31/7
s 1
f 20/44/20 19/43/19 7/31/7 8/32/8
s 2
f 21/45/21 20/44/20 8/32/8 9/33/9
s 1
f 22/46/22 21/50/21 9/49/9 10/34/10
s 2
f 10/34/10 51/103/51 23/47/23 22/46/22
f 74/134/74 81/143/81 10/34/10 11/35/11
f 87/151/87 95/159/95 10/34/10 81/143/81
f 66/126/66 62/118/62 10/34/10 95/159/95
f 56/110/56 51/103/51 10/34/10 62/118/62
s 1
f 52/104/52 24/48/24 23/47/23 51/103/51
s 2
f 49/101/49 13/37/13 24/48/24 52/104/52
s 1
f 38/88/38 37/87/37 25/75/25 26/76/26
s 2
f 39/89/39 38/88/38 26/76/26 27/77/27
s 1
f 40/90/40 39/89/39 27/77/27 28/78/28
s 2
f 28/78/28 53/105/53 41/91/41 40/90/40
f 76/136/76 83/145/83 28/78/28 29/79/29
f 89/153/89 97/161/97 28/78/28 83/145/83
f 68/128/68 63/120/63 28/78/28 97/161/97
f 58/112/58 53/105/53 28/78/28 63/120/63
s 1
f 159/106/159 42/92/42 41/91/41 53/105/53
s 2
f 160/107/160 43/93/43 42/92/42 159/106/159
s 1
f 54/108/54 44/94/44 43/93/43 160/107/160
s 2
f 54/108/54 59/115/59 45/95/45 44/94/44
f 64/123/64 71/131/71 45/95/45 59/115/59
f 100/164/100 92/156/92 45/95/45 71/131/71
f 84/148/84 77/139/77 45/95/45 92/156/92
f 32/82/32 33/83/33 45/95/45 77/139/77
s 1
f 46/96/46 45/100/45 33/99/33 34/84/34
s 2
f 47/97/47 46/96/46 34/84/34 35/85/35
s 1
f 48/98/48 47/97/47 35/85/35 36/86/36
s 2
f 37/87/37 48/98/48 36/86/36 25/75/25
s 1
f 50/102/50 49/101/49 60/116/60 55/109/55
f 52/104/52 51/103/51 56/110/56 57/111/57
f 159/106/159 53/105/53 58/112/58 158/113/158
f 54/108/54 160/107/160 161/114/161 59/115/59
f 55/109/55 60/116/60 164/124/164 61/117/61
f 57/111/57 56/110/56 62/118/62 167/119/167
s 2
f 105/171/105 57/111/57 167/119/167 168/172/168
s 1
f 158/113/158 58/112/58 63/120/63 153/121/153
f 59/115/59 161/114/161 156/122/156 64/123/64
f 61/117/61 164/124/164 72/132/72 65/125/65
f 167/119/167 62/118/62 66/126/66 67/127/67
f 153/121/153 63/120/63 68/128/68 69/129/69
f 64/123/64 156/122/156 70/130/70 71/131/71
f 65/125/65 72/132/72 93/157/93 94/158/94
f 67/127/67 66/126/66 95/159/95 96/160/96
s 2
f 72/132/72 67/127/67 96/160/96 93/157/93
s 1
f 69/129/69 68/128/68 97/161/97 98/162/98
s 2
f 70/130/70 69/129/69 98/162/98 99/163/99
s 1
f 71/131/71 70/130/70 99/163/99 100/164/100
f 73/133/73 78/140/78 1/25/1 2/26/2
f 75/135/75 74/134/74 11/35/11 12/36/12
s 2
f 78/140/78 75/135/75 12/36/12 1/25/1
s 1
f 148/137/148 76/136/76 29/79/29 30/80/30
s 2
f 149/138/149 148/137/148 30/80/30 31/81/31
s 1
f 77/139/77 149/138/149 31/81/31 32/82/32
f 80/142/80 79/141/79 78/140/78 73/133/73
f 82/144/82 81/143/81 74/134/74 75/135/75
s 4
f 79/141/79 102/167/102 75/135/75 78/140/78
f 106/173/106 82/144/82 75/135/75 102/167/102
s 1
f 147/146/147 83/145/83 76/136/76 148/137/148
f 84/148/84 150/147/150 149/138/149 77/139/77
f 86/150/86 85/149/85 79/141/79 80/142/80
f 88/152/88 87/151/87 81/143/81 82/144/82
s 4
f 107/174/107 88/152/88 82/144/82 106/173/106
s 1
f 90/154/90 89/153/89 83/145/83 147/146/147
s 2
f 104/170/104 90/154/90 147/146/147 146/168/146
s 1
f 92/156/92 91/155/91 150/147/150 84/148/84
f 94/158/94 93/157/93 85/149/85 86/150/86
f 96/160/96 95/159/95 87/151/87 88/152/88
s 4
f 93/157/93 107/174/107 103/169/103 85/149/85
f 93/157/93 96/160/96 88/152/88 107/174/107
s 1
f 98/162/98 97/161/97 89/153/89 90/154/90
f 100/164/100 99/163/99 91/155/91 92/156/92
s 2
f 101/165/101 163/166/163 164/124/164 60/116/60
s 4
f 103/169/103 102/167/102 79/141/79 85/149/85
f 107/174/107 106/173/106 102/167/102 103/169/103
s 2
f 152/176/152 151/175/151 150/147/150 91/155/91
f 157/180/157 158/177/158 153/178/153 154/179/154
f 162/184/162 155/181/155 156/182/156 161/183/161
s 1
f 114/193/114 129/192/129 98/257/98 90/245/90
s 4
f 130/194/130 114/193/114 90/245/90 104/246/104
s 1
f 122/206/122 128/213/128 104/246/104 146/247/146
s 4
f 131/196/131 115/195/115 152/254/152 91/255/91
s 1
f 132/197/132 131/196/131 91/255/91 99/256/99
s 4
f 129/192/129 132/197/132 99/256/99 98/257/98
f 123/207/123 122/206/122 146/247/146 147/248/147
s 1
f 124/208/124 123/207/123 147/248/147 148/249/148
s 4
f 125/209/125 124/208/124 148/249/148 149/250/149
s 1
f 150/251/150 126/210/126 125/209/125 149/250/149
s 4
f 127/211/127 126/210/126 150/251/150 151/252/151
s 1
f 139/214/139 151/253/151 152/254/152 115/195/115
s 2
f 109/222/109 108/221/108 103/286/103 85/287/85
s 1
f 110/223/110 109/222/109 85/287/85 93/288/93
s 8
f 111/224/111 110/223/110 93/288/93 96/289/96
s 1
f 112/225/112 111/224/111 96/289/96 88/290/88
s 2
f 113/226/113 112/225/112 88/290/88 107/291/107
s 8
f 135/230/135 139/235/139 107/292/107 106/293/106
s 1
f 79/284/79 133/228/133 138/233/138 78/296/78
s 2
f 134/229/134 133/228/133 79/284/79 102/285/102
s 8
f 128/234/128 102/285/102 103/286/103 108/221/108
s 2
f 136/231/136 135/230/135 106/293/106 82/294/82
s 1
f 137/232/137 136/231/136 82/294/82 75/295/75
s 8
f 138/233/138 137/232/137 75/295/75 78/296/78
s 1
f 153/259/153 69/258/69 129/215/129 114/216/114
s 8
f 154/260/154 153/259/153 114/216/114 130/217/130
s 1
f 140/236/140 157/264/157 130/217/130 128/243/128
s 4
f 158/265/158 157/264/157 140/236/140 141/237/141
s 1
f 142/238/142 159/266/159 158/265/158 141/237/141
s 4
f 160/267/160 159/266/159 142/238/142 143/239/143
s 1
f 161/268/161 160/267/160 143/239/143 144/240/144
s 4
f 162/269/162 161/268/161 144/240/144 145/241/145
s 1
f 115/218/115 155/261/155 145/242/145 139/244/139
s 8
f 156/262/156 155/261/155 115/218/115 131/219/131
s 1
f 70/263/70 156/262/156 131/219/131 132/220/132
s 8
f 69/258/69 70/263/70 132/220/132 129/215/129
s 1
f 60/279/60 49/271/49 116/198/116 117/199/117
s 4
f 101/280/101 60/279/60 117/199/117 118/200/118
s 8
f 108/185/108 163/272/163 118/200/118 128/204/128
s 4
f 164/273/164 163/272/163 108/185/108 109/186/109
s 1
f 165/274/165 164/273/164 109/186/109 110/187/110
s 2
f 166/275/166 165/274/165 110/187/110 111/188/111
s 1
f 167/276/167 166/275/166 111/188/111 112/189/112
s 4
f 168/277/168 167/276/167 112/189/112 113/190/113
s 8
f 119/201/119 105/281/105 113/191/113 139/205/139
s 4
f 57/282/57 105/281/105 119/201/119 120/202/120
s 1
f 121/203/121 52/283/52 57/282/57 120/202/120
s 4
f 49/271/49 52/283/52 121/203/121 116/198/116
s 1
f 169/305/169 171/307/171 172/308/172 170/306/170
f 173/317/173 174/318/174 176/320/176 175/319/175
s 2
f 169/301/169 170/302/170 174/304/174 173/303/173
s 4
f 170/309/170 172/310/172 176/312/176 174/311/174
s 2
f 172/314/172 171/313/171 175/315/175 176/316/176
s 4
f 171/298/171 169/297/169 173/299/173 175/300/175
s 1
f 177/329/177 179/331/179 180/332/180 178/330/178
f 181/341/181 182/342/182 184/344/184 183/343/183
s 2
f 177/325/177 178/326/178 182/328/182 181/327/181
s 4
f 178/333/178 180/334/180 184/336/184 182/335/182
s 2
f 180/338/180 179/337/179 183/339/183 184/340/184
s 4
f 179/322/179 177/321/177 181/323/181 183/324/183
s 1
f 185/353/185 187/355/187 188/356/188 186/354/186
f 189/365/189 190/366/190 192/368/192 191/367/191
s 2
f 185/349/185 186/350/186 190/352/190 189/351/189
s 4
f 186/357/186 188/358/188 192/360/192 190/359/190
s 2
f 188/362/188 187/361/187 191/363/191 192/364/192
s 4
f 187/346/187 185/345/185 189/347/189 191/348/191
s 1
f 193/377/193 195/379/195 196/380/196 194/378/194
f 197/389/197 198/390/198 200/392/200 199/391/199
s 2
f 193/373/193 194/374/194 198/376/198 197/375/197
s 4
f 194/381/194 196/382/196 200/384/200 198/383/198
s 2
f 196/386/196 195/385/195 199/387/199 200/388/200
s 4
f 195/370/195 193/369/193 197/371/197 199/372/199
s 1
f 201/401/201 203/403/203 204/404/204 202/402/202
f 205/413/205 206/414/206 208/416/208 207/415/207
s 2
f 201/397/201 202/398/202 206/400/206 205/399/205
s 4
f 202/405/202 204/406/204 208/408/208 206/407/206
s 2
f 204/410/204 203/409/203 207/411/207 208/412/208
s 4
f 203/394/203 201/393/201 205/395/205 207/396/207
s 1
f 209/425/209 211/427/211 212/428/212 210/426/210
f 213/437/213 214/438/214 216/440/216 215/439/215
s 2
f 209/421/209 210/422/210 214/424/214 213/423/213
s 4
f 210/429/210 212/430/212 216/432/216 214/431/214
s 2
f 212/434/212 211/433/211 215/435/215 216/436/216
s 4
f 211/418/211 209/417/209 213/419/213 215/420/215
s 1
f 217/449/217 219/451/219 220/452/220 218/450/218
f 221/461/221 222/462/222 224/464/224 223/463/223
s 2
f 217/445/217 218/446/218 222/448/222 221/447/221
s 4
f 218/453/218 220/454/220 224/456/224 222/455/222
s 2
f 220/458/220 219/457/219 223/459/223 224/460/224
s 4
f 219/442/219 217/441/217 221/443/221 223/444/223
s 1
f 225/473/225 227/475/227 228/476/228 226/474/226
f 229/485/229 230/486/230 232/488/232 231/487/231
s 2
f 225/469/225 226/470/226 230/472/230 229/471/229
s 4
f 226/477/226 228/478/228 232/480/232 230/479/230
s 2
f 228/482/228 227/481/227 231/483/231 232/484/232
s 4
f 227/466/227 225/465/225 229/467/229 231/468/231
s 1
f 282/590/282 246/526/246 245/525/245 281/589/281
s 2
f 282/590/282 287/597/287 247/527/247 246/526/246
f 293/605/293 297/613/297 247/527/247 287/597/287
f 326/646/326 318/638/318 247/527/247 297/613/297
f 312/630/312 305/621/305 247/527/247 318/638/318
f 234/514/234 235/515/235 247/527/247 305/621/305
s 1
f 248/528/248 247/527/247 235/515/235 236/516/236
s 2
f 249/529/249 248/528/248 236/516/236 237/517/237
s 1
f 250/530/250 249/529/249 237/517/237 238/518/238
s 2
f 251/531/251 250/530/250 238/518/238 239/519/239
s 1
f 252/532/252 251/531/251 239/519/239 240/520/240
s 2
f 253/533/253 252/532/252 240/520/240 241/521/241
s 1
f 254/534/254 253/538/253 241/537/241 242/522/242
s 2
f 242/522/242 283/591/283 255/535/255 254/534/254
f 306/622/306 313/631/313 242/522/242 243/523/243
f 319/639/319 327/647/327 242/522/242 313/631/313
f 298/614/298 294/606/294 242/522/242 327/647/327
f 288/598/288 283/591/283 242/522/242 294/606/294
s 1
f 284/592/284 256/536/256 255/535/255 283/591/283
s 2
f 281/589/281 245/525/245 256/536/256 284/592/284
s 1
f 270/576/270 269/575/269 257/563/257 258/564/258
s 2
f 271/577/271 270/576/270 258/564/258 259/565/259
s 1
f 272/578/272 271/577/271 259/565/259 260/566/260
s 2
f 260/566/260 285/593/285 273/579/273 272/578/272
f 308/624/308 315/633/315 260/566/260 261/567/261
f 321/641/321 329/649/329 260/566/260 315/633/315
f 300/616/300 295/608/295 260/566/260 329/649/329
f 290/600/290 285/593/285 260/566/260 295/608/295
s 1
f 391/594/391 274/580/274 273/579/273 285/593/285
s 2
f 392/595/392 275/581/275 274/580/274 391/594/391
s 1
f 286/596/286 276/582/276 275/581/275 392/595/392
s 2
f 286/596/286 291/603/291 277/583/277 276/582/276
f 296/611/296 303/619/303 277/583/277 291/603/291
f 332/652/332 324/644/324 277/583/277 303/619/303
f 316/636/316 309/627/309 277/583/277 324/644/324
f 264/570/264 265/571/265 277/583/277 309/627/309
s 1
f 278/584/278 277/588/277 265/587/265 266/572/266
s 2
f 279/585/279 278/584/278 266/572/266 267/573/267
s 1
f 280/586/280 279/585/279 267/573/267 268/574/268
s 2
f 269/575/269 280/586/280 268/574/268 257/563/257
s 1
f 282/590/282 281/589/281 292/604/292 287/597/287
f 284/592/284 283/591/283 288/598/288 289/599/289
f 391/594/391 285/593/285 290/600/290 390/601/390
f 286/596/286 392/595/392 393/602/393 291/603/291
f 287/597/287 292/604/292 396/612/396 293/605/293
f 289/599/289 288/598/288 294/606/294 399/607/399
s 2
f 337/659/337 289/599/289 399/607/399 400/660/400
s 1
f 390/601/390 290/600/290 295/608/295 385/609/385
f 291/603/291 393/602/393 388/610/388 296/611/296
f 293/605/293 396/612/396 304/620/304 297/613/297
f 399/607/399 294/606/294 298/614/298 299/615/299
f 385/609/385 295/608/295 300/616/300 301/617/301
f 296/611/296 388/610/388 302/618/302 303/619/303
f 297/613/297 304/620/304 325/645/325 326/646/326
f 299/615/299 298/614/298 327/647/327 328/648/328
s 2
f 304/620/304 299/615/299 328/648/328 325/645/325
s 1
f 301/617/301 300/616/300 329/649/329 330/650/330
s 2
f 302/618/302 301/617/301 330/650/330 331/651/331
s 1
f 303/619/303 302/618/302 331/651/331 332/652/332
f 305/621/305 310/628/310 233/513/233 234/514/234
f 307/623/307 306/622/306 243/523/243 244/524/244
s 2
f 310/628/310 307/623/307 244/524/244 233/513/233
s 1
f 380/625/380 308/624/308 261/567/261 262/568/262
s 2
f 381/626/381 380/625/380 262/568/262 263/569/263
s 1
f 309/627/309 381/626/381 263/569/263 264/570/264
f 312/630/312 311/629/311 310/628/310 305/621/305
f 314/632/314 313/631/313 306/622/306 307/623/307
s 4
f 311/629/311 334/655/334 307/623/307 310/628/310
f 338/661/338 314/632/314 307/623/307 334/655/334
s 1
f 379/634/379 315/633/315 308/624/308 380/625/380
f 316/636/316 382/635/382 381/626/381 309/627/309
f 318/638/318 317/637/317 311/629/311 312/630/312
f 320/640/320 319/639/319 313/631/313 314/632/314
s 4
f 339/662/339 320/640/320 314/632/314 338/661/338
s 1
f 322/642/322 321/641/321 315/633/315 379/634/379
s 2
f 336/658/336 322/642/322 379/634/379 378/656/378
s 1
f 324/644/324 323/643/323 382/635/382 316/636/316
f 326/646/326 325/645/325 317/637/317 318/638/318
f 328/648/328 327/647/327 319/639/319 320/640/320
s 4
f 325/645/325 339/662/339 335/657/335 317/637/317
f 325/645/325 328/648/328 320/640/320 339/662/339
s 1
f 330/650/330 329/649/329 321/641/321 322/642/322
f 332/652/332 331/651/331 323/643/323 324/644/324
s 2
f 333/653/333 395/654/395 396/612/396 292/604/292
s 4
f 335/657/335 334/655/334 311/629/311 317/637/317
f 339/662/339 338/661/338 334/655/334 335/657/335
s 2
f 384/664/384 383/663/383 382/635/382 323/643/323
f 389/668/389 390/665/390 385/666/385 386/667/386
f 394/672/394 387/669/387 388/670/388 393/671/393
s 1
f 346/681/346 361/680/361 330/745/330 322/733/322
s 4
f 362/682/362 346/681/346 322/733/322 336/734/336
s 1
f 354/694/354 360/701/360 336/734/336 378/735/378
s 4
f 363/684/363 347/683/347 384/742/384 323/743/323
s 1
f 364/685/364 363/684/363 323/743/323 331/744/331
s 4
f 361/680/361 364/685/364 331/744/331 330/745/330
f 355/695/355 354/694/354 378/735/378 379/736/379
s 1
f 356/696/356 355/695/355 379/736/379 380/737/380
s 4
f 357/697/357 356/696/356 380/737/380 381/738/381
s 1
f 382/739/382 358/698/358 357/697/357 381/738/381
s 4
f 359/699/359 358/698/358 382/739/382 383/740/383
s 1
f 371/702/371 383/741/383 384/742/384 347/683/347
s 2
f 341/710/341 340/709/340 335/774/335 317/775/317
s 1
f 342/711/342 341/710/341 317/775/317 325/776/325
s 8
f 343/712/343 342/711/342 325/776/325 328/777/328
s 1
f 344/713/344 343/712/343 328/777/328 320/778/320
s 2
f 345/714/345 344/713/344 320/778/320 339/779/339
s 8
f 367/718/367 371/723/371 339/780/339 338/781/338
s 1
f 311/772/311 365/716/365 370/721/370 310/784/310
s 2
f 366/717/366 365/716/365 311/772/311 334/773/334
s 8
f 360/722/360 334/773/334 335/774/335 340/709/340
s 2
f 368/719/368 367/718/367 338/781/338 314/782/314
s 1
f 369/720/369 368/719/368 314/782/314 307/783/307
s 8
f 370/721/370 369/720/369 307/783/307 310/784/310
s 1
f 385/747/385 301/746/301 361/703/361 346/704/346
s 8
f 386/748/386 385/747/385 346/704/346 362/705/362
s 1
f 372/724/372 389/752/389 362/705/362 360/731/360
s 4
f 390/753/390 389/752/389 372/724/372 373/725/373
s 1
f 374/726/374 391/754/391 390/753/390 373/725/373
s 4
f 392/755/392 391/754/391 374/726/374 375/727/375
s 1
f 393/756/393 392/755/392 375/727/375 376/728/376
s 4
f 394/757/394 393/756/393 376/728/376 377/729/377
s 1
f 347/706/347 387/749/387 377/730/377 371/732/371
s 8
f 388/750/388 387/749/387 347/706/347 363/707/363
s 1
f 302/751/302 388/750/388 363/707/363 364/708/364
s 8
f 301/746/301 302/751/302 364/708/364 361/703/361
s 1
f 292/767/292 281/759/281 348/686/348 349/687/349
s 4
f 333/768/333 292/767/292 349/687/349 350/688/350
s 8
f 340/673/340 395/760/395 350/688/350 360/692/360
s 4
f 396/761/396 395/760/395 340/673/340 341/674/341
s 1
f 397/762/397 396/761/396 341/674/341 342/675/342
s 2
f 398/763/398 397/762/397 342/675/342 343/676/343
s 1
f 399/764/399 398/763/398 343/676/343 344/677/344
s 4
f 400/765/400 399/764/399 344/677/344 345/678/345
s 8
f 351/689/351 337/769/337 345/679/345 371/693/371
s 4
f 289/770/289 337/769/337 351/689/351 352/690/352
s 1
f 353/691/353 284/771/284 289/770/289 352/690/352
s 4
f 281/759/281 284/771/284 353/691/353 348/686/348
s 1
f 401/809/401 402/810/402 414/822/414 413/821/413
s 2
f 402/810/402 403/811/403 415/823/415 414/822/414
s 1
f 403/811/403 404/812/404 416/824/416 415/823/415
s 2
f 404/812/404 405/813/405 417/825/417 416/824/416
s 1
f 405/813/405 406/814/406 418/826/418 417/825/417
s 2
f 406/814/406 407/815/407 419/827/419 418/826/418
s 1
f 407/815/407 408/816/408 420/828/420 419/827/419
s 2
f 408/816/408 409/817/409 421/829/421 420/828/420
s 1
f 409/833/409 410/818/410 422/830/422 421/834/421
s 2
f 410/818/410 411/819/411 423/831/423 422/830/422
s 1
f 411/819/411 412/820/412 424/832/424 423/831/423
s 2
f 412/820/412 401/809/401 413/821/413 424/832/424
s 1
f 450/936/450 426/872/426 425/871/425 449/935/449
s 2
f 450/936/450 455/943/455 427/873/427 426/872/426
f 461/951/461 465/959/465 427/873/427 455/943/455
f 494/992/494 486/984/486 427/873/427 465/959/465
f 480/976/480 473/967/473 427/873/427 486/984/486
f 14/860/14 15/861/15 427/873/427 473/967/473
s 1
f 428/874/428 427/873/427 15/861/15 16/862/16
s 2
f 429/875/429 428/874/428 16/862/16 17/863/17
s 1
f 430/876/430 429/875/429 17/863/17 18/864/18
s 2
f 431/877/431 430/876/430 18/864/18 19/865/19
s 1
f 432/878/432 431/877/431 19/865/19 20/866/20
s 2
f 433/879/433 432/878/432 20/866/20 21/867/21
s 1
f 434/880/434 433/884/433 21/883/21 22/868/22
s 2
f 22/868/22 451/937/451 435/881/435 434/880/434
f 474/968/474 481/977/481 22/868/22 23/869/23
f 487/985/487 495/993/495 22/868/22 481/977/481
f 466/960/466 462/952/462 22/868/22 495/993/495
f 456/944/456 451/937/451 22/868/22 462/952/462
s 1
f 452/938/452 436/882/436 435/881/435 451/937/451
s 2
f 449/935/449 425/871/425 436/882/436 452/938/452
s 4
f 433/855/433 434/856/434 427/849/427 428/850/428
f 425/847/425 434/856/434 435/857/435 436/858/436
f 427/849/427 434/856/434 425/847/425 426/848/426
f 430/852/430 433/855/433 428/850/428 429/851/429
f 433/855/433 430/852/430 431/853/431 432/854/432
s 1
f 438/922/438 437/921/437 37/909/37 38/910/38
s 2
f 439/923/439 438/922/438 38/910/38 39/911/39
s 1
f 440/924/440 439/923/439 39/911/39 40/912/40
s 2
f 40/912/40 453/939/453 441/925/441 440/924/440
f 476/970/476 483/979/483 40/912/40 41/913/41
f 489/987/489 497/995/497 40/912/40 483/979/483
f 468/962/468 463/954/463 40/912/40 497/995/497
f 458/946/458 453/939/453 40/912/40 463/954/463
s 1
f 559/940/559 442/926/442 441/925/441 453/939/453
s 2
f 560/941/560 443/927/443 442/926/442 559/940/559
s 1
f 454/942/454 444/928/444 443/927/443 560/941/560
s 2
f 454/942/454 459/949/459 445/929/445 444/928/444
f 464/957/464 471/965/471 445/929/445 459/949/459
f 500/998/500 492/990/492 445/929/445 471/965/471
f 484/982/484 477/973/477 445/929/445 492/990/492
f 44/916/44 45/917/45 445/929/445 477/973/477
s 1
f 446/930/446 445/934/445 45/933/45 46/918/46
s 2
f 447/931/447 446/930/446 46/918/46 47/919/47
s 1
f 448/932/448 447/931/447 47/919/47 48/920/48
s 2
f 437/921/437 448/932/448 48/920/48 37/909/37
s 4
f 439/899/439 446/906/446 437/897/437 438/898/438
f 442/902/442 445/905/445 440/900/440 441/901/441
f 445/905/445 442/902/442 443/903/443 444/904/444
f 445/905/445 446/906/446 439/899/439 440/900/440
f 447/907/447 448/908/448 437/897/437 446/906/446
s 1
f 450/936/450 449/935/449 460/950/460 455/943/455
f 452/938/452 451/937/451 456/944/456 457/945/457
f 559/940/559 453/939/453 458/946/458 558/947/558
f 454/942/454 560/941/560 561/948/561 459/949/459
f 455/943/455 460/950/460 564/958/564 461/951/461
f 457/945/457 456/944/456 462/952/462 567/953/567
s 2
f 505/1005/505 457/945/457 567/953/567 568/1006/568
s 1
f 558/947/558 458/946/458 463/954/463 553/955/553
f 459/949/459 561/948/561 556/956/556 464/957/464
f 461/951/461 564/958/564 472/966/472 465/959/465
f 567/953/567 462/952/462 466/960/466 467/961/467
f 553/955/553 463/954/463 468/962/468 469/963/469
f 464/957/464 556/956/556 470/964/470 471/965/471
f 465/959/465 472/966/472 493/991/493 494/992/494
f 467/961/467 466/960/466 495/993/495 496/994/496
s 2
f 472/966/472 467/961/467 496/994/496 493/991/493
s 1
f 469/963/469 468/962/468 497/995/497 498/996/498
s 2
f 470/964/470 469/963/469 498/996/498 499/997/499
s 1
f 471/965/471 470/964/470 499/997/499 500/998/500
f 473/967/473 478/974/478 13/859/13 14/860/14
f 475/969/475 474/968/474 23/869/23 24/870/24
s 2
f 478/974/478 475/969/475 24/870/24 13/859/13
s 1
f 548/971/548 476/970/476 41/913/41 42/914/42
s 2
f 549/972/549 548/971/548 42/914/42 43/915/43
s 1
f 477/973/477 549/972/549 43/915/43 44/916/44
f 480/976/480 479/975/479 478/974/478 473/967/473
f 482/978/482 481/977/481 474/968/474 475/969/475
s 4
f 479/975/479 502/1001/502 475/969/475 478/974/478
f 506/1007/506 482/978/482 475/969/475 502/1001/502
s 1
f 547/980/547 483/979/483 476/970/476 548/971/548
f 484/982/484 550/981/550 549/972/549 477/973/477
f 486/984/486 485/983/485 479/975/479 480/976/480
f 488/986/488 487/985/487 481/977/481 482/978/482
s 4
f 507/1008/507 488/986/488 482/978/482 506/1007/506
s 1
f 490/988/490 489/987/489 483/979/483 547/980/547
s 2
f 504/1004/504 490/988/490 547/980/547 546/1002/546
s 1
f 492/990/492 491/989/491 550/981/550 484/982/484
f 494/992/494 493/991/493 485/983/485 486/984/486
f 496/994/496 495/993/495 487/985/487 488/986/488
s 4
f 493/991/493 507/1008/507 503/1003/503 485/983/485
f 493/991/493 496/994/496 488/986/488 507/1008/507
s 1
f 498/996/498 497/995/497 489/987/489 490/988/490
f 500/998/500 499/997/499 491/989/491 492/990/492
s 2
f 501/999/501 563/1000/563 564/958/564 460/950/460
s 4
f 503/1003/503 502/1001/502 479/975/479 485/983/485
f 507/1008/507 506/1007/506 502/1001/502 503/1003/503
s 2
f 552/1010/552 551/1009/551 550/981/550 491/989/491
f 557/1014/557 558/1011/558 553/1012/553 554/1013/554
f 562/1018/562 555/1015/555 556/1016/556 561/1017/561
s 1
f 514/1027/514 529/1026/529 498/1091/498 490/1079/490
s 4
f 530/1028/530 514/1027/514 490/1079/490 504/1080/504
s 1
f 522/1040/522 528/1047/528 504/1080/504 546/1081/546
s 4
f 531/1030/531 515/1029/515 552/1088/552 491/1089/491
s 1
f 532/1031/532 531/1030/531 491/1089/491 499/1090/499
s 4
f 529/1026/529 532/1031/532 499/1090/499 498/1091/498
f 523/1041/523 522/1040/522 546/1081/546 547/1082/547
s 1
f 524/1042/524 523/1041/523 547/1082/547 548/1083/548
s 4
f 525/1043/525 524/1042/524 548/1083/548 549/1084/549
s 1
f 550/1085/550 526/1044/526 525/1043/525 549/1084/549
s 4
f 527/1045/527 526/1044/526 550/1085/550 551/1086/551
s 1
f 539/1048/539 551/1087/551 552/1088/552 515/1029/515
s 2
f 509/1056/509 508/1055/508 503/1120/503 485/1121/485
s 1
f 510/1057/510 509/1056/509 485/1121/485 493/1122/493
s 8
f 511/1058/511 510/1057/510 493/1122/493 496/1123/496
s 1
f 512/1059/512 511/1058/511 496/1123/496 488/1124/488
s 2
f 513/1060/513 512/1059/512 488/1124/488 507/1125/507
s 8
f 535/1064/535 539/1069/539 507/1126/507 506/1127/506
s 1
f 479/1118/479 533/1062/533 538/1067/538 478/1130/478
s 2
f 534/1063/534 533/1062/533 479/1118/479 502/1119/502
s 8
f 528/1068/528 502/1119/502 503/1120/503 508/1055/508
s 2
f 536/1065/536 535/1064/535 506/1127/506 482/1128/482
s 1
f 537/1066/537 536/1065/536 482/1128/482 475/1129/475
s 8
f 538/1067/538 537/1066/537 475/1129/475 478/1130/478
s 1
f 553/1093/553 469/1092/469 529/1049/529 514/1050/514
s 8
f 554/1094/554 553/1093/553 514/1050/514 530/1051/530
s 1
f 540/1070/540 557/1098/557 530/1051/530 528/1077/528
s 4
f 558/1099/558 557/1098/557 540/1070/540 541/1071/541
s 1
f 542/1072/542 559/1100/559 558/1099/558 541/1071/541
s 4
f 560/1101/560 559/1100/559 542/1072/542 543/1073/543
s 1
f 561/1102/561 560/1101/560 543/1073/543 544/1074/544
s 4
f 562/1103/562 561/1102/561 544/1074/544 545/1075/545
s 1
f 515/1052/515 555/1095/555 545/1076/545 539/1078/539
s 8
f 556/1096/556 555/1095/555 515/1052/515 531/1053/531
s 1
f 470/1097/470 556/1096/556 531/1053/531 532/1054/532
s 8
f 469/1092/469 470/1097/470 532/1054/532 529/1049/529
s 1
f 460/1113/460 449/1105/449 516/1032/516 517/1033/517
s 4
f 501/1114/501 460/1113/460 517/1033/517 518/1034/518
s 8
f 508/1019/508 563/1106/563 518/1034/518 528/1038/528
s 4
f 564/1107/564 563/1106/563 508/1019/508 509/1020/509
s 1
f 565/1108/565 564/1107/564 509/1020/509 510/1021/510
s 2
f 566/1109/566 565/1108/565 510/1021/510 511/1022/511
s 1
f 567/1110/567 566/1109/566 511/1022/511 512/1023/512
s 4
f 568/1111/568 567/1110/567 512/1023/512 513/1024/513
s 8
f 519/1035/519 505/1115/505 513/1025/513 539/1039/539
s 4
f 457/1116/457 505/1115/505 519/1035/519 520/1036/520
s 1
f 521/1037/521 452/1117/452 457/1116/457 520/1036/520
s 4
f 449/1105/449 452/1117/452 521/1037/521 516/1032/516
s 1
f 569/1139/569 571/1141/571 572/1142/572 570/1140/570
f 573/1151/573 574/1152/574 576/1154/576 575/1153/575
s 2
f 569/1135/569 570/1136/570 574/1138/574 573/1137/573
s 4
f 570/1143/570 572/1144/572 576/1146/576 574/1145/574
s 2
f 572/1148/572 571/1147/571 575/1149/575 576/1150/576
s 4
f 571/1132/571 569/1131/569 573/1133/573 575/1134/575
s 1
f 577/1163/577 579/1165/579 580/1166/580 578/1164/578
f 581/1175/581 582/1176/582 584/1178/584 583/1177/583
s 2
f 577/1159/577 578/1160/578 582/1162/582 581/1161/581
s 4
f 578/1167/578 580/1168/580 584/1170/584 582/1169/582
s 2
f 580/1172/580 579/1171/579 583/1173/583 584/1174/584
s 4
f 579/1156/579 577/1155/577 581/1157/581 583/1158/583
s 1
f 585/1187/585 587/1189/587 588/1190/588 586/1188/586
f 589/1199/589 590/1200/590 592/1202/592 591/1201/591
s 2
f 585/1183/585 586/1184/586 590/1186/590 589/1185/589
s 4
f 586/1191/586 588/1192/588 592/1194/592 590/1193/590
s 2
f 588/1196/588 587/1195/587 591/1197/591 592/1198/592
s 4
f 587/1180/587 585/1179/585 589/1181/589 591/1182/591
s 1
f 593/1211/593 595/1213/595 596/1214/596 594/1212/594
f 597/1223/597 598/1224/598 600/1226/600 599/1225/599
s 2
f 593/1207/593 594/1208/594 598/1210/598 597/1209/597
s 4
f 594/1215/594 596/1216/596 600/1218/600 598/1217/598
s 2
f 596/1220/596 595/1219/595 599/1221/599 600/1222/600
s 4
f 595/1204/595 593/1203/593 597/1205/597 599/1206/599
s 1
f 601/1235/601 603/1237/603 604/1238/604 602/1236/602
f 605/1247/605 606/1248/606 608/1250/608 607/1249/607
s 2
f 601/1231/601 602/1232/602 606/1234/606 605/1233/605
s 4
f 602/1239/602 604/1240/604 608/1242/608 606/1241/606
s 2
f 604/1244/604 603/1243/603 607/1245/607 608/1246/608
s 4
f 603/1228/603 601/1227/601 605/1229/605 607/1230/607
s 1
f 609/1259/609 611/1261/611 612/1262/612 610/1260/610
f 613/1271/613 614/1272/614 616/1274/616 615/1273/615
s 2
f 609/1255/609 610/1256/610 614/1258/614 613/1257/613
s 4
f 610/1263/610 612/1264/612 616/1266/616 614/1265/614
s 2
f 612/1268/612 611/1267/611 615/1269/615 616/1270/616
s 4
f 611/1252/611 609/1251/609 613/1253/613 615/1254/615
s 1
f 617/1283/617 619/1285/619 620/1286/620 618/1284/618
f 621/1295/621 622/1296/622 624/1298/624 623/1297/623
s 2
f 617/1279/617 618/1280/618 622/1282/622 621/1281/621
s 4
f 618/1287/618 620/1288/620 624/1290/624 622/1289/622
s 2
f 620/1292/620 619/1291/619 623/1293/623 624/1294/624
s 4
f 619/1276/619 617/1275/617 621/1277/621 623/1278/623
s 1
f 625/1307/625 627/1309/627 628/1310/628 626/1308/626
f 629/1319/629 630/1320/630 632/1322/632 631/1321/631
s 2
f 625/1303/625 626/1304/626 630/1306/630 629/1305/629
s 4
f 626/1311/626 628/1312/628 632/1314/632 630/1313/630
s 2
f 628/1316/628 627/1315/627 631/1317/631 632/1318/632
s 4
f 627/1300/627 625/1299/625 629/1301/629 631/1302/631
s 1
f 658/1424/658 634/1360/634 633/1359/633 657/1423/657
s 2
f 658/1424/658 663/1431/663 635/1361/635 634/1360/634
f 669/1439/669 673/1447/673 635/1361/635 663/1431/663
f 702/1480/702 694/1472/694 635/1361/635 673/1447/673
f 688/1464/688 681/1455/681 635/1361/635 694/1472/694
f 246/1348/246 247/1349/247 635/1361/635 681/1455/681
s 1
f 636/1362/636 635/1361/635 247/1349/247 248/1350/248
s 2
f 637/1363/637 636/1362/636 248/1350/248 249/1351/249
s 1
f 638/1364/638 637/1363/637 249/1351/249 250/1352/250
s 2
f 639/1365/639 638/1364/638 250/1352/250 251/1353/251
s 1
f 640/1366/640 639/1365/639 251/1353/251 252/1354/252
s 2
f 641/1367/641 640/1366/640 252/1354/252 253/1355/253
s 1
f 642/1368/642 641/1372/641 253/1371/253 254/1356/254
s 2
f 254/1356/254 659/1425/659 643/1369/643 642/1368/642
f 682/1456/682 689/1465/689 254/1356/254 255/1357/255
f 695/1473/695 703/1481/703 254/1356/254 689/1465/689
f 674/1448/674 670/1440/670 254/1356/254 703/1481/703
f 664/1432/664 659/1425/659 254/1356/254 670/1440/670
s 1
f 660/1426/660 644/1370/644 643/1369/643 659/1425/659
s 2
f 657/1423/657 633/1359/633 644/1370/644 660/1426/660
s 4
f 641/1343/641 642/1344/642 635/1337/635 636/1338/636
f 633/1335/633 642/1344/642 643/1345/643 644/1346/644
f 635/1337/635 642/1344/642 633/1335/633 634/1336/634
f 638/1340/638 641/1343/641 636/1338/636 637/1339/637
f 641/1343/641 638/1340/638 639/1341/639 640/1342/640
s 1
f 646/1410/646 645/1409/645 269/1397/269 270/1398/270
s 2
f 647/1411/647 646/1410/646 270/1398/270 271/1399/271
s 1
f 648/1412/648 647/1411/647 271/1399/271 272/1400/272
s 2
f 272/1400/272 661/1427/661 649/1413/649 648/1412/648
f 684/1458/684 691/1467/691 272/1400/272 273/1401/273
f 697/1475/697 705/1483/705 272/1400/272 691/1467/691
f 676/1450/676 671/1442/671 272/1400/272 705/1483/705
f 666/1434/666 661/1427/661 272/1400/272 671/1442/671
s 1
f 767/1428/767 650/1414/650 649/1413/649 661/1427/661
s 2
f 768/1429/768 651/1415/651 650/1414/650 767/1428/767
s 1
f 662/1430/662 652/1416/652 651/1415/651 768/1429/768
s 2
f 662/1430/662 667/1437/667 653/1417/653 652/1416/652
f 672/1445/672 679/1453/679 653/1417/653 667/1437/667
f 708/1486/708 700/1478/700 653/1417/653 679/1453/679
f 692/1470/692 685/1461/685 653/1417/653 700/1478/700
f 276/1404/276 277/1405/277 653/1417/653 685/1461/685
s 1
f 654/1418/654 653/1422/653 277/1421/277 278/1406/278
s 2
f 655/1419/655 654/1418/654 278/1406/278 279/1407/279
s 1
f 656/1420/656 655/1419/655 279/1407/279 280/1408/280
s 2
f 645/1409/645 656/1420/656 280/1408/280 269/1397/269
s 4
f 647/1387/647 654/1394/654 645/1385/645 646/1386/646
f 650/1390/650 653/1393/653 648/1388/648 649/1389/649
f 653/1393/653 650/1390/650 651/1391/651 652/1392/652
f 653/1393/653 654/1394/654 647/1387/647 648/1388/648
f 655/1395/655 656/1396/656 645/1385/645 654/1394/654
s 1
f 658/1424/658 657/1423/657 668/1438/668 663/1431/663
f 660/1426/660 659/1425/659 664/1432/664 665/1433/665
f 767/1428/767 661/1427/661 666/1434/666 766/1435/766
f 662/1430/662 768/1429/768 769/1436/769 667/1437/667
f 663/1431/663 668/1438/668 772/1446/772 669/1439/669
f 665/1433/665 664/1432/664 670/1440/670 775/1441/775
s 2
f 713/1493/713 665/1433/665 775/1441/775 776/1494/776
s 1
f 766/1435/766 666/1434/666 671/1442/671 761/1443/761
f 667/1437/667 769/1436/769 764/1444/764 672/1445/672
f 669/1439/669 772/1446/772 680/1454/680 673/1447/673
f 775/1441/775 670/1440/670 674/1448/674 675/1449/675
f 761/1443/761 671/1442/671 676/1450/676 677/1451/677
f 672/1445/672 764/1444/764 678/1452/678 679/1453/679
f 673/1447/673 680/1454/680 701/1479/701 702/1480/702
f 675/1449/675 674/1448/674 703/1481/703 704/1482/704
s 2
f 680/1454/680 675/1449/675 704/1482/704 701/1479/701
s 1
f 677/1451/677 676/1450/676 705/1483/705 706/1484/706
s 2
f 678/1452/678 677/1451/677 706/1484/706 707/1485/707
s 1
f 679/1453/679 678/1452/678 707/1485/707 708/1486/708
f 681/1455/681 686/1462/686 245/1347/245 246/1348/246
f 683/1457/683 682/1456/682 255/1357/255 256/1358/256
s 2
f 686/1462/686 683/1457/683 256/1358/256 245/1347/245
s 1
f 756/1459/756 684/1458/684 273/1401/273 274/1402/274
s 2
f 757/1460/757 756/1459/756 274/1402/274 275/1403/275
s 1
f 685/1461/685 757/1460/757 275/1403/275 276/1404/276
f 688/1464/688 687/1463/687 686/1462/686 681/1455/681
f 690/1466/690 689/1465/689 682/1456/682 683/1457/683
s 4
f 687/1463/687 710/1489/710 683/1457/683 686/1462/686
f 714/1495/714 690/1466/690 683/1457/683 710/1489/710
s 1
f 755/1468/755 691/1467/691 684/1458/684 756/1459/756
f 692/1470/692 758/1469/758 757/1460/757 685/1461/685
f 694/1472/694 693/1471/693 687/1463/687 688/1464/688
f 696/1474/696 695/1473/695 689/1465/689 690/1466/690
s 4
f 715/1496/715 696/1474/696 690/1466/690 714/1495/714
s 1
f 698/1476/698 697/1475/697 691/1467/691 755/1468/755
s 2
f 712/1492/712 698/1476/698 755/1468/755 754/1490/754
s 1
f 700/1478/700 699/1477/699 758/1469/758 692/1470/692
f 702/1480/702 701/1479/701 693/1471/693 694/1472/694
f 704/1482/704 703/1481/703 695/1473/695 696/1474/696
s 4
f 701/1479/701 715/1496/715 711/1491/711 693/1471/693
f 701/1479/701 704/1482/704 696/1474/696 715/1496/715
s 1
f 706/1484/706 705/1483/705 697/1475/697 698/1476/698
f 708/1486/708 707/1485/707 699/1477/699 700/1478/700
s 2
f 709/1487/709 771/1488/771 772/1446/772 668/1438/668
s 4
f 711/1491/711 710/1489/710 687/1463/687 693/1471/693
f 715/1496/715 714/1495/714 710/1489/710 711/1491/711
s 2
f 760/1498/760 759/1497/759 758/1469/758 699/1477/699
f 765/1502/765 766/1499/766 761/1500/761 762/1501/762
f 770/1506/770 763/1503/763 764/1504/764 769/1505/769
s 1
f 722/1515/722 737/1514/737 706/1579/706 698/1567/698
s 4
f 738/1516/738 722/1515/722 698/1567/698 712/1568/712
s 1
f 730/1528/730 736/1535/736 712/1568/712 754/1569/754
s 4
f 739/1518/739 723/1517/723 760/1576/760 699/1577/699
s 1
f 740/1519/740 739/1518/739 699/1577/699 707/1578/707
s 4
f 737/1514/737 740/1519/740 707/1578/707 706/1579/706
f 731/1529/731 730/1528/730 754/1569/754 755/1570/755
s 1
f 732/1530/732 731/1529/731 755/1570/755 756/1571/756
s 4
f 733/1531/733 732/1530/732 756/1571/756 757/1572/757
s 1
f 758/1573/758 734/1532/734 733/1531/733 757/1572/757
s 4
f 735/1533/735 734/1532/734 758/1573/758 759/1574/759
s 1
f 747/1536/747 759/1575/759 760/1576/760 723/1517/723
s 2
f 717/1544/717 716/1543/716 711/1608/711 693/1609/693
s 1
f 718/1545/718 717/1544/717 693/1609/693 701/1610/701
s 8
f 719/1546/719 718/1545/718 701/1610/701 704/1611/704
s 1
f 720/1547/720 719/1546/719 704/1611/704 696/1612/696
s 2
f 721/1548/721 720/1547/720 696/1612/696 715/1613/715
s 8
f 743/1552/743 747/1557/747 715/1614/715 714/1615/714
s 1
f 687/1606/687 741/1550/741 746/1555/746 686/1618/686
s 2
f 742/1551/742 741/1550/741 687/1606/687 710/1607/710
s 8
f 736/1556/736 710/1607/710 711/1608/711 716/1543/716
s 2
f 744/1553/744 743/1552/743 714/1615/714 690/1616/690
s 1
f 745/1554/745 744/1553/744 690/1616/690 683/1617/683
s 8
f 746/1555/746 745/1554/745 683/1617/683 686/1618/686
s 1
f 761/1581/761 677/1580/677 737/1537/737 722/1538/722
s 8
f 762/1582/762 761/1581/761 722/1538/722 738/1539/738
s 1
f 748/1558/748 765/1586/765 738/1539/738 736/1565/736
s 4
f 766/1587/766 765/1586/765 748/1558/748 749/1559/749
s 1
f 750/1560/750 767/1588/767 766/1587/766 749/1559/749
s 4
f 768/1589/768 767/1588/767 750/1560/750 751/1561/751
s 1
f 769/1590/769 768/1589/768 751/1561/751 752/1562/752
s 4
f 770/1591/770 769/1590/769 752/1562/752 753/1563/753
s 1
f 723/1540/723 763/1583/763 753/1564/753 747/1566/747
s 8
f 764/1584/764 763/1583/763 723/1540/723 739/1541/739
s 1
f 678/1585/678 764/1584/764 739/1541/739 740/1542/740
s 8
f 677/1580/677 678/1585/678 740/1542/740 737/1537/737
s 1
f 668/1601/668 657/1593/657 724/1520/724 725/1521/725
s 4
f 709/1602/709 668/1601/668 725/1521/725 726/1522/726
s 8
f 716/1507/716 771/1594/771 726/1522/726 736/1526/736
s 4
f 772/1595/772 771/1594/771 716/1507/716 717/1508/717
s 1
f 773/1596/773 772/1595/772 717/1508/717 718/1509/718
s 2
f 774/1597/774 773/1596/773 718/1509/718 719/1510/719
s 1
f 775/1598/775 774/1597/774 719/1510/719 720/1511/720
s 4
f 776/1599/776 775/1598/775 720/1511/720 721/1512/721
s 8
f 727/1523/727 713/1603/713 721/1513/721 747/1527/747
s 4
f 665/1604/665 713/1603/713 727/1523/727 728/1524/728
s 1
f 729/1525/729 660/1605/660 665/1604/665 728/1524/728
s 4
f 657/1593/657 660/1605/660 729/1525/729 724/1520/724
s 1
f 777/1643/777 778/1644/778 402/1656/402 401/1655/401
s 2
f 778/1644/778 779/1645/779 403/1657/403 402/1656/402
s 1
f 779/1645/779 780/1646/780 404/1658/404 403/1657/403
s 2
f 780/1646/780 781/1647/781 405/1659/405 404/1658/404
s 1
f 781/1647/781 782/1648/782 406/1660/406 405/1659/405
s 2
f 782/1648/782 783/1649/783 407/1661/407 406/1660/406
s 1
f 783/1649/783 784/1650/784 408/1662/408 407/1661/407
s 2
f 784/1650/784 785/1651/785 409/1663/409 408/1662/408
s 1
f 785/1667/785 786/1652/786 410/1664/410 409/1668/409
s 2
f 786/1652/786 787/1653/787 411/1665/411 410/1664/410
s 1
f 787/1653/787 788/1654/788 412/1666/412 411/1665/411
s 2
f 788/1654/788 777/1643/777 401/1655/401 412/1666/412
s 4
f 777/1619/777 786/1628/786 779/1621/779 778/1620/778
f 787/1629/787 786/1628/786 777/1619/777 788/1630/788
f 785/1627/785 780/1622/780 779/1621/779 786/1628/786
f 783/1625/783 782/1624/782 785/1627/785 784/1626/784
f 782/1624/782 781/1623/781 780/1622/780 785/1627/785
s 1
f 814/1770/814 2/1706/2 1/1705/1 813/1769/813
s 2
f 814/1770/814 819/1777/819 3/1707/3 2/1706/2
f 825/1785/825 829/1793/829 3/1707/3 819/1777/819
f 858/1826/858 850/1818/850 3/1707/3 829/1793/829
f 844/1810/844 837/1801/837 3/1707/3 850/1818/850
f 790/1694/790 791/1695/791 3/1707/3 837/1801/837
s 1
f 4/1708/4 3/1707/3 791/1695/791 792/1696/792
s 2
f 5/1709/5 4/1708/4 792/1696/792 793/1697/793
s 1
f 6/1710/6 5/1709/5 793/1697/793 794/1698/794
s 2
f 7/1711/7 6/1710/6 794/1698/794 795/1699/795
s 1
f 8/1712/8 7/1711/7 795/1699/795 796/1700/796
s 2
f 9/1713/9 8/1712/8 796/1700/796 797/1701/797
s 1
f 10/1714/10 9/1718/9 797/1717/797 798/1702/798
s 2
f 798/1702/798 815/1771/815 11/1715/11 10/1714/10
f 838/1802/838 845/1811/845 798/1702/798 799/1703/799
f 851/1819/851 859/1827/859 798/1702/798 845/1811/845
f 830/1794/830 826/1786/826 798/1702/798 859/1827/859
f 820/1778/820 815/1771/815 798/1702/798 826/1786/826
s 1
f 816/1772/816 12/1716/12 11/1715/11 815/1771/815
s 2
f 813/1769/813 1/1705/1 12/1716/12 816/1772/816
s 4
f 789/1669/789 798/1678/798 791/1671/791 790/1670/790
f 799/1679/799 798/1678/798 789/1669/789 800/1680/800
f 791/1671/791 798/1678/798 797/1677/797 792/1672/792
f 795/1675/795 794/1674/794 797/1677/797 796/1676/796
f 792/1672/792 797/1677/797 794/1674/794 793/1673/793
s 1
f 26/1756/26 25/1755/25 801/1743/801 802/1744/802
s 2
f 27/1757/27 26/1756/26 802/1744/802 803/1745/803
s 1
f 28/1758/28 27/1757/27 803/1745/803 804/1746/804
s 2
f 804/1746/804 817/1773/817 29/1759/29 28/1758/28
f 840/1804/840 847/1813/847 804/1746/804 805/1747/805
f 853/1821/853 861/1829/861 804/1746/804 847/1813/847
f 832/1796/832 827/1788/827 804/1746/804 861/1829/861
f 822/1780/822 817/1773/817 804/1746/804 827/1788/827
s 1
f 923/1774/923 30/1760/30 29/1759/29 817/1773/817
s 2
f 924/1775/924 31/1761/31 30/1760/30 923/1774/923
s 1
f 818/1776/818 32/1762/32 31/1761/31 924/1775/924
s 2
f 818/1776/818 823/1783/823 33/1763/33 32/1762/32
f 828/1791/828 835/1799/835 33/1763/33 823/1783/823
f 864/1832/864 856/1824/856 33/1763/33 835/1799/835
f 848/1816/848 841/1807/841 33/1763/33 856/1824/856
f 808/1750/808 809/1751/809 33/1763/33 841/1807/841
s 1
f 34/1764/34 33/1768/33 809/1767/809 810/1752/810
s 2
f 35/1765/35 34/1764/34 810/1752/810 811/1753/811
s 1
f 36/1766/36 35/1765/35 811/1753/811 812/1754/812
s 2
f 25/1755/25 36/1766/36 812/1754/812 801/1743/801
s 4
f 807/1725/807 806/1724/806 809/1727/809 808/1726/808
f 804/1722/804 809/1727/809 806/1724/806 805/1723/805
f 803/1721/803 810/1728/810 809/1727/809 804/1722/804
f 801/1719/801 810/1728/810 803/1721/803 802/1720/802
f 811/1729/811 810/1728/810 801/1719/801 812/1730/812
s 1
f 814/1770/814 813/1769/813 824/1784/824 819/1777/819
f 816/1772/816 815/1771/815 820/1778/820 821/1779/821
f 923/1774/923 817/1773/817 822/1780/822 922/1781/922
f 818/1776/818 924/1775/924 925/1782/925 823/1783/823
f 819/1777/819 824/1784/824 928/1792/928 825/1785/825
f 821/1779/821 820/1778/820 826/1786/826 931/1787/931
s 2
f 869/1839/869 821/1779/821 931/1787/931 932/1840/932
s 1
f 922/1781/922 822/1780/822 827/1788/827 917/1789/917
f 823/1783/823 925/1782/925 920/1790/920 828/1791/828
f 825/1785/825 928/1792/928 836/1800/836 829/1793/829
f 931/1787/931 826/1786/826 830/1794/830 831/1795/831
f 917/1789/917 827/1788/827 832/1796/832 833/1797/833
f 828/1791/828 920/1790/920 834/1798/834 835/1799/835
f 829/1793/829 836/1800/836 857/1825/857 858/1826/858
f 831/1795/831 830/1794/830 859/1827/859 860/1828/860
s 2
f 836/1800/836 831/1795/831 860/1828/860 857/1825/857
s 1
f 833/1797/833 832/1796/832 861/1829/861 862/1830/862
s 2
f 834/1798/834 833/1797/833 862/1830/862 863/1831/863
s 1
f 835/1799/835 834/1798/834 863/1831/863 864/1832/864
f 837/1801/837 842/1808/842 789/1693/789 790/1694/790
f 839/1803/839 838/1802/838 799/1703/799 800/1704/800
s 2
f 842/1808/842 839/1803/839 800/1704/800 789/1693/789
s 1
f 912/1805/912 840/1804/840 805/1747/805 806/1748/806
s 2
f 913/1806/913 912/1805/912 806/1748/806 807/1749/807
s 1
f 841/1807/841 913/1806/913 807/1749/807 808/1750/808
f 844/1810/844 843/1809/843 842/1808/842 837/1801/837
f 846/1812/846 845/1811/845 838/1802/838 839/1803/839
s 4
f 843/1809/843 866/1835/866 839/1803/839 842/1808/842
f 870/1841/870 846/1812/846 839/1803/839 866/1835/866
s 1
f 911/1814/911 847/1813/847 840/1804/840 912/1805/912
f 848/1816/848 914/1815/914 913/1806/913 841/1807/841
f 850/1818/850 849/1817/849 843/1809/843 844/1810/844
f 852/1820/852 851/1819/851 845/1811/845 846/1812/846
s 4
f 871/1842/871 852/1820/852 846/1812/846 870/1841/870
s 1
f 854/1822/854 853/1821/853 847/1813/847 911/1814/911
s 2
f 868/1838/868 854/1822/854 911/1814/911 910/1836/910
s 1
f 856/1824/856 855/1823/855 914/1815/914 848/1816/848
f 858/1826/858 857/1825/857 849/1817/849 850/1818/850
f 860/1828/860 859/1827/859 851/1819/851 852/1820/852
s 4
f 857/1825/857 871/1842/871 867/1837/867 849/1817/849
f 857/1825/857 860/1828/860 852/1820/852 871/1842/871
s 1
f 862/1830/862 861/1829/861 853/1821/853 854/1822/854
f 864/1832/864 863/1831/863 855/1823/855 856/1824/856
s 2
f 865/1833/865 927/1834/927 928/1792/928 824/1784/824
s 4
f 867/1837/867 866/1835/866 843/1809/843 849/1817/849
f 871/1842/871 870/1841/870 866/1835/866 867/1837/867
s 2
f 916/1844/916 915/1843/915 914/1815/914 855/1823/855
f 921/1848/921 922/1845/922 917/1846/917 918/1847/918
f 926/1852/926 919/1849/919 920/1850/920 925/1851/925
s 1
f 878/1861/878 893/1860/893 862/1925/862 854/1913/854
s 4
f 894/1862/894 878/1861/878 854/1913/854 868/1914/868
s 1
f 886/1874/886 892/1881/892 868/1914/868 910/1915/910
s 4
f 895/1864/895 879/1863/879 916/1922/916 855/1923/855
s 1
f 896/1865/896 895/1864/895 855/1923/855 863/1924/863
s 4
f 893/1860/893 896/1865/896 863/1924/863 862/1925/862
f 887/1875/887 886/1874/886 910/1915/910 911/1916/911
s 1
f 888/1876/888 887/1875/887 911/1916/911 912/1917/912
s 4
f 889/1877/889 888/1876/888 912/1917/912 913/1918/913
s 1
f 914/1919/914 890/1878/890 889/1877/889 913/1918/913
s 4
f 891/1879/891 890/1878/890 914/1919/914 915/1920/915
s 1
f 903/1882/903 915/1921/915 916/1922/916 879/1863/879
s 2
f 873/1890/873 872/1889/872 867/1954/867 849/1955/849
s 1
f 874/1891/874 873/1890/873 849/1955/849 857/1956/857
s 8
f 875/1892/875 874/1891/874 857/1956/857 860/1957/860
s 1
f 876/1893/876 875/1892/875 860/1957/860 852/1958/852
s 2
f 877/1894/877 876/1893/876 852/1958/852 871/1959/871
s 8
f 899/1898/899 903/1903/903 871/1960/871 870/1961/870
s 1
f 843/1952/843 897/1896/897 902/1901/902 842/1964/842
s 2
f 898/1897/898 897/1896/897 843/1952/843 866/1953/866
s 8
f 892/1902/892 866/1953/866 867/1954/867 872/1889/872
s 2
f 900/1899/900 899/1898/899 870/1961/870 846/1962/846
s 1
f 901/1900/901 900/1899/900 846/1962/846 839/1963/839
s 8
f 902/1901/902 901/1900/901 839/1963/839 842/1964/842
s 1
f 917/1927/917 833/1926/833 893/1883/893 878/1884/878
s 8
f 918/1928/918 917/1927/917 878/1884/878 894/1885/894
s 1
f 904/1904/904 921/1932/921 894/1885/894 892/1911/892
s 4
f 922/1933/922 921/1932/921 904/1904/904 905/1905/905
s 1
f 906/1906/906 923/1934/923 922/1933/922 905/1905/905
s 4
f 924/1935/924 923/1934/923 906/1906/906 907/1907/907
s 1
f 925/1936/925 924/1935/924 907/1907/907 908/1908/908
s 4
f 926/1937/926 925/1936/925 908/1908/908 909/1909/909
s 1
f 879/1886/879 919/1929/919 909/1910/909 903/1912/903
s 8
f 920/1930/920 919/1929/919 879/1886/879 895/1887/895
s 1
f 834/1931/834 920/1930/920 895/1887/895 896/1888/896
s 8
f 833/1926/833 834/1931/834 896/1888/896 893/1883/893
s 1
f 824/1947/824 813/1939/813 880/1866/880 881/1867/881
s 4
f 865/1948/865 824/1947/824 881/1867/881 882/1868/882
s 8
f 872/1853/872 927/1940/927 882/1868/882 892/1872/892
s 4
f 928/1941/928 927/1940/927 872/1853/872 873/1854/873
s 1
f 929/1942/929 928/1941/928 873/1854/873 874/1855/874
s 2
f 930/1943/930 929/1942/929 874/1855/874 875/1856/875
s 1
f 931/1944/931 930/1943/930 875/1856/875 876/1857/876
s 4
f 932/1945/932 931/1944/931 876/1857/876 877/1858/877
s 8
f 883/1869/883 869/1949/869 877/1859/877 903/1873/903
s 4
f 821/1950/821 869/1949/869 883/1869/883 884/1870/884
s 1
f 885/1871/885 816/1951/816 821/1950/821 884/1870/884
s 4
f 813/1939/813 816/1951/816 885/1871/885 880/1866/880
s 1
f 933/1973/933 935/1975/935 936/1976/936 934/1974/934
f 937/1985/937 938/1986/938 940/1988/940 939/1987/939
s 2
f 933/1969/933 934/1970/934 938/1972/938 937/1971/937
s 4
f 934/1977/934 936/1978/936 940/1980/940 938/1979/938
s 2
f 936/1982/936 935/1981/935 939/1983/939 940/1984/940
s 4
f 935/1966/935 933/1965/933 937/1967/937 939/1968/939
s 1
f 941/1997/941 943/1999/943 944/2000/944 942/1998/942
f 945/2009/945 946/2010/946 948/2012/948 947/2011/947
s 2
f 941/1993/941 942/1994/942 946/1996/946 945/1995/945
s 4
f 942/2001/942 944/2002/944 948/2004/948 946/2003/946
s 2
f 944/2006/944 943/2005/943 947/2007/947 948/2008/948
s 4
f 943/1990/943 941/1989/941 945/1991/945 947/1992/947
s 1
f 949/2021/949 951/2023/951 952/2024/952 950/2022/950
f 953/2033/953 954/2034/954 956/2036/956 955/2035/955
s 2
f 949/2017/949 950/2018/950 954/2020/954 953/2019/953
s 4
f 950/2025/950 952/2026/952 956/2028/956 954/2027/954
s 2
f 952/2030/952 951/2029/951 955/2031/955 956/2032/956
s 4
f 951/2014/951 949/2013/949 953/2015/953 955/2016/955
s 1
f 957/2045/957 959/2047/959 960/2048/960 958/2046/958
f 961/2057/961 962/2058/962 964/2060/964 963/2059/963
s 2
f 957/2041/957 958/2042/958 962/2044/962 961/2043/961
s 4
f 958/2049/958 960/2050/960 964/2052/964 962/2051/962
s 2
f 960/2054/960 959/2053/959 963/2055/963 964/2056/964
s 4
f 959/2038/959 957/2037/957 961/2039/961 963/2040/963
s 1
f 965/2069/965 967/2071/967 968/2072/968 966/2070/966
f 969/2081/969 970/2082/970 972/2084/972 971/2083/971
s 2
f 965/2065/965 966/2066/966 970/2068/970 969/2067/969
s 4
f 966/2073/966 968/2074/968 972/2076/972 970/2075/970
s 2
f 968/2078/968 967/2077/967 971/2079/971 972/2080/972
s 4
f 967/2062/967 965/2061/965 969/2063/969 971/2064/971
s 1
f 973/2093/973 975/2095/975 976/2096/976 974/2094/974
f 977/2105/977 978/2106/978 980/2108/980 979/2107/979
s 2
f 973/2089/973 974/2090/974 978/2092/978 977/2091/977
s 4
f 974/2097/974 976/2098/976 980/2100/980 978/2099/978
s 2
f 976/2102/976 975/2101/975 979/2103/979 980/2104/980
s 4
f 975/2086/975 973/2085/973 977/2087/977 979/2088/979
s 1
f 981/2117/981 983/2119/983 984/2120/984 982/2118/982
f 985/2129/985 986/2130/986 988/2132/988 987/2131/987
s 2
f 981/2113/981 982/2114/982 986/2116/986 985/2115/985
s 4
f 982/2121/982 984/2122/984 988/2124/988 986/2123/986
s 2
f 984/2126/984 983/2125/983 987/2127/987 988/2128/988
s 4
f 983/2110/983 981/2109/981 985/2111/985 987/2112/987
s 1
f 989/2141/989 991/2143/991 992/2144/992 990/2142/990
f 993/2153/993 994/2154/994 996/2156/996 995/2155/995
s 2
f 989/2137/989 990/2138/990 994/2140/994 993/2139/993
s 4
f 990/2145/990 992/2146/992 996/2148/996 994/2147/994
s 2
f 992/2150/992 991/2149/991 995/2151/995 996/2152/996
s 4
f 991/2134/991 989/2133/989 993/2135/993 995/2136/995
s 1
f 1022/2258/1022 234/2194/234 233/2193/233 1021/2257/1021
s 2
f 1022/2258/1022 1027/2265/1027 235/2195/235 234/2194/234
f 1033/2273/1033 1037/2281/1037 235/2195/235 1027/2265/1027
f 1066/2314/1066 1058/2306/1058 235/2195/235 1037/2281/1037
f 1052/2298/1052 1045/2289/1045 235/2195/235 1058/2306/1058
f 998/2182/998 999/2183/999 235/2195/235 1045/2289/1045
s 1
f 236/2196/236 235/2195/235 999/2183/999 1000/2184/1000
s 2
f 237/2197/237 236/2196/236 1000/2184/1000 1001/2185/1001
s 1
f 238/2198/238 237/2197/237 1001/2185/1001 1002/2186/1002
s 2
f 239/2199/239 238/2198/238 1002/2186/1002 1003/2187/1003
s 1
f 240/2200/240 239/2199/239 1003/2187/1003 1004/2188/1004
s 2
f 241/2201/241 240/2200/240 1004/2188/1004 1005/2189/1005
s 1
f 242/2202/242 241/2206/241 1005/2205/1005 1006/2190/1006
s 2
f 1006/2190/1006 1023/2259/1023 243/2203/243 242/2202/242
f 1046/2290/1046 1053/2299/1053 1006/2190/1006 1007/2191/1007
f 1059/2307/1059 1067/2315/1067 1006/2190/1006 1053/2299/1053
f 1038/2282/1038 1034/2274/1034 1006/2190/1006 1067/2315/1067
f 1028/2266/1028 1023/2259/1023 1006/2190/1006 1034/2274/1034
s 1
f 1024/2260/1024 244/2204/244 243/2203/243 1023/2259/1023
s 2
f 1021/2257/1021 233/2193/233 244/2204/244 1024/2260/1024
s 4
f 997/2157/997 1006/2166/1006 999/2159/999 998/2158/998
f 1007/2167/1007 1006/2166/1006 997/2157/997 1008/2168/1008
f 999/2159/999 1006/2166/1006 1005/2165/1005 1000/2160/1000
f 1003/2163/1003 1002/2162/1002 1005/2165/1005 1004/2164/1004
f 1000/2160/1000 1005/2165/1005 1002/2162/1002 1001/2161/1001
s 1
f 258/2244/258 257/2243/257 1009/2231/1009 1010/2232/1010
s 2
f 259/2245/259 258/2244/258 1010/2232/1010 1011/2233/1011
s 1
f 260/2246/260 259/2245/259 1011/2233/1011 1012/2234/1012
s 2
f 1012/2234/1012 1025/2261/1025 261/2247/261 260/2246/260
f 1048/2292/1048 1055/2301/1055 1012/2234/1012 1013/2235/1013
f 1061/2309/1061 1069/2317/1069 1012/2234/1012 1055/2301/1055
f 1040/2284/1040 1035/2276/1035 1012/2234/1012 1069/2317/1069
f 1030/2268/1030 1025/2261/1025 1012/2234/1012 1035/2276/1035
s 1
f 1131/2262/1131 262/2248/262 261/2247/261 1025/2261/1025
s 2
f 1132/2263/1132 263/2249/263 262/2248/262 1131/2262/1131
s 1
f 1026/2264/1026 264/2250/264 263/2249/263 1132/2263/1132
s 2
f 1026/2264/1026 1031/2271/1031 265/2251/265 264/2250/264
f 1036/2279/1036 1043/2287/1043 265/2251/265 1031/2271/1031
f 1072/2320/1072 1064/2312/1064 265/2251/265 1043/2287/1043
f 1056/2304/1056 1049/2295/1049 265/2251/265 1064/2312/1064
f 1016/2238/1016 1017/2239/1017 265/2251/265 1049/2295/1049
s 1
f 266/2252/266 265/2256/265 1017/2255/1017 1018/2240/1018
s 2
f 267/2253/267 266/2252/266 1018/2240/1018 1019/2241/1019
s 1
f 268/2254/268 267/2253/267 1019/2241/1019 1020/2242/1020
s 2
f 257/2243/257 268/2254/268 1020/2242/1020 1009/2231/1009
s 4
f 1015/2213/1015 1014/2212/1014 1017/2215/1017 1016/2214/1016
f 1012/2210/1012 1017/2215/1017 1014/2212/1014 1013/2211/1013
f 1011/2209/1011 1018/2216/1018 1017/2215/1017 1012/2210/1012
f 1009/2207/1009 1018/2216/1018 1011/2209/1011 1010/2208/1010
f 1019/2217/1019 1018/2216/1018 1009/2207/1009 1020/2218/1020
s 1
f 1022/2258/1022 1021/2257/1021 1032/2272/1032 1027/2265/1027
f 1024/2260/1024 1023/2259/1023 1028/2266/1028 1029/2267/1029
f 1131/2262/1131 1025/2261/1025 1030/2268/1030 1130/2269/1130
f 1026/2264/1026 1132/2263/1132 1133/2270/1133 1031/2271/1031
f 1027/2265/1027 1032/2272/1032 1136/2280/1136 1033/2273/1033
f 1029/2267/1029 1028/2266/1028 1034/2274/1034 1139/2275/1139
s 2
f 1077/2327/1077 1029/2267/1029 1139/2275/1139 1140/2328/1140
s 1
f 1130/2269/1130 1030/2268/1030 1035/2276/1035 1125/2277/1125
f 1031/2271/1031 1133/2270/1133 1128/2278/1128 1036/2279/1036
f 1033/2273/1033 1136/2280/1136 1044/2288/1044 1037/2281/1037
f 1139/2275/1139 1034/2274/1034 1038/2282/1038 1039/2283/1039
f 1125/2277/1125 1035/2276/1035 1040/2284/1040 1041/2285/1041
f 1036/2279/1036 1128/2278/1128 1042/2286/1042 1043/2287/1043
f 1037/2281/1037 1044/2288/1044 1065/2313/1065 1066/2314/1066
f 1039/2283/1039 1038/2282/1038 1067/2315/1067 1068/2316/1068
s 2
f 1044/2288/1044 1039/2283/1039 1068/2316/1068 1065/2313/1065
s 1
f 1041/2285/1041 1040/2284/1040 1069/2317/1069 1070/2318/1070
s 2
f 1042/2286/1042 1041/2285/1041 1070/2318/1070 1071/2319/1071
s 1
f 1043/2287/1043 1042/2286/1042 1071/2319/1071 1072/2320/1072
f 1045/2289/1045 1050/2296/1050 997/2181/997 998/2182/998
f 1047/2291/1047 1046/2290/1046 1007/2191/1007 1008/2192/1008
s 2
f 1050/2296/1050 1047/2291/1047 1008/2192/1008 997/2181/997
s 1
f 1120/2293/1120 1048/2292/1048 1013/2235/1013 1014/2236/1014
s 2
f 1121/2294/1121 1120/2293/1120 1014/2236/1014 1015/2237/1015
s 1
f 1049/2295/1049 1121/2294/1121 1015/2237/1015 1016/2238/1016
f 1052/2298/1052 1051/2297/1051 1050/2296/1050 1045/2289/1045
f 1054/2300/1054 1053/2299/1053 1046/2290/1046 1047/2291/1047
s 4
f 1051/2297/1051 1074/2323/1074 1047/2291/1047 1050/2296/1050
f 1078/2329/1078 1054/2300/1054 1047/2291/1047 1074/2323/1074
s 1
f 1119/2302/1119 1055/2301/1055 1048/2292/1048 1120/2293/1120
f 1056/2304/1056 1122/2303/1122 1121/2294/1121 1049/2295/1049
f 1058/2306/1058 1057/2305/1057 1051/2297/1051 1052/2298/1052
f 1060/2308/1060 1059/2307/1059 1053/2299/1053 1054/2300/1054
s 4
f 1079/2330/1079 1060/2308/1060 1054/2300/1054 1078/2329/1078
s 1
f 1062/2310/1062 1061/2309/1061 1055/2301/1055 1119/2302/1119
s 2
f 1076/2326/1076 1062/2310/1062 1119/2302/1119 1118/2324/1118
s 1
f 1064/2312/1064 1063/2311/1063 1122/2303/1122 1056/2304/1056
f 1066/2314/1066 1065/2313/1065 1057/2305/1057 1058/2306/1058
f 1068/2316/1068 1067/2315/1067 1059/2307/1059 1060/2308/1060
s 4
f 1065/2313/1065 1079/2330/1079 1075/2325/1075 1057/2305/1057
f 1065/2313/1065 1068/2316/1068 1060/2308/1060 1079/2330/1079
s 1
f 1070/2318/1070 1069/2317/1069 1061/2309/1061 1062/2310/1062
f 1072/2320/1072 1071/2319/1071 1063/2311/1063 1064/2312/1064
s 2
f 1073/2321/1073 1135/2322/1135 1136/2280/1136 1032/2272/1032
s 4
f 1075/2325/1075 1074/2323/1074 1051/2297/1051 1057/2305/1057
f 1079/2330/1079 1078/2329/1078 1074/2323/1074 1075/2325/1075
s 2
f 1124/2332/1124 1123/2331/1123 1122/2303/1122 1063/2311/1063
f 1129/2336/1129 1130/2333/1130 1125/2334/1125 1126/2335/1126
f 1134/2340/1134 1127/2337/1127 1128/2338/1128 1133/2339/1133
s 1
f 1086/2349/1086 1101/2348/1101 1070/2413/1070 1062/2401/1062
s 4
f 1102/2350/1102 1086/2349/1086 1062/2401/1062 1076/2402/1076
s 1
f 1094/2362/1094 1100/2369/1100 1076/2402/1076 1118/2403/1118
s 4
f 1103/2352/1103 1087/2351/1087 1124/2410/1124 1063/2411/1063
s 1
f 1104/2353/1104 1103/2352/1103 1063/2411/1063 1071/2412/1071
s 4
f 1101/2348/1101 1104/2353/1104 1071/2412/1071 1070/2413/1070
f 1095/2363/1095 1094/2362/1094 1118/2403/1118 1119/2404/1119
s 1
f 1096/2364/1096 1095/2363/1095 1119/2404/1119 1120/2405/1120
s 4
f 1097/2365/1097 1096/2364/1096 1120/2405/1120 1121/2406/1121
s 1
f 1122/2407/1122 1098/2366/1098 1097/2365/1097 1121/2406/1121
s 4
f 1099/2367/1099 1098/2366/1098 1122/2407/1122 1123/2408/1123
s 1
f 1111/2370/1111 1123/2409/1123 1124/2410/1124 1087/2351/1087
s 2
f 1081/2378/1081 1080/2377/1080 1075/2442/1075 1057/2443/1057
s 1
f 1082/2379/1082 1081/2378/1081 1057/2443/1057 1065/2444/1065
s 8
f 1083/2380/1083 1082/2379/1082 1065/2444/1065 1068/2445/1068
s 1
f 1084/2381/1084 1083/2380/1083 1068/2445/1068 1060/2446/1060
s 2
f 1085/2382/1085 1084/2381/1084 1060/2446/1060 1079/2447/1079
s 8
f 1107/2386/1107 1111/2391/1111 1079/2448/1079 1078/2449/1078
s 1
f 1051/2440/1051 1105/2384/1105 1110/2389/1110 1050/2452/1050
s 2
f 1106/2385/1106 1105/2384/1105 1051/2440/1051 1074/2441/1074
s 8
f 1100/2390/1100 1074/2441/1074 1075/2442/1075 1080/2377/1080
s 2
f 1108/2387/1108 1107/2386/1107 1078/2449/1078 1054/2450/1054
s 1
f 1109/2388/1109 1108/2387/1108 1054/2450/1054 1047/2451/1047
s 8
f 1110/2389/1110 1109/2388/1109 1047/2451/1047 1050/2452/1050
s 1
f 1125/2415/1125 1041/2414/1041 1101/2371/1101 1086/2372/1086
s 8
f 1126/2416/1126 1125/2415/1125 1086/2372/1086 1102/2373/1102
s 1
f 1112/2392/1112 1129/2420/1129 1102/2373/1102 1100/2399/1100
s 4
f 1130/2421/1130 1129/2420/1129 1112/2392/1112 1113/2393/1113
s 1
f 1114/2394/1114 1131/2422/1131 1130/2421/1130 1113/2393/1113
s 4
f 1132/2423/1132 1131/2422/1131 1114/2394/1114 1115/2395/1115
s 1
f 1133/2424/1133 1132/2423/1132 1115/2395/1115 1116/2396/1116
s 4
f 1134/2425/1134 1133/2424/1133 1116/2396/1116 1117/2397/1117
s 1
f 1087/2374/1087 1127/2417/1127 1117/2398/1117 1111/2400/1111
s 8
f 1128/2418/1128 1127/2417/1127 1087/2374/1087 1103/2375/1103
s 1
f 1042/2419/1042 1128/2418/1128 1103/2375/1103 1104/2376/1104
s 8
f 1041/2414/1041 1042/2419/1042 1104/2376/1104 1101/2371/1101
s 1
f 1032/2435/1032 1021/2427/1021 1088/2354/1088 1089/2355/1089
s 4
f 1073/2436/1073 1032/2435/1032 1089/2355/1089 1090/2356/1090
s 8
f 1080/2341/1080 1135/2428/1135 1090/2356/1090 1100/2360/1100
s 4
f 1136/2429/1136 1135/2428/1135 1080/2341/1080 1081/2342/1081
s 1
f 1137/2430/1137 1136/2429/1136 1081/2342/1081 1082/2343/1082
s 2
f 1138/2431/1138 1137/2430/1137 1082/2343/1082 1083/2344/1083
s 1
f 1139/2432/1139 1138/2431/1138 1083/2344/1083 1084/2345/1084
s 4
f 1140/2433/1140 1139/2432/1139 1084/2345/1084 1085/2346/1085
s 8
f 1091/2357/1091 1077/2437/1077 1085/2347/1085 1111/2361/1111
s 4
f 1029/2438/1029 1077/2437/1077 1091/2357/1091 1092/2358/1092
s 1
f 1093/2359/1093 1024/2439/1024 1029/2438/1029 1092/2358/1092
s 4
f 1021/2427/1021 1024/2439/1024 1093/2359/1093 1088/2354/1088
s 1
f 413/2477/413 414/2478/414 1142/2490/1142 1141/2489/1141
s 2
f 414/2478/414 415/2479/415 1143/2491/1143 1142/2490/1142
s 1
f 415/2479/415 416/2480/416 1144/2492/1144 1143/2491/1143
s 2
f 416/2480/416 417/2481/417 1145/2493/1145 1144/2492/1144
s 1
f 417/2481/417 418/2482/418 1146/2494/1146 1145/2493/1145
s 2
f 418/2482/418 419/2483/419 1147/2495/1147 1146/2494/1146
s 1
f 419/2483/419 420/2484/420 1148/2496/1148 1147/2495/1147
s 2
f 420/2484/420 421/2485/421 1149/2497/1149 1148/2496/1148
s 1
f 421/2501/421 422/2486/422 1150/2498/1150 1149/2502/1149
s 2
f 422/2486/422 423/2487/423 1151/2499/1151 1150/2498/1150
s 1
f 423/2487/423 424/2488/424 1152/2500/1152 1151/2499/1151
s 2
f 424/2488/424 413/2477/413 1141/2489/1141 1152/2500/1152
s 4
f 1146/2470/1146 1149/2473/1149 1144/2468/1144 1145/2469/1145
f 1149/2473/1149 1146/2470/1146 1147/2471/1147 1148/2472/1148
f 1141/2465/1141 1150/2474/1150 1151/2475/1151 1152/2476/1152
f 1143/2467/1143 1150/2474/1150 1141/2465/1141 1142/2466/1142
f 1143/2467/1143 1144/2468/1144 1149/2473/1149 1150/2474/1150
s 1
f 1155/2505/1155 1156/2506/1156 1153/2503/1153 1154/2504/1154
s 2
f 1156/2506/1156 1158/2508/1158 1157/2507/1157 1153/2503/1153
s 1
f 1158/2508/1158 1160/2510/1160 1159/2509/1159 1157/2507/1157
s 2
f 1160/2510/1160 1162/2512/1162 1161/2511/1161 1159/2509/1159
s 1
f 1162/2512/1162 1164/2514/1164 1163/2513/1163 1161/2511/1161
s 2
f 1164/2514/1164 1166/2516/1166 1165/2515/1165 1163/2513/1163
s 1
f 1166/2516/1166 1168/2518/1168 1167/2517/1167 1165/2515/1165
s 2
f 1168/2518/1168 1170/2520/1170 1169/2519/1169 1167/2517/1167
s 1
f 1170/2523/1170 1172/2524/1172 1171/2521/1171 1169/2522/1169
s 2
f 1172/2524/1172 1174/2526/1174 1173/2525/1173 1171/2521/1171
s 1
f 1174/2526/1174 1176/2528/1176 1175/2527/1175 1173/2525/1173
s 2
f 1176/2528/1176 1155/2505/1155 1154/2504/1154 1175/2527/1175
s 1
f 1177/2531/1177 1178/2532/1178 1156/2529/1156 1155/2530/1155
s 2
f 1178/2532/1178 1179/2534/1179 1158/2533/1158 1156/2529/1156
s 1
f 1179/2534/1179 1180/2536/1180 1160/2535/1160 1158/2533/1158
s 2
f 1180/2536/1180 1181/2538/1181 1162/2537/1162 1160/2535/1160
s 1
f 1181/2538/1181 1182/2540/1182 1164/2539/1164 1162/2537/1162
s 2
f 1182/2540/1182 1183/2542/1183 1166/2541/1166 1164/2539/1164
s 1
f 1183/2542/1183 1184/2544/1184 1168/2543/1168 1166/2541/1166
s 2
f 1184/2544/1184 1185/2546/1185 1170/2545/1170 1168/2543/1168
s 1
f 1185/2549/1185 1186/2550/1186 1172/2547/1172 1170/2548/1170
s 2
f 1186/2550/1186 1187/2552/1187 1174/2551/1174 1172/2547/1172
s 1
f 1187/2552/1187 1188/2554/1188 1176/2553/1176 1174/2551/1174
s 2
f 1188/2554/1188 1177/2531/1177 1155/2530/1155 1176/2553/1176
s 4
f 1177/2557/1177 1186/2560/1186 1179/2555/1179 1178/2556/1178
f 1187/2559/1187 1186/2560/1186 1177/2557/1177 1188/2558/1188
f 1185/2561/1185 1180/2562/1180 1179/2555/1179 1186/2560/1186
f 1183/2564/1183 1182/2565/1182 1185/2561/1185 1184/2563/1184
f 1182/2565/1182 1181/2566/1181 1180/2562/1180 1185/2561/1185
s 1
f 1154/2569/1154 1153/2570/1153 1189/2567/1189 1190/2568/1190
s 2
f 1153/2570/1153 1157/2572/1157 1191/2571/1191 1189/2567/1189
s 1
f 1157/2572/1157 1159/2574/1159 1192/2573/1192 1191/2571/1191
s 2
f 1159/2574/1159 1161/2576/1161 1193/2575/1193 1192/2573/1192
s 1
f 1161/2576/1161 1163/2578/1163 1194/2577/1194 1193/2575/1193
s 2
f 1163/2578/1163 1165/2580/1165 1195/2579/1195 1194/2577/1194
s 1
f 1165/2580/1165 1167/2582/1167 1196/2581/1196 1195/2579/1195
s 2
f 1167/2582/1167 1169/2584/1169 1197/2583/1197 1196/2581/1196
s 1
f 1169/2587/1169 1171/2588/1171 1198/2585/1198 1197/2586/1197
s 2
f 1171/2588/1171 1173/2590/1173 1199/2589/1199 1198/2585/1198
s 1
f 1173/2590/1173 1175/2592/1175 1200/2591/1200 1199/2589/1199
s 2
f 1175/2592/1175 1154/2569/1154 1190/2568/1190 1200/2591/1200
s 4
f 1194/2595/1194 1197/2598/1197 1192/2593/1192 1193/2594/1193
f 1197/2598/1197 1194/2595/1194 1195/2596/1195 1196/2597/1196
f 1190/2601/1190 1198/2602/1198 1199/2599/1199 1200/2600/1200
f 1191/2604/1191 1198/2602/1198 1190/2601/1190 1189/2603/1189
f 1191/2604/1191 1192/2593/1192 1197/2598/1197 1198/2602/1198
s 1
f 1203/2607/1203 1204/2608/1204 1201/2605/1201 1202/2606/1202
s 2
f 1204/2608/1204 1206/2610/1206 1205/2609/1205 1201/2605/1201
s 1
f 1206/2610/1206 1208/2612/1208 1207/2611/1207 1205/2609/1205
s 2
f 1208/2612/1208 1210/2614/1210 1209/2613/1209 1207/2611/1207
s 1
f 1210/2614/1210 1212/2616/1212 1211/2615/1211 1209/2613/1209
s 2
f 1212/2616/1212 1214/2618/1214 1213/2617/1213 1211/2615/1211
s 1
f 1214/2618/1214 1216/2620/1216 1215/2619/1215 1213/2617/1213
s 2
f 1216/2620/1216 1218/2622/1218 1217/2621/1217 1215/2619/1215
s 1
f 1218/2625/1218 1220/2626/1220 1219/2623/1219 1217/2624/1217
s 2
f 1220/2626/1220 1222/2628/1222 1221/2627/1221 1219/2623/1219
s 1
f 1222/2628/1222 1224/2630/1224 1223/2629/1223 1221/2627/1221
s 2
f 1224/2630/1224 1203/2607/1203 1202/2606/1202 1223/2629/1223
s 1
f 1225/2633/1225 1226/2634/1226 1204/2631/1204 1203/2632/1203
s 2
f 1226/2634/1226 1227/2636/1227 1206/2635/1206 1204/2631/1204
s 1
f 1227/2636/1227 1228/2638/1228 1208/2637/1208 1206/2635/1206
s 2
f 1228/2638/1228 1229/2640/1229 1210/2639/1210 1208/2637/1208
s 1
f 1229/2640/1229 1230/2642/1230 1212/2641/1212 1210/2639/1210
s 2
f 1230/2642/1230 1231/2644/1231 1214/2643/1214 1212/2641/1212
s 1
f 1231/2644/1231 1232/2646/1232 1216/2645/1216 1214/2643/1214
s 2
f 1232/2646/1232 1233/2648/1233 1218/2647/1218 1216/2645/1216
s 1
f 1233/2651/1233 1234/2652/1234 1220/2649/1220 1218/2650/1218
s 2
f 1234/2652/1234 1235/2654/1235 1222/2653/1222 1220/2649/1220
s 1
f 1235/2654/1235 1236/2656/1236 1224/2655/1224 1222/2653/1222
s 2
f 1236/2656/1236 1225/2633/1225 1203/2632/1203 1224/2655/1224
s 4
f 1225/2659/1225 1234/2662/1234 1227/2657/1227 1226/2658/1226
f 1235/2661/1235 1234/2662/1234 1225/2659/1225 1236/2660/1236
f 1233/2663/1233 1228/2664/1228 1227/2657/1227 1234/2662/1234
f 1231/2666/1231 1230/2667/1230 1233/2663/1233 1232/2665/1232
f 1230/2667/1230 1229/2668/1229 1228/2664/1228 1233/2663/1233
s 1
f 1202/2671/1202 1201/2672/1201 1237/2669/1237 1238/2670/1238
s 2
f 1201/2672/1201 1205/2674/1205 1239/2673/1239 1237/2669/1237
s 1
f 1205/2674/1205 1207/2676/1207 1240/2675/1240 1239/2673/1239
s 2
f 1207/2676/1207 1209/2678/1209 1241/2677/1241 1240/2675/1240
s 1
f 1209/2678/1209 1211/2680/1211 1242/2679/1242 1241/2677/1241
s 2
f 1211/2680/1211 1213/2682/1213 1243/2681/1243 1242/2679/1242
s 1
f 1213/2682/1213 1215/2684/1215 1244/2683/1244 1243/2681/1243
s 2
f 1215/2684/1215 1217/2686/1217 1245/2685/1245 1244/2683/1244
s 1
f 1217/2689/1217 1219/2690/1219 1246/2687/1246 1245/2688/1245
s 2
f 1219/2690/1219 1221/2692/1221 1247/2691/1247 1246/2687/1246
s 1
f 1221/2692/1221 1223/2694/1223 1248/2693/1248 1247/2691/1247
s 2
f 1223/2694/1223 1202/2671/1202 1238/2670/1238 1248/2693/1248
s 4
f 1242/2697/1242 1245/2700/1245 1240/2695/1240 1241/2696/1241
f 1245/2700/1245 1242/2697/1242 1243/2698/1243 1244/2699/1244
f 1238/2703/1238 1246/2704/1246 1247/2701/1247 1248/2702/1248
f 1239/2706/1239 1246/2704/1246 1238/2703/1238 1237/2705/1237
f 1239/2706/1239 1240/2695/1240 1245/2700/1245 1246/2704/1246
s 1
f 1251/2709/1251 1252/2710/1252 1249/2707/1249 1250/2708/1250
f 1255/2713/1255 1256/2714/1256 1253/2711/1253 1254/2712/1254
s 2
f 1251/2717/1251 1250/2718/1250 1256/2715/1256 1255/2716/1255
s 4
f 1250/2721/1250 1249/2722/1249 1253/2719/1253 1256/2720/1256
s 2
f 1249/2725/1249 1252/2726/1252 1254/2723/1254 1253/2724/1253
s 4
f 1252/2729/1252 1251/2730/1251 1255/2727/1255 1254/2728/1254
s 1
f 1259/2733/1259 1260/2734/1260 1257/2731/1257 1258/2732/1258
f 1263/2737/1263 1264/2738/1264 1261/2735/1261 1262/2736/1262
s 2
f 1259/2741/1259 1258/2742/1258 1264/2739/1264 1263/2740/1263
s 4
f 1258/2745/1258 1257/2746/1257 1261/2743/1261 1264/2744/1264
s 2
f 1257/2749/1257 1260/2750/1260 1262/2747/1262 1261/2748/1261
s 4
f 1260/2753/1260 1259/2754/1259 1263/2751/1263 1262/2752/1262
s 1
f 1267/2757/1267 1268/2758/1268 1265/2755/1265 1266/2756/1266
f 1271/2761/1271 1272/2762/1272 1269/2759/1269 1270/2760/1270
s 2
f 1267/2765/1267 1266/2766/1266 1272/2763/1272 1271/2764/1271
s 4
f 1266/2769/1266 1265/2770/1265 1269/2767/1269 1272/2768/1272
s 2
f 1265/2773/1265 1268/2774/1268 1270/2771/1270 1269/2772/1269
s 4
f 1268/2777/1268 1267/2778/1267 1271/2775/1271 1270/2776/1270
s 1
f 1275/2781/1275 1276/2782/1276 1273/2779/1273 1274/2780/1274
f 1279/2785/1279 1280/2786/1280 1277/2783/1277 1278/2784/1278
s 2
f 1275/2789/1275 1274/2790/1274 1280/2787/1280 1279/2788/1279
s 4
f 1274/2793/1274 1273/2794/1273 1277/2791/1277 1280/2792/1280
s 2
f 1273/2797/1273 1276/2798/1276 1278/2795/1278 1277/2796/1277
s 4
f 1276/2801/1276 1275/2802/1275 1279/2799/1279 1278/2800/1278
s 1
f 1283/2805/1283 1284/2806/1284 1281/2803/1281 1282/2804/1282
f 1287/2809/1287 1288/2810/1288 1285/2807/1285 1286/2808/1286
s 2
f 1283/2813/1283 1282/2814/1282 1288/2811/1288 1287/2812/1287
s 4
f 1282/2817/1282 1281/2818/1281 1285/2815/1285 1288/2816/1288
s 2
f 1281/2821/1281 1284/2822/1284 1286/2819/1286 1285/2820/1285
s 4
f 1284/2825/1284 1283/2826/1283 1287/2823/1287 1286/2824/1286
s 1
f 1291/2829/1291 1292/2830/1292 1289/2827/1289 1290/2828/1290
f 1295/2833/1295 1296/2834/1296 1293/2831/1293 1294/2832/1294
s 2
f 1291/2837/1291 1290/2838/1290 1296/2835/1296 1295/2836/1295
s 4
f 1290/2841/1290 1289/2842/1289 1293/2839/1293 1296/2840/1296
s 2
f 1289/2845/1289 1292/2846/1292 1294/2843/1294 1293/2844/1293
s 4
f 1292/2849/1292 1291/2850/1291 1295/2847/1295 1294/2848/1294
s 1
f 1299/2853/1299 1300/2854/1300 1297/2851/1297 1298/2852/1298
f 1303/2857/1303 1304/2858/1304 1301/2855/1301 1302/2856/1302
s 2
f 1299/2861/1299 1298/2862/1298 1304/2859/1304 1303/2860/1303
s 4
f 1298/2865/1298 1297/2866/1297 1301/2863/1301 1304/2864/1304
s 2
f 1297/2869/1297 1300/2870/1300 1302/2867/1302 1301/2868/1301
s 4
f 1300/2873/1300 1299/2874/1299 1303/2871/1303 1302/2872/1302
s 1
f 1307/2877/1307 1308/2878/1308 1305/2875/1305 1306/2876/1306
f 1311/2881/1311 1312/2882/1312 1309/2879/1309 1310/2880/1310
s 2
f 1307/2885/1307 1306/2886/1306 1312/2883/1312 1311/2884/1311
s 4
f 1306/2889/1306 1305/2890/1305 1309/2887/1309 1312/2888/1312
s 2
f 1305/2893/1305 1308/2894/1308 1310/2891/1310 1309/2892/1309
s 4
f 1308/2897/1308 1307/2898/1307 1311/2895/1311 1310/2896/1310
s 1
f 1315/2901/1315 1316/2902/1316 1313/2899/1313 1314/2900/1314
f 1319/2905/1319 1320/2906/1320 1317/2903/1317 1318/2904/1318
s 2
f 1315/2909/1315 1314/2910/1314 1320/2907/1320 1319/2908/1319
s 4
f 1314/2913/1314 1313/2914/1313 1317/2911/1317 1320/2912/1320
s 2
f 1313/2917/1313 1316/2918/1316 1318/2915/1318 1317/2916/1317
s 4
f 1316/2921/1316 1315/2922/1315 1319/2919/1319 1318/2920/1318
s 1
f 1323/2925/1323 1324/2926/1324 1321/2923/1321 1322/2924/1322
f 1327/2929/1327 1328/2930/1328 1325/2927/1325 1326/2928/1326
s 2
f 1323/2933/1323 1322/2934/1322 1328/2931/1328 1327/2932/1327
s 4
f 1322/2937/1322 1321/2938/1321 1325/2935/1325 1328/2936/1328
s 2
f 1321/2941/1321 1324/2942/1324 1326/2939/1326 1325/2940/1325
s 4
f 1324/2945/1324 1323/2946/1323 1327/2943/1327 1326/2944/1326
s 1
f 1378/3000/1378 1342/2960/1342 1341/2959/1341 1377/2999/1377
s 2
f 1378/3000/1378 1383/3007/1383 1343/2961/1343 1342/2960/1342
f 1389/3015/1389 1393/3023/1393 1343/2961/1343 1383/3007/1383
f 1422/3056/1422 1414/3048/1414 1343/2961/1343 1393/3023/1393
f 1408/3040/1408 1401/3031/1401 1343/2961/1343 1414/3048/1414
f 1330/2948/1330 1331/2949/1331 1343/2961/1343 1401/3031/1401
s 1
f 1344/2962/1344 1343/2961/1343 1331/2949/1331 1332/2950/1332
s 2
f 1345/2963/1345 1344/2962/1344 1332/2950/1332 1333/2951/1333
s 1
f 1346/2964/1346 1345/2963/1345 1333/2951/1333 1334/2952/1334
s 2
f 1347/2965/1347 1346/2964/1346 1334/2952/1334 1335/2953/1335
s 1
f 1348/2966/1348 1347/2965/1347 1335/2953/1335 1336/2954/1336
s 2
f 1349/2967/1349 1348/2966/1348 1336/2954/1336 1337/2955/1337
s 1
f 1350/2968/1350 1349/2972/1349 1337/2971/1337 1338/2956/1338
s 2
f 1338/2956/1338 1379/3001/1379 1351/2969/1351 1350/2968/1350
f 1402/3032/1402 1409/3041/1409 1338/2956/1338 1339/2957/1339
f 1415/3049/1415 1423/3057/1423 1338/2956/1338 1409/3041/1409
f 1394/3024/1394 1390/3016/1390 1338/2956/1338 1423/3057/1423
f 1384/3008/1384 1379/3001/1379 1338/2956/1338 1390/3016/1390
s 1
f 1380/3002/1380 1352/2970/1352 1351/2969/1351 1379/3001/1379
s 2
f 1377/2999/1377 1341/2959/1341 1352/2970/1352 1380/3002/1380
s 1
f 1366/2986/1366 1365/2985/1365 1353/2973/1353 1354/2974/1354
s 2
f 1367/2987/1367 1366/2986/1366 1354/2974/1354 1355/2975/1355
s 1
f 1368/2988/1368 1367/2987/1367 1355/2975/1355 1356/2976/1356
s 2
f 1356/2976/1356 1381/3003/1381 1369/2989/1369 1368/2988/1368
f 1404/3034/1404 1411/3043/1411 1356/2976/1356 1357/2977/1357
f 1417/3051/1417 1425/3059/1425 1356/2976/1356 1411/3043/1411
f 1396/3026/1396 1391/3018/1391 1356/2976/1356 1425/3059/1425
f 1386/3010/1386 1381/3003/1381 1356/2976/1356 1391/3018/1391
s 1
f 1487/3004/1487 1370/2990/1370 1369/2989/1369 1381/3003/1381
s 2
f 1488/3005/1488 1371/2991/1371 1370/2990/1370 1487/3004/1487
s 1
f 1382/3006/1382 1372/2992/1372 1371/2991/1371 1488/3005/1488
s 2
f 1382/3006/1382 1387/3013/1387 1373/2993/1373 1372/2992/1372
f 1392/3021/1392 1399/3029/1399 1373/2993/1373 1387/3013/1387
f 1428/3062/1428 1420/3054/1420 1373/2993/1373 1399/3029/1399
f 1412/3046/1412 1405/3037/1405 1373/2993/1373 1420/3054/1420
f 1360/2980/1360 1361/2981/1361 1373/2993/1373 1405/3037/1405
s 1
f 1374/2994/1374 1373/2998/1373 1361/2997/1361 1362/2982/1362
s 2
f 1375/2995/1375 1374/2994/1374 1362/2982/1362 1363/2983/1363
s 1
f 1376/2996/1376 1375/2995/1375 1363/2983/1363 1364/2984/1364
s 2
f 1365/2985/1365 1376/2996/1376 1364/2984/1364 1353/2973/1353
s 1
f 1378/3000/1378 1377/2999/1377 1388/3014/1388 1383/3007/1383
f 1380/3002/1380 1379/3001/1379 1384/3008/1384 1385/3009/1385
f 1487/3004/1487 1381/3003/1381 1386/3010/1386 1486/3011/1486
f 1382/3006/1382 1488/3005/1488 1489/3012/1489 1387/3013/1387
f 1383/3007/1383 1388/3014/1388 1492/3022/1492 1389/3015/1389
f 1385/3009/1385 1384/3008/1384 1390/3016/1390 1495/3017/1495
s 2
f 1433/3069/1433 1385/3009/1385 1495/3017/1495 1496/3070/1496
s 1
f 1486/3011/1486 1386/3010/1386 1391/3018/1391 1481/3019/1481
f 1387/3013/1387 1489/3012/1489 1484/3020/1484 1392/3021/1392
f 1389/3015/1389 1492/3022/1492 1400/3030/1400 1393/3023/1393
f 1495/3017/1495 1390/3016/1390 1394/3024/1394 1395/3025/1395
f 1481/3019/1481 1391/3018/1391 1396/3026/1396 1397/3027/1397
f 1392/3021/1392 1484/3020/1484 1398/3028/1398 1399/3029/1399
f 1393/3023/1393 1400/3030/1400 1421/3055/1421 1422/3056/1422
f 1395/3025/1395 1394/3024/1394 1423/3057/1423 1424/3058/1424
s 2
f 1400/3030/1400 1395/3025/1395 1424/3058/1424 1421/3055/1421
s 1
f 1397/3027/1397 1396/3026/1396 1425/3059/1425 1426/3060/1426
s 2
f 1398/3028/1398 1397/3027/1397 1426/3060/1426 1427/3061/1427
s 1
f 1399/3029/1399 1398/3028/1398 1427/3061/1427 1428/3062/1428
f 1401/3031/1401 1406/3038/1406 1329/2947/1329 1330/2948/1330
f 1403/3033/1403 1402/3032/1402 1339/2957/1339 1340/2958/1340
s 2
f 1406/3038/1406 1403/3033/1403 1340/2958/1340 1329/2947/1329
s 1
f 1476/3035/1476 1404/3034/1404 1357/2977/1357 1358/2978/1358
s 2
f 1477/3036/1477 1476/3035/1476 1358/2978/1358 1359/2979/1359
s 1
f 1405/3037/1405 1477/3036/1477 1359/2979/1359 1360/2980/1360
f 1408/3040/1408 1407/3039/1407 1406/3038/1406 1401/3031/1401
f 1410/3042/1410 1409/3041/1409 1402/3032/1402 1403/3033/1403
s 4
f 1407/3039/1407 1430/3065/1430 1403/3033/1403 1406/3038/1406
f 1434/3071/1434 1410/3042/1410 1403/3033/1403 1430/3065/1430
s 1
f 1475/3044/1475 1411/3043/1411 1404/3034/1404 1476/3035/1476
f 1412/3046/1412 1478/3045/1478 1477/3036/1477 1405/3037/1405
f 1414/3048/1414 1413/3047/1413 1407/3039/1407 1408/3040/1408
f 1416/3050/1416 1415/3049/1415 1409/3041/1409 1410/3042/1410
s 4
f 1435/3072/1435 1416/3050/1416 1410/3042/1410 1434/3071/1434
s 1
f 1418/3052/1418 1417/3051/1417 1411/3043/1411 1475/3044/1475
s 2
f 1432/3068/1432 1418/3052/1418 1475/3044/1475 1474/3066/1474
s 1
f 1420/3054/1420 1419/3053/1419 1478/3045/1478 1412/3046/1412
f 1422/3056/1422 1421/3055/1421 1413/3047/1413 1414/3048/1414
f 1424/3058/1424 1423/3057/1423 1415/3049/1415 1416/3050/1416
s 4
f 1421/3055/1421 1435/3072/1435 1431/3067/1431 1413/3047/1413
f 1421/3055/1421 1424/3058/1424 1416/3050/1416 1435/3072/1435
s 1
f 1426/3060/1426 1425/3059/1425 1417/3051/1417 1418/3052/1418
f 1428/3062/1428 1427/3061/1427 1419/3053/1419 1420/3054/1420
s 2
f 1429/3063/1429 1491/3064/1491 1492/3022/1492 1388/3014/1388
s 4
f 1431/3067/1431 1430/3065/1430 1407/3039/1407 1413/3047/1413
f 1435/3072/1435 1434/3071/1434 1430/3065/1430 1431/3067/1431
s 2
f 1480/3074/1480 1479/3073/1479 1478/3045/1478 1419/3053/1419
f 1485/3078/1485 1486/3075/1486 1481/3076/1481 1482/3077/1482
f 1490/3082/1490 1483/3079/1483 1484/3080/1484 1489/3081/1489
s 1
f 1442/3091/1442 1457/3090/1457 1426/3155/1426 1418/3143/1418
s 4
f 1458/3092/1458 1442/3091/1442 1418/3143/1418 1432/3144/1432
s 1
f 1450/3104/1450 1456/3111/1456 1432/3144/1432 1474/3145/1474
s 4
f 1459/3094/1459 1443/3093/1443 1480/3152/1480 1419/3153/1419
s 1
f 1460/3095/1460 1459/3094/1459 1419/3153/1419 1427/3154/1427
s 4
f 1457/3090/1457 1460/3095/1460 1427/3154/1427 1426/3155/1426
f 1451/3105/1451 1450/3104/1450 1474/3145/1474 1475/3146/1475
s 1
f 1452/3106/1452 1451/3105/1451 1475/3146/1475 1476/3147/1476
s 4
f 1453/3107/1453 1452/3106/1452 1476/3147/1476 1477/3148/1477
s 1
f 1478/3149/1478 1454/3108/1454 1453/3107/1453 1477/3148/1477
s 4
f 1455/3109/1455 1454/3108/1454 1478/3149/1478 1479/3150/1479
s 1
f 1467/3112/1467 1479/3151/1479 1480/3152/1480 1443/3093/1443
s 2
f 1437/3120/1437 1436/3119/1436 1431/3184/1431 1413/3185/1413
s 1
f 1438/3121/1438 1437/3120/1437 1413/3185/1413 1421/3186/1421
s 8
f 1439/3122/1439 1438/3121/1438 1421/3186/1421 1424/3187/1424
s 1
f 1440/3123/1440 1439/3122/1439 1424/3187/1424 1416/3188/1416
s 2
f 1441/3124/1441 1440/3123/1440 1416/3188/1416 1435/3189/1435
s 8
f 1463/3128/1463 1467/3133/1467 1435/3190/1435 1434/3191/1434
s 1
f 1407/3182/1407 1461/3126/1461 1466/3131/1466 1406/3194/1406
s 2
f 1462/3127/1462 1461/3126/1461 1407/3182/1407 1430/3183/1430
s 8
f 1456/3132/1456 1430/3183/1430 1431/3184/1431 1436/3119/1436
s 2
f 1464/3129/1464 1463/3128/1463 1434/3191/1434 1410/3192/1410
s 1
f 1465/3130/1465 1464/3129/1464 1410/3192/1410 1403/3193/1403
s 8
f 1466/3131/1466 1465/3130/1465 1403/3193/1403 1406/3194/1406
s 1
f 1481/3157/1481 1397/3156/1397 1457/3113/1457 1442/3114/1442
s 8
f 1482/3158/1482 1481/3157/1481 1442/3114/1442 1458/3115/1458
s 1
f 1468/3134/1468 1485/3162/1485 1458/3115/1458 1456/3141/1456
s 4
f 1486/3163/1486 1485/3162/1485 1468/3134/1468 1469/3135/1469
s 1
f 1470/3136/1470 1487/3164/1487 1486/3163/1486 1469/3135/1469
s 4
f 1488/3165/1488 1487/3164/1487 1470/3136/1470 1471/3137/1471
s 1
f 1489/3166/1489 1488/3165/1488 1471/3137/1471 1472/3138/1472
s 4
f 1490/3167/1490 1489/3166/1489 1472/3138/1472 1473/3139/1473
s 1
f 1443/3116/1443 1483/3159/1483 1473/3140/1473 1467/3142/1467
s 8
f 1484/3160/1484 1483/3159/1483 1443/3116/1443 1459/3117/1459
s 1
f 1398/3161/1398 1484/3160/1484 1459/3117/1459 1460/3118/1460
s 8
f 1397/3156/1397 1398/3161/1398 1460/3118/1460 1457/3113/1457
s 1
f 1388/3177/1388 1377/3169/1377 1444/3096/1444 1445/3097/1445
s 4
f 1429/3178/1429 1388/3177/1388 1445/3097/1445 1446/3098/1446
s 8
f 1436/3083/1436 1491/3170/1491 1446/3098/1446 1456/3102/1456
s 4
f 1492/3171/1492 1491/3170/1491 1436/3083/1436 1437/3084/1437
s 1
f 1493/3172/1493 1492/3171/1492 1437/3084/1437 1438/3085/1438
s 2
f 1494/3173/1494 1493/3172/1493 1438/3085/1438 1439/3086/1439
s 1
f 1495/3174/1495 1494/3173/1494 1439/3086/1439 1440/3087/1440
s 4
f 1496/3175/1496 1495/3174/1495 1440/3087/1440 1441/3088/1441
s 8
f 1447/3099/1447 1433/3179/1433 1441/3089/1441 1467/3103/1467
s 4
f 1385/3180/1385 1433/3179/1433 1447/3099/1447 1448/3100/1448
s 1
f 1449/3101/1449 1380/3181/1380 1385/3180/1385 1448/3100/1448
s 4
f 1377/3169/1377 1380/3181/1380 1449/3101/1449 1444/3096/1444
s 1
f 1522/3272/1522 1498/3220/1498 1497/3219/1497 1521/3271/1521
s 2
f 1522/3272/1522 1527/3279/1527 1499/3221/1499 1498/3220/1498
f 1533/3287/1533 1537/3295/1537 1499/3221/1499 1527/3279/1527
f 1566/3328/1566 1558/3320/1558 1499/3221/1499 1537/3295/1537
f 1552/3312/1552 1545/3303/1545 1499/3221/1499 1558/3320/1558
f 1342/3208/1342 1343/3209/1343 1499/3221/1499 1545/3303/1545
s 1
f 1500/3222/1500 1499/3221/1499 1343/3209/1343 1344/3210/1344
s 2
f 1501/3223/1501 1500/3222/1500 1344/3210/1344 1345/3211/1345
s 1
f 1502/3224/1502 1501/3223/1501 1345/3211/1345 1346/3212/1346
s 2
f 1503/3225/1503 1502/3224/1502 1346/3212/1346 1347/3213/1347
s 1
f 1504/3226/1504 1503/3225/1503 1347/3213/1347 1348/3214/1348
s 2
f 1505/3227/1505 1504/3226/1504 1348/3214/1348 1349/3215/1349
s 1
f 1506/3228/1506 1505/3232/1505 1349/3231/1349 1350/3216/1350
s 2
f 1350/3216/1350 1523/3273/1523 1507/3229/1507 1506/3228/1506
f 1546/3304/1546 1553/3313/1553 1350/3216/1350 1351/3217/1351
f 1559/3321/1559 1567/3329/1567 1350/3216/1350 1553/3313/1553
f 1538/3296/1538 1534/3288/1534 1350/3216/1350 1567/3329/1567
f 1528/3280/1528 1523/3273/1523 1350/3216/1350 1534/3288/1534
s 1
f 1524/3274/1524 1508/3230/1508 1507/3229/1507 1523/3273/1523
s 2
f 1521/3271/1521 1497/3219/1497 1508/3230/1508 1524/3274/1524
s 4
f 1505/3203/1505 1506/3204/1506 1499/3197/1499 1500/3198/1500
f 1497/3195/1497 1506/3204/1506 1507/3205/1507 1508/3206/1508
f 1499/3197/1499 1506/3204/1506 1497/3195/1497 1498/3196/1498
f 1502/3200/1502 1505/3203/1505 1500/3198/1500 1501/3199/1501
f 1505/3203/1505 1502/3200/1502 1503/3201/1503 1504/3202/1504
s 1
f 1510/3258/1510 1509/3257/1509 1365/3245/1365 1366/3246/1366
s 2
f 1511/3259/1511 1510/3258/1510 1366/3246/1366 1367/3247/1367
s 1
f 1512/3260/1512 1511/3259/1511 1367/3247/1367 1368/3248/1368
s 2
f 1368/3248/1368 1525/3275/1525 1513/3261/1513 1512/3260/1512
f 1548/3306/1548 1555/3315/1555 1368/3248/1368 1369/3249/1369
f 1561/3323/1561 1569/3331/1569 1368/3248/1368 1555/3315/1555
f 1540/3298/1540 1535/3290/1535 1368/3248/1368 1569/3331/1569
f 1530/3282/1530 1525/3275/1525 1368/3248/1368 1535/3290/1535
s 1
f 1631/3276/1631 1514/3262/1514 1513/3261/1513 1525/3275/1525
s 2
f 1632/3277/1632 1515/3263/1515 1514/3262/1514 1631/3276/1631
s 1
f 1526/3278/1526 1516/3264/1516 1515/3263/1515 1632/3277/1632
s 2
f 1526/3278/1526 1531/3285/1531 1517/3265/1517 1516/3264/1516
f 1536/3293/1536 1543/3301/1543 1517/3265/1517 1531/3285/1531
f 1572/3334/1572 1564/3326/1564 1517/3265/1517 1543/3301/1543
f 1556/3318/1556 1549/3309/1549 1517/3265/1517 1564/3326/1564
f 1372/3252/1372 1373/3253/1373 1517/3265/1517 1549/3309/1549
s 1
f 1518/3266/1518 1517/3270/1517 1373/3269/1373 1374/3254/1374
s 2
f 1519/3267/1519 1518/3266/1518 1374/3254/1374 1375/3255/1375
s 1
f 1520/3268/1520 1519/3267/1519 1375/3255/1375 1376/3256/1376
s 2
f 1509/3257/1509 1520/3268/1520 1376/3256/1376 1365/3245/1365
s 4
f 1511/3235/1511 1518/3242/1518 1509/3233/1509 1510/3234/1510
f 1514/3238/1514 1517/3241/1517 1512/3236/1512 1513/3237/1513
f 1517/3241/1517 1514/3238/1514 1515/3239/1515 1516/3240/1516
f 1517/3241/1517 1518/3242/1518 1511/3235/1511 1512/3236/1512
f 1519/3243/1519 1520/3244/1520 1509/3233/1509 1518/3242/1518
s 1
f 1522/3272/1522 1521/3271/1521 1532/3286/1532 1527/3279/1527
f 1524/3274/1524 1523/3273/1523 1528/3280/1528 1529/3281/1529
f 1631/3276/1631 1525/3275/1525 1530/3282/1530 1630/3283/1630
f 1526/3278/1526 1632/3277/1632 1633/3284/1633 1531/3285/1531
f 1527/3279/1527 1532/3286/1532 1636/3294/1636 1533/3287/1533
f 1529/3281/1529 1528/3280/1528 1534/3288/1534 1639/3289/1639
s 2
f 1577/3341/1577 1529/3281/1529 1639/3289/1639 1640/3342/1640
s 1
f 1630/3283/1630 1530/3282/1530 1535/3290/1535 1625/3291/1625
f 1531/3285/1531 1633/3284/1633 1628/3292/1628 1536/3293/1536
f 1533/3287/1533 1636/3294/1636 1544/3302/1544 1537/3295/1537
f 1639/3289/1639 1534/3288/1534 1538/3296/1538 1539/3297/1539
f 1625/3291/1625 1535/3290/1535 1540/3298/1540 1541/3299/1541
f 1536/3293/1536 1628/3292/1628 1542/3300/1542 1543/3301/1543
f 1537/3295/1537 1544/3302/1544 1565/3327/1565 1566/3328/1566
f 1539/3297/1539 1538/3296/1538 1567/3329/1567 1568/3330/1568
s 2
f 1544/3302/1544 1539/3297/1539 1568/3330/1568 1565/3327/1565
s 1
f 1541/3299/1541 1540/3298/1540 1569/3331/1569 1570/3332/1570
s 2
f 1542/3300/1542 1541/3299/1541 1570/3332/1570 1571/3333/1571
s 1
f 1543/3301/1543 1542/3300/1542 1571/3333/1571 1572/3334/1572
f 1545/3303/1545 1550/3310/1550 1341/3207/1341 1342/3208/1342
f 1547/3305/1547 1546/3304/1546 1351/3217/1351 1352/3218/1352
s 2
f 1550/3310/1550 1547/3305/1547 1352/3218/1352 1341/3207/1341
s 1
f 1620/3307/1620 1548/3306/1548 1369/3249/1369 1370/3250/1370
s 2
f 1621/3308/1621 1620/3307/1620 1370/3250/1370 1371/3251/1371
s 1
f 1549/3309/1549 1621/3308/1621 1371/3251/1371 1372/3252/1372
f 1552/3312/1552 1551/3311/1551 1550/3310/1550 1545/3303/1545
f 1554/3314/1554 1553/3313/1553 1546/3304/1546 1547/3305/1547
s 4
f 1551/3311/1551 1574/3337/1574 1547/3305/1547 1550/3310/1550
f 1578/3343/1578 1554/3314/1554 1547/3305/1547 1574/3337/1574
s 1
f 1619/3316/1619 1555/3315/1555 1548/3306/1548 1620/3307/1620
f 1556/3318/1556 1622/3317/1622 1621/3308/1621 1549/3309/1549
f 1558/3320/1558 1557/3319/1557 1551/3311/1551 1552/3312/1552
f 1560/3322/1560 1559/3321/1559 1553/3313/1553 1554/3314/1554
s 4
f 1579/3344/1579 1560/3322/1560 1554/3314/1554 1578/3343/1578
s 1
f 1562/3324/1562 1561/3323/1561 1555/3315/1555 1619/3316/1619
s 2
f 1576/3340/1576 1562/3324/1562 1619/3316/1619 1618/3338/1618
s 1
f 1564/3326/1564 1563/3325/1563 1622/3317/1622 1556/3318/1556
f 1566/3328/1566 1565/3327/1565 1557/3319/1557 1558/3320/1558
f 1568/3330/1568 1567/3329/1567 1559/3321/1559 1560/3322/1560
s 4
f 1565/3327/1565 1579/3344/1579 1575/3339/1575 1557/3319/1557
f 1565/3327/1565 1568/3330/1568 1560/3322/1560 1579/3344/1579
s 1
f 1570/3332/1570 1569/3331/1569 1561/3323/1561 1562/3324/1562
f 1572/3334/1572 1571/3333/1571 1563/3325/1563 1564/3326/1564
s 2
f 1573/3335/1573 1635/3336/1635 1636/3294/1636 1532/3286/1532
s 4
f 1575/3339/1575 1574/3337/1574 1551/3311/1551 1557/3319/1557
f 1579/3344/1579 1578/3343/1578 1574/3337/1574 1575/3339/1575
s 2
f 1624/3346/1624 1623/3345/1623 1622/3317/1622 1563/3325/1563
f 1629/3350/1629 1630/3347/1630 1625/3348/1625 1626/3349/1626
f 1634/3354/1634 1627/3351/1627 1628/3352/1628 1633/3353/1633
s 1
f 1586/3363/1586 1601/3362/1601 1570/3427/1570 1562/3415/1562
s 4
f 1602/3364/1602 1586/3363/1586 1562/3415/1562 1576/3416/1576
s 1
f 1594/3376/1594 1600/3383/1600 1576/3416/1576 1618/3417/1618
s 4
f 1603/3366/1603 1587/3365/1587 1624/3424/1624 1563/3425/1563
s 1
f 1604/3367/1604 1603/3366/1603 1563/3425/1563 1571/3426/1571
s 4
f 1601/3362/1601 1604/3367/1604 1571/3426/1571 1570/3427/1570
f 1595/3377/1595 1594/3376/1594 1618/3417/1618 1619/3418/1619
s 1
f 1596/3378/1596 1595/3377/1595 1619/3418/1619 1620/3419/1620
s 4
f 1597/3379/1597 1596/3378/1596 1620/3419/1620 1621/3420/1621
s 1
f 1622/3421/1622 1598/3380/1598 1597/3379/1597 1621/3420/1621
s 4
f 1599/3381/1599 1598/3380/1598 1622/3421/1622 1623/3422/1623
s 1
f 1611/3384/1611 1623/3423/1623 1624/3424/1624 1587/3365/1587
s 2
f 1581/3392/1581 1580/3391/1580 1575/3456/1575 1557/3457/1557
s 1
f 1582/3393/1582 1581/3392/1581 1557/3457/1557 1565/3458/1565
s 8
f 1583/3394/1583 1582/3393/1582 1565/3458/1565 1568/3459/1568
s 1
f 1584/3395/1584 1583/3394/1583 1568/3459/1568 1560/3460/1560
s 2
f 1585/3396/1585 1584/3395/1584 1560/3460/1560 1579/3461/1579
s 8
f 1607/3400/1607 1611/3405/1611 1579/3462/1579 1578/3463/1578
s 1
f 1551/3454/1551 1605/3398/1605 1610/3403/1610 1550/3466/1550
s 2
f 1606/3399/1606 1605/3398/1605 1551/3454/1551 1574/3455/1574
s 8
f 1600/3404/1600 1574/3455/1574 1575/3456/1575 1580/3391/1580
s 2
f 1608/3401/1608 1607/3400/1607 1578/3463/1578 1554/3464/1554
s 1
f 1609/3402/1609 1608/3401/1608 1554/3464/1554 1547/3465/1547
s 8
f 1610/3403/1610 1609/3402/1609 1547/3465/1547 1550/3466/1550
s 1
f 1625/3429/1625 1541/3428/1541 1601/3385/1601 1586/3386/1586
s 8
f 1626/3430/1626 1625/3429/1625 1586/3386/1586 1602/3387/1602
s 1
f 1612/3406/1612 1629/3434/1629 1602/3387/1602 1600/3413/1600
s 4
f 1630/3435/1630 1629/3434/1629 1612/3406/1612 1613/3407/1613
s 1
f 1614/3408/1614 1631/3436/1631 1630/3435/1630 1613/3407/1613
s 4
f 1632/3437/1632 1631/3436/1631 1614/3408/1614 1615/3409/1615
s 1
f 1633/3438/1633 1632/3437/1632 1615/3409/1615 1616/3410/1616
s 4
f 1634/3439/1634 1633/3438/1633 1616/3410/1616 1617/3411/1617
s 1
f 1587/3388/1587 1627/3431/1627 1617/3412/1617 1611/3414/1611
s 8
f 1628/3432/1628 1627/3431/1627 1587/3388/1587 1603/3389/1603
s 1
f 1542/3433/1542 1628/3432/1628 1603/3389/1603 1604/3390/1604
s 8
f 1541/3428/1541 1542/3433/1542 1604/3390/1604 1601/3385/1601
s 1
f 1532/3449/1532 1521/3441/1521 1588/3368/1588 1589/3369/1589
s 4
f 1573/3450/1573 1532/3449/1532 1589/3369/1589 1590/3370/1590
s 8
f 1580/3355/1580 1635/3442/1635 1590/3370/1590 1600/3374/1600
s 4
f 1636/3443/1636 1635/3442/1635 1580/3355/1580 1581/3356/1581
s 1
f 1637/3444/1637 1636/3443/1636 1581/3356/1581 1582/3357/1582
s 2
f 1638/3445/1638 1637/3444/1637 1582/3357/1582 1583/3358/1583
s 1
f 1639/3446/1639 1638/3445/1638 1583/3358/1583 1584/3359/1584
s 4
f 1640/3447/1640 1639/3446/1639 1584/3359/1584 1585/3360/1585
s 8
f 1591/3371/1591 1577/3451/1577 1585/3361/1585 1611/3375/1611
s 4
f 1529/3452/1529 1577/3451/1577 1591/3371/1591 1592/3372/1592
s 1
f 1593/3373/1593 1524/3453/1524 1529/3452/1529 1592/3372/1592
s 4
f 1521/3441/1521 1524/3453/1524 1593/3373/1593 1588/3368/1588
s 1
f 1666/3544/1666 1330/3492/1330 1329/3491/1329 1665/3543/1665
s 2
f 1666/3544/1666 1671/3551/1671 1331/3493/1331 1330/3492/1330
f 1677/3559/1677 1681/3567/1681 1331/3493/1331 1671/3551/1671
f 1710/3600/1710 1702/3592/1702 1331/3493/1331 1681/3567/1681
f 1696/3584/1696 1689/3575/1689 1331/3493/1331 1702/3592/1702
f 1642/3480/1642 1643/3481/1643 1331/3493/1331 1689/3575/1689
s 1
f 1332/3494/1332 1331/3493/1331 1643/3481/1643 1644/3482/1644
s 2
f 1333/3495/1333 1332/3494/1332 1644/3482/1644 1645/3483/1645
s 1
f 1334/3496/1334 1333/3495/1333 1645/3483/1645 1646/3484/1646
s 2
f 1335/3497/1335 1334/3496/1334 1646/3484/1646 1647/3485/1647
s 1
f 1336/3498/1336 1335/3497/1335 1647/3485/1647 1648/3486/1648
s 2
f 1337/3499/1337 1336/3498/1336 1648/3486/1648 1649/3487/1649
s 1
f 1338/3500/1338 1337/3504/1337 1649/3503/1649 1650/3488/1650
s 2
f 1650/3488/1650 1667/3545/1667 1339/3501/1339 1338/3500/1338
f 1690/3576/1690 1697/3585/1697 1650/3488/1650 1651/3489/1651
f 1703/3593/1703 1711/3601/1711 1650/3488/1650 1697/3585/1697
f 1682/3568/1682 1678/3560/1678 1650/3488/1650 1711/3601/1711
f 1672/3552/1672 1667/3545/1667 1650/3488/1650 1678/3560/1678
s 1
f 1668/3546/1668 1340/3502/1340 1339/3501/1339 1667/3545/1667
s 2
f 1665/3543/1665 1329/3491/1329 1340/3502/1340 1668/3546/1668
s 4
f 1641/3467/1641 1650/3476/1650 1643/3469/1643 1642/3468/1642
f 1651/3477/1651 1650/3476/1650 1641/3467/1641 1652/3478/1652
f 1643/3469/1643 1650/3476/1650 1649/3475/1649 1644/3470/1644
f 1647/3473/1647 1646/3472/1646 1649/3475/1649 1648/3474/1648
f 1644/3470/1644 1649/3475/1649 1646/3472/1646 1645/3471/1645
s 1
f 1354/3530/1354 1353/3529/1353 1653/3517/1653 1654/3518/1654
s 2
f 1355/3531/1355 1354/3530/1354 1654/3518/1654 1655/3519/1655
s 1
f 1356/3532/1356 1355/3531/1355 1655/3519/1655 1656/3520/1656
s 2
f 1656/3520/1656 1669/3547/1669 1357/3533/1357 1356/3532/1356
f 1692/3578/1692 1699/3587/1699 1656/3520/1656 1657/3521/1657
f 1705/3595/1705 1713/3603/1713 1656/3520/1656 1699/3587/1699
f 1684/3570/1684 1679/3562/1679 1656/3520/1656 1713/3603/1713
f 1674/3554/1674 1669/3547/1669 1656/3520/1656 1679/3562/1679
s 1
f 1775/3548/1775 1358/3534/1358 1357/3533/1357 1669/3547/1669
s 2
f 1776/3549/1776 1359/3535/1359 1358/3534/1358 1775/3548/1775
s 1
f 1670/3550/1670 1360/3536/1360 1359/3535/1359 1776/3549/1776
s 2
f 1670/3550/1670 1675/3557/1675 1361/3537/1361 1360/3536/1360
f 1680/3565/1680 1687/3573/1687 1361/3537/1361 1675/3557/1675
f 1716/3606/1716 1708/3598/1708 1361/3537/1361 1687/3573/1687
f 1700/3590/1700 1693/3581/1693 1361/3537/1361 1708/3598/1708
f 1660/3524/1660 1661/3525/1661 1361/3537/1361 1693/3581/1693
s 1
f 1362/3538/1362 1361/3542/1361 1661/3541/1661 1662/3526/1662
s 2
f 1363/3539/1363 1362/3538/1362 1662/3526/1662 1663/3527/1663
s 1
f 1364/3540/1364 1363/3539/1363 1663/3527/1663 1664/3528/1664
s 2
f 1353/3529/1353 1364/3540/1364 1664/3528/1664 1653/3517/1653
s 4
f 1659/3511/1659 1658/3510/1658 1661/3513/1661 1660/3512/1660
f 1656/3508/1656 1661/3513/1661 1658/3510/1658 1657/3509/1657
f 1655/3507/1655 1662/3514/1662 1661/3513/1661 1656/3508/1656
f 1653/3505/1653 1662/3514/1662 1655/3507/1655 1654/3506/1654
f 1663/3515/1663 1662/3514/1662 1653/3505/1653 1664/3516/1664
s 1
f 1666/3544/1666 1665/3543/1665 1676/3558/1676 1671/3551/1671
f 1668/3546/1668 1667/3545/1667 1672/3552/1672 1673/3553/1673
f 1775/3548/1775 1669/3547/1669 1674/3554/1674 1774/3555/1774
f 1670/3550/1670 1776/3549/1776 1777/3556/1777 1675/3557/1675
f 1671/3551/1671 1676/3558/1676 1780/3566/1780 1677/3559/1677
f 1673/3553/1673 1672/3552/1672 1678/3560/1678 1783/3561/1783
s 2
f 1721/3613/1721 1673/3553/1673 1783/3561/1783 1784/3614/1784
s 1
f 1774/3555/1774 1674/3554/1674 1679/3562/1679 1769/3563/1769
f 1675/3557/1675 1777/3556/1777 1772/3564/1772 1680/3565/1680
f 1677/3559/1677 1780/3566/1780 1688/3574/1688 1681/3567/1681
f 1783/3561/1783 1678/3560/1678 1682/3568/1682 1683/3569/1683
f 1769/3563/1769 1679/3562/1679 1684/3570/1684 1685/3571/1685
f 1680/3565/1680 1772/3564/1772 1686/3572/1686 1687/3573/1687
f 1681/3567/1681 1688/3574/1688 1709/3599/1709 1710/3600/1710
f 1683/3569/1683 1682/3568/1682 1711/3601/1711 1712/3602/1712
s 2
f 1688/3574/1688 1683/3569/1683 1712/3602/1712 1709/3599/1709
s 1
f 1685/3571/1685 1684/3570/1684 1713/3603/1713 1714/3604/1714
s 2
f 1686/3572/1686 1685/3571/1685 1714/3604/1714 1715/3605/1715
s 1
f 1687/3573/1687 1686/3572/1686 1715/3605/1715 1716/3606/1716
f 1689/3575/1689 1694/3582/1694 1641/3479/1641 1642/3480/1642
f 1691/3577/1691 1690/3576/1690 1651/3489/1651 1652/3490/1652
s 2
f 1694/3582/1694 1691/3577/1691 1652/3490/1652 1641/3479/1641
s 1
f 1764/3579/1764 1692/3578/1692 1657/3521/1657 1658/3522/1658
s 2
f 1765/3580/1765 1764/3579/1764 1658/3522/1658 1659/3523/1659
s 1
f 1693/3581/1693 1765/3580/1765 1659/3523/1659 1660/3524/1660
f 1696/3584/1696 1695/3583/1695 1694/3582/1694 1689/3575/1689
f 1698/3586/1698 1697/3585/1697 1690/3576/1690 1691/3577/1691
s 4
f 1695/3583/1695 1718/3609/1718 1691/3577/1691 1694/3582/1694
f 1722/3615/1722 1698/3586/1698 1691/3577/1691 1718/3609/1718
s 1
f 1763/3588/1763 1699/3587/1699 1692/3578/1692 1764/3579/1764
f 1700/3590/1700 1766/3589/1766 1765/3580/1765 1693/3581/1693
f 1702/3592/1702 1701/3591/1701 1695/3583/1695 1696/3584/1696
f 1704/3594/1704 1703/3593/1703 1697/3585/1697 1698/3586/1698
s 4
f 1723/3616/1723 1704/3594/1704 1698/3586/1698 1722/3615/1722
s 1
f 1706/3596/1706 1705/3595/1705 1699/3587/1699 1763/3588/1763
s 2
f 1720/3612/1720 1706/3596/1706 1763/3588/1763 1762/3610/1762
s 1
f 1708/3598/1708 1707/3597/1707 1766/3589/1766 1700/3590/1700
f 1710/3600/1710 1709/3599/1709 1701/3591/1701 1702/3592/1702
f 1712/3602/1712 1711/3601/1711 1703/3593/1703 1704/3594/1704
s 4
f 1709/3599/1709 1723/3616/1723 1719/3611/1719 1701/3591/1701
f 1709/3599/1709 1712/3602/1712 1704/3594/1704 1723/3616/1723
s 1
f 1714/3604/1714 1713/3603/1713 1705/3595/1705 1706/3596/1706
f 1716/3606/1716 1715/3605/1715 1707/3597/1707 1708/3598/1708
s 2
f 1717/3607/1717 1779/3608/1779 1780/3566/1780 1676/3558/1676
s 4
f 1719/3611/1719 1718/3609/1718 1695/3583/1695 1701/3591/1701
f 1723/3616/1723 1722/3615/1722 1718/3609/1718 1719/3611/1719
s 2
f 1768/3618/1768 1767/3617/1767 1766/3589/1766 1707/3597/1707
f 1773/3622/1773 1774/3619/1774 1769/3620/1769 1770/3621/1770
f 1778/3626/1778 1771/3623/1771 1772/3624/1772 1777/3625/1777
s 1
f 1730/3635/1730 1745/3634/1745 1714/3699/1714 1706/3687/1706
s 4
f 1746/3636/1746 1730/3635/1730 1706/3687/1706 1720/3688/1720
s 1
f 1738/3648/1738 1744/3655/1744 1720/3688/1720 1762/3689/1762
s 4
f 1747/3638/1747 1731/3637/1731 1768/3696/1768 1707/3697/1707
s 1
f 1748/3639/1748 1747/3638/1747 1707/3697/1707 1715/3698/1715
s 4
f 1745/3634/1745 1748/3639/1748 1715/3698/1715 1714/3699/1714
f 1739/3649/1739 1738/3648/1738 1762/3689/1762 1763/3690/1763
s 1
f 1740/3650/1740 1739/3649/1739 1763/3690/1763 1764/3691/1764
s 4
f 1741/3651/1741 1740/3650/1740 1764/3691/1764 1765/3692/1765
s 1
f 1766/3693/1766 1742/3652/1742 1741/3651/1741 1765/3692/1765
s 4
f 1743/3653/1743 1742/3652/1742 1766/3693/1766 1767/3694/1767
s 1
f 1755/3656/1755 1767/3695/1767 1768/3696/1768 1731/3637/1731
s 2
f 1725/3664/1725 1724/3663/1724 1719/3728/1719 1701/3729/1701
s 1
f 1726/3665/1726 1725/3664/1725 1701/3729/1701 1709/3730/1709
s 8
f 1727/3666/1727 1726/3665/1726 1709/3730/1709 1712/3731/1712
s 1
f 1728/3667/1728 1727/3666/1727 1712/3731/1712 1704/3732/1704
s 2
f 1729/3668/1729 1728/3667/1728 1704/3732/1704 1723/3733/1723
s 8
f 1751/3672/1751 1755/3677/1755 1723/3734/1723 1722/3735/1722
s 1
f 1695/3726/1695 1749/3670/1749 1754/3675/1754 1694/3738/1694
s 2
f 1750/3671/1750 1749/3670/1749 1695/3726/1695 1718/3727/1718
s 8
f 1744/3676/1744 1718/3727/1718 1719/3728/1719 1724/3663/1724
s 2
f 1752/3673/1752 1751/3672/1751 1722/3735/1722 1698/3736/1698
s 1
f 1753/3674/1753 1752/3673/1752 1698/3736/1698 1691/3737/1691
s 8
f 1754/3675/1754 1753/3674/1753 1691/3737/1691 1694/3738/1694
s 1
f 1769/3701/1769 1685/3700/1685 1745/3657/1745 1730/3658/1730
s 8
f 1770/3702/1770 1769/3701/1769 1730/3658/1730 1746/3659/1746
s 1
f 1756/3678/1756 1773/3706/1773 1746/3659/1746 1744/3685/1744
s 4
f 1774/3707/1774 1773/3706/1773 1756/3678/1756 1757/3679/1757
s 1
f 1758/3680/1758 1775/3708/1775 1774/3707/1774 1757/3679/1757
s 4
f 1776/3709/1776 1775/3708/1775 1758/3680/1758 1759/3681/1759
s 1
f 1777/3710/1777 1776/3709/1776 1759/3681/1759 1760/3682/1760
s 4
f 1778/3711/1778 1777/3710/1777 1760/3682/1760 1761/3683/1761
s 1
f 1731/3660/1731 1771/3703/1771 1761/3684/1761 1755/3686/1755
s 8
f 1772/3704/1772 1771/3703/1771 1731/3660/1731 1747/3661/1747
s 1
f 1686/3705/1686 1772/3704/1772 1747/3661/1747 1748/3662/1748
s 8
f 1685/3700/1685 1686/3705/1686 1748/3662/1748 1745/3657/1745
s 1
f 1676/3721/1676 1665/3713/1665 1732/3640/1732 1733/3641/1733
s 4
f 1717/3722/1717 1676/3721/1676 1733/3641/1733 1734/3642/1734
s 8
f 1724/3627/1724 1779/3714/1779 1734/3642/1734 1744/3646/1744
s 4
f 1780/3715/1780 1779/3714/1779 1724/3627/1724 1725/3628/1725
s 1
f 1781/3716/1781 1780/3715/1780 1725/3628/1725 1726/3629/1726
s 2
f 1782/3717/1782 1781/3716/1781 1726/3629/1726 1727/3630/1727
s 1
f 1783/3718/1783 1782/3717/1782 1727/3630/1727 1728/3631/1728
s 4
f 1784/3719/1784 1783/3718/1783 1728/3631/1728 1729/3632/1729
s 8
f 1735/3643/1735 1721/3723/1721 1729/3633/1729 1755/3647/1755
s 4
f 1673/3724/1673 1721/3723/1721 1735/3643/1735 1736/3644/1736
s 1
f 1737/3645/1737 1668/3725/1668 1673/3724/1673 1736/3644/1736
s 4
f 1665/3713/1665 1668/3725/1668 1737/3645/1737 1732/3640/1732
s 1
f 130/194/130 104/246/104 128/213/128
f 127/212/127 151/253/151 139/214/139
s 8
f 113/227/113 107/292/107 139/235/139
f 134/229/134 102/285/102 128/234/128
s 1
f 154/260/154 130/217/130 157/264/157
f 162/270/162 145/242/145 155/261/155
s 8
f 101/280/101 118/200/118 163/272/163
f 168/278/168 113/191/113 105/281/105
s 1
f 362/682/362 336/734/336 360/701/360
f 359/700/359 383/741/383 371/702/371
s 8
f 345/715/345 339/780/339 371/723/371
f 366/717/366 334/773/334 360/722/360
s 1
f 386/748/386 362/705/362 389/752/389
f 394/758/394 377/730/377 387/749/387
s 8
f 333/768/333 350/688/350 395/760/395
f 400/766/400 345/679/345 337/769/337
s 1
f 530/1028/530 504/1080/504 528/1047/528
f 527/1046/527 551/1087/551 539/1048/539
s 8
f 513/1061/513 507/1126/507 539/1069/539
f 534/1063/534 502/1119/502 528/1068/528
s 1
f 554/1094/554 530/1051/530 557/1098/557
f 562/1104/562 545/1076/545 555/1095/555
s 8
f 501/1114/501 518/1034/518 563/1106/563
f 568/1112/568 513/1025/513 505/1115/505
s 1
f 738/1516/738 712/1568/712 736/1535/736
f 735/1534/735 759/1575/759 747/1536/747
s 8
f 721/1549/721 715/1614/715 747/1557/747
f 742/1551/742 710/1607/710 736/1556/736
s 1
f 762/1582/762 738/1539/738 765/1586/765
f 770/1592/770 753/1564/753 763/1583/763
s 8
f 709/1602/709 726/1522/726 771/1594/771
f 776/1600/776 721/1513/721 713/1603/713
s 1
f 894/1862/894 868/1914/868 892/1881/892
f 891/1880/891 915/1921/915 903/1882/903
s 8
f 877/1895/877 871/1960/871 903/1903/903
f 898/1897/898 866/1953/866 892/1902/892
s 1
f 918/1928/918 894/1885/894 921/1932/921
f 926/1938/926 909/1910/909 919/1929/919
s 8
f 865/1948/865 882/1868/882 927/1940/927
f 932/1946/932 877/1859/877 869/1949/869
s 1
f 1102/2350/1102 1076/2402/1076 1100/2369/1100
f 1099/2368/1099 1123/2409/1123 1111/2370/1111
s 8
f 1085/2383/1085 1079/2448/1079 1111/2391/1111
f 1106/2385/1106 1074/2441/1074 1100/2390/1100
s 1
f 1126/2416/1126 1102/2373/1102 1129/2420/1129
f 1134/2426/1134 1117/2398/1117 1127/2417/1127
s 8
f 1073/2436/1073 1090/2356/1090 1135/2428/1135
f 1140/2434/1140 1085/2347/1085 1077/2437/1077
s 1
f 1458/3092/1458 1432/3144/1432 1456/3111/1456
f 1455/3110/1455 1479/3151/1479 1467/3112/1467
s 8
f 1441/3125/1441 1435/3190/1435 1467/3133/1467
f 1462/3127/1462 1430/3183/1430 1456/3132/1456
s 1
f 1482/3158/1482 1458/3115/1458 1485/3162/1485
f 1490/3168/1490 1473/3140/1473 1483/3159/1483
s 8
f 1429/3178/1429 1446/3098/1446 1491/3170/1491
f 1496/3176/1496 1441/3089/1441 1433/3179/1433
s 1
f 1602/3364/1602 1576/3416/1576 1600/3383/1600
f 1599/3382/1599 1623/3423/1623 1611/3384/1611
s 8
f 1585/3397/1585 1579/3462/1579 1611/3405/1611
f 1606/3399/1606 1574/3455/1574 1600/3404/1600
s 1
f 1626/3430/1626 1602/3387/1602 1629/3434/1629
f 1634/3440/1634 1617/3412/1617 1627/3431/1627
s 8
f 1573/3450/1573 1590/3370/1590 1635/3442/1635
f 1640/3448/1640 1585/3361/1585 1577/3451/1577
s 1
f 1746/3636/1746 1720/3688/1720 1744/3655/1744
f 1743/3654/1743 1767/3695/1767 1755/3656/1755
s 8
f 1729/3669/1729 1723/3734/1723 1755/3677/1755
f 1750/3671/1750 1718/3727/1718 1744/3676/1744
s 1
f 1770/3702/1770 1746/3659/1746 1773/3706/1773
f 1778/3712/1778 1761/3684/1761 1771/3703/1771
s 8
f 1717/3722/1717 1734/3642/1734 1779/3714/1779
f 1784/3720/1784 1729/3633/1729 1721/3723/1721
# 1707 faces

g
