# Max2Obj Version 4.0 Mar 10th, 2001
#
mtllib ./tris.mtl
g
# object beam to come ...
#
v  88.000000 79.999992 128.000061
v  88.000000 83.999992 128.000061
v  94.000000 83.999992 128.000061
v  94.000000 91.999992 128.000061
v  104.000000 95.999992 128.000061
v  104.000000 91.999992 128.000061
v  98.000000 91.999992 128.000061
v  98.000000 83.999992 128.000061
v  104.000000 83.999992 128.000061
v  104.000000 79.999992 128.000061
v  88.000000 80.000008 -127.999947
v  88.000000 84.000008 -127.999947
v  94.000000 84.000008 -127.999947
v  94.000000 92.000008 -127.999939
v  104.000000 96.000008 -127.999939
v  104.000000 92.000008 -127.999939
v  98.000000 92.000008 -127.999939
v  98.000000 84.000008 -127.999947
v  104.000000 84.000008 -127.999947
v  104.000000 80.000008 -127.999947
v  94.000000 -92.000008 128.000046
v  94.000000 -84.000008 128.000061
v  88.000000 -84.000008 128.000061
v  88.000000 -80.000008 128.000061
v  104.000000 -80.000008 128.000061
v  104.000000 -84.000008 128.000061
v  98.000000 -84.000008 128.000061
v  98.000000 -92.000008 128.000046
v  104.000000 -92.000008 128.000046
v  104.000000 -96.000008 128.000046
v  94.000000 -91.999992 -127.999947
v  94.000000 -83.999992 -127.999947
v  88.000000 -83.999992 -127.999947
v  88.000000 -79.999992 -127.999947
v  104.000000 -79.999992 -127.999947
v  104.000000 -83.999992 -127.999947
v  98.000000 -83.999992 -127.999947
v  98.000000 -91.999992 -127.999947
v  104.000000 -91.999992 -127.999947
v  104.000000 -95.999992 -127.999947
v  88.000000 79.989571 -91.300484
v  88.000000 84.000008 -91.308159
v  104.000000 84.000008 -91.308159
v  104.000000 79.989571 -91.300484
v  88.000000 -83.999992 -91.308159
v  104.000000 -83.999992 -91.308159
v  88.000000 84.000000 -85.561348
v  104.000000 84.000000 -85.561348
v  104.000000 79.989563 -85.598640
v  88.000000 -84.000000 -85.561348
v  104.000000 -84.000000 -85.561348
v  88.000000 79.989563 -85.598640
v  88.000000 84.000000 -74.355110
v  104.000000 84.000000 -74.355110
v  88.000000 -84.000000 -74.355110
v  104.000000 -84.000000 -74.355110
v  88.000000 84.000000 -68.573174
v  104.000000 84.000000 -68.573174
v  104.000000 80.000000 -68.573174
v  88.000000 -84.000000 -68.573174
v  88.000000 -79.982849 -68.617104
v  104.000000 -79.982849 -68.617104
v  104.000000 -84.000000 -68.573174
v  88.000000 80.000000 -68.573174
v  88.000000 83.999985 91.310829
v  104.000000 83.999985 91.310829
v  104.000000 79.989555 91.301857
v  88.000000 -84.000015 91.310829
v  104.000000 -84.000015 91.310829
v  88.000000 79.989563 91.301865
v  88.000000 79.989555 85.629875
v  88.000000 83.999992 85.623711
v  104.000000 83.999992 85.623711
v  104.000000 79.989555 85.629875
v  88.000000 -84.000008 85.623695
v  104.000000 -84.000008 85.623695
v  88.000000 79.989555 74.336151
v  88.000000 83.999992 74.355377
v  104.000000 83.999992 74.355377
v  104.000000 79.989555 74.336159
v  88.000000 -84.000008 74.355370
v  88.000000 -79.982857 74.328606
v  104.000000 -79.982857 74.328606
v  104.000000 -84.000008 74.355370
v  88.000000 79.989555 68.691154
v  88.000000 83.999992 68.723869
v  104.000000 83.999992 68.723869
v  104.000000 79.989555 68.691154
v  88.000000 -84.000008 68.723854
v  88.000000 -79.982857 68.683617
v  104.000000 -79.982857 68.683617
v  104.000000 -84.000008 68.723854
v  94.001129 79.989563 -85.598640
v  94.001129 79.989555 85.629875
v  94.001129 79.989555 74.336151
v  94.001129 -79.982857 74.328606
v  98.022087 79.989563 -85.598640
v  98.022087 79.989555 85.629875
v  98.022087 79.989555 74.336151
v  94.000000 5.656860 -0.042274
v  88.000000 5.656860 -0.042274
v  88.000000 11.313713 -0.042274
v  88.000000 -5.656845 -0.042274
v  98.000000 -5.656845 -0.042274
v  88.000000 0.057591 -11.313675
v  88.000000 0.057583 -5.656822
v  94.000000 0.057583 -5.656822
v  98.000000 0.057583 -5.656822
v  104.000000 0.057583 -5.656822
v  104.000000 0.057591 -11.313675
v  94.000000 0.057577 5.685675
v  88.000000 0.057582 5.656888
v  88.000000 0.057581 11.348284
v  104.000000 0.057576 11.342520
v  104.000000 0.057577 5.685675
v  98.000000 0.057577 5.685675
v  88.000000 -11.313683 -0.042275
v  94.000000 -5.656845 -0.042274
v  104.000000 -5.656845 -0.042274
v  104.000000 -11.313690 -0.042275
v  94.001129 -79.982857 85.623146
v  88.000000 -79.982857 85.623146
v  88.000000 -79.982864 91.295143
v  104.000000 -79.982864 91.295143
v  104.000000 -79.982857 85.623146
v  98.022087 -79.982857 85.623146
v  98.022087 -79.982857 74.328606
v  88.000000 -79.982849 -74.335701
v  94.001129 -79.982849 -74.335701
v  98.022087 -79.982849 -74.335701
v  104.000000 -79.982849 -74.335701
v  94.001129 -79.982849 -85.622993
v  88.000000 -79.982849 -85.607460
v  88.000000 -79.982841 -91.293770
v  104.000000 -79.982841 -91.293770
v  104.000000 -79.982849 -85.607460
v  98.022087 -79.982849 -85.622993
v  94.001129 79.989563 -74.341591
v  88.000000 79.989563 -74.341591
v  88.000000 79.979126 -68.672844
v  104.000000 79.979126 -68.672844
v  104.000000 79.989563 -74.341591
v  98.022087 79.989563 -74.341591
v  -104.000000 79.999992 128.000061
v  -104.000000 83.999992 128.000061
v  -98.000000 83.999992 128.000061
v  -98.000000 91.999992 128.000061
v  -104.000000 91.999992 128.000061
v  -104.000000 95.999992 128.000061
v  -94.000000 91.999992 128.000061
v  -94.000000 83.999992 128.000061
v  -88.000000 83.999992 128.000061
v  -88.000000 79.999992 128.000061
v  -104.000000 80.000008 -127.999947
v  -104.000000 84.000008 -127.999947
v  -98.000000 84.000008 -127.999947
v  -98.000000 92.000008 -127.999939
v  -104.000000 92.000008 -127.999939
v  -104.000000 96.000008 -127.999939
v  -94.000000 92.000008 -127.999939
v  -94.000000 84.000008 -127.999947
v  -88.000000 84.000008 -127.999947
v  -88.000000 80.000008 -127.999947
v  -104.000000 -96.000008 128.000046
v  -104.000000 -92.000008 128.000046
v  -98.000000 -92.000008 128.000046
v  -98.000000 -84.000008 128.000061
v  -104.000000 -84.000008 128.000061
v  -104.000000 -80.000008 128.000061
v  -88.000000 -80.000008 128.000061
v  -88.000000 -84.000008 128.000061
v  -94.000000 -84.000008 128.000061
v  -94.000000 -92.000008 128.000046
v  -104.000000 -95.999992 -127.999947
v  -104.000000 -91.999992 -127.999947
v  -98.000000 -91.999992 -127.999947
v  -98.000000 -83.999992 -127.999947
v  -104.000000 -83.999992 -127.999947
v  -104.000000 -79.999992 -127.999947
v  -88.000000 -79.999992 -127.999947
v  -88.000000 -83.999992 -127.999947
v  -94.000000 -83.999992 -127.999947
v  -94.000000 -91.999992 -127.999947
v  -104.000000 79.989571 -91.300484
v  -104.000000 84.000008 -91.308159
v  -88.000000 84.000008 -91.308159
v  -88.000000 79.989571 -91.300484
v  -104.000000 -83.999992 -91.308159
v  -88.000000 -83.999992 -91.308159
v  -104.000000 84.000000 -85.561348
v  -88.000000 84.000000 -85.561348
v  -88.000000 79.989563 -85.598640
v  -104.000000 -84.000000 -85.561348
v  -88.000000 -84.000000 -85.561348
v  -104.000000 79.989563 -85.598640
v  -104.000000 84.000000 -74.355110
v  -88.000000 84.000000 -74.355110
v  -104.000000 -84.000000 -74.355110
v  -88.000000 -84.000000 -74.355110
v  -104.000000 84.000000 -68.573174
v  -88.000000 84.000000 -68.573174
v  -88.000000 80.000000 -68.573174
v  -104.000000 -84.000000 -68.573174
v  -104.000000 -79.982849 -68.617104
v  -88.000000 -79.982849 -68.617104
v  -88.000000 -84.000000 -68.573174
v  -104.000000 80.000000 -68.573174
v  -104.000000 83.999985 91.310829
v  -88.000000 83.999985 91.310829
v  -88.000000 79.989555 91.301857
v  -104.000000 -84.000015 91.310829
v  -88.000000 -84.000015 91.310829
v  -104.000000 79.989563 91.301865
v  -104.000000 79.989555 85.629875
v  -104.000000 83.999992 85.623711
v  -88.000000 83.999992 85.623711
v  -88.000000 79.989555 85.629875
v  -104.000000 -84.000008 85.623695
v  -88.000000 -84.000008 85.623695
v  -104.000000 79.989555 74.336151
v  -104.000000 83.999992 74.355377
v  -88.000000 83.999992 74.355377
v  -88.000000 79.989555 74.336159
v  -104.000000 -84.000008 74.355370
v  -104.000000 -79.982857 74.328606
v  -88.000000 -79.982857 74.328606
v  -88.000000 -84.000008 74.355370
v  -104.000000 79.989555 68.691154
v  -104.000000 83.999992 68.723869
v  -88.000000 83.999992 68.723869
v  -88.000000 79.989555 68.691154
v  -104.000000 -84.000008 68.723854
v  -104.000000 -79.982857 68.683617
v  -88.000000 -79.982857 68.683617
v  -88.000000 -84.000008 68.723854
v  -97.998871 79.989563 -85.598640
v  -97.998871 79.989555 85.629875
v  -97.998871 79.989555 74.336151
v  -97.998871 -79.982857 74.328606
v  -93.977921 79.989563 -85.598640
v  -93.977913 79.989555 85.629875
v  -93.977913 79.989555 74.336151
v  -98.000000 5.656860 -0.042274
v  -104.000000 11.313713 -0.042274
v  -88.000000 5.656860 -0.042274
v  -94.000000 5.656860 -0.042274
v  -104.000000 -5.656845 -0.042274
v  -94.000000 -5.656845 -0.042274
v  -104.000000 0.057591 -11.313675
v  -104.000000 0.057583 -5.656822
v  -98.000000 0.057583 -5.656822
v  -94.000000 0.057583 -5.656822
v  -88.000000 0.057583 -5.656822
v  -88.000000 0.057591 -11.313675
v  -98.000000 0.057577 5.685675
v  -104.000000 0.057582 5.656888
v  -104.000000 0.057581 11.348284
v  -88.000000 0.057576 11.342520
v  -88.000000 0.057577 5.685675
v  -94.000000 0.057577 5.685675
v  -98.000000 0.057587 -0.042274
v  -104.000000 -11.313683 -0.042275
v  -98.000000 -5.656845 -0.042274
v  -88.000000 -5.656845 -0.042274
v  -88.000000 -11.313690 -0.042275
v  -94.000000 0.057587 -0.042274
v  -97.998871 -79.982857 85.623146
v  -104.000000 -79.982857 85.623146
v  -104.000000 -79.982864 91.295143
v  -88.000000 -79.982864 91.295143
v  -88.000000 -79.982857 85.623146
v  -93.977921 -79.982857 85.623146
v  -93.977921 -79.982857 74.328606
v  -104.000000 -79.982849 -74.335701
v  -97.998871 -79.982849 -74.335701
v  -93.977921 -79.982849 -74.335701
v  -88.000000 -79.982849 -74.335701
v  -97.998871 -79.982849 -85.622993
v  -104.000000 -79.982849 -85.607460
v  -104.000000 -79.982841 -91.293770
v  -88.000000 -79.982841 -91.293770
v  -88.000000 -79.982849 -85.607460
v  -93.977921 -79.982849 -85.622993
v  -97.998871 79.989563 -74.341591
v  -104.000000 79.989563 -74.341591
v  -104.000000 79.979126 -68.672844
v  -88.000000 79.979126 -68.672844
v  -88.000000 79.989563 -74.341591
v  -93.977921 79.989563 -74.341591
v  88.000000 80.000023 -383.999939
v  88.000000 84.000023 -383.999939
v  94.000000 84.000023 -383.999939
v  94.000000 92.000023 -383.999939
v  104.000000 96.000023 -383.999939
v  104.000000 92.000023 -383.999939
v  98.000000 92.000023 -383.999939
v  98.000000 84.000023 -383.999939
v  104.000000 84.000023 -383.999939
v  104.000000 80.000023 -383.999939
v  94.000000 -91.999977 -383.999939
v  94.000000 -83.999977 -383.999939
v  88.000000 -83.999977 -383.999939
v  88.000000 -79.999977 -383.999939
v  104.000000 -79.999977 -383.999939
v  104.000000 -83.999977 -383.999939
v  98.000000 -83.999977 -383.999939
v  98.000000 -91.999977 -383.999939
v  104.000000 -91.999977 -383.999939
v  104.000000 -95.999977 -383.999939
v  88.000000 79.989586 -347.300476
v  88.000000 84.000023 -347.308167
v  104.000000 84.000023 -347.308167
v  104.000000 79.989586 -347.300476
v  88.000000 -83.999977 -347.308167
v  104.000000 -83.999977 -347.308167
v  88.000000 84.000023 -341.561340
v  104.000000 84.000023 -341.561340
v  104.000000 79.989586 -341.598633
v  88.000000 -83.999977 -341.561340
v  104.000000 -83.999977 -341.561340
v  88.000000 79.989586 -341.598633
v  88.000000 84.000023 -330.355103
v  104.000000 84.000023 -330.355103
v  88.000000 -83.999977 -330.355103
v  104.000000 -83.999977 -330.355103
v  88.000000 84.000023 -324.573181
v  104.000000 84.000023 -324.573181
v  104.000000 80.000023 -324.573181
v  88.000000 -83.999977 -324.573181
v  88.000000 -79.982826 -324.617096
v  104.000000 -79.982826 -324.617096
v  104.000000 -83.999977 -324.573181
v  88.000000 80.000023 -324.573181
v  88.000000 84.000008 -164.689163
v  104.000000 84.000008 -164.689163
v  104.000000 79.989578 -164.698135
v  88.000000 -83.999992 -164.689163
v  104.000000 -83.999992 -164.689163
v  88.000000 79.989586 -164.698120
v  88.000000 79.989571 -170.370117
v  88.000000 84.000008 -170.376282
v  104.000000 84.000008 -170.376282
v  104.000000 79.989571 -170.370117
v  88.000000 -83.999992 -170.376297
v  104.000000 -83.999992 -170.376297
v  88.000000 79.989571 -181.663849
v  88.000000 84.000008 -181.644623
v  104.000000 84.000008 -181.644623
v  104.000000 79.989571 -181.663849
v  88.000000 -83.999992 -181.644623
v  88.000000 -79.982841 -181.671387
v  104.000000 -79.982841 -181.671387
v  104.000000 -83.999992 -181.644623
v  88.000000 79.989571 -187.308838
v  88.000000 84.000008 -187.276123
v  104.000000 84.000008 -187.276123
v  104.000000 79.989571 -187.308838
v  88.000000 -83.999992 -187.276138
v  88.000000 -79.982841 -187.316376
v  104.000000 -79.982841 -187.316376
v  104.000000 -83.999992 -187.276138
v  94.001129 79.989586 -341.598633
v  94.001129 79.989571 -170.370117
v  94.001129 79.989571 -181.663849
v  94.001129 -79.982841 -181.671387
v  98.022087 79.989586 -341.598633
v  98.022087 79.989571 -170.370117
v  98.022087 79.989571 -181.663849
v  94.000000 5.656879 -256.042267
v  88.000000 -5.656826 -256.042267
v  98.000000 -5.656826 -256.042267
v  88.000000 0.057610 -267.313660
v  88.000000 0.057602 -261.656799
v  94.000000 0.057602 -261.656799
v  98.000000 0.057602 -261.656799
v  104.000000 0.057602 -261.656799
v  104.000000 0.057610 -267.313660
v  94.000000 0.057595 -250.314316
v  88.000000 0.057601 -250.343109
v  88.000000 0.057600 -244.651703
v  104.000000 0.057595 -244.657471
v  104.000000 0.057595 -250.314316
v  98.000000 0.057595 -250.314316
v  88.000000 -11.313663 -256.042267
v  94.000000 -5.656826 -256.042267
v  104.000000 -5.656826 -256.042267
v  104.000000 -11.313671 -256.042267
v  94.001129 -79.982841 -170.376846
v  88.000000 -79.982841 -170.376846
v  88.000000 -79.982841 -164.704849
v  104.000000 -79.982841 -164.704849
v  104.000000 -79.982841 -170.376846
v  98.022087 -79.982841 -170.376846
v  98.022087 -79.982841 -181.671387
v  88.000000 -79.982826 -330.335693
v  94.001129 -79.982826 -330.335693
v  98.022087 -79.982826 -330.335693
v  104.000000 -79.982826 -330.335693
v  94.001129 -79.982826 -341.622986
v  88.000000 -79.982826 -341.607452
v  88.000000 -79.982826 -347.293762
v  104.000000 -79.982826 -347.293762
v  104.000000 -79.982826 -341.607452
v  98.022087 -79.982826 -341.622986
v  94.001129 79.989586 -330.341583
v  88.000000 79.989586 -330.341583
v  88.000000 79.979149 -324.672852
v  104.000000 79.979149 -324.672852
v  104.000000 79.989586 -330.341583
v  98.022087 79.989586 -330.341583
v  -104.000000 80.000023 -383.999939
v  -104.000000 84.000023 -383.999939
v  -98.000000 84.000023 -383.999939
v  -98.000000 92.000023 -383.999939
v  -104.000000 92.000023 -383.999939
v  -104.000000 96.000023 -383.999939
v  -94.000000 92.000023 -383.999939
v  -94.000000 84.000023 -383.999939
v  -88.000000 84.000023 -383.999939
v  -88.000000 80.000023 -383.999939
v  -104.000000 -95.999977 -383.999939
v  -104.000000 -91.999977 -383.999939
v  -98.000000 -91.999977 -383.999939
v  -98.000000 -83.999977 -383.999939
v  -104.000000 -83.999977 -383.999939
v  -104.000000 -79.999977 -383.999939
v  -88.000000 -79.999977 -383.999939
v  -88.000000 -83.999977 -383.999939
v  -94.000000 -83.999977 -383.999939
v  -94.000000 -91.999977 -383.999939
v  -104.000000 79.989586 -347.300476
v  -104.000000 84.000023 -347.308167
v  -88.000000 84.000023 -347.308167
v  -88.000000 79.989586 -347.300476
v  -104.000000 -83.999977 -347.308167
v  -88.000000 -83.999977 -347.308167
v  -104.000000 84.000023 -341.561340
v  -88.000000 84.000023 -341.561340
v  -88.000000 79.989586 -341.598633
v  -104.000000 -83.999977 -341.561340
v  -88.000000 -83.999977 -341.561340
v  -104.000000 79.989586 -341.598633
v  -104.000000 84.000023 -330.355103
v  -88.000000 84.000023 -330.355103
v  -104.000000 -83.999977 -330.355103
v  -88.000000 -83.999977 -330.355103
v  -104.000000 84.000023 -324.573181
v  -88.000000 84.000023 -324.573181
v  -88.000000 80.000023 -324.573181
v  -104.000000 -83.999977 -324.573181
v  -104.000000 -79.982826 -324.617096
v  -88.000000 -79.982826 -324.617096
v  -88.000000 -83.999977 -324.573181
v  -104.000000 80.000023 -324.573181
v  -104.000000 84.000008 -164.689163
v  -88.000000 84.000008 -164.689163
v  -88.000000 79.989578 -164.698135
v  -104.000000 -83.999992 -164.689163
v  -88.000000 -83.999992 -164.689163
v  -104.000000 79.989586 -164.698120
v  -104.000000 79.989571 -170.370117
v  -104.000000 84.000008 -170.376282
v  -88.000000 84.000008 -170.376282
v  -88.000000 79.989571 -170.370117
v  -104.000000 -83.999992 -170.376297
v  -88.000000 -83.999992 -170.376297
v  -104.000000 79.989571 -181.663849
v  -104.000000 84.000008 -181.644623
v  -88.000000 84.000008 -181.644623
v  -88.000000 79.989571 -181.663849
v  -104.000000 -83.999992 -181.644623
v  -104.000000 -79.982841 -181.671387
v  -88.000000 -79.982841 -181.671387
v  -88.000000 -83.999992 -181.644623
v  -104.000000 79.989571 -187.308838
v  -104.000000 84.000008 -187.276123
v  -88.000000 84.000008 -187.276123
v  -88.000000 79.989571 -187.308838
v  -104.000000 -83.999992 -187.276138
v  -104.000000 -79.982841 -187.316376
v  -88.000000 -79.982841 -187.316376
v  -88.000000 -83.999992 -187.276138
v  -97.998871 79.989586 -341.598633
v  -97.998871 79.989571 -170.370117
v  -97.998871 79.989571 -181.663849
v  -97.998871 -79.982841 -181.671387
v  -93.977921 79.989586 -341.598633
v  -93.977913 79.989571 -170.370117
v  -93.977913 79.989571 -181.663849
v  -98.000000 5.656879 -256.042267
v  -104.000000 5.656879 -256.042267
v  -88.000000 11.313732 -256.042267
v  -88.000000 5.656879 -256.042267
v  -94.000000 5.656879 -256.042267
v  -104.000000 -5.656826 -256.042267
v  -94.000000 -5.656826 -256.042267
v  -104.000000 0.057610 -267.313660
v  -104.000000 0.057602 -261.656799
v  -98.000000 0.057602 -261.656799
v  -94.000000 0.057602 -261.656799
v  -88.000000 0.057602 -261.656799
v  -88.000000 0.057610 -267.313660
v  -98.000000 0.057595 -250.314316
v  -104.000000 0.057601 -250.343109
v  -104.000000 0.057600 -244.651703
v  -88.000000 0.057595 -244.657471
v  -88.000000 0.057595 -250.314316
v  -94.000000 0.057595 -250.314316
v  -104.000000 -11.313663 -256.042267
v  -98.000000 -5.656826 -256.042267
v  -88.000000 -5.656826 -256.042267
v  -88.000000 -11.313671 -256.042267
v  -97.998871 -79.982841 -170.376846
v  -104.000000 -79.982841 -170.376846
v  -104.000000 -79.982841 -164.704849
v  -88.000000 -79.982841 -164.704849
v  -88.000000 -79.982841 -170.376846
v  -93.977921 -79.982841 -170.376846
v  -93.977921 -79.982841 -181.671387
v  -104.000000 -79.982826 -330.335693
v  -97.998871 -79.982826 -330.335693
v  -93.977921 -79.982826 -330.335693
v  -88.000000 -79.982826 -330.335693
v  -97.998871 -79.982826 -341.622986
v  -104.000000 -79.982826 -341.607452
v  -104.000000 -79.982826 -347.293762
v  -88.000000 -79.982826 -347.293762
v  -88.000000 -79.982826 -341.607452
v  -93.977921 -79.982826 -341.622986
v  -97.998871 79.989586 -330.341583
v  -104.000000 79.989586 -330.341583
v  -104.000000 79.979149 -324.672852
v  -88.000000 79.979149 -324.672852
v  -88.000000 79.989586 -330.341583
v  -93.977921 79.989586 -330.341583
v  88.000000 79.999977 384.000061
v  88.000000 83.999977 384.000061
v  94.000000 83.999977 384.000061
v  94.000000 91.999977 384.000061
v  104.000000 95.999977 384.000061
v  104.000000 91.999977 384.000061
v  98.000000 91.999977 384.000061
v  98.000000 83.999977 384.000061
v  104.000000 83.999977 384.000061
v  104.000000 79.999977 384.000061
v  94.000000 -92.000023 384.000061
v  94.000000 -84.000023 384.000061
v  88.000000 -84.000023 384.000061
v  88.000000 -80.000023 384.000061
v  104.000000 -80.000023 384.000061
v  104.000000 -84.000023 384.000061
v  98.000000 -84.000023 384.000061
v  98.000000 -92.000023 384.000061
v  104.000000 -92.000023 384.000061
v  104.000000 -96.000023 384.000061
v  88.000000 79.989555 164.699524
v  88.000000 83.999992 164.691849
v  104.000000 83.999992 164.691849
v  104.000000 79.989555 164.699524
v  88.000000 -84.000008 164.691849
v  104.000000 -84.000008 164.691849
v  88.000000 83.999992 170.438660
v  104.000000 83.999992 170.438660
v  104.000000 79.989555 170.401367
v  88.000000 -84.000008 170.438660
v  104.000000 -84.000008 170.438660
v  88.000000 79.989555 170.401367
v  88.000000 83.999992 181.644897
v  104.000000 83.999992 181.644897
v  88.000000 -84.000008 181.644897
v  104.000000 -84.000008 181.644897
v  88.000000 83.999992 187.426834
v  104.000000 83.999992 187.426834
v  104.000000 79.999992 187.426834
v  88.000000 -84.000008 187.426834
v  88.000000 -79.982857 187.382904
v  104.000000 -79.982857 187.382904
v  104.000000 -84.000008 187.426834
v  88.000000 79.999992 187.426834
v  88.000000 83.999977 347.310852
v  104.000000 83.999977 347.310852
v  104.000000 79.989548 347.301880
v  88.000000 -84.000023 347.310852
v  104.000000 -84.000023 347.310852
v  88.000000 79.989555 347.301880
v  88.000000 79.989540 341.629883
v  88.000000 83.999977 341.623718
v  104.000000 83.999977 341.623718
v  104.000000 79.989540 341.629883
v  88.000000 -84.000023 341.623718
v  104.000000 -84.000023 341.623718
v  88.000000 79.989540 330.336182
v  88.000000 83.999977 330.355377
v  104.000000 83.999977 330.355377
v  104.000000 79.989540 330.336182
v  88.000000 -84.000023 330.355377
v  88.000000 -79.982872 330.328613
v  104.000000 -79.982872 330.328613
v  104.000000 -84.000023 330.355377
v  88.000000 79.989540 324.691162
v  88.000000 83.999977 324.723877
v  104.000000 83.999977 324.723877
v  104.000000 79.989540 324.691162
v  88.000000 -84.000023 324.723877
v  88.000000 -79.982872 324.683624
v  104.000000 -79.982872 324.683624
v  104.000000 -84.000023 324.723877
v  94.001129 79.989555 170.401367
v  94.001129 79.989540 341.629883
v  94.001129 79.989540 330.336182
v  94.001129 -79.982872 330.328613
v  98.022087 79.989555 170.401367
v  98.022087 79.989540 341.629883
v  98.022087 79.989540 330.336182
v  94.000000 5.656849 255.957733
v  88.000000 5.656849 255.957733
v  88.000000 11.313702 255.957733
v  104.000000 5.656849 255.957733
v  88.000000 -5.656856 255.957733
v  98.000000 -5.656856 255.957733
v  88.000000 0.057580 244.686340
v  88.000000 0.057572 250.343185
v  94.000000 0.057572 250.343185
v  98.000000 0.057572 250.343185
v  104.000000 0.057572 250.343185
v  104.000000 0.057580 244.686340
v  94.000000 0.057565 261.685669
v  88.000000 0.057571 261.656891
v  88.000000 0.057570 267.348297
v  104.000000 0.057565 267.342499
v  104.000000 0.057565 261.685669
v  98.000000 0.057565 261.685669
v  88.000000 -11.313694 255.957733
v  94.000000 -5.656856 255.957733
v  104.000000 -5.656856 255.957733
v  104.000000 -11.313702 255.957733
v  98.000000 0.057575 255.957733
v  94.001129 -79.982872 341.623169
v  88.000000 -79.982872 341.623169
v  88.000000 -79.982872 347.295166
v  104.000000 -79.982872 347.295166
v  104.000000 -79.982872 341.623169
v  98.022087 -79.982872 341.623169
v  98.022087 -79.982872 330.328613
v  88.000000 -79.982857 181.664307
v  94.001129 -79.982857 181.664307
v  98.022087 -79.982857 181.664307
v  104.000000 -79.982857 181.664307
v  94.001129 -79.982857 170.377014
v  88.000000 -79.982857 170.392548
v  88.000000 -79.982857 164.706238
v  104.000000 -79.982857 164.706238
v  104.000000 -79.982857 170.392548
v  98.022087 -79.982857 170.377014
v  94.001129 79.989555 181.658417
v  88.000000 79.989555 181.658417
v  88.000000 79.979118 187.327164
v  104.000000 79.979118 187.327164
v  104.000000 79.989555 181.658417
v  98.022087 79.989555 181.658417
v  -104.000000 79.999977 384.000061
v  -104.000000 83.999977 384.000061
v  -98.000000 83.999977 384.000061
v  -98.000000 91.999977 384.000061
v  -104.000000 91.999977 384.000061
v  -104.000000 95.999977 384.000061
v  -94.000000 91.999977 384.000061
v  -94.000000 83.999977 384.000061
v  -88.000000 83.999977 384.000061
v  -88.000000 79.999977 384.000061
v  -104.000000 -96.000023 384.000061
v  -104.000000 -92.000023 384.000061
v  -98.000000 -92.000023 384.000061
v  -98.000000 -84.000023 384.000061
v  -104.000000 -84.000023 384.000061
v  -104.000000 -80.000023 384.000061
v  -88.000000 -80.000023 384.000061
v  -88.000000 -84.000023 384.000061
v  -94.000000 -84.000023 384.000061
v  -94.000000 -92.000023 384.000061
v  -104.000000 79.989555 164.699524
v  -104.000000 83.999992 164.691849
v  -88.000000 83.999992 164.691849
v  -88.000000 79.989555 164.699524
v  -104.000000 -84.000008 164.691849
v  -88.000000 -84.000008 164.691849
v  -104.000000 83.999992 170.438660
v  -88.000000 83.999992 170.438660
v  -88.000000 79.989555 170.401367
v  -104.000000 -84.000008 170.438660
v  -88.000000 -84.000008 170.438660
v  -104.000000 79.989555 170.401367
v  -104.000000 83.999992 181.644897
v  -88.000000 83.999992 181.644897
v  -104.000000 -84.000008 181.644897
v  -88.000000 -84.000008 181.644897
v  -104.000000 83.999992 187.426834
v  -88.000000 83.999992 187.426834
v  -88.000000 79.999992 187.426834
v  -104.000000 -84.000008 187.426834
v  -104.000000 -79.982857 187.382904
v  -88.000000 -79.982857 187.382904
v  -88.000000 -84.000008 187.426834
v  -104.000000 79.999992 187.426834
v  -104.000000 83.999977 347.310852
v  -88.000000 83.999977 347.310852
v  -88.000000 79.989548 347.301880
v  -104.000000 -84.000023 347.310852
v  -88.000000 -84.000023 347.310852
v  -104.000000 79.989555 347.301880
v  -104.000000 79.989540 341.629883
v  -104.000000 83.999977 341.623718
v  -88.000000 83.999977 341.623718
v  -88.000000 79.989540 341.629883
v  -104.000000 -84.000023 341.623718
v  -88.000000 -84.000023 341.623718
v  -104.000000 79.989540 330.336182
v  -104.000000 83.999977 330.355377
v  -88.000000 83.999977 330.355377
v  -88.000000 79.989540 330.336182
v  -104.000000 -84.000023 330.355377
v  -104.000000 -79.982872 330.328613
v  -88.000000 -79.982872 330.328613
v  -88.000000 -84.000023 330.355377
v  -104.000000 79.989540 324.691162
v  -104.000000 83.999977 324.723877
v  -88.000000 83.999977 324.723877
v  -88.000000 79.989540 324.691162
v  -104.000000 -84.000023 324.723877
v  -104.000000 -79.982872 324.683624
v  -88.000000 -79.982872 324.683624
v  -88.000000 -84.000023 324.723877
v  -97.998871 79.989555 170.401367
v  -97.998871 79.989540 341.629883
v  -97.998871 79.989540 330.336182
v  -97.998871 -79.982872 330.328613
v  -93.977921 79.989555 170.401367
v  -93.977913 79.989540 341.629883
v  -93.977913 79.989540 330.336182
v  -98.000000 5.656849 255.957733
v  -104.000000 5.656849 255.957733
v  -104.000000 11.313702 255.957733
v  -104.000000 -5.656856 255.957733
v  -94.000000 -5.656856 255.957733
v  -104.000000 0.057580 244.686340
v  -104.000000 0.057572 250.343185
v  -98.000000 0.057572 250.343185
v  -94.000000 0.057572 250.343185
v  -88.000000 0.057572 250.343185
v  -88.000000 0.057580 244.686340
v  -98.000000 0.057565 261.685669
v  -104.000000 0.057571 261.656891
v  -104.000000 0.057570 267.348297
v  -88.000000 0.057565 267.342499
v  -88.000000 0.057565 261.685669
v  -94.000000 0.057565 261.685669
v  -98.000000 0.057575 255.957733
v  -104.000000 -11.313694 255.957733
v  -98.000000 -5.656856 255.957733
v  -88.000000 -5.656856 255.957733
v  -88.000000 -11.313702 255.957733
v  -94.000000 0.057575 255.957733
v  -97.998871 -79.982872 341.623169
v  -104.000000 -79.982872 341.623169
v  -104.000000 -79.982872 347.295166
v  -88.000000 -79.982872 347.295166
v  -88.000000 -79.982872 341.623169
v  -93.977921 -79.982872 341.623169
v  -93.977921 -79.982872 330.328613
v  -104.000000 -79.982857 181.664307
v  -97.998871 -79.982857 181.664307
v  -93.977921 -79.982857 181.664307
v  -88.000000 -79.982857 181.664307
v  -97.998871 -79.982857 170.377014
v  -104.000000 -79.982857 170.392548
v  -104.000000 -79.982857 164.706238
v  -88.000000 -79.982857 164.706238
v  -88.000000 -79.982857 170.392548
v  -93.977921 -79.982857 170.377014
v  -97.998871 79.989555 181.658417
v  -104.000000 79.989555 181.658417
v  -104.000000 79.979118 187.327164
v  -88.000000 79.979118 187.327164
v  -88.000000 79.989555 181.658417
v  -93.977921 79.989555 181.658417
v  94.001129 79.989555 74.336151
v  88.000000 79.989555 74.336151
v  88.000000 79.989555 74.336151
v  88.000000 79.989555 68.691154
v  88.000000 79.989555 68.691154
v  104.000000 79.989555 68.691154
v  104.000000 79.989555 68.691154
v  104.000000 79.989555 74.336159
v  104.000000 79.989555 74.336159
v  98.022087 79.989555 74.336151
v  98.022087 79.989555 74.336151
v  98.022087 79.989555 85.629875
v  88.000000 79.989563 91.301865
v  88.000000 79.989555 85.629875
v  88.000000 79.989555 85.629875
v  94.001129 79.989555 85.629875
v  94.001129 79.989555 85.629875
v  94.001129 79.989555 74.336151
v  98.022087 79.989555 85.629875
v  104.000000 79.989555 85.629875
v  104.000000 79.989555 85.629875
v  104.000000 79.989555 91.301857
v  104.000000 79.989555 91.301857
v  88.000000 79.989563 91.301865
v  -97.998871 79.989555 74.336151
v  -104.000000 79.989555 74.336151
v  -104.000000 79.989555 74.336151
v  -104.000000 79.989555 68.691154
v  -104.000000 79.989555 68.691154
v  -88.000000 79.989555 68.691154
v  -88.000000 79.989555 68.691154
v  -88.000000 79.989555 74.336159
v  -88.000000 79.989555 74.336159
v  -93.977913 79.989555 74.336151
v  -93.977913 79.989555 74.336151
v  -93.977913 79.989555 85.629875
v  -104.000000 79.989563 91.301865
v  -104.000000 79.989555 85.629875
v  -104.000000 79.989555 85.629875
v  -97.998871 79.989555 85.629875
v  -97.998871 79.989555 85.629875
v  -97.998871 79.989555 74.336151
v  -93.977913 79.989555 85.629875
v  -88.000000 79.989555 85.629875
v  -88.000000 79.989555 85.629875
v  -88.000000 79.989555 91.301857
v  -88.000000 79.989555 91.301857
v  -104.000000 79.989563 91.301865
v  94.001129 79.989571 -181.663849
v  88.000000 79.989571 -181.663849
v  88.000000 79.989571 -181.663849
v  88.000000 79.989571 -187.308838
v  88.000000 79.989571 -187.308838
v  104.000000 79.989571 -187.308838
v  104.000000 79.989571 -187.308838
v  104.000000 79.989571 -181.663849
v  104.000000 79.989571 -181.663849
v  98.022087 79.989571 -181.663849
v  98.022087 79.989571 -181.663849
v  98.022087 79.989571 -170.370117
v  88.000000 79.989586 -164.698120
v  88.000000 79.989571 -170.370117
v  88.000000 79.989571 -170.370117
v  94.001129 79.989571 -170.370117
v  94.001129 79.989571 -170.370117
v  94.001129 79.989571 -181.663849
v  98.022087 79.989571 -170.370117
v  104.000000 79.989571 -170.370117
v  104.000000 79.989571 -170.370117
v  104.000000 79.989578 -164.698135
v  104.000000 79.989578 -164.698135
v  88.000000 79.989586 -164.698120
v  -97.998871 79.989571 -181.663849
v  -104.000000 79.989571 -181.663849
v  -104.000000 79.989571 -181.663849
v  -104.000000 79.989571 -187.308838
v  -104.000000 79.989571 -187.308838
v  -88.000000 79.989571 -187.308838
v  -88.000000 79.989571 -187.308838
v  -88.000000 79.989571 -181.663849
v  -88.000000 79.989571 -181.663849
v  -93.977913 79.989571 -181.663849
v  -93.977913 79.989571 -181.663849
v  -93.977913 79.989571 -170.370117
v  -104.000000 79.989586 -164.698120
v  -104.000000 79.989571 -170.370117
v  -104.000000 79.989571 -170.370117
v  -97.998871 79.989571 -170.370117
v  -97.998871 79.989571 -170.370117
v  -97.998871 79.989571 -181.663849
v  -93.977913 79.989571 -170.370117
v  -88.000000 79.989571 -170.370117
v  -88.000000 79.989571 -170.370117
v  -88.000000 79.989578 -164.698135
v  -88.000000 79.989578 -164.698135
v  -104.000000 79.989586 -164.698120
v  94.001129 79.989540 330.336182
v  88.000000 79.989540 330.336182
v  88.000000 79.989540 330.336182
v  88.000000 79.989540 324.691162
v  88.000000 79.989540 324.691162
v  104.000000 79.989540 324.691162
v  104.000000 79.989540 324.691162
v  104.000000 79.989540 330.336182
v  104.000000 79.989540 330.336182
v  98.022087 79.989540 330.336182
v  98.022087 79.989540 330.336182
v  98.022087 79.989540 341.629883
v  88.000000 79.989555 347.301880
v  88.000000 79.989540 341.629883
v  88.000000 79.989540 341.629883
v  94.001129 79.989540 341.629883
v  94.001129 79.989540 341.629883
v  94.001129 79.989540 330.336182
v  98.022087 79.989540 341.629883
v  104.000000 79.989540 341.629883
v  104.000000 79.989540 341.629883
v  104.000000 79.989548 347.301880
v  104.000000 79.989548 347.301880
v  88.000000 79.989555 347.301880
v  -97.998871 79.989540 330.336182
v  -104.000000 79.989540 330.336182
v  -104.000000 79.989540 330.336182
v  -104.000000 79.989540 324.691162
v  -104.000000 79.989540 324.691162
v  -88.000000 79.989540 324.691162
v  -88.000000 79.989540 324.691162
v  -88.000000 79.989540 330.336182
v  -88.000000 79.989540 330.336182
v  -93.977913 79.989540 330.336182
v  -93.977913 79.989540 330.336182
v  -93.977913 79.989540 341.629883
v  -104.000000 79.989555 347.301880
v  -104.000000 79.989540 341.629883
v  -104.000000 79.989540 341.629883
v  -97.998871 79.989540 341.629883
v  -97.998871 79.989540 341.629883
v  -97.998871 79.989540 330.336182
v  -93.977913 79.989540 341.629883
v  -88.000000 79.989540 341.629883
v  -88.000000 79.989540 341.629883
v  -88.000000 79.989548 347.301880
v  -88.000000 79.989548 347.301880
v  -104.000000 79.989555 347.301880
v  104.000000 79.989555 91.301857
v  88.000000 79.989555 85.629875
v  104.000000 79.989555 85.629875
v  88.000000 79.989555 74.336151
v  104.000000 79.989555 74.336159
v  88.000000 79.989555 68.691154
v  104.000000 79.989555 68.691154
v  94.001129 79.989555 85.629875
v  94.001129 79.989555 74.336151
v  98.022087 79.989555 85.629875
v  98.022087 79.989555 74.336151
v  104.000000 11.313713 -0.042274
v  104.000000 5.656860 -0.042274
v  98.000000 5.656860 -0.042274
v  98.000000 0.057587 -0.042274
v  -88.000000 79.989555 91.301857
v  -104.000000 79.989555 85.629875
v  -88.000000 79.989555 85.629875
v  -104.000000 79.989555 74.336151
v  -88.000000 79.989555 74.336159
v  -104.000000 79.989555 68.691154
v  -88.000000 79.989555 68.691154
v  -97.998871 79.989555 85.629875
v  -97.998871 79.989555 74.336151
v  -93.977913 79.989555 85.629875
v  -93.977913 79.989555 74.336151
v  -104.000000 5.656860 -0.042274
v  -88.000000 11.313713 -0.042274
v  104.000000 79.989578 -164.698135
v  88.000000 79.989571 -170.370117
v  104.000000 79.989571 -170.370117
v  88.000000 79.989571 -181.663849
v  104.000000 79.989571 -181.663849
v  88.000000 79.989571 -187.308838
v  104.000000 79.989571 -187.308838
v  94.001129 79.989571 -170.370117
v  94.001129 79.989571 -181.663849
v  98.022087 79.989571 -170.370117
v  98.022087 79.989571 -181.663849
v  88.000000 5.656879 -256.042267
v  88.000000 11.313732 -256.042267
v  104.000000 11.313732 -256.042267
v  104.000000 5.656879 -256.042267
v  98.000000 5.656879 -256.042267
v  94.000000 0.057605 -256.042267
v  98.000000 0.057605 -256.042267
v  -88.000000 79.989578 -164.698135
v  -104.000000 79.989571 -170.370117
v  -88.000000 79.989571 -170.370117
v  -104.000000 79.989571 -181.663849
v  -88.000000 79.989571 -181.663849
v  -104.000000 79.989571 -187.308838
v  -88.000000 79.989571 -187.308838
v  -97.998871 79.989571 -170.370117
v  -97.998871 79.989571 -181.663849
v  -93.977913 79.989571 -170.370117
v  -93.977913 79.989571 -181.663849
v  -104.000000 11.313732 -256.042267
v  -98.000000 0.057605 -256.042267
v  -94.000000 0.057605 -256.042267
v  104.000000 79.989548 347.301880
v  88.000000 79.989540 341.629883
v  104.000000 79.989540 341.629883
v  88.000000 79.989540 330.336182
v  104.000000 79.989540 330.336182
v  88.000000 79.989540 324.691162
v  104.000000 79.989540 324.691162
v  94.001129 79.989540 341.629883
v  94.001129 79.989540 330.336182
v  98.022087 79.989540 341.629883
v  98.022087 79.989540 330.336182
v  104.000000 11.313702 255.957733
v  98.000000 5.656849 255.957733
v  -88.000000 79.989548 347.301880
v  -104.000000 79.989540 341.629883
v  -88.000000 79.989540 341.629883
v  -104.000000 79.989540 330.336182
v  -88.000000 79.989540 330.336182
v  -104.000000 79.989540 324.691162
v  -88.000000 79.989540 324.691162
v  -97.998871 79.989540 341.629883
v  -97.998871 79.989540 330.336182
v  -93.977913 79.989540 341.629883
v  -93.977913 79.989540 330.336182
v  -88.000000 11.313702 255.957733
v  -88.000000 5.656849 255.957733
v  -94.000000 5.656849 255.957733
v  94.000000 0.057587 -0.042274
v  94.000000 0.057575 255.957733
v  -96.000015 95.999992 128.000061
v  -96.000015 96.000008 -127.999939
v  -92.000008 91.999992 128.000061
v  -92.000008 92.000008 -127.999939
v  -96.000015 96.000023 -383.999939
v  -92.000015 92.000023 -383.999939
v  -96.000000 95.999977 384.000061
v  -92.000008 91.999977 384.000061
v  92.000008 -92.000008 128.000046
v  92.000008 -91.999992 -127.999947
v  96.000015 -96.000008 128.000046
v  96.000015 -95.999992 -127.999947
v  92.000008 -91.999977 -383.999939
v  96.000000 -95.999977 -383.999939
v  92.000015 -92.000023 384.000061
v  96.000015 -96.000015 384.000061
v  92.000008 91.999992 128.000061
v  92.000008 92.000008 -127.999939
v  96.000015 95.999992 128.000061
v  96.000015 96.000008 -127.999939
v  -92.000008 -92.000008 128.000046
v  -92.000008 -91.999992 -127.999947
v  -96.000015 -96.000008 128.000046
v  -96.000015 -95.999992 -127.999947
v  92.000015 92.000023 -383.999939
v  96.000015 96.000015 -383.999939
v  -92.000008 -91.999977 -383.999939
v  -96.000000 -95.999977 -383.999939
v  92.000008 91.999977 384.000061
v  96.000000 95.999977 384.000061
v  -92.000015 -92.000023 384.000061
v  -96.000015 -96.000023 384.000061
v  79.999992 -88.000008 128.000046
v  83.999992 -88.000008 128.000046
v  83.999992 -94.000008 128.000046
v  91.999992 -94.000015 128.000046
v  95.999992 -104.000015 128.000046
v  91.999992 -104.000015 128.000046
v  91.999992 -98.000015 128.000046
v  83.999992 -98.000008 128.000046
v  83.999992 -104.000008 128.000046
v  79.999992 -104.000008 128.000046
v  79.999992 -87.999992 -127.999947
v  83.999992 -87.999992 -127.999947
v  83.999992 -93.999992 -127.999947
v  91.999992 -94.000000 -127.999947
v  95.999992 -104.000000 -127.999947
v  91.999992 -104.000000 -127.999947
v  91.999992 -98.000000 -127.999947
v  83.999992 -97.999992 -127.999947
v  83.999992 -103.999992 -127.999947
v  79.999992 -103.999992 -127.999947
v  -92.000008 -94.000000 128.000046
v  -84.000008 -94.000008 128.000046
v  -84.000008 -88.000008 128.000046
v  -80.000008 -88.000008 128.000046
v  -80.000008 -104.000008 128.000046
v  -84.000008 -104.000008 128.000046
v  -84.000008 -98.000008 128.000046
v  -92.000008 -98.000000 128.000046
v  -92.000008 -104.000000 128.000046
v  -96.000008 -104.000000 128.000046
v  -92.000008 -93.999985 -127.999947
v  -84.000008 -93.999992 -127.999947
v  -84.000008 -87.999992 -127.999947
v  -80.000008 -87.999992 -127.999947
v  -80.000008 -103.999992 -127.999947
v  -84.000008 -103.999992 -127.999947
v  -84.000008 -97.999992 -127.999947
v  -92.000008 -97.999985 -127.999947
v  -92.000008 -103.999985 -127.999947
v  -96.000008 -103.999985 -127.999947
v  79.989555 -87.999992 -91.300491
v  83.999992 -87.999992 -91.308167
v  83.999992 -103.999992 -91.308167
v  79.989555 -103.999992 -91.300491
v  -84.000008 -87.999992 -91.308167
v  -84.000008 -103.999992 -91.308167
v  83.999992 -88.000000 -85.561356
v  83.999992 -104.000000 -85.561356
v  79.989555 -104.000000 -85.598648
v  -84.000008 -88.000000 -85.561356
v  -84.000008 -104.000000 -85.561356
v  79.989555 -88.000000 -85.598648
v  83.999992 -88.000000 -74.355118
v  83.999992 -104.000000 -74.355118
v  -84.000008 -88.000000 -74.355118
v  -84.000008 -104.000000 -74.355118
v  83.999992 -88.000000 -68.573181
v  83.999992 -104.000000 -68.573181
v  79.999992 -104.000000 -68.573181
v  -84.000008 -88.000000 -68.573181
v  -79.982857 -88.000000 -68.617111
v  -79.982857 -104.000000 -68.617111
v  -84.000008 -104.000000 -68.573181
v  79.999992 -88.000000 -68.573181
v  83.999985 -88.000008 91.310822
v  83.999985 -104.000008 91.310822
v  79.989555 -104.000008 91.301849
v  -84.000015 -88.000008 91.310822
v  -84.000015 -104.000008 91.310822
v  79.989563 -88.000008 91.301857
v  79.989548 -88.000000 85.629868
v  83.999985 -88.000000 85.623703
v  83.999985 -104.000000 85.623703
v  79.989548 -104.000000 85.629868
v  -84.000015 -88.000000 85.623688
v  -84.000015 -104.000000 85.623688
v  79.989548 -88.000000 74.336143
v  83.999985 -88.000000 74.355370
v  83.999985 -104.000000 74.355370
v  79.989548 -104.000000 74.336151
v  -84.000015 -88.000000 74.355362
v  -79.982864 -88.000000 74.328598
v  -79.982864 -104.000000 74.328598
v  -84.000015 -104.000000 74.355362
v  79.989548 -88.000000 68.691147
v  83.999985 -88.000000 68.723862
v  83.999985 -104.000000 68.723862
v  79.989548 -104.000000 68.691147
v  -84.000015 -88.000000 68.723846
v  -79.982864 -88.000000 68.683609
v  -79.982864 -104.000000 68.683609
v  -84.000015 -104.000000 68.723846
v  79.989555 -94.001129 -85.598648
v  79.989548 -94.001129 85.629868
v  79.989548 -94.001129 74.336143
v  -79.982864 -94.001129 74.328598
v  79.989555 -98.022087 -85.598648
v  79.989548 -98.022087 85.629868
v  79.989548 -98.022087 74.336143
v  5.656856 -94.000000 -0.042278
v  11.313709 -88.000000 -0.042278
v  5.656856 -104.000000 -0.042279
v  5.656856 -98.000000 -0.042278
v  -5.656849 -88.000000 -0.042278
v  -5.656849 -98.000000 -0.042278
v  0.057587 -88.000000 -11.313679
v  0.057579 -88.000000 -5.656826
v  0.057579 -94.000000 -5.656826
v  0.057579 -98.000000 -5.656826
v  0.057579 -104.000000 -5.656826
v  0.057586 -104.000000 -11.313680
v  0.057573 -94.000000 5.685671
v  0.057579 -88.000000 5.656884
v  0.057578 -88.000000 11.348280
v  0.057572 -104.000000 11.342515
v  0.057572 -104.000000 5.685670
v  0.057573 -98.000000 5.685671
v  -11.313686 -88.000000 -0.042278
v  -5.656849 -94.000000 -0.042278
v  -5.656850 -104.000000 -0.042279
v  -11.313695 -104.000000 -0.042279
v  -79.982864 -94.001129 85.623138
v  -79.982864 -88.000000 85.623138
v  -79.982864 -88.000008 91.295135
v  -79.982864 -104.000008 91.295135
v  -79.982864 -104.000000 85.623138
v  -79.982864 -98.022087 85.623138
v  -79.982864 -98.022087 74.328598
v  -79.982857 -88.000000 -74.335709
v  -79.982857 -94.001129 -74.335709
v  -79.982857 -98.022087 -74.335709
v  -79.982857 -104.000000 -74.335709
v  -79.982857 -94.001129 -85.623001
v  -79.982857 -88.000000 -85.607468
v  -79.982857 -87.999992 -91.293777
v  -79.982857 -103.999992 -91.293777
v  -79.982857 -104.000000 -85.607468
v  -79.982857 -98.022087 -85.623001
v  79.989555 -94.001129 -74.341599
v  79.989555 -88.000000 -74.341599
v  79.979118 -88.000000 -68.672852
v  79.979118 -104.000000 -68.672852
v  79.989555 -104.000000 -74.341599
v  79.989555 -98.022087 -74.341599
v  80.000008 103.999992 128.000061
v  84.000008 103.999992 128.000061
v  84.000008 97.999992 128.000061
v  92.000008 97.999985 128.000061
v  92.000008 103.999985 128.000061
v  96.000008 103.999985 128.000061
v  92.000008 93.999985 128.000061
v  84.000008 93.999992 128.000061
v  84.000008 87.999992 128.000061
v  80.000008 87.999992 128.000061
v  80.000008 104.000008 -127.999939
v  84.000008 104.000008 -127.999939
v  84.000008 98.000008 -127.999939
v  92.000008 98.000000 -127.999939
v  92.000008 104.000000 -127.999939
v  96.000008 104.000000 -127.999939
v  92.000008 94.000000 -127.999939
v  84.000008 94.000008 -127.999939
v  84.000008 88.000008 -127.999939
v  80.000008 88.000008 -127.999939
v  -95.999992 104.000000 128.000061
v  -91.999992 104.000000 128.000061
v  -91.999992 98.000000 128.000061
v  -83.999992 97.999992 128.000061
v  -83.999992 103.999992 128.000061
v  -79.999992 103.999992 128.000061
v  -79.999992 87.999992 128.000061
v  -83.999992 87.999992 128.000061
v  -83.999992 93.999992 128.000061
v  -91.999992 94.000000 128.000061
v  -95.999992 104.000015 -127.999939
v  -91.999992 104.000015 -127.999939
v  -91.999992 98.000015 -127.999939
v  -83.999992 98.000008 -127.999939
v  -83.999992 104.000008 -127.999939
v  -79.999992 104.000008 -127.999939
v  -79.999992 88.000008 -127.999939
v  -83.999992 88.000008 -127.999939
v  -83.999992 94.000008 -127.999939
v  -91.999992 94.000015 -127.999939
v  79.989571 104.000008 -91.300476
v  84.000008 104.000008 -91.308151
v  84.000008 88.000008 -91.308151
v  79.989571 88.000008 -91.300476
v  -83.999992 104.000008 -91.308151
v  -83.999992 88.000008 -91.308151
v  84.000008 104.000000 -85.561340
v  84.000008 88.000000 -85.561340
v  79.989571 88.000000 -85.598633
v  -83.999992 104.000000 -85.561340
v  -83.999992 88.000000 -85.561340
v  79.989571 104.000000 -85.598633
v  84.000008 104.000000 -74.355103
v  84.000008 88.000000 -74.355103
v  -83.999992 104.000000 -74.355103
v  -83.999992 88.000000 -74.355103
v  84.000008 104.000000 -68.573166
v  84.000008 88.000000 -68.573166
v  80.000008 88.000000 -68.573166
v  -83.999992 104.000000 -68.573166
v  -79.982841 104.000000 -68.617096
v  -79.982841 88.000000 -68.617096
v  -83.999992 88.000000 -68.573166
v  80.000008 104.000000 -68.573166
v  84.000000 103.999992 91.310837
v  84.000000 87.999992 91.310837
v  79.989571 87.999992 91.301865
v  -84.000000 103.999992 91.310837
v  -84.000000 87.999992 91.310837
v  79.989578 103.999992 91.301872
v  79.989563 104.000000 85.629883
v  84.000000 104.000000 85.623718
v  84.000000 88.000000 85.623718
v  79.989563 88.000000 85.629883
v  -84.000000 104.000000 85.623703
v  -84.000000 88.000000 85.623703
v  79.989563 104.000000 74.336159
v  84.000000 104.000000 74.355385
v  84.000000 88.000000 74.355385
v  79.989563 88.000000 74.336166
v  -84.000000 104.000000 74.355377
v  -79.982849 104.000000 74.328613
v  -79.982849 88.000000 74.328613
v  -84.000000 88.000000 74.355377
v  79.989563 104.000000 68.691162
v  84.000000 104.000000 68.723877
v  84.000000 88.000000 68.723877
v  79.989563 88.000000 68.691162
v  -84.000000 104.000000 68.723862
v  -79.982849 104.000000 68.683624
v  -79.982849 88.000000 68.683624
v  -84.000000 88.000000 68.723862
v  79.989571 97.998871 -85.598633
v  79.989563 97.998871 85.629883
v  79.989563 97.998871 74.336159
v  -79.982849 97.998871 74.328613
v  79.989571 93.977921 -85.598633
v  79.989563 93.977913 85.629883
v  79.989563 93.977913 74.336159
v  5.656865 98.000000 -0.042270
v  11.313718 104.000000 -0.042270
v  5.656865 94.000000 -0.042270
v  -5.656840 104.000000 -0.042270
v  -5.656841 94.000000 -0.042270
v  0.057596 104.000000 -11.313670
v  0.057588 104.000000 -5.656817
v  0.057587 98.000000 -5.656817
v  0.057587 94.000000 -5.656817
v  0.057587 88.000000 -5.656818
v  0.057595 88.000000 -11.313671
v  0.057581 98.000000 5.685679
v  0.057587 104.000000 5.656892
v  0.057586 104.000000 11.348289
v  0.057580 88.000000 11.342524
v  0.057581 88.000000 5.685679
v  0.057581 94.000000 5.685679
v  0.057591 98.000000 -0.042270
v  -11.313678 104.000000 -0.042270
v  -5.656841 98.000000 -0.042270
v  -5.656841 88.000000 -0.042270
v  -11.313686 88.000000 -0.042270
v  -79.982849 97.998871 85.623154
v  -79.982849 104.000000 85.623154
v  -79.982849 103.999992 91.295151
v  -79.982849 87.999992 91.295151
v  -79.982849 88.000000 85.623154
v  -79.982849 93.977921 85.623154
v  -79.982849 93.977921 74.328613
v  -79.982841 104.000000 -74.335693
v  -79.982841 97.998871 -74.335693
v  -79.982841 93.977921 -74.335693
v  -79.982841 88.000000 -74.335693
v  -79.982841 97.998871 -85.622986
v  -79.982841 104.000000 -85.607452
v  -79.982841 104.000008 -91.293762
v  -79.982841 88.000008 -91.293762
v  -79.982841 88.000000 -85.607452
v  -79.982841 93.977921 -85.622986
v  79.989571 97.998871 -74.341583
v  79.989571 104.000000 -74.341583
v  79.979134 104.000000 -68.672836
v  79.979134 88.000000 -68.672836
v  79.989571 88.000000 -74.341583
v  79.989571 93.977921 -74.341583
v  80.000000 -87.999985 -383.999939
v  84.000000 -87.999985 -383.999939
v  84.000000 -93.999985 -383.999939
v  92.000000 -93.999992 -383.999939
v  96.000000 -103.999992 -383.999939
v  92.000000 -103.999992 -383.999939
v  92.000000 -97.999992 -383.999939
v  84.000000 -97.999985 -383.999939
v  84.000000 -103.999985 -383.999939
v  80.000000 -103.999985 -383.999939
v  -92.000000 -93.999977 -383.999939
v  -84.000000 -93.999985 -383.999939
v  -84.000000 -87.999985 -383.999939
v  -80.000000 -87.999985 -383.999939
v  -80.000000 -103.999985 -383.999939
v  -84.000000 -103.999985 -383.999939
v  -84.000000 -97.999985 -383.999939
v  -92.000000 -97.999977 -383.999939
v  -92.000000 -103.999977 -383.999939
v  -96.000000 -103.999977 -383.999939
v  79.989563 -87.999985 -347.300476
v  84.000000 -87.999985 -347.308167
v  84.000000 -103.999985 -347.308167
v  79.989563 -103.999985 -347.300476
v  -84.000000 -87.999985 -347.308167
v  -84.000000 -103.999985 -347.308167
v  84.000000 -87.999985 -341.561340
v  84.000000 -103.999985 -341.561340
v  79.989563 -103.999985 -341.598633
v  -84.000000 -87.999985 -341.561340
v  -84.000000 -103.999985 -341.561340
v  79.989563 -87.999985 -341.598633
v  84.000000 -87.999985 -330.355103
v  84.000000 -103.999985 -330.355103
v  -84.000000 -87.999985 -330.355103
v  -84.000000 -103.999985 -330.355103
v  84.000000 -87.999985 -324.573181
v  84.000000 -103.999985 -324.573181
v  80.000000 -103.999985 -324.573181
v  -84.000000 -87.999985 -324.573181
v  -79.982849 -87.999985 -324.617096
v  -79.982849 -103.999985 -324.617096
v  -84.000000 -103.999985 -324.573181
v  80.000000 -87.999985 -324.573181
v  83.999992 -87.999992 -164.689163
v  83.999992 -103.999992 -164.689163
v  79.989563 -103.999992 -164.698135
v  -84.000008 -87.999992 -164.689163
v  -84.000008 -103.999992 -164.689163
v  79.989571 -87.999992 -164.698120
v  79.989555 -87.999992 -170.370117
v  83.999992 -87.999992 -170.376282
v  83.999992 -103.999992 -170.376282
v  79.989555 -103.999992 -170.370117
v  -84.000008 -87.999992 -170.376297
v  -84.000008 -103.999992 -170.376297
v  79.989555 -87.999992 -181.663849
v  83.999992 -87.999992 -181.644623
v  83.999992 -103.999992 -181.644623
v  79.989555 -103.999992 -181.663849
v  -84.000008 -87.999992 -181.644623
v  -79.982857 -87.999992 -181.671387
v  -79.982857 -103.999992 -181.671387
v  -84.000008 -103.999992 -181.644623
v  79.989555 -87.999992 -187.308838
v  83.999992 -87.999992 -187.276123
v  83.999992 -103.999992 -187.276123
v  79.989555 -103.999992 -187.308838
v  -84.000008 -87.999992 -187.276138
v  -79.982857 -87.999992 -187.316376
v  -79.982857 -103.999992 -187.316376
v  -84.000008 -103.999992 -187.276138
v  79.989563 -94.001114 -341.598633
v  79.989555 -94.001122 -170.370117
v  79.989555 -94.001122 -181.663849
v  -79.982857 -94.001122 -181.671387
v  79.989563 -98.022072 -341.598633
v  79.989555 -98.022079 -170.370117
v  79.989555 -98.022079 -181.663849
v  5.656864 -93.999992 -256.042267
v  11.313717 -87.999992 -256.042267
v  11.313716 -103.999992 -256.042267
v  5.656863 -103.999992 -256.042267
v  5.656864 -97.999992 -256.042267
v  -5.656841 -87.999992 -256.042267
v  -5.656842 -97.999992 -256.042267
v  0.057595 -87.999985 -267.313660
v  0.057587 -87.999992 -261.656799
v  0.057587 -93.999992 -261.656799
v  0.057586 -97.999992 -261.656799
v  0.057586 -103.999992 -261.656799
v  0.057594 -103.999985 -267.313660
v  0.057580 -93.999992 -250.314316
v  0.057586 -87.999992 -250.343109
v  0.057585 -87.999992 -244.651703
v  0.057580 -103.999992 -244.657471
v  0.057580 -103.999992 -250.314316
v  0.057580 -97.999992 -250.314316
v  0.057590 -93.999992 -256.042267
v  -11.313679 -87.999992 -256.042267
v  -5.656842 -93.999992 -256.042267
v  -5.656842 -103.999992 -256.042267
v  -11.313687 -103.999992 -256.042267
v  -79.982857 -94.001122 -170.376846
v  -79.982857 -87.999992 -170.376846
v  -79.982857 -87.999992 -164.704849
v  -79.982857 -103.999992 -164.704849
v  -79.982857 -103.999992 -170.376846
v  -79.982857 -98.022079 -170.376846
v  -79.982857 -98.022079 -181.671387
v  -79.982849 -87.999985 -330.335693
v  -79.982849 -94.001114 -330.335693
v  -79.982849 -98.022072 -330.335693
v  -79.982849 -103.999985 -330.335693
v  -79.982849 -94.001114 -341.622986
v  -79.982849 -87.999985 -341.607452
v  -79.982849 -87.999985 -347.293762
v  -79.982849 -103.999985 -347.293762
v  -79.982849 -103.999985 -341.607452
v  -79.982849 -98.022072 -341.622986
v  79.989563 -94.001114 -330.341583
v  79.989563 -87.999985 -330.341583
v  79.979126 -87.999985 -324.672852
v  79.979126 -103.999985 -324.672852
v  79.989563 -103.999985 -330.341583
v  79.989563 -98.022072 -330.341583
v  80.000015 104.000015 -383.999939
v  84.000015 104.000015 -383.999939
v  84.000015 98.000015 -383.999939
v  92.000015 98.000008 -383.999939
v  92.000015 104.000008 -383.999939
v  96.000015 104.000008 -383.999939
v  92.000015 94.000008 -383.999939
v  84.000015 94.000015 -383.999939
v  84.000015 88.000015 -383.999939
v  80.000015 88.000015 -383.999939
v  -95.999985 104.000023 -383.999939
v  -91.999985 104.000023 -383.999939
v  -91.999985 98.000023 -383.999939
v  -83.999985 98.000015 -383.999939
v  -83.999985 104.000015 -383.999939
v  -79.999985 104.000015 -383.999939
v  -79.999985 88.000015 -383.999939
v  -83.999985 88.000015 -383.999939
v  -83.999985 94.000015 -383.999939
v  -91.999985 94.000023 -383.999939
v  79.989578 104.000015 -347.300476
v  84.000015 104.000015 -347.308167
v  84.000015 88.000015 -347.308167
v  79.989578 88.000015 -347.300476
v  -83.999985 104.000015 -347.308167
v  -83.999985 88.000015 -347.308167
v  84.000015 104.000015 -341.561340
v  84.000015 88.000015 -341.561340
v  79.989578 88.000015 -341.598633
v  -83.999985 104.000015 -341.561340
v  -83.999985 88.000015 -341.561340
v  79.989578 104.000015 -341.598633
v  84.000015 104.000015 -330.355103
v  84.000015 88.000015 -330.355103
v  -83.999985 104.000015 -330.355103
v  -83.999985 88.000015 -330.355103
v  84.000015 104.000015 -324.573181
v  84.000015 88.000015 -324.573181
v  80.000015 88.000015 -324.573181
v  -83.999985 104.000015 -324.573181
v  -79.982834 104.000015 -324.617096
v  -79.982834 88.000015 -324.617096
v  -83.999985 88.000015 -324.573181
v  80.000015 104.000015 -324.573181
v  84.000008 104.000008 -164.689163
v  84.000008 88.000008 -164.689163
v  79.989578 88.000008 -164.698135
v  -83.999992 104.000008 -164.689163
v  -83.999992 88.000008 -164.689163
v  79.989586 104.000008 -164.698120
v  79.989571 104.000008 -170.370117
v  84.000008 104.000008 -170.376282
v  84.000008 88.000008 -170.376282
v  79.989571 88.000008 -170.370117
v  -83.999992 104.000008 -170.376297
v  -83.999992 88.000008 -170.376297
v  79.989571 104.000008 -181.663849
v  84.000008 104.000008 -181.644623
v  84.000008 88.000008 -181.644623
v  79.989571 88.000008 -181.663849
v  -83.999992 104.000008 -181.644623
v  -79.982841 104.000008 -181.671387
v  -79.982841 88.000008 -181.671387
v  -83.999992 88.000008 -181.644623
v  79.989571 104.000008 -187.308838
v  84.000008 104.000008 -187.276123
v  84.000008 88.000008 -187.276123
v  79.989571 88.000008 -187.308838
v  -83.999992 104.000008 -187.276138
v  -79.982841 104.000008 -187.316376
v  -79.982841 88.000008 -187.316376
v  -83.999992 88.000008 -187.276138
v  79.989578 97.998886 -341.598633
v  79.989571 97.998878 -170.370117
v  79.989571 97.998878 -181.663849
v  -79.982841 97.998878 -181.671387
v  79.989578 93.977936 -341.598633
v  79.989571 93.977921 -170.370117
v  79.989571 93.977921 -181.663849
v  5.656872 98.000008 -256.042267
v  -5.656833 104.000008 -256.042267
v  -5.656833 94.000008 -256.042267
v  0.057603 104.000015 -267.313660
v  0.057595 104.000008 -261.656799
v  0.057595 98.000008 -261.656799
v  0.057595 94.000008 -261.656799
v  0.057595 88.000008 -261.656799
v  0.057602 88.000015 -267.313660
v  0.057589 98.000008 -250.314316
v  0.057595 104.000008 -250.343109
v  0.057594 104.000008 -244.651703
v  0.057588 88.000008 -244.657471
v  0.057588 88.000008 -250.314316
v  0.057589 94.000008 -250.314316
v  0.057599 98.000008 -256.042267
v  -11.313670 104.000008 -256.042267
v  -5.656833 98.000008 -256.042267
v  -5.656834 88.000008 -256.042267
v  -11.313679 88.000008 -256.042267
v  -79.982841 97.998878 -170.376846
v  -79.982841 104.000008 -170.376846
v  -79.982841 104.000008 -164.704849
v  -79.982841 88.000008 -164.704849
v  -79.982841 88.000008 -170.376846
v  -79.982841 93.977928 -170.376846
v  -79.982841 93.977928 -181.671387
v  -79.982834 104.000015 -330.335693
v  -79.982834 97.998886 -330.335693
v  -79.982834 93.977936 -330.335693
v  -79.982834 88.000015 -330.335693
v  -79.982834 97.998886 -341.622986
v  -79.982834 104.000015 -341.607452
v  -79.982834 104.000015 -347.293762
v  -79.982834 88.000015 -347.293762
v  -79.982834 88.000015 -341.607452
v  -79.982834 93.977936 -341.622986
v  79.989578 97.998886 -330.341583
v  79.989578 104.000015 -330.341583
v  79.979141 104.000015 -324.672852
v  79.979141 88.000015 -324.672852
v  79.989578 88.000015 -330.341583
v  79.989578 93.977936 -330.341583
v  79.999985 -88.000015 384.000061
v  83.999985 -88.000015 384.000061
v  83.999985 -94.000015 384.000061
v  91.999985 -94.000023 384.000061
v  95.999985 -104.000023 384.000061
v  91.999985 -104.000023 384.000061
v  91.999985 -98.000023 384.000061
v  83.999985 -98.000015 384.000061
v  83.999985 -104.000015 384.000061
v  79.999985 -104.000015 384.000061
v  -92.000015 -94.000008 384.000061
v  -84.000015 -94.000015 384.000061
v  -84.000015 -88.000015 384.000061
v  -80.000015 -88.000015 384.000061
v  -80.000015 -104.000015 384.000061
v  -84.000015 -104.000015 384.000061
v  -84.000015 -98.000015 384.000061
v  -92.000015 -98.000008 384.000061
v  -92.000015 -104.000008 384.000061
v  -96.000015 -104.000008 384.000061
v  79.989555 -88.000008 164.699524
v  83.999992 -88.000008 164.691849
v  83.999992 -104.000008 164.691849
v  79.989555 -104.000008 164.699524
v  -84.000008 -88.000008 164.691849
v  -84.000008 -104.000008 164.691849
v  83.999992 -88.000008 170.438660
v  83.999992 -104.000008 170.438660
v  79.989555 -104.000008 170.401367
v  -84.000008 -88.000008 170.438660
v  -84.000008 -104.000008 170.438660
v  79.989555 -88.000008 170.401367
v  83.999992 -88.000008 181.644897
v  83.999992 -104.000008 181.644897
v  -84.000008 -88.000008 181.644897
v  -84.000008 -104.000008 181.644897
v  83.999992 -88.000008 187.426834
v  83.999992 -104.000008 187.426834
v  79.999992 -104.000008 187.426834
v  -84.000008 -88.000008 187.426834
v  -79.982857 -88.000008 187.382904
v  -79.982857 -104.000008 187.382904
v  -84.000008 -104.000008 187.426834
v  79.999992 -88.000008 187.426834
v  83.999985 -88.000015 347.310852
v  83.999985 -104.000015 347.310852
v  79.989555 -104.000015 347.301880
v  -84.000015 -88.000015 347.310852
v  -84.000015 -104.000015 347.310852
v  79.989563 -88.000015 347.301880
v  79.989548 -88.000015 341.629883
v  83.999985 -88.000015 341.623718
v  83.999985 -104.000015 341.623718
v  79.989548 -104.000015 341.629883
v  -84.000015 -88.000015 341.623718
v  -84.000015 -104.000015 341.623718
v  79.989548 -88.000015 330.336182
v  83.999985 -88.000015 330.355377
v  83.999985 -104.000015 330.355377
v  79.989548 -104.000015 330.336182
v  -84.000015 -88.000015 330.355377
v  -79.982864 -88.000015 330.328613
v  -79.982864 -104.000015 330.328613
v  -84.000015 -104.000015 330.355377
v  79.989548 -88.000015 324.691162
v  83.999985 -88.000015 324.723877
v  83.999985 -104.000015 324.723877
v  79.989548 -104.000015 324.691162
v  -84.000015 -88.000015 324.723877
v  -79.982864 -88.000015 324.683624
v  -79.982864 -104.000015 324.683624
v  -84.000015 -104.000015 324.723877
v  79.989555 -94.001137 170.401367
v  79.989548 -94.001144 341.629883
v  79.989548 -94.001144 330.336182
v  -79.982864 -94.001144 330.328613
v  79.989555 -98.022095 170.401367
v  79.989548 -98.022102 341.629883
v  79.989548 -98.022102 330.336182
v  5.656856 -94.000008 255.957733
v  5.656856 -98.000008 255.957733
v  -5.656849 -88.000008 255.957733
v  -5.656849 -98.000008 255.957733
v  0.057587 -88.000008 244.686340
v  0.057579 -88.000008 250.343185
v  0.057579 -94.000008 250.343185
v  0.057579 -98.000008 250.343185
v  0.057579 -104.000008 250.343185
v  0.057586 -104.000008 244.686340
v  0.057573 -94.000008 261.685669
v  0.057579 -88.000008 261.656891
v  0.057578 -88.000015 267.348297
v  0.057572 -104.000015 267.342499
v  0.057572 -104.000008 261.685669
v  0.057573 -98.000008 261.685669
v  -11.313686 -88.000008 255.957733
v  -5.656849 -94.000008 255.957733
v  -5.656850 -104.000008 255.957733
v  -11.313695 -104.000008 255.957733
v  -79.982864 -94.001144 341.623169
v  -79.982864 -88.000015 341.623169
v  -79.982864 -88.000015 347.295166
v  -79.982864 -104.000015 347.295166
v  -79.982864 -104.000015 341.623169
v  -79.982864 -98.022102 341.623169
v  -79.982864 -98.022102 330.328613
v  -79.982857 -88.000008 181.664307
v  -79.982857 -94.001137 181.664307
v  -79.982857 -98.022095 181.664307
v  -79.982857 -104.000008 181.664307
v  -79.982857 -94.001137 170.377014
v  -79.982857 -88.000008 170.392548
v  -79.982857 -88.000008 164.706238
v  -79.982857 -104.000008 164.706238
v  -79.982857 -104.000008 170.392548
v  -79.982857 -98.022095 170.377014
v  79.989555 -94.001137 181.658417
v  79.989555 -88.000008 181.658417
v  79.979118 -88.000008 187.327164
v  79.979118 -104.000008 187.327164
v  79.989555 -104.000008 181.658417
v  79.989555 -98.022095 181.658417
v  80.000000 103.999985 384.000061
v  84.000000 103.999985 384.000061
v  84.000000 97.999985 384.000061
v  92.000000 97.999977 384.000061
v  92.000000 103.999977 384.000061
v  96.000000 103.999977 384.000061
v  92.000000 93.999977 384.000061
v  84.000000 93.999985 384.000061
v  84.000000 87.999985 384.000061
v  80.000000 87.999985 384.000061
v  -96.000000 103.999992 384.000061
v  -92.000000 103.999992 384.000061
v  -92.000000 97.999992 384.000061
v  -84.000000 97.999985 384.000061
v  -84.000000 103.999985 384.000061
v  -80.000000 103.999985 384.000061
v  -80.000000 87.999985 384.000061
v  -84.000000 87.999985 384.000061
v  -84.000000 93.999985 384.000061
v  -92.000000 93.999992 384.000061
v  79.989571 103.999992 164.699524
v  84.000008 103.999992 164.691849
v  84.000008 87.999992 164.691849
v  79.989571 87.999992 164.699524
v  -83.999992 103.999992 164.691849
v  -83.999992 87.999992 164.691849
v  84.000008 103.999992 170.438660
v  84.000008 87.999992 170.438660
v  79.989571 87.999992 170.401367
v  -83.999992 103.999992 170.438660
v  -83.999992 87.999992 170.438660
v  79.989571 103.999992 170.401367
v  84.000008 103.999992 181.644897
v  84.000008 87.999992 181.644897
v  -83.999992 103.999992 181.644897
v  -83.999992 87.999992 181.644897
v  84.000008 103.999992 187.426834
v  84.000008 87.999992 187.426834
v  80.000008 87.999992 187.426834
v  -83.999992 103.999992 187.426834
v  -79.982841 103.999992 187.382904
v  -79.982841 87.999992 187.382904
v  -83.999992 87.999992 187.426834
v  80.000008 103.999992 187.426834
v  84.000000 103.999985 347.310852
v  84.000000 87.999985 347.310852
v  79.989571 87.999985 347.301880
v  -84.000000 103.999985 347.310852
v  -84.000000 87.999985 347.310852
v  79.989578 103.999985 347.301880
v  79.989563 103.999985 341.629883
v  84.000000 103.999985 341.623718
v  84.000000 87.999985 341.623718
v  79.989563 87.999985 341.629883
v  -84.000000 103.999985 341.623718
v  -84.000000 87.999985 341.623718
v  79.989563 103.999985 330.336182
v  84.000000 103.999985 330.355377
v  84.000000 87.999985 330.355377
v  79.989563 87.999985 330.336182
v  -84.000000 103.999985 330.355377
v  -79.982849 103.999985 330.328613
v  -79.982849 87.999985 330.328613
v  -84.000000 87.999985 330.355377
v  79.989563 103.999985 324.691162
v  84.000000 103.999985 324.723877
v  84.000000 87.999985 324.723877
v  79.989563 87.999985 324.691162
v  -84.000000 103.999985 324.723877
v  -79.982849 103.999985 324.683624
v  -79.982849 87.999985 324.683624
v  -84.000000 87.999985 324.723877
v  79.989571 97.998863 170.401367
v  79.989563 97.998856 341.629883
v  79.989563 97.998856 330.336182
v  -79.982849 97.998856 330.328613
v  79.989571 93.977913 170.401367
v  79.989563 93.977898 341.629883
v  79.989563 93.977898 330.336182
v  5.656865 97.999992 255.957733
v  5.656864 87.999992 255.957733
v  5.656865 93.999992 255.957733
v  -5.656840 103.999992 255.957733
v  -5.656841 93.999992 255.957733
v  0.057596 103.999992 244.686340
v  0.057588 103.999992 250.343185
v  0.057587 97.999992 250.343185
v  0.057587 93.999992 250.343185
v  0.057587 87.999992 250.343185
v  0.057595 87.999992 244.686340
v  0.057581 97.999992 261.685669
v  0.057587 103.999992 261.656891
v  0.057586 103.999985 267.348297
v  0.057580 87.999985 267.342499
v  0.057581 87.999992 261.685669
v  0.057581 93.999992 261.685669
v  -11.313678 103.999992 255.957733
v  -5.656841 97.999992 255.957733
v  -5.656841 87.999992 255.957733
v  -11.313686 87.999992 255.957733
v  0.057591 93.999992 255.957733
v  -79.982849 97.998856 341.623169
v  -79.982849 103.999985 341.623169
v  -79.982849 103.999985 347.295166
v  -79.982849 87.999985 347.295166
v  -79.982849 87.999985 341.623169
v  -79.982849 93.977905 341.623169
v  -79.982849 93.977905 330.328613
v  -79.982841 103.999992 181.664307
v  -79.982841 97.998863 181.664307
v  -79.982841 93.977913 181.664307
v  -79.982841 87.999992 181.664307
v  -79.982841 97.998863 170.377014
v  -79.982841 103.999992 170.392548
v  -79.982841 103.999992 164.706238
v  -79.982841 87.999992 164.706238
v  -79.982841 87.999992 170.392548
v  -79.982841 93.977913 170.377014
v  79.989571 97.998863 181.658417
v  79.989571 103.999992 181.658417
v  79.979134 103.999992 187.327164
v  79.979134 87.999992 187.327164
v  79.989571 87.999992 181.658417
v  79.989571 93.977913 181.658417
v  79.989548 -94.001129 74.336143
v  79.989548 -88.000000 74.336143
v  79.989548 -88.000000 74.336143
v  79.989548 -88.000000 68.691147
v  79.989548 -88.000000 68.691147
v  79.989548 -104.000000 68.691147
v  79.989548 -104.000000 68.691147
v  79.989548 -104.000000 74.336151
v  79.989548 -104.000000 74.336151
v  79.989548 -98.022087 74.336143
v  79.989548 -98.022087 74.336143
v  79.989548 -98.022087 85.629868
v  79.989563 -88.000008 91.301857
v  79.989548 -88.000000 85.629868
v  79.989548 -88.000000 85.629868
v  79.989548 -94.001129 85.629868
v  79.989548 -94.001129 85.629868
v  79.989548 -94.001129 74.336143
v  79.989548 -98.022087 85.629868
v  79.989548 -104.000000 85.629868
v  79.989548 -104.000000 85.629868
v  79.989555 -104.000008 91.301849
v  79.989555 -104.000008 91.301849
v  79.989563 -88.000008 91.301857
v  79.989563 97.998871 74.336159
v  79.989563 104.000000 74.336159
v  79.989563 104.000000 74.336159
v  79.989563 104.000000 68.691162
v  79.989563 104.000000 68.691162
v  79.989563 88.000000 68.691162
v  79.989563 88.000000 68.691162
v  79.989563 88.000000 74.336166
v  79.989563 88.000000 74.336166
v  79.989563 93.977913 74.336159
v  79.989563 93.977913 74.336159
v  79.989563 93.977913 85.629883
v  79.989578 103.999992 91.301872
v  79.989563 104.000000 85.629883
v  79.989563 104.000000 85.629883
v  79.989563 97.998871 85.629883
v  79.989563 97.998871 85.629883
v  79.989563 97.998871 74.336159
v  79.989563 93.977913 85.629883
v  79.989563 88.000000 85.629883
v  79.989563 88.000000 85.629883
v  79.989571 87.999992 91.301865
v  79.989571 87.999992 91.301865
v  79.989578 103.999992 91.301872
v  79.989555 -94.001122 -181.663849
v  79.989555 -87.999992 -181.663849
v  79.989555 -87.999992 -181.663849
v  79.989555 -87.999992 -187.308838
v  79.989555 -87.999992 -187.308838
v  79.989555 -103.999992 -187.308838
v  79.989555 -103.999992 -187.308838
v  79.989555 -103.999992 -181.663849
v  79.989555 -103.999992 -181.663849
v  79.989555 -98.022079 -181.663849
v  79.989555 -98.022079 -181.663849
v  79.989555 -98.022079 -170.370117
v  79.989571 -87.999992 -164.698120
v  79.989555 -87.999992 -170.370117
v  79.989555 -87.999992 -170.370117
v  79.989555 -94.001122 -170.370117
v  79.989555 -94.001122 -170.370117
v  79.989555 -94.001122 -181.663849
v  79.989555 -98.022079 -170.370117
v  79.989555 -103.999992 -170.370117
v  79.989555 -103.999992 -170.370117
v  79.989563 -103.999992 -164.698135
v  79.989563 -103.999992 -164.698135
v  79.989571 -87.999992 -164.698120
v  79.989571 97.998878 -181.663849
v  79.989571 104.000008 -181.663849
v  79.989571 104.000008 -181.663849
v  79.989571 104.000008 -187.308838
v  79.989571 104.000008 -187.308838
v  79.989571 88.000008 -187.308838
v  79.989571 88.000008 -187.308838
v  79.989571 88.000008 -181.663849
v  79.989571 88.000008 -181.663849
v  79.989571 93.977921 -181.663849
v  79.989571 93.977921 -181.663849
v  79.989571 93.977921 -170.370117
v  79.989586 104.000008 -164.698120
v  79.989571 104.000008 -170.370117
v  79.989571 104.000008 -170.370117
v  79.989571 97.998878 -170.370117
v  79.989571 97.998878 -170.370117
v  79.989571 97.998878 -181.663849
v  79.989571 93.977921 -170.370117
v  79.989571 88.000008 -170.370117
v  79.989571 88.000008 -170.370117
v  79.989578 88.000008 -164.698135
v  79.989578 88.000008 -164.698135
v  79.989586 104.000008 -164.698120
v  79.989548 -94.001144 330.336182
v  79.989548 -88.000015 330.336182
v  79.989548 -88.000015 330.336182
v  79.989548 -88.000015 324.691162
v  79.989548 -88.000015 324.691162
v  79.989548 -104.000015 324.691162
v  79.989548 -104.000015 324.691162
v  79.989548 -104.000015 330.336182
v  79.989548 -104.000015 330.336182
v  79.989548 -98.022102 330.336182
v  79.989548 -98.022102 330.336182
v  79.989548 -98.022102 341.629883
v  79.989563 -88.000015 347.301880
v  79.989548 -88.000015 341.629883
v  79.989548 -88.000015 341.629883
v  79.989548 -94.001144 341.629883
v  79.989548 -94.001144 341.629883
v  79.989548 -94.001144 330.336182
v  79.989548 -98.022102 341.629883
v  79.989548 -104.000015 341.629883
v  79.989548 -104.000015 341.629883
v  79.989555 -104.000015 347.301880
v  79.989555 -104.000015 347.301880
v  79.989563 -88.000015 347.301880
v  79.989563 97.998856 330.336182
v  79.989563 103.999985 330.336182
v  79.989563 103.999985 330.336182
v  79.989563 103.999985 324.691162
v  79.989563 103.999985 324.691162
v  79.989563 87.999985 324.691162
v  79.989563 87.999985 324.691162
v  79.989563 87.999985 330.336182
v  79.989563 87.999985 330.336182
v  79.989563 93.977898 330.336182
v  79.989563 93.977898 330.336182
v  79.989563 93.977898 341.629883
v  79.989578 103.999985 347.301880
v  79.989563 103.999985 341.629883
v  79.989563 103.999985 341.629883
v  79.989563 97.998856 341.629883
v  79.989563 97.998856 341.629883
v  79.989563 97.998856 330.336182
v  79.989563 93.977898 341.629883
v  79.989563 87.999985 341.629883
v  79.989563 87.999985 341.629883
v  79.989571 87.999985 347.301880
v  79.989571 87.999985 347.301880
v  79.989578 103.999985 347.301880
v  79.989555 -104.000008 91.301849
v  79.989548 -88.000000 85.629868
v  79.989548 -104.000000 85.629868
v  79.989548 -88.000000 74.336143
v  79.989548 -104.000000 74.336151
v  79.989548 -88.000000 68.691147
v  79.989548 -104.000000 68.691147
v  79.989548 -94.001129 85.629868
v  79.989548 -94.001129 74.336143
v  79.989548 -98.022087 85.629868
v  79.989548 -98.022087 74.336143
v  5.656857 -88.000000 -0.042278
v  11.313708 -104.000000 -0.042279
v  0.057583 -94.000000 -0.042278
v  0.057582 -98.000000 -0.042278
v  79.989571 87.999992 91.301865
v  79.989563 104.000000 85.629883
v  79.989563 88.000000 85.629883
v  79.989563 104.000000 74.336159
v  79.989563 88.000000 74.336166
v  79.989563 104.000000 68.691162
v  79.989563 88.000000 68.691162
v  79.989563 97.998871 85.629883
v  79.989563 97.998871 74.336159
v  79.989563 93.977913 85.629883
v  79.989563 93.977913 74.336159
v  5.656865 104.000000 -0.042270
v  11.313717 88.000000 -0.042270
v  5.656864 88.000000 -0.042270
v  0.057591 94.000000 -0.042270
v  79.989563 -103.999992 -164.698135
v  79.989555 -87.999992 -170.370117
v  79.989555 -103.999992 -170.370117
v  79.989555 -87.999992 -181.663849
v  79.989555 -103.999992 -181.663849
v  79.989555 -87.999992 -187.308838
v  79.989555 -103.999992 -187.308838
v  79.989555 -94.001122 -170.370117
v  79.989555 -94.001122 -181.663849
v  79.989555 -98.022079 -170.370117
v  79.989555 -98.022079 -181.663849
v  5.656864 -87.999992 -256.042267
v  0.057590 -97.999992 -256.042267
v  79.989578 88.000008 -164.698135
v  79.989571 104.000008 -170.370117
v  79.989571 88.000008 -170.370117
v  79.989571 104.000008 -181.663849
v  79.989571 88.000008 -181.663849
v  79.989571 104.000008 -187.308838
v  79.989571 88.000008 -187.308838
v  79.989571 97.998878 -170.370117
v  79.989571 97.998878 -181.663849
v  79.989571 93.977921 -170.370117
v  79.989571 93.977921 -181.663849
v  5.656873 104.000008 -256.042267
v  11.313725 104.000008 -256.042267
v  11.313725 88.000008 -256.042267
v  5.656872 88.000008 -256.042267
v  5.656872 94.000008 -256.042267
v  0.057598 94.000008 -256.042267
v  79.989555 -104.000015 347.301880
v  79.989548 -88.000015 341.629883
v  79.989548 -104.000015 341.629883
v  79.989548 -88.000015 330.336182
v  79.989548 -104.000015 330.336182
v  79.989548 -88.000015 324.691162
v  79.989548 -104.000015 324.691162
v  79.989548 -94.001144 341.629883
v  79.989548 -94.001144 330.336182
v  79.989548 -98.022102 341.629883
v  79.989548 -98.022102 330.336182
v  5.656857 -88.000008 255.957733
v  11.313709 -88.000008 255.957733
v  11.313708 -104.000008 255.957733
v  5.656856 -104.000008 255.957733
v  0.057582 -98.000008 255.957733
v  79.989571 87.999985 347.301880
v  79.989563 103.999985 341.629883
v  79.989563 87.999985 341.629883
v  79.989563 103.999985 330.336182
v  79.989563 87.999985 330.336182
v  79.989563 103.999985 324.691162
v  79.989563 87.999985 324.691162
v  79.989563 97.998856 341.629883
v  79.989563 97.998856 330.336182
v  79.989563 93.977898 341.629883
v  79.989563 93.977898 330.336182
v  5.656865 103.999992 255.957733
v  11.313718 103.999992 255.957733
v  11.313717 87.999992 255.957733
v  0.057591 97.999992 255.957733
v  0.057583 -94.000008 255.957733
v  91.999992 -92.000000 128.000046
v  91.999992 -91.999977 -127.999947
v  95.999992 -96.000000 128.000046
v  95.999992 -95.999985 -127.999947
v  92.000000 -91.999977 -383.999939
v  96.000000 -95.999977 -383.999939
v  91.999985 -91.999992 384.000061
v  95.999985 -95.999992 384.000061
v  -91.999992 91.999985 128.000061
v  -91.999992 91.999992 -127.999939
v  -95.999992 95.999985 128.000061
v  -95.999992 96.000000 -127.999939
v  -91.999985 91.999992 -383.999939
v  -95.999985 95.999992 -383.999939
v  -92.000008 91.999985 384.000061
v  -96.000000 95.999977 384.000061
v  -92.000008 -92.000008 128.000046
v  -92.000008 -91.999992 -127.999947
v  -96.000008 -96.000015 128.000046
v  -96.000008 -96.000000 -127.999947
v  96.000008 96.000000 128.000061
v  96.000008 96.000015 -127.999939
v  92.000008 91.999992 128.000061
v  92.000008 92.000008 -127.999939
v  -92.000000 -91.999985 -383.999939
v  -96.000000 -95.999977 -383.999939
v  96.000015 96.000023 -383.999939
v  92.000015 92.000023 -383.999939
v  -92.000015 -92.000023 384.000061
v  -96.000008 -96.000023 384.000061
v  96.000000 95.999977 384.000061
v  92.000000 91.999985 384.000061
v  88.000000 83.999992 84.000061
v  94.000000 84.000000 84.000069
v  94.000000 91.999992 92.000061
v  104.000000 95.999992 96.000076
v  104.000000 91.999992 92.000061
v  98.000000 91.999992 92.000061
v  98.000000 84.000000 84.000069
v  104.000000 83.999992 84.000069
v  94.000000 -91.999992 -91.999954
v  94.000000 -84.000000 -83.999947
v  88.000000 -84.000000 -83.999947
v  104.000000 -84.000000 -83.999947
v  98.000000 -84.000000 -83.999947
v  98.000000 -91.999992 -91.999954
v  104.000000 -91.999992 -91.999954
v  104.000000 -95.999992 -95.999969
v  88.000000 -79.982849 -79.982796
v  104.000000 -79.982849 -79.982796
v  88.000000 79.989555 79.989616
v  104.000000 79.989555 79.989616
v  98.022087 79.989555 79.989616
v  94.001129 79.989555 79.989616
v  94.001129 -79.982849 -79.982796
v  98.022095 -79.982849 -79.982796
v  94.000000 0.057586 0.057646
v  94.000000 -0.042333 -0.042274
v  98.000000 -0.042334 -0.042274
v  98.000000 0.057586 0.057646
v  98.022087 79.989555 79.989616
v  98.011017 39.933464 39.933529
v  98.011017 39.933468 39.933533
v  94.001129 79.989555 79.989616
v  94.000015 1.448975 1.449035
v  94.000023 1.448972 1.449031
v  -104.000000 83.999992 84.000061
v  -98.000000 84.000000 84.000069
v  -98.000000 91.999992 92.000061
v  -104.000000 91.999992 92.000061
v  -104.000000 95.999992 96.000076
v  -94.000000 91.999992 92.000061
v  -94.000000 84.000000 84.000069
v  -88.000000 83.999992 84.000069
v  -104.000000 -91.999992 -91.999954
v  -104.000000 -95.999992 -95.999954
v  -98.000000 -91.999992 -91.999954
v  -98.000000 -84.000000 -83.999947
v  -104.000000 -84.000000 -83.999947
v  -88.000000 -84.000000 -83.999947
v  -94.000000 -84.000000 -83.999947
v  -94.000000 -91.999992 -91.999954
v  -104.000000 -79.982849 -79.982796
v  -88.000000 -79.982849 -79.982796
v  -104.000000 79.989555 79.989616
v  -88.000000 79.989555 79.989616
v  -93.977913 79.989555 79.989616
v  -97.998871 79.989555 79.989616
v  -97.998871 -79.982849 -79.982796
v  -93.977921 -79.982849 -79.982796
v  -98.000000 0.057586 0.057646
v  -98.000000 -0.042333 -0.042274
v  -94.000000 -0.042334 -0.042274
v  -94.000000 0.057586 0.057646
v  -93.977913 79.989555 79.989616
v  -93.988983 39.933464 39.933529
v  -93.988983 39.933468 39.933533
v  -97.998871 79.989555 79.989616
v  -97.999977 1.448975 1.449035
v  -97.999985 1.448972 1.449031
v  -96.000023 95.999992 96.000076
v  -92.000008 91.999992 92.000061
v  92.000008 -91.999992 -91.999954
v  96.000015 -95.999992 -95.999969
v  92.000008 91.999992 92.000061
v  96.000015 95.999992 96.000076
v  -92.000008 -91.999992 -91.999954
v  -96.000015 -95.999992 -95.999954
v  83.999992 -87.999992 -87.999962
v  83.999992 -93.999992 -93.999954
v  91.999992 -94.000000 -93.999969
v  95.999992 -104.000000 -103.999969
v  91.999992 -104.000000 -103.999969
v  91.999992 -98.000000 -97.999969
v  83.999992 -97.999992 -97.999969
v  83.999992 -103.999992 -103.999954
v  79.993164 -103.999992 -103.999954
v  79.989555 -91.300522 -91.300491
v  -92.000008 -93.999985 -93.999939
v  -84.000008 -93.999992 -93.999954
v  -84.000008 -87.999992 -87.999962
v  -79.982857 -91.293816 -91.293777
v  -79.988792 -103.999985 -103.999954
v  -84.000008 -103.999992 -103.999954
v  -84.000015 -97.999992 -97.999969
v  -92.000008 -97.999985 -97.999939
v  -92.000008 -103.999985 -103.999954
v  -96.000008 -103.999985 -103.999954
v  79.989555 -87.999992 -87.999962
v  -79.982857 -87.999992 -87.999954
v  -76.686554 -87.999992 -87.999962
v  76.691284 -87.999992 -87.999954
v  84.000008 103.999992 104.000076
v  84.000015 97.999992 98.000076
v  92.000008 97.999985 98.000061
v  92.000015 103.999985 104.000076
v  96.000015 103.999985 104.000076
v  92.000008 93.999985 94.000061
v  84.000015 93.999992 94.000076
v  84.000000 87.999992 88.000076
v  -92.000000 104.000008 104.000092
v  -95.999992 104.000000 104.000076
v  -92.000000 98.000000 98.000092
v  -83.999992 97.999992 98.000076
v  -84.000000 103.999992 104.000076
v  -84.000000 87.999992 88.000076
v  -83.999992 93.999992 94.000076
v  -92.000000 94.000000 94.000092
v  79.993187 103.999992 104.000076
v  79.989571 91.301781 91.301865
v  -79.988785 103.999992 104.000076
v  -79.982849 91.295059 91.295151
v  79.989563 87.999992 88.000076
v  -79.982849 87.999992 88.000076
v  -76.684158 87.999992 88.000076
v  79.989563 87.999992 88.000076
v  76.688919 87.999992 88.000084
v  79.989571 91.301781 91.301865
v  77.239098 88.550552 88.550652
v  76.688919 87.999992 88.000084
v  77.239098 88.550552 88.550644
v  91.999992 -91.999985 -91.999939
v  95.999992 -95.999985 -95.999954
v  -91.999985 91.999977 92.000061
v  -95.999992 95.999985 96.000061
v  -92.000008 -91.999992 -91.999954
v  -96.000008 -96.000000 -95.999969
v  96.000008 96.000000 96.000092
v  92.000008 91.999992 92.000061
v  88.000000 83.999992 84.000061
v  94.000000 84.000000 84.000069
v  94.000000 91.999992 92.000061
v  104.000000 95.999992 96.000076
v  104.000000 91.999992 92.000061
v  98.000000 91.999992 92.000061
v  98.000000 84.000000 84.000069
v  104.000000 83.999992 84.000069
v  94.000000 -91.999992 -91.999954
v  94.000000 -84.000000 -83.999947
v  88.000000 -84.000000 -83.999947
v  104.000000 -84.000000 -83.999947
v  98.000000 -84.000000 -83.999947
v  98.000000 -91.999992 -91.999954
v  104.000000 -91.999992 -91.999954
v  104.000000 -95.999992 -95.999969
v  88.000000 -79.982849 -79.982796
v  104.000000 -79.982849 -79.982796
v  88.000000 79.989555 79.989616
v  104.000000 79.989555 79.989616
v  98.022087 79.989555 79.989616
v  94.001129 79.989555 79.989616
v  94.001129 -79.982849 -79.982796
v  98.022095 -79.982849 -79.982796
v  94.000000 0.057586 0.057646
v  94.000000 -0.042333 -0.042274
v  98.000000 -0.042334 -0.042274
v  98.000000 0.057586 0.057646
v  98.022087 79.989555 79.989616
v  98.011017 39.933464 39.933529
v  98.011017 39.933468 39.933533
v  94.001129 79.989555 79.989616
v  94.000015 1.448975 1.449035
v  94.000023 1.448972 1.449031
v  -104.000000 83.999992 84.000061
v  -98.000000 84.000000 84.000069
v  -98.000000 91.999992 92.000061
v  -104.000000 91.999992 92.000061
v  -104.000000 95.999992 96.000076
v  -94.000000 91.999992 92.000061
v  -94.000000 84.000000 84.000069
v  -88.000000 83.999992 84.000069
v  -104.000000 -91.999992 -91.999954
v  -104.000000 -95.999992 -95.999954
v  -98.000000 -91.999992 -91.999954
v  -98.000000 -84.000000 -83.999947
v  -104.000000 -84.000000 -83.999947
v  -88.000000 -84.000000 -83.999947
v  -94.000000 -84.000000 -83.999947
v  -94.000000 -91.999992 -91.999954
v  -104.000000 -79.982849 -79.982796
v  -88.000000 -79.982849 -79.982796
v  -104.000000 79.989555 79.989616
v  -88.000000 79.989555 79.989616
v  -93.977913 79.989555 79.989616
v  -97.998871 79.989555 79.989616
v  -97.998871 -79.982849 -79.982796
v  -93.977921 -79.982849 -79.982796
v  -98.000000 0.057586 0.057646
v  -98.000000 -0.042333 -0.042274
v  -94.000000 -0.042334 -0.042274
v  -94.000000 0.057586 0.057646
v  -93.977913 79.989555 79.989616
v  -93.988983 39.933464 39.933529
v  -93.988983 39.933468 39.933533
v  -97.998871 79.989555 79.989616
v  -97.999977 1.448975 1.449035
v  -97.999985 1.448972 1.449031
v  -96.000023 95.999992 96.000076
v  -92.000008 91.999992 92.000061
v  92.000008 -91.999992 -91.999954
v  96.000015 -95.999992 -95.999969
v  92.000008 91.999992 92.000061
v  96.000015 95.999992 96.000076
v  -92.000008 -91.999992 -91.999954
v  -96.000015 -95.999992 -95.999954
v  83.999992 -87.999992 -87.999962
v  83.999992 -93.999992 -93.999954
v  91.999992 -94.000000 -93.999969
v  95.999992 -104.000000 -103.999969
v  91.999992 -104.000000 -103.999969
v  91.999992 -98.000000 -97.999969
v  83.999992 -97.999992 -97.999969
v  83.999992 -103.999992 -103.999954
v  79.993164 -103.999992 -103.999954
v  79.989555 -91.300522 -91.300491
v  -92.000008 -93.999985 -93.999939
v  -84.000008 -93.999992 -93.999954
v  -84.000008 -87.999992 -87.999962
v  -79.982857 -91.293816 -91.293777
v  -79.988792 -103.999985 -103.999954
v  -84.000008 -103.999992 -103.999954
v  -84.000015 -97.999992 -97.999969
v  -92.000008 -97.999985 -97.999939
v  -92.000008 -103.999985 -103.999954
v  -96.000008 -103.999985 -103.999954
v  79.989555 -87.999992 -87.999962
v  -79.982857 -87.999992 -87.999954
v  -76.686554 -87.999992 -87.999962
v  76.691284 -87.999992 -87.999954
v  84.000008 103.999992 104.000076
v  84.000015 97.999992 98.000076
v  92.000008 97.999985 98.000061
v  92.000015 103.999985 104.000076
v  96.000015 103.999985 104.000076
v  92.000008 93.999985 94.000061
v  84.000015 93.999992 94.000076
v  84.000000 87.999992 88.000076
v  -92.000000 104.000008 104.000092
v  -95.999992 104.000000 104.000076
v  -92.000000 98.000000 98.000092
v  -83.999992 97.999992 98.000076
v  -84.000000 103.999992 104.000076
v  -84.000000 87.999992 88.000076
v  -83.999992 93.999992 94.000076
v  -92.000000 94.000000 94.000092
v  79.993187 103.999992 104.000076
v  79.989571 91.301781 91.301865
v  -79.988785 103.999992 104.000076
v  -79.982849 91.295059 91.295151
v  79.989563 87.999992 88.000076
v  -79.982849 87.999992 88.000076
v  -76.684158 87.999992 88.000076
v  79.989563 87.999992 88.000076
v  76.688919 87.999992 88.000084
v  79.989571 91.301781 91.301865
v  77.239098 88.550552 88.550652
v  76.688919 87.999992 88.000084
v  77.239098 88.550552 88.550644
v  91.999992 -91.999985 -91.999939
v  95.999992 -95.999985 -95.999954
v  -91.999985 91.999977 92.000061
v  -95.999992 95.999985 96.000061
v  -92.000008 -91.999992 -91.999954
v  -96.000008 -96.000000 -95.999969
v  96.000008 96.000000 96.000092
v  92.000008 91.999992 92.000061
v  88.000000 84.000000 -83.999947
v  104.000000 84.000000 -83.999947
v  94.000000 -92.000008 92.000053
v  94.000008 -84.000000 84.000069
v  88.000000 -84.000008 84.000076
v  104.000000 -84.000015 84.000076
v  98.000000 -84.000000 84.000069
v  98.000000 -92.000008 92.000053
v  104.000000 -92.000008 92.000053
v  104.000000 -96.000008 96.000061
v  88.000000 79.989563 -79.989510
v  104.000000 79.989563 -79.989510
v  98.022087 79.989563 -79.989510
v  88.000000 -79.982857 79.982918
v  94.001129 -79.982857 79.982918
v  104.000000 -79.982857 79.982918
v  94.001129 79.989563 -79.989510
v  98.022087 -79.982857 79.982918
v  94.000000 0.042333 -0.042274
v  94.000000 0.057587 -0.057527
v  98.000000 0.057587 -0.057527
v  -104.000000 84.000000 -83.999947
v  -88.000000 84.000000 -83.999947
v  -104.000000 -92.000008 92.000053
v  -98.000000 -92.000008 92.000053
v  -98.000000 -84.000000 84.000069
v  -103.999992 -84.000008 84.000076
v  -88.000000 -84.000015 84.000076
v  -94.000008 -84.000000 84.000069
v  -94.000000 -92.000008 92.000053
v  -104.000000 79.989563 -79.989510
v  -88.000000 79.989563 -79.989510
v  -93.977921 79.989563 -79.989510
v  -104.000000 -79.982857 79.982918
v  -97.998871 -79.982857 79.982918
v  -88.000000 -79.982857 79.982918
v  -97.998871 79.989563 -79.989510
v  -93.977921 -79.982857 79.982918
v  -98.000000 0.042333 -0.042274
v  -94.000000 0.057587 -0.057527
v  -98.000000 0.057587 -0.057527
v  -92.000008 92.000008 -91.999939
v  96.000015 -96.000008 96.000061
v  96.000023 96.000008 -95.999947
v  -92.000008 -92.000008 92.000053
v  83.999985 -88.000008 88.000061
v  83.999992 -94.000008 94.000053
v  91.999992 -94.000015 94.000061
v  95.999992 -104.000023 104.000069
v  92.000000 -104.000023 104.000069
v  91.999992 -98.000023 98.000069
v  83.999992 -98.000008 98.000061
v  83.999985 -104.000008 104.000061
v  -92.000008 -93.999992 94.000046
v  -84.000008 -94.000008 94.000053
v  -84.000015 -88.000008 88.000061
v  -84.000015 -104.000008 104.000061
v  -84.000008 -98.000008 98.000061
v  -92.000008 -97.999992 98.000053
v  -92.000008 -104.000000 104.000061
v  -96.000008 -104.000000 104.000061
v  79.993164 -104.000008 104.000061
v  79.989563 -91.301796 91.301857
v  -79.988800 -104.000008 104.000061
v  -79.982864 -91.295082 91.295135
v  79.989548 -88.000008 88.000061
v  -79.982864 -88.000008 88.000061
v  -76.683937 -88.000008 88.000069
v  76.688667 -88.000008 88.000069
v  79.989548 -88.000008 88.000061
v  79.989563 -91.301796 91.301857
v  76.688667 -88.000008 88.000069
v  79.993179 104.000008 -103.999939
v  84.000008 104.000008 -103.999939
v  84.000008 88.000008 -87.999947
v  79.989571 91.300537 -91.300476
v  -95.999992 104.000015 -103.999954
v  -83.999992 104.000008 -103.999939
v  -79.988777 104.000000 -103.999939
v  -79.982841 91.293831 -91.293762
v  -83.999992 88.000008 -87.999947
v  79.989571 88.000008 -87.999947
v  -79.982841 88.000008 -87.999939
v  -76.686539 88.000008 -87.999947
v  76.691307 88.000008 -87.999939
v  91.999992 -92.000000 92.000053
v  -95.999992 96.000000 -95.999931
v  -96.000015 -96.000023 96.000069
v  92.000008 92.000008 -91.999939
v  94.000000 84.000000 -83.999939
v  94.000000 92.000008 -91.999947
v  104.000000 96.000008 -95.999954
v  104.000000 92.000008 -91.999947
v  98.000000 92.000008 -91.999947
v  98.000000 84.000000 -83.999939
v  98.000000 0.042333 -0.042274
v  -98.000000 84.000000 -83.999939
v  -98.000000 92.000008 -91.999947
v  -104.000000 92.000008 -91.999947
v  -104.000000 96.000008 -95.999954
v  -94.000000 92.000008 -91.999947
v  -94.000000 84.000000 -83.999939
v  -104.000000 -96.000008 96.000046
v  -94.000000 0.042333 -0.042274
v  -96.000015 96.000008 -95.999954
v  92.000008 -92.000008 92.000053
v  92.000008 92.000008 -91.999947
v  -96.000015 -96.000008 96.000046
v  84.000008 98.000008 -97.999954
v  92.000008 97.999992 -97.999924
v  92.000008 104.000000 -103.999939
v  96.000008 104.000000 -103.999939
v  92.000015 94.000000 -93.999924
v  84.000015 94.000008 -93.999947
v  -91.999992 104.000015 -103.999954
v  -92.000000 98.000015 -97.999947
v  -83.999992 98.000008 -97.999954
v  -83.999992 94.000008 -93.999947
v  -91.999992 94.000015 -93.999939
v  95.999992 -96.000000 96.000046
v  -91.999992 91.999992 -91.999924
v  -92.000008 -92.000008 92.000053
v  96.000008 96.000015 -95.999947
v  94.000000 -0.000000 0.000059
v  98.000000 -0.000000 0.000059
v  -98.000000 -0.000000 0.000059
v  -94.000000 -0.000000 0.000059
v  94.000000 -0.000000 0.000059
v  98.000000 -0.000000 0.000059
v  -98.000000 -0.000000 0.000059
v  -94.000000 -0.000000 0.000059
v  88.000000 84.000000 -83.999947
v  104.000000 84.000000 -83.999947
v  94.000000 -92.000008 92.000053
v  94.000008 -84.000000 84.000069
v  88.000000 -84.000008 84.000076
v  104.000000 -84.000015 84.000076
v  98.000000 -84.000000 84.000069
v  98.000000 -92.000008 92.000053
v  104.000000 -92.000008 92.000053
v  104.000000 -96.000008 96.000061
v  88.000000 79.989563 -79.989510
v  104.000000 79.989563 -79.989510
v  98.022087 79.989563 -79.989510
v  88.000000 -79.982857 79.982918
v  94.001129 -79.982857 79.982918
v  104.000000 -79.982857 79.982918
v  94.001129 79.989563 -79.989510
v  98.022087 -79.982857 79.982918
v  94.000000 0.042333 -0.042274
v  94.000000 0.057587 -0.057527
v  98.000000 0.057587 -0.057527
v  -104.000000 84.000000 -83.999947
v  -88.000000 84.000000 -83.999947
v  -104.000000 -92.000008 92.000053
v  -98.000000 -92.000008 92.000053
v  -98.000000 -84.000000 84.000069
v  -103.999992 -84.000008 84.000076
v  -88.000000 -84.000015 84.000076
v  -94.000008 -84.000000 84.000069
v  -94.000000 -92.000008 92.000053
v  -104.000000 79.989563 -79.989510
v  -88.000000 79.989563 -79.989510
v  -93.977921 79.989563 -79.989510
v  -104.000000 -79.982857 79.982918
v  -97.998871 -79.982857 79.982918
v  -88.000000 -79.982857 79.982918
v  -97.998871 79.989563 -79.989510
v  -93.977921 -79.982857 79.982918
v  -98.000000 0.042333 -0.042274
v  -94.000000 0.057587 -0.057527
v  -98.000000 0.057587 -0.057527
v  -92.000008 92.000008 -91.999939
v  96.000015 -96.000008 96.000061
v  96.000023 96.000008 -95.999947
v  -92.000008 -92.000008 92.000053
v  83.999985 -88.000008 88.000061
v  83.999992 -94.000008 94.000053
v  91.999992 -94.000015 94.000061
v  95.999992 -104.000023 104.000069
v  92.000000 -104.000023 104.000069
v  91.999992 -98.000023 98.000069
v  83.999992 -98.000008 98.000061
v  83.999985 -104.000008 104.000061
v  -92.000008 -93.999992 94.000046
v  -84.000008 -94.000008 94.000053
v  -84.000015 -88.000008 88.000061
v  -84.000015 -104.000008 104.000061
v  -84.000008 -98.000008 98.000061
v  -92.000008 -97.999992 98.000053
v  -92.000008 -104.000000 104.000061
v  -96.000008 -104.000000 104.000061
v  79.993164 -104.000008 104.000061
v  79.989563 -91.301796 91.301857
v  -79.988800 -104.000008 104.000061
v  -79.982864 -91.295082 91.295135
v  79.989548 -88.000008 88.000061
v  -79.982864 -88.000008 88.000061
v  -76.683937 -88.000008 88.000069
v  76.688667 -88.000008 88.000069
v  79.989548 -88.000008 88.000061
v  79.989563 -91.301796 91.301857
v  76.688667 -88.000008 88.000069
v  79.993179 104.000008 -103.999939
v  84.000008 104.000008 -103.999939
v  84.000008 88.000008 -87.999947
v  79.989571 91.300537 -91.300476
v  -95.999992 104.000015 -103.999954
v  -83.999992 104.000008 -103.999939
v  -79.988777 104.000000 -103.999939
v  -79.982841 91.293831 -91.293762
v  -83.999992 88.000008 -87.999947
v  79.989571 88.000008 -87.999947
v  -79.982841 88.000008 -87.999939
v  -76.686539 88.000008 -87.999947
v  76.691307 88.000008 -87.999939
v  91.999992 -92.000000 92.000053
v  -95.999992 96.000000 -95.999931
v  -96.000015 -96.000023 96.000069
v  92.000008 92.000008 -91.999939
v  94.000000 84.000000 -83.999939
v  94.000000 92.000008 -91.999947
v  104.000000 96.000008 -95.999954
v  104.000000 92.000008 -91.999947
v  98.000000 92.000008 -91.999947
v  98.000000 84.000000 -83.999939
v  98.000000 0.042333 -0.042274
v  -98.000000 84.000000 -83.999939
v  -98.000000 92.000008 -91.999947
v  -104.000000 92.000008 -91.999947
v  -104.000000 96.000008 -95.999954
v  -94.000000 92.000008 -91.999947
v  -94.000000 84.000000 -83.999939
v  -104.000000 -96.000008 96.000046
v  -94.000000 0.042333 -0.042274
v  -96.000015 96.000008 -95.999954
v  92.000008 -92.000008 92.000053
v  92.000008 92.000008 -91.999947
v  -96.000015 -96.000008 96.000046
v  84.000008 98.000008 -97.999954
v  92.000008 97.999992 -97.999924
v  92.000008 104.000000 -103.999939
v  96.000008 104.000000 -103.999939
v  92.000015 94.000000 -93.999924
v  84.000015 94.000008 -93.999947
v  -91.999992 104.000015 -103.999954
v  -92.000000 98.000015 -97.999947
v  -83.999992 98.000008 -97.999954
v  -83.999992 94.000008 -93.999947
v  -91.999992 94.000015 -93.999939
v  95.999992 -96.000000 96.000046
v  -91.999992 91.999992 -91.999924
v  -92.000008 -92.000008 92.000053
v  96.000008 96.000015 -95.999947
v  94.000000 -0.000000 0.000059
v  98.000000 -0.000000 0.000059
v  -98.000000 -0.000000 0.000059
v  -94.000000 -0.000000 0.000059
v  94.000000 -0.000000 0.000059
v  98.000000 -0.000000 0.000059
v  -98.000000 -0.000000 0.000059
v  -94.000000 -0.000000 0.000059
# 2636 vertices

vt  0.866912 0.998875 -0.000018
vt  0.851310 0.998875 -0.000015
vt  0.827928 0.998875 -0.000013
vt  0.796771 0.998875 -0.000014
vt  0.695561 0.998875 -0.000043
vt  0.679989 0.998875 -0.000052
vt  0.656655 0.998875 -0.000072
vt  0.968109 0.998875 -0.000075
vt  0.944755 0.998875 -0.000050
vt  0.929169 0.998875 -0.000040
vt  0.866934 0.003548 -0.000002
vt  0.851334 0.003548 -0.000002
vt  0.827953 0.003548 -0.000002
vt  0.796795 0.003548 -0.000001
vt  0.695573 0.003548 0.000006
vt  0.679998 0.003548 0.000008
vt  0.656659 0.003548 0.000014
vt  0.968115 0.003548 0.000005
vt  0.944768 0.003548 0.000001
vt  0.929186 0.003548 0.000000
vt  0.999224 0.998875 -0.000137
vt  0.999226 0.003548 0.000014
vt  0.483268 0.998875 -0.000013
vt  0.452111 0.998875 -0.000014
vt  0.428734 0.998875 -0.000016
vt  0.413142 0.998875 -0.000020
vt  0.350901 0.998875 -0.000043
vt  0.335329 0.998875 -0.000052
vt  0.311995 0.998875 -0.000072
vt  0.623449 0.998875 -0.000075
vt  0.600095 0.998875 -0.000050
vt  0.584509 0.998875 -0.000040
vt  0.483293 0.003548 -0.000002
vt  0.452135 0.003548 -0.000001
vt  0.428756 0.003548 -0.000000
vt  0.413160 0.003548 0.000001
vt  0.350913 0.003548 0.000006
vt  0.335338 0.003548 0.000008
vt  0.311999 0.003548 0.000014
vt  0.623455 0.003548 0.000005
vt  0.600108 0.003548 0.000001
vt  0.584526 0.003548 0.000000
vt  0.654564 0.998875 -0.000137
vt  0.654566 0.003548 0.000014
vt  0.866931 0.146205 -0.000004
vt  0.851331 0.146205 -0.000004
vt  0.944766 0.146205 -0.000006
vt  0.929184 0.146205 -0.000006
vt  0.428753 0.146205 -0.000003
vt  0.413158 0.146205 -0.000002
vt  0.350911 0.146205 -0.000001
vt  0.335336 0.146205 -0.000000
vt  0.851330 0.168549 -0.000004
vt  0.944766 0.168549 -0.000007
vt  0.929183 0.168549 -0.000006
vt  0.428752 0.168549 -0.000003
vt  0.413157 0.168549 -0.000003
vt  0.350911 0.168549 -0.000002
vt  0.335336 0.168549 -0.000002
vt  0.866930 0.168549 -0.000004
vt  0.851329 0.212119 -0.000004
vt  0.944766 0.212119 -0.000009
vt  0.929182 0.212119 -0.000008
vt  0.428751 0.212119 -0.000004
vt  0.413157 0.212119 -0.000004
vt  0.350910 0.212119 -0.000004
vt  0.335336 0.212119 -0.000004
vt  0.866929 0.212119 -0.000005
vt  0.851329 0.234599 -0.000005
vt  0.944765 0.234599 -0.000011
vt  0.929182 0.234599 -0.000009
vt  0.428751 0.234599 -0.000004
vt  0.413156 0.234599 -0.000004
vt  0.350910 0.234599 -0.000005
vt  0.335336 0.234599 -0.000006
vt  0.866929 0.234599 -0.000005
vt  0.851314 0.856227 -0.000013
vt  0.944757 0.856227 -0.000042
vt  0.929172 0.856227 -0.000034
vt  0.428738 0.856227 -0.000014
vt  0.413145 0.856227 -0.000017
vt  0.350902 0.856227 -0.000036
vt  0.335330 0.856227 -0.000043
vt  0.866915 0.856227 -0.000016
vt  0.866916 0.834116 -0.000015
vt  0.851314 0.834116 -0.000013
vt  0.944758 0.834116 -0.000041
vt  0.929172 0.834116 -0.000033
vt  0.428738 0.834116 -0.000014
vt  0.413145 0.834116 -0.000016
vt  0.350903 0.834116 -0.000035
vt  0.335331 0.834116 -0.000042
vt  0.866917 0.790304 -0.000014
vt  0.851315 0.790304 -0.000012
vt  0.944758 0.790304 -0.000039
vt  0.929173 0.790304 -0.000031
vt  0.428739 0.790304 -0.000013
vt  0.413146 0.790304 -0.000016
vt  0.350903 0.790304 -0.000033
vt  0.335331 0.790304 -0.000039
vt  0.866917 0.768409 -0.000014
vt  0.851316 0.768409 -0.000012
vt  0.944758 0.768409 -0.000038
vt  0.929173 0.768409 -0.000030
vt  0.428739 0.768409 -0.000013
vt  0.413147 0.768409 -0.000015
vt  0.350903 0.768409 -0.000032
vt  0.335331 0.768409 -0.000038
vt  0.890284 0.168549 -0.000005
vt  0.890283 0.212119 -0.000006
vt  0.890271 0.834116 -0.000022
vt  0.389796 0.834116 -0.000023
vt  0.890271 0.790304 -0.000021
vt  0.389796 0.790304 -0.000022
vt  0.906010 0.168549 -0.000006
vt  0.906009 0.212119 -0.000007
vt  0.905998 0.834116 -0.000026
vt  0.905999 0.790304 -0.000025
vt  0.374072 0.834116 -0.000028
vt  0.374072 0.790304 -0.000026
vt  0.413146 0.790304 -0.000016
vt  0.413145 0.834116 -0.000016
vt  0.389796 0.834116 -0.000023
vt  0.389796 0.790304 -0.000022
vt  0.374072 0.834116 -0.000028
vt  0.350903 0.834116 -0.000035
vt  0.350903 0.790304 -0.000033
vt  0.374072 0.790304 -0.000026
vt  0.452124 0.477232 -0.000007
vt  0.428746 0.477232 -0.000008
vt  0.413152 0.461680 -0.000009
vt  0.350907 0.461680 -0.000017
vt  0.335334 0.477232 -0.000020
vt  0.311997 0.477232 -0.000027
vt  0.654565 0.477232 -0.000058
vt  0.522262 0.523888 -0.000010
vt  0.506662 0.508336 -0.000008
vt  0.483280 0.508336 -0.000007
vt  0.623452 0.508336 -0.000036
vt  0.600102 0.508336 -0.000025
vt  0.584517 0.523888 -0.000021
vt  0.522264 0.461596 -0.000009
vt  0.506663 0.477148 -0.000008
vt  0.483281 0.477148 -0.000007
vt  0.623452 0.477148 -0.000033
vt  0.600102 0.477148 -0.000023
vt  0.584518 0.461596 -0.000018
vt  0.467660 0.492742 -0.000007
vt  0.639050 0.492742 -0.000047
vt  0.452123 0.508252 -0.000007
vt  0.428745 0.508252 -0.000008
vt  0.413151 0.523804 -0.000010
vt  0.350906 0.523804 -0.000020
vt  0.335333 0.508252 -0.000022
vt  0.311997 0.508252 -0.000030
vt  0.654565 0.508252 -0.000062
vt  0.467660 0.492742 -0.000007
vt  0.639050 0.492742 -0.000047
vt  0.866923 0.483674 -0.000009
vt  0.851322 0.499226 -0.000008
vt  0.827941 0.499226 -0.000007
vt  0.968112 0.499226 -0.000035
vt  0.944762 0.499226 -0.000024
vt  0.929178 0.483674 -0.000019
vt  0.796783 0.530330 -0.000008
vt  0.773405 0.530330 -0.000009
vt  0.757811 0.545882 -0.000010
vt  0.695566 0.545882 -0.000021
vt  0.679993 0.530330 -0.000024
vt  0.656657 0.530330 -0.000031
vt  0.999225 0.530330 -0.000066
vt  0.851322 0.530879 -0.000009
vt  0.827940 0.530879 -0.000008
vt  0.968112 0.530879 -0.000038
vt  0.944761 0.530879 -0.000026
vt  0.929177 0.546431 -0.000022
vt  0.866922 0.546431 -0.000010
vt  0.812087 0.515053 -0.000007
vt  0.983943 0.515053 -0.000051
vt  0.796783 0.499775 -0.000007
vt  0.773405 0.499775 -0.000008
vt  0.757812 0.484223 -0.000009
vt  0.695567 0.484223 -0.000018
vt  0.679993 0.499775 -0.000022
vt  0.656657 0.499775 -0.000029
vt  0.999225 0.499775 -0.000061
vt  0.812087 0.515053 -0.000007
vt  0.983943 0.515053 -0.000051
vt  0.506652 0.917114 -0.000014
vt  0.483270 0.917114 -0.000012
vt  0.452112 0.948257 -0.000013
vt  0.428736 0.948257 -0.000015
vt  0.413143 0.963809 -0.000019
vt  0.350901 0.963809 -0.000042
vt  0.335330 0.948257 -0.000049
vt  0.311995 0.948257 -0.000067
vt  0.654564 0.948257 -0.000129
vt  0.623449 0.917114 -0.000069
vt  0.600096 0.917114 -0.000045
vt  0.584511 0.901553 -0.000036
vt  0.522254 0.901553 -0.000016
vt  0.866932 0.106377 -0.000003
vt  0.851332 0.090834 -0.000003
vt  0.827951 0.090834 -0.000003
vt  0.968114 0.090834 -0.000002
vt  0.944767 0.090834 -0.000003
vt  0.929184 0.106377 -0.000004
vt  0.796794 0.059771 -0.000002
vt  0.773415 0.059771 -0.000001
vt  0.757820 0.044219 -0.000000
vt  0.695572 0.044219 0.000004
vt  0.679997 0.059771 0.000005
vt  0.656658 0.059771 0.000009
vt  0.999226 0.059771 0.000006
vt  0.522273 0.022151 -0.000002
vt  0.452134 0.068775 -0.000002
vt  0.428755 0.068775 -0.000001
vt  0.413159 0.084318 -0.000001
vt  0.350912 0.084318 0.000002
vt  0.335337 0.068775 0.000004
vt  0.311998 0.068775 0.000008
vt  0.654566 0.068775 0.000005
vt  0.506673 0.037703 -0.000002
vt  0.483292 0.037703 -0.000002
vt  0.623455 0.037703 0.000002
vt  0.600108 0.037703 -0.000000
vt  0.584526 0.022151 -0.000001
vt  0.851311 0.970324 -0.000014
vt  0.827929 0.970324 -0.000013
vt  0.796773 0.939191 -0.000013
vt  0.773396 0.939191 -0.000015
vt  0.757804 0.923630 -0.000018
vt  0.695562 0.923630 -0.000040
vt  0.679990 0.939191 -0.000048
vt  0.656655 0.939191 -0.000067
vt  0.999224 0.939191 -0.000128
vt  0.968109 0.970324 -0.000073
vt  0.944756 0.970324 -0.000048
vt  0.929169 0.985876 -0.000039
vt  0.866912 0.985876 -0.000018
vt  0.866912 0.998875 -0.000018
vt  0.851310 0.998875 -0.000015
vt  0.827928 0.998875 -0.000013
vt  0.796771 0.998875 -0.000014
vt  0.773395 0.998875 -0.000016
vt  0.757802 0.998875 -0.000020
vt  0.656655 0.998875 -0.000072
vt  0.968109 0.998875 -0.000075
vt  0.944755 0.998875 -0.000050
vt  0.929169 0.998875 -0.000040
vt  0.866934 0.003548 -0.000002
vt  0.851334 0.003548 -0.000002
vt  0.827953 0.003548 -0.000002
vt  0.796795 0.003548 -0.000001
vt  0.773416 0.003548 -0.000000
vt  0.757820 0.003548 0.000001
vt  0.656659 0.003548 0.000014
vt  0.968115 0.003548 0.000005
vt  0.944768 0.003548 0.000001
vt  0.929186 0.003548 0.000000
vt  0.999224 0.998875 -0.000137
vt  0.999226 0.003548 0.000014
vt  0.522252 0.998875 -0.000018
vt  0.506650 0.998875 -0.000015
vt  0.483268 0.998875 -0.000013
vt  0.452111 0.998875 -0.000014
vt  0.428734 0.998875 -0.000016
vt  0.413142 0.998875 -0.000020
vt  0.350901 0.998875 -0.000043
vt  0.335329 0.998875 -0.000052
vt  0.311995 0.998875 -0.000072
vt  0.623449 0.998875 -0.000075
vt  0.522274 0.003548 -0.000002
vt  0.506674 0.003548 -0.000002
vt  0.483293 0.003548 -0.000002
vt  0.452135 0.003548 -0.000001
vt  0.428756 0.003548 -0.000000
vt  0.413160 0.003548 0.000001
vt  0.350913 0.003548 0.000006
vt  0.335338 0.003548 0.000008
vt  0.311999 0.003548 0.000014
vt  0.623455 0.003548 0.000005
vt  0.654564 0.998875 -0.000137
vt  0.654566 0.003548 0.000014
vt  0.866931 0.146205 -0.000004
vt  0.851331 0.146205 -0.000004
vt  0.944766 0.146205 -0.000006
vt  0.929184 0.146205 -0.000006
vt  0.428753 0.146205 -0.000003
vt  0.413158 0.146205 -0.000002
vt  0.350911 0.146205 -0.000001
vt  0.335336 0.146205 -0.000000
vt  0.851330 0.168549 -0.000004
vt  0.944766 0.168549 -0.000007
vt  0.929183 0.168549 -0.000006
vt  0.428752 0.168549 -0.000003
vt  0.413157 0.168549 -0.000003
vt  0.350911 0.168549 -0.000002
vt  0.335336 0.168549 -0.000002
vt  0.866930 0.168549 -0.000004
vt  0.851329 0.212119 -0.000004
vt  0.944766 0.212119 -0.000009
vt  0.929182 0.212119 -0.000008
vt  0.428751 0.212119 -0.000004
vt  0.413157 0.212119 -0.000004
vt  0.350910 0.212119 -0.000004
vt  0.335336 0.212119 -0.000004
vt  0.866929 0.212119 -0.000005
vt  0.851329 0.234599 -0.000005
vt  0.944765 0.234599 -0.000011
vt  0.929182 0.234599 -0.000009
vt  0.428751 0.234599 -0.000004
vt  0.413156 0.234599 -0.000004
vt  0.350910 0.234599 -0.000005
vt  0.335336 0.234599 -0.000006
vt  0.866929 0.234599 -0.000005
vt  0.851314 0.856227 -0.000013
vt  0.944757 0.856227 -0.000042
vt  0.929172 0.856227 -0.000034
vt  0.428738 0.856227 -0.000014
vt  0.413145 0.856227 -0.000017
vt  0.350902 0.856227 -0.000036
vt  0.335330 0.856227 -0.000043
vt  0.866915 0.856227 -0.000016
vt  0.866916 0.834116 -0.000015
vt  0.851314 0.834116 -0.000013
vt  0.944758 0.834116 -0.000041
vt  0.929172 0.834116 -0.000033
vt  0.428738 0.834116 -0.000014
vt  0.413145 0.834116 -0.000016
vt  0.350903 0.834116 -0.000035
vt  0.335331 0.834116 -0.000042
vt  0.866917 0.790304 -0.000014
vt  0.851315 0.790304 -0.000012
vt  0.944758 0.790304 -0.000039
vt  0.929173 0.790304 -0.000031
vt  0.428739 0.790304 -0.000013
vt  0.413146 0.790304 -0.000016
vt  0.350903 0.790304 -0.000033
vt  0.335331 0.790304 -0.000039
vt  0.866917 0.768409 -0.000014
vt  0.851316 0.768409 -0.000012
vt  0.944758 0.768409 -0.000038
vt  0.929173 0.768409 -0.000030
vt  0.428739 0.768409 -0.000013
vt  0.413147 0.768409 -0.000015
vt  0.350903 0.768409 -0.000032
vt  0.335331 0.768409 -0.000038
vt  0.890284 0.168549 -0.000005
vt  0.890283 0.212119 -0.000006
vt  0.890271 0.834116 -0.000022
vt  0.389796 0.834116 -0.000023
vt  0.890271 0.790304 -0.000021
vt  0.389796 0.790304 -0.000022
vt  0.906010 0.168549 -0.000006
vt  0.906009 0.212119 -0.000007
vt  0.905998 0.834116 -0.000026
vt  0.905999 0.790304 -0.000025
vt  0.374072 0.834116 -0.000028
vt  0.374072 0.790304 -0.000026
vt  0.413146 0.790304 -0.000016
vt  0.413145 0.834116 -0.000016
vt  0.389796 0.834116 -0.000023
vt  0.389796 0.790304 -0.000022
vt  0.374072 0.834116 -0.000028
vt  0.350903 0.834116 -0.000035
vt  0.350903 0.790304 -0.000033
vt  0.374072 0.790304 -0.000026
vt  0.452124 0.477232 -0.000007
vt  0.428746 0.477232 -0.000008
vt  0.413152 0.461680 -0.000009
vt  0.350907 0.461680 -0.000017
vt  0.335334 0.477232 -0.000020
vt  0.311997 0.477232 -0.000027
vt  0.654565 0.477232 -0.000058
vt  0.522262 0.523888 -0.000010
vt  0.506662 0.508336 -0.000008
vt  0.483280 0.508336 -0.000007
vt  0.623452 0.508336 -0.000036
vt  0.600102 0.508336 -0.000025
vt  0.584517 0.523888 -0.000021
vt  0.522264 0.461596 -0.000009
vt  0.506663 0.477148 -0.000008
vt  0.483281 0.477148 -0.000007
vt  0.623452 0.477148 -0.000033
vt  0.600102 0.477148 -0.000023
vt  0.584518 0.461596 -0.000018
vt  0.467660 0.492742 -0.000007
vt  0.639050 0.492742 -0.000047
vt  0.452123 0.508252 -0.000007
vt  0.428745 0.508252 -0.000008
vt  0.413151 0.523804 -0.000010
vt  0.350906 0.523804 -0.000020
vt  0.335333 0.508252 -0.000022
vt  0.311997 0.508252 -0.000030
vt  0.654565 0.508252 -0.000062
vt  0.467660 0.492742 -0.000007
vt  0.639050 0.492742 -0.000047
vt  0.866923 0.483674 -0.000009
vt  0.851322 0.499226 -0.000008
vt  0.827941 0.499226 -0.000007
vt  0.968112 0.499226 -0.000035
vt  0.944762 0.499226 -0.000024
vt  0.929178 0.483674 -0.000019
vt  0.796783 0.530330 -0.000008
vt  0.773405 0.530330 -0.000009
vt  0.757811 0.545882 -0.000010
vt  0.695566 0.545882 -0.000021
vt  0.679993 0.530330 -0.000024
vt  0.656657 0.530330 -0.000031
vt  0.999225 0.530330 -0.000066
vt  0.851322 0.530879 -0.000009
vt  0.827940 0.530879 -0.000008
vt  0.968112 0.530879 -0.000038
vt  0.944761 0.530879 -0.000026
vt  0.929177 0.546431 -0.000022
vt  0.866922 0.546431 -0.000010
vt  0.812087 0.515053 -0.000007
vt  0.983943 0.515053 -0.000051
vt  0.796783 0.499775 -0.000007
vt  0.773405 0.499775 -0.000008
vt  0.757812 0.484223 -0.000009
vt  0.695567 0.484223 -0.000018
vt  0.679993 0.499775 -0.000022
vt  0.656657 0.499775 -0.000029
vt  0.999225 0.499775 -0.000061
vt  0.812087 0.515053 -0.000007
vt  0.983943 0.515053 -0.000051
vt  0.506652 0.917114 -0.000014
vt  0.483270 0.917114 -0.000012
vt  0.452112 0.948257 -0.000013
vt  0.428736 0.948257 -0.000015
vt  0.413143 0.963809 -0.000019
vt  0.350901 0.963809 -0.000042
vt  0.335330 0.948257 -0.000049
vt  0.311995 0.948257 -0.000067
vt  0.654564 0.948257 -0.000129
vt  0.623449 0.917114 -0.000069
vt  0.600096 0.917114 -0.000045
vt  0.584511 0.901553 -0.000036
vt  0.522254 0.901553 -0.000016
vt  0.866932 0.106377 -0.000003
vt  0.851332 0.090834 -0.000003
vt  0.827951 0.090834 -0.000003
vt  0.968114 0.090834 -0.000002
vt  0.944767 0.090834 -0.000003
vt  0.929184 0.106377 -0.000004
vt  0.796794 0.059771 -0.000002
vt  0.773415 0.059771 -0.000001
vt  0.757820 0.044219 -0.000000
vt  0.695572 0.044219 0.000004
vt  0.679997 0.059771 0.000005
vt  0.656658 0.059771 0.000009
vt  0.999226 0.059771 0.000006
vt  0.522273 0.022151 -0.000002
vt  0.452134 0.068775 -0.000002
vt  0.428755 0.068775 -0.000001
vt  0.413159 0.084318 -0.000001
vt  0.350912 0.084318 0.000002
vt  0.335337 0.068775 0.000004
vt  0.311998 0.068775 0.000008
vt  0.654566 0.068775 0.000005
vt  0.506673 0.037703 -0.000002
vt  0.483292 0.037703 -0.000002
vt  0.623455 0.037703 0.000002
vt  0.600108 0.037703 -0.000000
vt  0.584526 0.022151 -0.000001
vt  0.851311 0.970324 -0.000014
vt  0.827929 0.970324 -0.000013
vt  0.796773 0.939191 -0.000013
vt  0.773396 0.939191 -0.000015
vt  0.757804 0.923630 -0.000018
vt  0.695562 0.923630 -0.000040
vt  0.679990 0.939191 -0.000048
vt  0.656655 0.939191 -0.000067
vt  0.999224 0.939191 -0.000128
vt  0.968109 0.970324 -0.000073
vt  0.944756 0.970324 -0.000048
vt  0.929169 0.985876 -0.000039
vt  0.866912 0.985876 -0.000018
vt  0.004043 0.995622 4.000000
vt  0.004043 0.964102 4.000000
vt  0.051322 0.964102 4.000000
vt  0.051322 0.901064 4.000000
vt  0.130120 0.869545 4.000000
vt  0.130120 0.901064 4.000000
vt  0.082841 0.901064 4.000000
vt  0.082841 0.964102 4.000000
vt  0.130120 0.964102 4.000000
vt  0.130120 0.995622 4.000000
vt  0.866912 0.998875 -0.000018
vt  0.851310 0.998875 -0.000015
vt  0.827928 0.998875 -0.000013
vt  0.796771 0.998875 -0.000014
vt  0.695561 0.998875 -0.000043
vt  0.679989 0.998875 -0.000052
vt  0.656655 0.998875 -0.000072
vt  0.968109 0.998875 -0.000075
vt  0.944755 0.998875 -0.000050
vt  0.929169 0.998875 -0.000040
vt  0.866934 0.003548 -0.000002
vt  0.851334 0.003548 -0.000002
vt  0.827953 0.003548 -0.000002
vt  0.796795 0.003548 -0.000001
vt  0.695573 0.003548 0.000006
vt  0.679998 0.003548 0.000008
vt  0.656659 0.003548 0.000014
vt  0.968115 0.003548 0.000005
vt  0.944768 0.003548 0.000001
vt  0.929186 0.003548 0.000000
vt  0.999224 0.998875 -0.000137
vt  0.999226 0.003548 0.000014
vt  0.051788 0.829404 4.000000
vt  0.051788 0.766366 4.000000
vt  0.004509 0.766366 4.000000
vt  0.004509 0.734847 4.000000
vt  0.130586 0.734847 4.000000
vt  0.130586 0.766366 4.000000
vt  0.083307 0.766366 4.000000
vt  0.083307 0.829404 4.000000
vt  0.130586 0.829404 4.000000
vt  0.130586 0.860923 4.000000
vt  0.483268 0.998875 -0.000013
vt  0.452111 0.998875 -0.000014
vt  0.428734 0.998875 -0.000016
vt  0.413142 0.998875 -0.000020
vt  0.350901 0.998875 -0.000043
vt  0.335329 0.998875 -0.000052
vt  0.311995 0.998875 -0.000072
vt  0.623449 0.998875 -0.000075
vt  0.600095 0.998875 -0.000050
vt  0.584509 0.998875 -0.000040
vt  0.483293 0.003548 -0.000002
vt  0.452135 0.003548 -0.000001
vt  0.428756 0.003548 -0.000000
vt  0.413160 0.003548 0.000001
vt  0.350913 0.003548 0.000006
vt  0.335338 0.003548 0.000008
vt  0.311999 0.003548 0.000014
vt  0.623455 0.003548 0.000005
vt  0.600108 0.003548 0.000001
vt  0.584526 0.003548 0.000000
vt  0.654564 0.998875 -0.000137
vt  0.654566 0.003548 0.000014
vt  0.866931 0.146205 -0.000004
vt  0.851331 0.146205 -0.000004
vt  0.944766 0.146205 -0.000006
vt  0.929184 0.146205 -0.000006
vt  0.428753 0.146205 -0.000003
vt  0.413158 0.146205 -0.000002
vt  0.350911 0.146205 -0.000001
vt  0.335336 0.146205 -0.000000
vt  0.851330 0.168549 -0.000004
vt  0.944766 0.168549 -0.000007
vt  0.929183 0.168549 -0.000006
vt  0.428752 0.168549 -0.000003
vt  0.413157 0.168549 -0.000003
vt  0.350911 0.168549 -0.000002
vt  0.335336 0.168549 -0.000002
vt  0.866930 0.168549 -0.000004
vt  0.851329 0.212119 -0.000004
vt  0.944766 0.212119 -0.000009
vt  0.929182 0.212119 -0.000008
vt  0.428751 0.212119 -0.000004
vt  0.413157 0.212119 -0.000004
vt  0.350910 0.212119 -0.000004
vt  0.335336 0.212119 -0.000004
vt  0.866929 0.212119 -0.000005
vt  0.851329 0.234599 -0.000005
vt  0.944765 0.234599 -0.000011
vt  0.929182 0.234599 -0.000009
vt  0.428751 0.234599 -0.000004
vt  0.413156 0.234599 -0.000004
vt  0.350910 0.234599 -0.000005
vt  0.335336 0.234599 -0.000006
vt  0.866929 0.234599 -0.000005
vt  0.851314 0.856227 -0.000013
vt  0.944757 0.856227 -0.000042
vt  0.929172 0.856227 -0.000034
vt  0.428738 0.856227 -0.000014
vt  0.413145 0.856227 -0.000017
vt  0.350902 0.856227 -0.000036
vt  0.335330 0.856227 -0.000043
vt  0.866915 0.856227 -0.000016
vt  0.866916 0.834116 -0.000015
vt  0.851314 0.834116 -0.000013
vt  0.944758 0.834116 -0.000041
vt  0.929172 0.834116 -0.000033
vt  0.428738 0.834116 -0.000014
vt  0.413145 0.834116 -0.000016
vt  0.350903 0.834116 -0.000035
vt  0.335331 0.834116 -0.000042
vt  0.866917 0.790304 -0.000014
vt  0.851315 0.790304 -0.000012
vt  0.944758 0.790304 -0.000039
vt  0.929173 0.790304 -0.000031
vt  0.428739 0.790304 -0.000013
vt  0.413146 0.790304 -0.000016
vt  0.350903 0.790304 -0.000033
vt  0.335331 0.790304 -0.000039
vt  0.866917 0.768409 -0.000014
vt  0.851316 0.768409 -0.000012
vt  0.944758 0.768409 -0.000038
vt  0.929173 0.768409 -0.000030
vt  0.428739 0.768409 -0.000013
vt  0.413147 0.768409 -0.000015
vt  0.350903 0.768409 -0.000032
vt  0.335331 0.768409 -0.000038
vt  0.890284 0.168549 -0.000005
vt  0.890283 0.212119 -0.000006
vt  0.890271 0.834116 -0.000022
vt  0.389796 0.834116 -0.000023
vt  0.890271 0.790304 -0.000021
vt  0.389796 0.790304 -0.000022
vt  0.906010 0.168549 -0.000006
vt  0.906009 0.212119 -0.000007
vt  0.905998 0.834116 -0.000026
vt  0.905999 0.790304 -0.000025
vt  0.374072 0.834116 -0.000028
vt  0.374072 0.790304 -0.000026
vt  0.413146 0.790304 -0.000016
vt  0.413145 0.834116 -0.000016
vt  0.389796 0.834116 -0.000023
vt  0.389796 0.790304 -0.000022
vt  0.374072 0.834116 -0.000028
vt  0.350903 0.834116 -0.000035
vt  0.350903 0.790304 -0.000033
vt  0.374072 0.790304 -0.000026
vt  0.452124 0.477232 -0.000007
vt  0.428746 0.477232 -0.000008
vt  0.413152 0.461680 -0.000009
vt  0.350907 0.461680 -0.000017
vt  0.335334 0.477232 -0.000020
vt  0.311997 0.477232 -0.000027
vt  0.654565 0.477232 -0.000058
vt  0.522262 0.523888 -0.000010
vt  0.506662 0.508336 -0.000008
vt  0.483280 0.508336 -0.000007
vt  0.623452 0.508336 -0.000036
vt  0.600102 0.508336 -0.000025
vt  0.584517 0.523888 -0.000021
vt  0.522264 0.461596 -0.000009
vt  0.506663 0.477148 -0.000008
vt  0.483281 0.477148 -0.000007
vt  0.623452 0.477148 -0.000033
vt  0.600102 0.477148 -0.000023
vt  0.584518 0.461596 -0.000018
vt  0.467660 0.492742 -0.000007
vt  0.639050 0.492742 -0.000047
vt  0.452123 0.508252 -0.000007
vt  0.428745 0.508252 -0.000008
vt  0.413151 0.523804 -0.000010
vt  0.350906 0.523804 -0.000020
vt  0.335333 0.508252 -0.000022
vt  0.311997 0.508252 -0.000030
vt  0.654565 0.508252 -0.000062
vt  0.467660 0.492742 -0.000007
vt  0.639050 0.492742 -0.000047
vt  0.866923 0.483674 -0.000009
vt  0.851322 0.499226 -0.000008
vt  0.827941 0.499226 -0.000007
vt  0.968112 0.499226 -0.000035
vt  0.944762 0.499226 -0.000024
vt  0.929178 0.483674 -0.000019
vt  0.796783 0.530330 -0.000008
vt  0.773405 0.530330 -0.000009
vt  0.757811 0.545882 -0.000010
vt  0.695566 0.545882 -0.000021
vt  0.679993 0.530330 -0.000024
vt  0.656657 0.530330 -0.000031
vt  0.999225 0.530330 -0.000066
vt  0.851322 0.530879 -0.000009
vt  0.827940 0.530879 -0.000008
vt  0.968112 0.530879 -0.000038
vt  0.944761 0.530879 -0.000026
vt  0.929177 0.546431 -0.000022
vt  0.866922 0.546431 -0.000010
vt  0.812087 0.515053 -0.000007
vt  0.983943 0.515053 -0.000051
vt  0.796783 0.499775 -0.000007
vt  0.773405 0.499775 -0.000008
vt  0.757812 0.484223 -0.000009
vt  0.695567 0.484223 -0.000018
vt  0.679993 0.499775 -0.000022
vt  0.656657 0.499775 -0.000029
vt  0.999225 0.499775 -0.000061
vt  0.812087 0.515053 -0.000007
vt  0.983943 0.515053 -0.000051
vt  0.506652 0.917114 -0.000014
vt  0.483270 0.917114 -0.000012
vt  0.452112 0.948257 -0.000013
vt  0.428736 0.948257 -0.000015
vt  0.413143 0.963809 -0.000019
vt  0.350901 0.963809 -0.000042
vt  0.335330 0.948257 -0.000049
vt  0.311995 0.948257 -0.000067
vt  0.654564 0.948257 -0.000129
vt  0.623449 0.917114 -0.000069
vt  0.600096 0.917114 -0.000045
vt  0.584511 0.901553 -0.000036
vt  0.522254 0.901553 -0.000016
vt  0.866932 0.106377 -0.000003
vt  0.851332 0.090834 -0.000003
vt  0.827951 0.090834 -0.000003
vt  0.968114 0.090834 -0.000002
vt  0.944767 0.090834 -0.000003
vt  0.929184 0.106377 -0.000004
vt  0.796794 0.059771 -0.000002
vt  0.773415 0.059771 -0.000001
vt  0.757820 0.044219 -0.000000
vt  0.695572 0.044219 0.000004
vt  0.679997 0.059771 0.000005
vt  0.656658 0.059771 0.000009
vt  0.999226 0.059771 0.000006
vt  0.522273 0.022151 -0.000002
vt  0.452134 0.068775 -0.000002
vt  0.428755 0.068775 -0.000001
vt  0.413159 0.084318 -0.000001
vt  0.350912 0.084318 0.000002
vt  0.335337 0.068775 0.000004
vt  0.311998 0.068775 0.000008
vt  0.654566 0.068775 0.000005
vt  0.506673 0.037703 -0.000002
vt  0.483292 0.037703 -0.000002
vt  0.623455 0.037703 0.000002
vt  0.600108 0.037703 -0.000000
vt  0.584526 0.022151 -0.000001
vt  0.851311 0.970324 -0.000014
vt  0.827929 0.970324 -0.000013
vt  0.796773 0.939191 -0.000013
vt  0.773396 0.939191 -0.000015
vt  0.757804 0.923630 -0.000018
vt  0.695562 0.923630 -0.000040
vt  0.679990 0.939191 -0.000048
vt  0.656655 0.939191 -0.000067
vt  0.999224 0.939191 -0.000128
vt  0.968109 0.970324 -0.000073
vt  0.944756 0.970324 -0.000048
vt  0.929169 0.985876 -0.000039
vt  0.866912 0.985876 -0.000018
vt  0.004043 0.995622 4.000000
vt  0.004043 0.964102 4.000000
vt  0.051322 0.964102 4.000000
vt  0.051322 0.901064 4.000000
vt  0.004043 0.901064 4.000000
vt  0.004043 0.869545 4.000000
vt  0.082841 0.901064 4.000000
vt  0.082841 0.964102 4.000000
vt  0.130120 0.964102 4.000000
vt  0.130120 0.995622 4.000000
vt  0.866912 0.998875 -0.000018
vt  0.851310 0.998875 -0.000015
vt  0.827928 0.998875 -0.000013
vt  0.796771 0.998875 -0.000014
vt  0.773395 0.998875 -0.000016
vt  0.757802 0.998875 -0.000020
vt  0.656655 0.998875 -0.000072
vt  0.968109 0.998875 -0.000075
vt  0.944755 0.998875 -0.000050
vt  0.929169 0.998875 -0.000040
vt  0.866934 0.003548 -0.000002
vt  0.851334 0.003548 -0.000002
vt  0.827953 0.003548 -0.000002
vt  0.796795 0.003548 -0.000001
vt  0.773416 0.003548 -0.000000
vt  0.757820 0.003548 0.000001
vt  0.656659 0.003548 0.000014
vt  0.968115 0.003548 0.000005
vt  0.944768 0.003548 0.000001
vt  0.929186 0.003548 0.000000
vt  0.999224 0.998875 -0.000137
vt  0.999226 0.003548 0.000014
vt  0.004509 0.860923 4.000000
vt  0.004509 0.829404 4.000000
vt  0.051788 0.829404 4.000000
vt  0.051788 0.766366 4.000000
vt  0.004509 0.766366 4.000000
vt  0.004509 0.734847 4.000000
vt  0.130586 0.734847 4.000000
vt  0.130586 0.766366 4.000000
vt  0.083307 0.766366 4.000000
vt  0.083307 0.829404 4.000000
vt  0.522252 0.998875 -0.000018
vt  0.506650 0.998875 -0.000015
vt  0.483268 0.998875 -0.000013
vt  0.452111 0.998875 -0.000014
vt  0.428734 0.998875 -0.000016
vt  0.413142 0.998875 -0.000020
vt  0.350901 0.998875 -0.000043
vt  0.335329 0.998875 -0.000052
vt  0.311995 0.998875 -0.000072
vt  0.623449 0.998875 -0.000075
vt  0.522274 0.003548 -0.000002
vt  0.506674 0.003548 -0.000002
vt  0.483293 0.003548 -0.000002
vt  0.452135 0.003548 -0.000001
vt  0.428756 0.003548 -0.000000
vt  0.413160 0.003548 0.000001
vt  0.350913 0.003548 0.000006
vt  0.335338 0.003548 0.000008
vt  0.311999 0.003548 0.000014
vt  0.623455 0.003548 0.000005
vt  0.654564 0.998875 -0.000137
vt  0.654566 0.003548 0.000014
vt  0.866931 0.146205 -0.000004
vt  0.851331 0.146205 -0.000004
vt  0.944766 0.146205 -0.000006
vt  0.929184 0.146205 -0.000006
vt  0.428753 0.146205 -0.000003
vt  0.413158 0.146205 -0.000002
vt  0.350911 0.146205 -0.000001
vt  0.335336 0.146205 -0.000000
vt  0.851330 0.168549 -0.000004
vt  0.944766 0.168549 -0.000007
vt  0.929183 0.168549 -0.000006
vt  0.428752 0.168549 -0.000003
vt  0.413157 0.168549 -0.000003
vt  0.350911 0.168549 -0.000002
vt  0.335336 0.168549 -0.000002
vt  0.866930 0.168549 -0.000004
vt  0.851329 0.212119 -0.000004
vt  0.944766 0.212119 -0.000009
vt  0.929182 0.212119 -0.000008
vt  0.428751 0.212119 -0.000004
vt  0.413157 0.212119 -0.000004
vt  0.350910 0.212119 -0.000004
vt  0.335336 0.212119 -0.000004
vt  0.866929 0.212119 -0.000005
vt  0.851329 0.234599 -0.000005
vt  0.944765 0.234599 -0.000011
vt  0.929182 0.234599 -0.000009
vt  0.428751 0.234599 -0.000004
vt  0.413156 0.234599 -0.000004
vt  0.350910 0.234599 -0.000005
vt  0.335336 0.234599 -0.000006
vt  0.866929 0.234599 -0.000005
vt  0.851314 0.856227 -0.000013
vt  0.944757 0.856227 -0.000042
vt  0.929172 0.856227 -0.000034
vt  0.428738 0.856227 -0.000014
vt  0.413145 0.856227 -0.000017
vt  0.350902 0.856227 -0.000036
vt  0.335330 0.856227 -0.000043
vt  0.866915 0.856227 -0.000016
vt  0.866916 0.834116 -0.000015
vt  0.851314 0.834116 -0.000013
vt  0.944758 0.834116 -0.000041
vt  0.929172 0.834116 -0.000033
vt  0.428738 0.834116 -0.000014
vt  0.413145 0.834116 -0.000016
vt  0.350903 0.834116 -0.000035
vt  0.335331 0.834116 -0.000042
vt  0.866917 0.790304 -0.000014
vt  0.851315 0.790304 -0.000012
vt  0.944758 0.790304 -0.000039
vt  0.929173 0.790304 -0.000031
vt  0.428739 0.790304 -0.000013
vt  0.413146 0.790304 -0.000016
vt  0.350903 0.790304 -0.000033
vt  0.335331 0.790304 -0.000039
vt  0.866917 0.768409 -0.000014
vt  0.851316 0.768409 -0.000012
vt  0.944758 0.768409 -0.000038
vt  0.929173 0.768409 -0.000030
vt  0.428739 0.768409 -0.000013
vt  0.413147 0.768409 -0.000015
vt  0.350903 0.768409 -0.000032
vt  0.335331 0.768409 -0.000038
vt  0.890284 0.168549 -0.000005
vt  0.890283 0.212119 -0.000006
vt  0.890271 0.834116 -0.000022
vt  0.389796 0.834116 -0.000023
vt  0.890271 0.790304 -0.000021
vt  0.389796 0.790304 -0.000022
vt  0.906010 0.168549 -0.000006
vt  0.906009 0.212119 -0.000007
vt  0.905998 0.834116 -0.000026
vt  0.905999 0.790304 -0.000025
vt  0.374072 0.834116 -0.000028
vt  0.374072 0.790304 -0.000026
vt  0.413146 0.790304 -0.000016
vt  0.413145 0.834116 -0.000016
vt  0.389796 0.834116 -0.000023
vt  0.389796 0.790304 -0.000022
vt  0.374072 0.834116 -0.000028
vt  0.350903 0.834116 -0.000035
vt  0.350903 0.790304 -0.000033
vt  0.374072 0.790304 -0.000026
vt  0.452124 0.477232 -0.000007
vt  0.428746 0.477232 -0.000008
vt  0.413152 0.461680 -0.000009
vt  0.350907 0.461680 -0.000017
vt  0.335334 0.477232 -0.000020
vt  0.311997 0.477232 -0.000027
vt  0.654565 0.477232 -0.000058
vt  0.522262 0.523888 -0.000010
vt  0.506662 0.508336 -0.000008
vt  0.483280 0.508336 -0.000007
vt  0.623452 0.508336 -0.000036
vt  0.600102 0.508336 -0.000025
vt  0.584517 0.523888 -0.000021
vt  0.522264 0.461596 -0.000009
vt  0.506663 0.477148 -0.000008
vt  0.483281 0.477148 -0.000007
vt  0.623452 0.477148 -0.000033
vt  0.600102 0.477148 -0.000023
vt  0.584518 0.461596 -0.000018
vt  0.467660 0.492742 -0.000007
vt  0.639050 0.492742 -0.000047
vt  0.452123 0.508252 -0.000007
vt  0.428745 0.508252 -0.000008
vt  0.413151 0.523804 -0.000010
vt  0.350906 0.523804 -0.000020
vt  0.335333 0.508252 -0.000022
vt  0.311997 0.508252 -0.000030
vt  0.654565 0.508252 -0.000062
vt  0.467660 0.492742 -0.000007
vt  0.639050 0.492742 -0.000047
vt  0.866923 0.483674 -0.000009
vt  0.851322 0.499226 -0.000008
vt  0.827941 0.499226 -0.000007
vt  0.968112 0.499226 -0.000035
vt  0.944762 0.499226 -0.000024
vt  0.929178 0.483674 -0.000019
vt  0.796783 0.530330 -0.000008
vt  0.773405 0.530330 -0.000009
vt  0.757811 0.545882 -0.000010
vt  0.695566 0.545882 -0.000021
vt  0.679993 0.530330 -0.000024
vt  0.656657 0.530330 -0.000031
vt  0.999225 0.530330 -0.000066
vt  0.851322 0.530879 -0.000009
vt  0.827940 0.530879 -0.000008
vt  0.968112 0.530879 -0.000038
vt  0.944761 0.530879 -0.000026
vt  0.929177 0.546431 -0.000022
vt  0.866922 0.546431 -0.000010
vt  0.812087 0.515053 -0.000007
vt  0.983943 0.515053 -0.000051
vt  0.796783 0.499775 -0.000007
vt  0.773405 0.499775 -0.000008
vt  0.757812 0.484223 -0.000009
vt  0.695567 0.484223 -0.000018
vt  0.679993 0.499775 -0.000022
vt  0.656657 0.499775 -0.000029
vt  0.999225 0.499775 -0.000061
vt  0.812087 0.515053 -0.000007
vt  0.983943 0.515053 -0.000051
vt  0.506652 0.917114 -0.000014
vt  0.483270 0.917114 -0.000012
vt  0.452112 0.948257 -0.000013
vt  0.428736 0.948257 -0.000015
vt  0.413143 0.963809 -0.000019
vt  0.350901 0.963809 -0.000042
vt  0.335330 0.948257 -0.000049
vt  0.311995 0.948257 -0.000067
vt  0.654564 0.948257 -0.000129
vt  0.623449 0.917114 -0.000069
vt  0.600096 0.917114 -0.000045
vt  0.584511 0.901553 -0.000036
vt  0.522254 0.901553 -0.000016
vt  0.866932 0.106377 -0.000003
vt  0.851332 0.090834 -0.000003
vt  0.827951 0.090834 -0.000003
vt  0.968114 0.090834 -0.000002
vt  0.944767 0.090834 -0.000003
vt  0.929184 0.106377 -0.000004
vt  0.796794 0.059771 -0.000002
vt  0.773415 0.059771 -0.000001
vt  0.757820 0.044219 -0.000000
vt  0.695572 0.044219 0.000004
vt  0.679997 0.059771 0.000005
vt  0.656658 0.059771 0.000009
vt  0.999226 0.059771 0.000006
vt  0.522273 0.022151 -0.000002
vt  0.452134 0.068775 -0.000002
vt  0.428755 0.068775 -0.000001
vt  0.413159 0.084318 -0.000001
vt  0.350912 0.084318 0.000002
vt  0.335337 0.068775 0.000004
vt  0.311998 0.068775 0.000008
vt  0.654566 0.068775 0.000005
vt  0.506673 0.037703 -0.000002
vt  0.483292 0.037703 -0.000002
vt  0.623455 0.037703 0.000002
vt  0.600108 0.037703 -0.000000
vt  0.584526 0.022151 -0.000001
vt  0.851311 0.970324 -0.000014
vt  0.827929 0.970324 -0.000013
vt  0.796773 0.939191 -0.000013
vt  0.773396 0.939191 -0.000015
vt  0.757804 0.923630 -0.000018
vt  0.695562 0.923630 -0.000040
vt  0.679990 0.939191 -0.000048
vt  0.656655 0.939191 -0.000067
vt  0.999224 0.939191 -0.000128
vt  0.968109 0.970324 -0.000073
vt  0.944756 0.970324 -0.000048
vt  0.929169 0.985876 -0.000039
vt  0.866912 0.985876 -0.000018
vt  0.146551 0.995622 -4.000000
vt  0.146551 0.964102 -4.000000
vt  0.193830 0.964102 -4.000000
vt  0.193830 0.901064 -4.000000
vt  0.272628 0.869545 -4.000000
vt  0.272628 0.901064 -4.000000
vt  0.225349 0.901064 -4.000000
vt  0.225349 0.964102 -4.000000
vt  0.272628 0.964102 -4.000000
vt  0.272628 0.995622 -4.000000
vt  0.866912 0.998875 -0.000018
vt  0.851310 0.998875 -0.000015
vt  0.827928 0.998875 -0.000013
vt  0.796771 0.998875 -0.000014
vt  0.695561 0.998875 -0.000043
vt  0.679989 0.998875 -0.000052
vt  0.656655 0.998875 -0.000072
vt  0.968109 0.998875 -0.000075
vt  0.944755 0.998875 -0.000050
vt  0.929169 0.998875 -0.000040
vt  0.866934 0.003548 -0.000002
vt  0.851334 0.003548 -0.000002
vt  0.827953 0.003548 -0.000002
vt  0.796795 0.003548 -0.000001
vt  0.695573 0.003548 0.000006
vt  0.679998 0.003548 0.000008
vt  0.656659 0.003548 0.000014
vt  0.968115 0.003548 0.000005
vt  0.944768 0.003548 0.000001
vt  0.929186 0.003548 0.000000
vt  0.999224 0.998875 -0.000137
vt  0.999226 0.003548 0.000014
vt  0.194296 0.829404 -4.000000
vt  0.194296 0.766366 -4.000000
vt  0.147017 0.766366 -4.000000
vt  0.147017 0.734847 -4.000000
vt  0.273094 0.734847 -4.000000
vt  0.273094 0.766366 -4.000000
vt  0.225815 0.766366 -4.000000
vt  0.225815 0.829404 -4.000000
vt  0.273094 0.829404 -4.000000
vt  0.273094 0.860923 -4.000000
vt  0.483268 0.998875 -0.000013
vt  0.452111 0.998875 -0.000014
vt  0.428734 0.998875 -0.000016
vt  0.413142 0.998875 -0.000020
vt  0.350901 0.998875 -0.000043
vt  0.335329 0.998875 -0.000052
vt  0.311995 0.998875 -0.000072
vt  0.623449 0.998875 -0.000075
vt  0.600095 0.998875 -0.000050
vt  0.584509 0.998875 -0.000040
vt  0.483293 0.003548 -0.000002
vt  0.452135 0.003548 -0.000001
vt  0.428756 0.003548 -0.000000
vt  0.413160 0.003548 0.000001
vt  0.350913 0.003548 0.000006
vt  0.335338 0.003548 0.000008
vt  0.311999 0.003548 0.000014
vt  0.623455 0.003548 0.000005
vt  0.600108 0.003548 0.000001
vt  0.584526 0.003548 0.000000
vt  0.654564 0.998875 -0.000137
vt  0.654566 0.003548 0.000014
vt  0.866931 0.146205 -0.000004
vt  0.851331 0.146205 -0.000004
vt  0.944766 0.146205 -0.000006
vt  0.929184 0.146205 -0.000006
vt  0.428753 0.146205 -0.000003
vt  0.413158 0.146205 -0.000002
vt  0.350911 0.146205 -0.000001
vt  0.335336 0.146205 -0.000000
vt  0.851330 0.168549 -0.000004
vt  0.944766 0.168549 -0.000007
vt  0.929183 0.168549 -0.000006
vt  0.428752 0.168549 -0.000003
vt  0.413157 0.168549 -0.000003
vt  0.350911 0.168549 -0.000002
vt  0.335336 0.168549 -0.000002
vt  0.866930 0.168549 -0.000004
vt  0.851329 0.212119 -0.000004
vt  0.944766 0.212119 -0.000009
vt  0.929182 0.212119 -0.000008
vt  0.428751 0.212119 -0.000004
vt  0.413157 0.212119 -0.000004
vt  0.350910 0.212119 -0.000004
vt  0.335336 0.212119 -0.000004
vt  0.866929 0.212119 -0.000005
vt  0.851329 0.234599 -0.000005
vt  0.944765 0.234599 -0.000011
vt  0.929182 0.234599 -0.000009
vt  0.428751 0.234599 -0.000004
vt  0.413156 0.234599 -0.000004
vt  0.350910 0.234599 -0.000005
vt  0.335336 0.234599 -0.000006
vt  0.866929 0.234599 -0.000005
vt  0.851314 0.856227 -0.000013
vt  0.944757 0.856227 -0.000042
vt  0.929172 0.856227 -0.000034
vt  0.428738 0.856227 -0.000014
vt  0.413145 0.856227 -0.000017
vt  0.350902 0.856227 -0.000036
vt  0.335330 0.856227 -0.000043
vt  0.866915 0.856227 -0.000016
vt  0.866916 0.834116 -0.000015
vt  0.851314 0.834116 -0.000013
vt  0.944758 0.834116 -0.000041
vt  0.929172 0.834116 -0.000033
vt  0.428738 0.834116 -0.000014
vt  0.413145 0.834116 -0.000016
vt  0.350903 0.834116 -0.000035
vt  0.335331 0.834116 -0.000042
vt  0.866917 0.790304 -0.000014
vt  0.851315 0.790304 -0.000012
vt  0.944758 0.790304 -0.000039
vt  0.929173 0.790304 -0.000031
vt  0.428739 0.790304 -0.000013
vt  0.413146 0.790304 -0.000016
vt  0.350903 0.790304 -0.000033
vt  0.335331 0.790304 -0.000039
vt  0.866917 0.768409 -0.000014
vt  0.851316 0.768409 -0.000012
vt  0.944758 0.768409 -0.000038
vt  0.929173 0.768409 -0.000030
vt  0.428739 0.768409 -0.000013
vt  0.413147 0.768409 -0.000015
vt  0.350903 0.768409 -0.000032
vt  0.335331 0.768409 -0.000038
vt  0.890284 0.168549 -0.000005
vt  0.890283 0.212119 -0.000006
vt  0.890271 0.834116 -0.000022
vt  0.389796 0.834116 -0.000023
vt  0.890271 0.790304 -0.000021
vt  0.389796 0.790304 -0.000022
vt  0.906010 0.168549 -0.000006
vt  0.906009 0.212119 -0.000007
vt  0.905998 0.834116 -0.000026
vt  0.905999 0.790304 -0.000025
vt  0.374072 0.834116 -0.000028
vt  0.374072 0.790304 -0.000026
vt  0.413146 0.790304 -0.000016
vt  0.413145 0.834116 -0.000016
vt  0.389796 0.834116 -0.000023
vt  0.389796 0.790304 -0.000022
vt  0.374072 0.834116 -0.000028
vt  0.350903 0.834116 -0.000035
vt  0.350903 0.790304 -0.000033
vt  0.374072 0.790304 -0.000026
vt  0.452124 0.477232 -0.000007
vt  0.428746 0.477232 -0.000008
vt  0.413152 0.461680 -0.000009
vt  0.350907 0.461680 -0.000017
vt  0.335334 0.477232 -0.000020
vt  0.311997 0.477232 -0.000027
vt  0.654565 0.477232 -0.000058
vt  0.522262 0.523888 -0.000010
vt  0.506662 0.508336 -0.000008
vt  0.483280 0.508336 -0.000007
vt  0.623452 0.508336 -0.000036
vt  0.600102 0.508336 -0.000025
vt  0.584517 0.523888 -0.000021
vt  0.522264 0.461596 -0.000009
vt  0.506663 0.477148 -0.000008
vt  0.483281 0.477148 -0.000007
vt  0.623452 0.477148 -0.000033
vt  0.600102 0.477148 -0.000023
vt  0.584518 0.461596 -0.000018
vt  0.467660 0.492742 -0.000007
vt  0.639050 0.492742 -0.000047
vt  0.452123 0.508252 -0.000007
vt  0.428745 0.508252 -0.000008
vt  0.413151 0.523804 -0.000010
vt  0.350906 0.523804 -0.000020
vt  0.335333 0.508252 -0.000022
vt  0.311997 0.508252 -0.000030
vt  0.654565 0.508252 -0.000062
vt  0.467660 0.492742 -0.000007
vt  0.639050 0.492742 -0.000047
vt  0.866923 0.483674 -0.000009
vt  0.851322 0.499226 -0.000008
vt  0.827941 0.499226 -0.000007
vt  0.968112 0.499226 -0.000035
vt  0.944762 0.499226 -0.000024
vt  0.929178 0.483674 -0.000019
vt  0.796783 0.530330 -0.000008
vt  0.773405 0.530330 -0.000009
vt  0.757811 0.545882 -0.000010
vt  0.695566 0.545882 -0.000021
vt  0.679993 0.530330 -0.000024
vt  0.656657 0.530330 -0.000031
vt  0.999225 0.530330 -0.000066
vt  0.851322 0.530879 -0.000009
vt  0.827940 0.530879 -0.000008
vt  0.968112 0.530879 -0.000038
vt  0.944761 0.530879 -0.000026
vt  0.929177 0.546431 -0.000022
vt  0.866922 0.546431 -0.000010
vt  0.812087 0.515053 -0.000007
vt  0.983943 0.515053 -0.000051
vt  0.796783 0.499775 -0.000007
vt  0.773405 0.499775 -0.000008
vt  0.757812 0.484223 -0.000009
vt  0.695567 0.484223 -0.000018
vt  0.679993 0.499775 -0.000022
vt  0.656657 0.499775 -0.000029
vt  0.999225 0.499775 -0.000061
vt  0.812087 0.515053 -0.000007
vt  0.983943 0.515053 -0.000051
vt  0.506652 0.917114 -0.000014
vt  0.483270 0.917114 -0.000012
vt  0.452112 0.948257 -0.000013
vt  0.428736 0.948257 -0.000015
vt  0.413143 0.963809 -0.000019
vt  0.350901 0.963809 -0.000042
vt  0.335330 0.948257 -0.000049
vt  0.311995 0.948257 -0.000067
vt  0.654564 0.948257 -0.000129
vt  0.623449 0.917114 -0.000069
vt  0.600096 0.917114 -0.000045
vt  0.584511 0.901553 -0.000036
vt  0.522254 0.901553 -0.000016
vt  0.866932 0.106377 -0.000003
vt  0.851332 0.090834 -0.000003
vt  0.827951 0.090834 -0.000003
vt  0.968114 0.090834 -0.000002
vt  0.944767 0.090834 -0.000003
vt  0.929184 0.106377 -0.000004
vt  0.796794 0.059771 -0.000002
vt  0.773415 0.059771 -0.000001
vt  0.757820 0.044219 -0.000000
vt  0.695572 0.044219 0.000004
vt  0.679997 0.059771 0.000005
vt  0.656658 0.059771 0.000009
vt  0.999226 0.059771 0.000006
vt  0.522273 0.022151 -0.000002
vt  0.452134 0.068775 -0.000002
vt  0.428755 0.068775 -0.000001
vt  0.413159 0.084318 -0.000001
vt  0.350912 0.084318 0.000002
vt  0.335337 0.068775 0.000004
vt  0.311998 0.068775 0.000008
vt  0.654566 0.068775 0.000005
vt  0.506673 0.037703 -0.000002
vt  0.483292 0.037703 -0.000002
vt  0.623455 0.037703 0.000002
vt  0.600108 0.037703 -0.000000
vt  0.584526 0.022151 -0.000001
vt  0.851311 0.970324 -0.000014
vt  0.827929 0.970324 -0.000013
vt  0.796773 0.939191 -0.000013
vt  0.773396 0.939191 -0.000015
vt  0.757804 0.923630 -0.000018
vt  0.695562 0.923630 -0.000040
vt  0.679990 0.939191 -0.000048
vt  0.656655 0.939191 -0.000067
vt  0.999224 0.939191 -0.000128
vt  0.968109 0.970324 -0.000073
vt  0.944756 0.970324 -0.000048
vt  0.929169 0.985876 -0.000039
vt  0.866912 0.985876 -0.000018
vt  0.146551 0.995622 -4.000000
vt  0.146551 0.964102 -4.000000
vt  0.193830 0.964102 -4.000000
vt  0.193830 0.901064 -4.000000
vt  0.146551 0.901064 -4.000000
vt  0.146551 0.869545 -4.000000
vt  0.225349 0.901064 -4.000000
vt  0.225349 0.964102 -4.000000
vt  0.272628 0.964102 -4.000000
vt  0.272628 0.995622 -4.000000
vt  0.866912 0.998875 -0.000018
vt  0.851310 0.998875 -0.000015
vt  0.827928 0.998875 -0.000013
vt  0.796771 0.998875 -0.000014
vt  0.773395 0.998875 -0.000016
vt  0.757802 0.998875 -0.000020
vt  0.656655 0.998875 -0.000072
vt  0.968109 0.998875 -0.000075
vt  0.944755 0.998875 -0.000050
vt  0.929169 0.998875 -0.000040
vt  0.866934 0.003548 -0.000002
vt  0.851334 0.003548 -0.000002
vt  0.827953 0.003548 -0.000002
vt  0.796795 0.003548 -0.000001
vt  0.773416 0.003548 -0.000000
vt  0.757820 0.003548 0.000001
vt  0.656659 0.003548 0.000014
vt  0.968115 0.003548 0.000005
vt  0.944768 0.003548 0.000001
vt  0.929186 0.003548 0.000000
vt  0.999224 0.998875 -0.000137
vt  0.999226 0.003548 0.000014
vt  0.147017 0.860923 -4.000000
vt  0.147017 0.829404 -4.000000
vt  0.194296 0.829404 -4.000000
vt  0.194296 0.766366 -4.000000
vt  0.147017 0.766366 -4.000000
vt  0.147017 0.734847 -4.000000
vt  0.273094 0.734847 -4.000000
vt  0.273094 0.766366 -4.000000
vt  0.225815 0.766366 -4.000000
vt  0.225815 0.829404 -4.000000
vt  0.522252 0.998875 -0.000018
vt  0.506650 0.998875 -0.000015
vt  0.483268 0.998875 -0.000013
vt  0.452111 0.998875 -0.000014
vt  0.428734 0.998875 -0.000016
vt  0.413142 0.998875 -0.000020
vt  0.350901 0.998875 -0.000043
vt  0.335329 0.998875 -0.000052
vt  0.311995 0.998875 -0.000072
vt  0.623449 0.998875 -0.000075
vt  0.522274 0.003548 -0.000002
vt  0.506674 0.003548 -0.000002
vt  0.483293 0.003548 -0.000002
vt  0.452135 0.003548 -0.000001
vt  0.428756 0.003548 -0.000000
vt  0.413160 0.003548 0.000001
vt  0.350913 0.003548 0.000006
vt  0.335338 0.003548 0.000008
vt  0.311999 0.003548 0.000014
vt  0.623455 0.003548 0.000005
vt  0.654564 0.998875 -0.000137
vt  0.654566 0.003548 0.000014
vt  0.866931 0.146205 -0.000004
vt  0.851331 0.146205 -0.000004
vt  0.944766 0.146205 -0.000006
vt  0.929184 0.146205 -0.000006
vt  0.428753 0.146205 -0.000003
vt  0.413158 0.146205 -0.000002
vt  0.350911 0.146205 -0.000001
vt  0.335336 0.146205 -0.000000
vt  0.851330 0.168549 -0.000004
vt  0.944766 0.168549 -0.000007
vt  0.929183 0.168549 -0.000006
vt  0.428752 0.168549 -0.000003
vt  0.413157 0.168549 -0.000003
vt  0.350911 0.168549 -0.000002
vt  0.335336 0.168549 -0.000002
vt  0.866930 0.168549 -0.000004
vt  0.851329 0.212119 -0.000004
vt  0.944766 0.212119 -0.000009
vt  0.929182 0.212119 -0.000008
vt  0.428751 0.212119 -0.000004
vt  0.413157 0.212119 -0.000004
vt  0.350910 0.212119 -0.000004
vt  0.335336 0.212119 -0.000004
vt  0.866929 0.212119 -0.000005
vt  0.851329 0.234599 -0.000005
vt  0.944765 0.234599 -0.000011
vt  0.929182 0.234599 -0.000009
vt  0.428751 0.234599 -0.000004
vt  0.413156 0.234599 -0.000004
vt  0.350910 0.234599 -0.000005
vt  0.335336 0.234599 -0.000006
vt  0.866929 0.234599 -0.000005
vt  0.851314 0.856227 -0.000013
vt  0.944757 0.856227 -0.000042
vt  0.929172 0.856227 -0.000034
vt  0.428738 0.856227 -0.000014
vt  0.413145 0.856227 -0.000017
vt  0.350902 0.856227 -0.000036
vt  0.335330 0.856227 -0.000043
vt  0.866915 0.856227 -0.000016
vt  0.866916 0.834116 -0.000015
vt  0.851314 0.834116 -0.000013
vt  0.944758 0.834116 -0.000041
vt  0.929172 0.834116 -0.000033
vt  0.428738 0.834116 -0.000014
vt  0.413145 0.834116 -0.000016
vt  0.350903 0.834116 -0.000035
vt  0.335331 0.834116 -0.000042
vt  0.866917 0.790304 -0.000014
vt  0.851315 0.790304 -0.000012
vt  0.944758 0.790304 -0.000039
vt  0.929173 0.790304 -0.000031
vt  0.428739 0.790304 -0.000013
vt  0.413146 0.790304 -0.000016
vt  0.350903 0.790304 -0.000033
vt  0.335331 0.790304 -0.000039
vt  0.866917 0.768409 -0.000014
vt  0.851316 0.768409 -0.000012
vt  0.944758 0.768409 -0.000038
vt  0.929173 0.768409 -0.000030
vt  0.428739 0.768409 -0.000013
vt  0.413147 0.768409 -0.000015
vt  0.350903 0.768409 -0.000032
vt  0.335331 0.768409 -0.000038
vt  0.890284 0.168549 -0.000005
vt  0.890283 0.212119 -0.000006
vt  0.890271 0.834116 -0.000022
vt  0.389796 0.834116 -0.000023
vt  0.890271 0.790304 -0.000021
vt  0.389796 0.790304 -0.000022
vt  0.906010 0.168549 -0.000006
vt  0.906009 0.212119 -0.000007
vt  0.905998 0.834116 -0.000026
vt  0.905999 0.790304 -0.000025
vt  0.374072 0.834116 -0.000028
vt  0.374072 0.790304 -0.000026
vt  0.413146 0.790304 -0.000016
vt  0.413145 0.834116 -0.000016
vt  0.389796 0.834116 -0.000023
vt  0.389796 0.790304 -0.000022
vt  0.374072 0.834116 -0.000028
vt  0.350903 0.834116 -0.000035
vt  0.350903 0.790304 -0.000033
vt  0.374072 0.790304 -0.000026
vt  0.452124 0.477232 -0.000007
vt  0.428746 0.477232 -0.000008
vt  0.413152 0.461680 -0.000009
vt  0.350907 0.461680 -0.000017
vt  0.335334 0.477232 -0.000020
vt  0.311997 0.477232 -0.000027
vt  0.654565 0.477232 -0.000058
vt  0.522262 0.523888 -0.000010
vt  0.506662 0.508336 -0.000008
vt  0.483280 0.508336 -0.000007
vt  0.623452 0.508336 -0.000036
vt  0.600102 0.508336 -0.000025
vt  0.584517 0.523888 -0.000021
vt  0.522264 0.461596 -0.000009
vt  0.506663 0.477148 -0.000008
vt  0.483281 0.477148 -0.000007
vt  0.623452 0.477148 -0.000033
vt  0.600102 0.477148 -0.000023
vt  0.584518 0.461596 -0.000018
vt  0.467660 0.492742 -0.000007
vt  0.639050 0.492742 -0.000047
vt  0.452123 0.508252 -0.000007
vt  0.428745 0.508252 -0.000008
vt  0.413151 0.523804 -0.000010
vt  0.350906 0.523804 -0.000020
vt  0.335333 0.508252 -0.000022
vt  0.311997 0.508252 -0.000030
vt  0.654565 0.508252 -0.000062
vt  0.467660 0.492742 -0.000007
vt  0.639050 0.492742 -0.000047
vt  0.866923 0.483674 -0.000009
vt  0.851322 0.499226 -0.000008
vt  0.827941 0.499226 -0.000007
vt  0.968112 0.499226 -0.000035
vt  0.944762 0.499226 -0.000024
vt  0.929178 0.483674 -0.000019
vt  0.796783 0.530330 -0.000008
vt  0.773405 0.530330 -0.000009
vt  0.757811 0.545882 -0.000010
vt  0.695566 0.545882 -0.000021
vt  0.679993 0.530330 -0.000024
vt  0.656657 0.530330 -0.000031
vt  0.999225 0.530330 -0.000066
vt  0.851322 0.530879 -0.000009
vt  0.827940 0.530879 -0.000008
vt  0.968112 0.530879 -0.000038
vt  0.944761 0.530879 -0.000026
vt  0.929177 0.546431 -0.000022
vt  0.866922 0.546431 -0.000010
vt  0.812087 0.515053 -0.000007
vt  0.983943 0.515053 -0.000051
vt  0.796783 0.499775 -0.000007
vt  0.773405 0.499775 -0.000008
vt  0.757812 0.484223 -0.000009
vt  0.695567 0.484223 -0.000018
vt  0.679993 0.499775 -0.000022
vt  0.656657 0.499775 -0.000029
vt  0.999225 0.499775 -0.000061
vt  0.812087 0.515053 -0.000007
vt  0.983943 0.515053 -0.000051
vt  0.506652 0.917114 -0.000014
vt  0.483270 0.917114 -0.000012
vt  0.452112 0.948257 -0.000013
vt  0.428736 0.948257 -0.000015
vt  0.413143 0.963809 -0.000019
vt  0.350901 0.963809 -0.000042
vt  0.335330 0.948257 -0.000049
vt  0.311995 0.948257 -0.000067
vt  0.654564 0.948257 -0.000129
vt  0.623449 0.917114 -0.000069
vt  0.600096 0.917114 -0.000045
vt  0.584511 0.901553 -0.000036
vt  0.522254 0.901553 -0.000016
vt  0.866932 0.106377 -0.000003
vt  0.851332 0.090834 -0.000003
vt  0.827951 0.090834 -0.000003
vt  0.968114 0.090834 -0.000002
vt  0.944767 0.090834 -0.000003
vt  0.929184 0.106377 -0.000004
vt  0.796794 0.059771 -0.000002
vt  0.773415 0.059771 -0.000001
vt  0.757820 0.044219 -0.000000
vt  0.695572 0.044219 0.000004
vt  0.679997 0.059771 0.000005
vt  0.656658 0.059771 0.000009
vt  0.999226 0.059771 0.000006
vt  0.522273 0.022151 -0.000002
vt  0.452134 0.068775 -0.000002
vt  0.428755 0.068775 -0.000001
vt  0.413159 0.084318 -0.000001
vt  0.350912 0.084318 0.000002
vt  0.335337 0.068775 0.000004
vt  0.311998 0.068775 0.000008
vt  0.654566 0.068775 0.000005
vt  0.506673 0.037703 -0.000002
vt  0.483292 0.037703 -0.000002
vt  0.623455 0.037703 0.000002
vt  0.600108 0.037703 -0.000000
vt  0.584526 0.022151 -0.000001
vt  0.851311 0.970324 -0.000014
vt  0.827929 0.970324 -0.000013
vt  0.796773 0.939191 -0.000013
vt  0.773396 0.939191 -0.000015
vt  0.757804 0.923630 -0.000018
vt  0.695562 0.923630 -0.000040
vt  0.679990 0.939191 -0.000048
vt  0.656655 0.939191 -0.000067
vt  0.999224 0.939191 -0.000128
vt  0.968109 0.970324 -0.000073
vt  0.944756 0.970324 -0.000048
vt  0.929169 0.985876 -0.000039
vt  0.866912 0.985876 -0.000018
vt  0.726682 0.998875 -0.000032
vt  0.726696 0.003548 0.000003
vt  0.726696 0.003548 0.000003
vt  0.726682 0.998875 -0.000032
vt  0.664433 0.998875 -0.000065
vt  0.664438 0.003548 0.000012
vt  0.664438 0.003548 0.000012
vt  0.664433 0.998875 -0.000065
vt  0.726696 0.003548 0.000003
vt  0.067081 0.869545 4.000000
vt  0.664438 0.003548 0.000012
vt  0.098601 0.901064 4.000000
vt  0.726682 0.998875 -0.000032
vt  0.209590 0.869545 -4.000000
vt  0.664433 0.998875 -0.000065
vt  0.241109 0.901064 -4.000000
vt  0.491062 0.998875 -0.000014
vt  0.491087 0.003548 -0.000002
vt  0.491087 0.003548 -0.000002
vt  0.491062 0.998875 -0.000014
vt  0.553381 0.998875 -0.000029
vt  0.553400 0.003548 -0.000001
vt  0.553400 0.003548 -0.000001
vt  0.553381 0.998875 -0.000029
vt  0.036028 0.829404 4.000000
vt  0.491087 0.003548 -0.000002
vt  0.553400 0.003548 -0.000001
vt  0.067548 0.860923 4.000000
vt  0.491062 0.998875 -0.000014
vt  0.178537 0.829404 -4.000000
vt  0.553381 0.998875 -0.000029
vt  0.210056 0.860923 -4.000000
vt  0.788979 0.998875 -0.000014
vt  0.789002 0.003548 -0.000001
vt  0.789002 0.003548 -0.000001
vt  0.788979 0.998875 -0.000014
vt  0.726682 0.998875 -0.000032
vt  0.726696 0.003548 0.000003
vt  0.726696 0.003548 0.000003
vt  0.726682 0.998875 -0.000032
vt  0.615664 0.998875 -0.000067
vt  0.615673 0.003548 0.000004
vt  0.615673 0.003548 0.000004
vt  0.615664 0.998875 -0.000067
vt  0.553381 0.998875 -0.000029
vt  0.553400 0.003548 -0.000001
vt  0.553400 0.003548 -0.000001
vt  0.553381 0.998875 -0.000029
vt  0.789002 0.003548 -0.000001
vt  0.035563 0.901064 4.000000
vt  0.726696 0.003548 0.000003
vt  0.067082 0.869545 4.000000
vt  0.615673 0.003548 0.000004
vt  0.099067 0.829404 4.000000
vt  0.553400 0.003548 -0.000001
vt  0.067548 0.860923 4.000000
vt  0.788979 0.998875 -0.000014
vt  0.178071 0.901064 -4.000000
vt  0.726682 0.998875 -0.000032
vt  0.209590 0.869545 -4.000000
vt  0.615664 0.998875 -0.000067
vt  0.241575 0.829404 -4.000000
vt  0.553381 0.998875 -0.000029
vt  0.210055 0.860923 -4.000000
vt  0.866912 0.998875 -0.000018
vt  0.851310 0.998875 -0.000015
vt  0.827928 0.998875 -0.000013
vt  0.796771 0.998875 -0.000014
vt  0.695561 0.998875 -0.000043
vt  0.679989 0.998875 -0.000052
vt  0.656655 0.998875 -0.000072
vt  0.968109 0.998875 -0.000075
vt  0.944755 0.998875 -0.000050
vt  0.929169 0.998875 -0.000040
vt  0.866934 0.003548 -0.000002
vt  0.851334 0.003548 -0.000002
vt  0.827953 0.003548 -0.000002
vt  0.796795 0.003548 -0.000001
vt  0.695573 0.003548 0.000006
vt  0.679998 0.003548 0.000008
vt  0.656659 0.003548 0.000014
vt  0.968115 0.003548 0.000005
vt  0.944768 0.003548 0.000001
vt  0.929186 0.003548 0.000000
vt  0.999224 0.998875 -0.000137
vt  0.999226 0.003548 0.000014
vt  0.483268 0.998875 -0.000013
vt  0.452111 0.998875 -0.000014
vt  0.428734 0.998875 -0.000016
vt  0.413142 0.998875 -0.000020
vt  0.350901 0.998875 -0.000043
vt  0.335329 0.998875 -0.000052
vt  0.311995 0.998875 -0.000072
vt  0.623449 0.998875 -0.000075
vt  0.600095 0.998875 -0.000050
vt  0.584509 0.998875 -0.000040
vt  0.483293 0.003548 -0.000002
vt  0.452135 0.003548 -0.000001
vt  0.428756 0.003548 -0.000000
vt  0.413160 0.003548 0.000001
vt  0.350913 0.003548 0.000006
vt  0.335338 0.003548 0.000008
vt  0.311999 0.003548 0.000014
vt  0.623455 0.003548 0.000005
vt  0.600108 0.003548 0.000001
vt  0.584526 0.003548 0.000000
vt  0.654564 0.998875 -0.000137
vt  0.654566 0.003548 0.000014
vt  0.866931 0.146205 -0.000004
vt  0.851331 0.146205 -0.000004
vt  0.944766 0.146205 -0.000006
vt  0.929184 0.146205 -0.000006
vt  0.428753 0.146205 -0.000003
vt  0.413158 0.146205 -0.000002
vt  0.350911 0.146205 -0.000001
vt  0.335336 0.146205 -0.000000
vt  0.851330 0.168549 -0.000004
vt  0.944766 0.168549 -0.000007
vt  0.929183 0.168549 -0.000006
vt  0.428752 0.168549 -0.000003
vt  0.413157 0.168549 -0.000003
vt  0.350911 0.168549 -0.000002
vt  0.335336 0.168549 -0.000002
vt  0.866930 0.168549 -0.000004
vt  0.851329 0.212119 -0.000004
vt  0.944766 0.212119 -0.000009
vt  0.929182 0.212119 -0.000008
vt  0.428751 0.212119 -0.000004
vt  0.413157 0.212119 -0.000004
vt  0.350910 0.212119 -0.000004
vt  0.335336 0.212119 -0.000004
vt  0.866929 0.212119 -0.000005
vt  0.851329 0.234599 -0.000005
vt  0.944765 0.234599 -0.000011
vt  0.929182 0.234599 -0.000009
vt  0.428751 0.234599 -0.000004
vt  0.413156 0.234599 -0.000004
vt  0.350910 0.234599 -0.000005
vt  0.335336 0.234599 -0.000006
vt  0.866929 0.234599 -0.000005
vt  0.851314 0.856227 -0.000013
vt  0.944757 0.856227 -0.000042
vt  0.929172 0.856227 -0.000034
vt  0.428738 0.856227 -0.000014
vt  0.413145 0.856227 -0.000017
vt  0.350902 0.856227 -0.000036
vt  0.335330 0.856227 -0.000043
vt  0.866915 0.856227 -0.000016
vt  0.866916 0.834116 -0.000015
vt  0.851314 0.834116 -0.000013
vt  0.944758 0.834116 -0.000041
vt  0.929172 0.834116 -0.000033
vt  0.428738 0.834116 -0.000014
vt  0.413145 0.834116 -0.000016
vt  0.350903 0.834116 -0.000035
vt  0.335331 0.834116 -0.000042
vt  0.866917 0.790304 -0.000014
vt  0.851315 0.790304 -0.000012
vt  0.944758 0.790304 -0.000039
vt  0.929173 0.790304 -0.000031
vt  0.428739 0.790304 -0.000013
vt  0.413146 0.790304 -0.000016
vt  0.350903 0.790304 -0.000033
vt  0.335331 0.790304 -0.000039
vt  0.866917 0.768409 -0.000014
vt  0.851316 0.768409 -0.000012
vt  0.944758 0.768409 -0.000038
vt  0.929173 0.768409 -0.000030
vt  0.428739 0.768409 -0.000013
vt  0.413147 0.768409 -0.000015
vt  0.350903 0.768409 -0.000032
vt  0.335331 0.768409 -0.000038
vt  0.890284 0.168549 -0.000005
vt  0.890283 0.212119 -0.000006
vt  0.890271 0.834116 -0.000022
vt  0.389796 0.834116 -0.000023
vt  0.890271 0.790304 -0.000021
vt  0.389796 0.790304 -0.000022
vt  0.906010 0.168549 -0.000006
vt  0.906009 0.212119 -0.000007
vt  0.905998 0.834116 -0.000026
vt  0.905999 0.790304 -0.000025
vt  0.374072 0.834116 -0.000028
vt  0.374072 0.790304 -0.000026
vt  0.413146 0.790304 -0.000016
vt  0.413145 0.834116 -0.000016
vt  0.389796 0.834116 -0.000023
vt  0.389796 0.790304 -0.000022
vt  0.374072 0.834116 -0.000028
vt  0.350903 0.834116 -0.000035
vt  0.350903 0.790304 -0.000033
vt  0.374072 0.790304 -0.000026
vt  0.452124 0.477232 -0.000007
vt  0.428746 0.477232 -0.000008
vt  0.413152 0.461680 -0.000009
vt  0.350907 0.461680 -0.000017
vt  0.335334 0.477232 -0.000020
vt  0.311997 0.477232 -0.000027
vt  0.654565 0.477232 -0.000058
vt  0.522262 0.523888 -0.000010
vt  0.506662 0.508336 -0.000008
vt  0.483280 0.508336 -0.000007
vt  0.623452 0.508336 -0.000036
vt  0.600102 0.508336 -0.000025
vt  0.584517 0.523888 -0.000021
vt  0.522264 0.461596 -0.000009
vt  0.506663 0.477148 -0.000008
vt  0.483281 0.477148 -0.000007
vt  0.623452 0.477148 -0.000033
vt  0.600102 0.477148 -0.000023
vt  0.584518 0.461596 -0.000018
vt  0.467660 0.492742 -0.000007
vt  0.639050 0.492742 -0.000047
vt  0.452123 0.508252 -0.000007
vt  0.428745 0.508252 -0.000008
vt  0.413151 0.523804 -0.000010
vt  0.350906 0.523804 -0.000020
vt  0.335333 0.508252 -0.000022
vt  0.311997 0.508252 -0.000030
vt  0.654565 0.508252 -0.000062
vt  0.467660 0.492742 -0.000007
vt  0.639050 0.492742 -0.000047
vt  0.866923 0.483674 -0.000009
vt  0.851322 0.499226 -0.000008
vt  0.827941 0.499226 -0.000007
vt  0.968112 0.499226 -0.000035
vt  0.944762 0.499226 -0.000024
vt  0.929178 0.483674 -0.000019
vt  0.796783 0.530330 -0.000008
vt  0.773405 0.530330 -0.000009
vt  0.757811 0.545882 -0.000010
vt  0.695566 0.545882 -0.000021
vt  0.679993 0.530330 -0.000024
vt  0.656657 0.530330 -0.000031
vt  0.999225 0.530330 -0.000066
vt  0.851322 0.530879 -0.000009
vt  0.827940 0.530879 -0.000008
vt  0.968112 0.530879 -0.000038
vt  0.944761 0.530879 -0.000026
vt  0.929177 0.546431 -0.000022
vt  0.866922 0.546431 -0.000010
vt  0.812087 0.515053 -0.000007
vt  0.983943 0.515053 -0.000051
vt  0.796783 0.499775 -0.000007
vt  0.773405 0.499775 -0.000008
vt  0.757812 0.484223 -0.000009
vt  0.695567 0.484223 -0.000018
vt  0.679993 0.499775 -0.000022
vt  0.656657 0.499775 -0.000029
vt  0.999225 0.499775 -0.000061
vt  0.812087 0.515053 -0.000007
vt  0.983943 0.515053 -0.000051
vt  0.506652 0.917114 -0.000014
vt  0.483270 0.917114 -0.000012
vt  0.452112 0.948257 -0.000013
vt  0.428736 0.948257 -0.000015
vt  0.413143 0.963809 -0.000019
vt  0.350901 0.963809 -0.000042
vt  0.335330 0.948257 -0.000049
vt  0.311995 0.948257 -0.000067
vt  0.654564 0.948257 -0.000129
vt  0.623449 0.917114 -0.000069
vt  0.600096 0.917114 -0.000045
vt  0.584511 0.901553 -0.000036
vt  0.522254 0.901553 -0.000016
vt  0.866932 0.106377 -0.000003
vt  0.851332 0.090834 -0.000003
vt  0.827951 0.090834 -0.000003
vt  0.968114 0.090834 -0.000002
vt  0.944767 0.090834 -0.000003
vt  0.929184 0.106377 -0.000004
vt  0.796794 0.059771 -0.000002
vt  0.773415 0.059771 -0.000001
vt  0.757820 0.044219 -0.000000
vt  0.695572 0.044219 0.000004
vt  0.679997 0.059771 0.000005
vt  0.656658 0.059771 0.000009
vt  0.999226 0.059771 0.000006
vt  0.522273 0.022151 -0.000002
vt  0.452134 0.068775 -0.000002
vt  0.428755 0.068775 -0.000001
vt  0.413159 0.084318 -0.000001
vt  0.350912 0.084318 0.000002
vt  0.335337 0.068775 0.000004
vt  0.311998 0.068775 0.000008
vt  0.654566 0.068775 0.000005
vt  0.506673 0.037703 -0.000002
vt  0.483292 0.037703 -0.000002
vt  0.623455 0.037703 0.000002
vt  0.600108 0.037703 -0.000000
vt  0.584526 0.022151 -0.000001
vt  0.851311 0.970324 -0.000014
vt  0.827929 0.970324 -0.000013
vt  0.796773 0.939191 -0.000013
vt  0.773396 0.939191 -0.000015
vt  0.757804 0.923630 -0.000018
vt  0.695562 0.923630 -0.000040
vt  0.679990 0.939191 -0.000048
vt  0.656655 0.939191 -0.000067
vt  0.999224 0.939191 -0.000128
vt  0.968109 0.970324 -0.000073
vt  0.944756 0.970324 -0.000048
vt  0.929169 0.985876 -0.000039
vt  0.866912 0.985876 -0.000018
vt  0.866912 0.998875 -0.000018
vt  0.851310 0.998875 -0.000015
vt  0.827928 0.998875 -0.000013
vt  0.796771 0.998875 -0.000014
vt  0.773395 0.998875 -0.000016
vt  0.757802 0.998875 -0.000020
vt  0.656655 0.998875 -0.000072
vt  0.968109 0.998875 -0.000075
vt  0.944755 0.998875 -0.000050
vt  0.929169 0.998875 -0.000040
vt  0.866934 0.003548 -0.000002
vt  0.851334 0.003548 -0.000002
vt  0.827953 0.003548 -0.000002
vt  0.796795 0.003548 -0.000001
vt  0.773416 0.003548 -0.000000
vt  0.757820 0.003548 0.000001
vt  0.656659 0.003548 0.000014
vt  0.968115 0.003548 0.000005
vt  0.944768 0.003548 0.000001
vt  0.929186 0.003548 0.000000
vt  0.999224 0.998875 -0.000137
vt  0.999226 0.003548 0.000014
vt  0.522252 0.998875 -0.000018
vt  0.506650 0.998875 -0.000015
vt  0.483268 0.998875 -0.000013
vt  0.452111 0.998875 -0.000014
vt  0.428734 0.998875 -0.000016
vt  0.413142 0.998875 -0.000020
vt  0.350901 0.998875 -0.000043
vt  0.335329 0.998875 -0.000052
vt  0.311995 0.998875 -0.000072
vt  0.623449 0.998875 -0.000075
vt  0.522274 0.003548 -0.000002
vt  0.506674 0.003548 -0.000002
vt  0.483293 0.003548 -0.000002
vt  0.452135 0.003548 -0.000001
vt  0.428756 0.003548 -0.000000
vt  0.413160 0.003548 0.000001
vt  0.350913 0.003548 0.000006
vt  0.335338 0.003548 0.000008
vt  0.311999 0.003548 0.000014
vt  0.623455 0.003548 0.000005
vt  0.654564 0.998875 -0.000137
vt  0.654566 0.003548 0.000014
vt  0.866931 0.146205 -0.000004
vt  0.851331 0.146205 -0.000004
vt  0.944766 0.146205 -0.000006
vt  0.929184 0.146205 -0.000006
vt  0.428753 0.146205 -0.000003
vt  0.413158 0.146205 -0.000002
vt  0.350911 0.146205 -0.000001
vt  0.335336 0.146205 -0.000000
vt  0.851330 0.168549 -0.000004
vt  0.944766 0.168549 -0.000007
vt  0.929183 0.168549 -0.000006
vt  0.428752 0.168549 -0.000003
vt  0.413157 0.168549 -0.000003
vt  0.350911 0.168549 -0.000002
vt  0.335336 0.168549 -0.000002
vt  0.866930 0.168549 -0.000004
vt  0.851329 0.212119 -0.000004
vt  0.944766 0.212119 -0.000009
vt  0.929182 0.212119 -0.000008
vt  0.428751 0.212119 -0.000004
vt  0.413157 0.212119 -0.000004
vt  0.350910 0.212119 -0.000004
vt  0.335336 0.212119 -0.000004
vt  0.866929 0.212119 -0.000005
vt  0.851329 0.234599 -0.000005
vt  0.944765 0.234599 -0.000011
vt  0.929182 0.234599 -0.000009
vt  0.428751 0.234599 -0.000004
vt  0.413156 0.234599 -0.000004
vt  0.350910 0.234599 -0.000005
vt  0.335336 0.234599 -0.000006
vt  0.866929 0.234599 -0.000005
vt  0.851314 0.856227 -0.000013
vt  0.944757 0.856227 -0.000042
vt  0.929172 0.856227 -0.000034
vt  0.428738 0.856227 -0.000014
vt  0.413145 0.856227 -0.000017
vt  0.350902 0.856227 -0.000036
vt  0.335330 0.856227 -0.000043
vt  0.866915 0.856227 -0.000016
vt  0.866916 0.834116 -0.000015
vt  0.851314 0.834116 -0.000013
vt  0.944758 0.834116 -0.000041
vt  0.929172 0.834116 -0.000033
vt  0.428738 0.834116 -0.000014
vt  0.413145 0.834116 -0.000016
vt  0.350903 0.834116 -0.000035
vt  0.335331 0.834116 -0.000042
vt  0.866917 0.790304 -0.000014
vt  0.851315 0.790304 -0.000012
vt  0.944758 0.790304 -0.000039
vt  0.929173 0.790304 -0.000031
vt  0.428739 0.790304 -0.000013
vt  0.413146 0.790304 -0.000016
vt  0.350903 0.790304 -0.000033
vt  0.335331 0.790304 -0.000039
vt  0.866917 0.768409 -0.000014
vt  0.851316 0.768409 -0.000012
vt  0.944758 0.768409 -0.000038
vt  0.929173 0.768409 -0.000030
vt  0.428739 0.768409 -0.000013
vt  0.413147 0.768409 -0.000015
vt  0.350903 0.768409 -0.000032
vt  0.335331 0.768409 -0.000038
vt  0.890284 0.168549 -0.000005
vt  0.890283 0.212119 -0.000006
vt  0.890271 0.834116 -0.000022
vt  0.389796 0.834116 -0.000023
vt  0.890271 0.790304 -0.000021
vt  0.389796 0.790304 -0.000022
vt  0.906010 0.168549 -0.000006
vt  0.906009 0.212119 -0.000007
vt  0.905998 0.834116 -0.000026
vt  0.905999 0.790304 -0.000025
vt  0.374072 0.834116 -0.000028
vt  0.374072 0.790304 -0.000026
vt  0.413146 0.790304 -0.000016
vt  0.413145 0.834116 -0.000016
vt  0.389796 0.834116 -0.000023
vt  0.389796 0.790304 -0.000022
vt  0.374072 0.834116 -0.000028
vt  0.350903 0.834116 -0.000035
vt  0.350903 0.790304 -0.000033
vt  0.374072 0.790304 -0.000026
vt  0.452124 0.477232 -0.000007
vt  0.428746 0.477232 -0.000008
vt  0.413152 0.461680 -0.000009
vt  0.350907 0.461680 -0.000017
vt  0.335334 0.477232 -0.000020
vt  0.311997 0.477232 -0.000027
vt  0.654565 0.477232 -0.000058
vt  0.522262 0.523888 -0.000010
vt  0.506662 0.508336 -0.000008
vt  0.483280 0.508336 -0.000007
vt  0.623452 0.508336 -0.000036
vt  0.600102 0.508336 -0.000025
vt  0.584517 0.523888 -0.000021
vt  0.522264 0.461596 -0.000009
vt  0.506663 0.477148 -0.000008
vt  0.483281 0.477148 -0.000007
vt  0.623452 0.477148 -0.000033
vt  0.600102 0.477148 -0.000023
vt  0.584518 0.461596 -0.000018
vt  0.467660 0.492742 -0.000007
vt  0.639050 0.492742 -0.000047
vt  0.452123 0.508252 -0.000007
vt  0.428745 0.508252 -0.000008
vt  0.413151 0.523804 -0.000010
vt  0.350906 0.523804 -0.000020
vt  0.335333 0.508252 -0.000022
vt  0.311997 0.508252 -0.000030
vt  0.654565 0.508252 -0.000062
vt  0.467660 0.492742 -0.000007
vt  0.639050 0.492742 -0.000047
vt  0.866923 0.483674 -0.000009
vt  0.851322 0.499226 -0.000008
vt  0.827941 0.499226 -0.000007
vt  0.968112 0.499226 -0.000035
vt  0.944762 0.499226 -0.000024
vt  0.929178 0.483674 -0.000019
vt  0.796783 0.530330 -0.000008
vt  0.773405 0.530330 -0.000009
vt  0.757811 0.545882 -0.000010
vt  0.695566 0.545882 -0.000021
vt  0.679993 0.530330 -0.000024
vt  0.656657 0.530330 -0.000031
vt  0.999225 0.530330 -0.000066
vt  0.851322 0.530879 -0.000009
vt  0.827940 0.530879 -0.000008
vt  0.968112 0.530879 -0.000038
vt  0.944761 0.530879 -0.000026
vt  0.929177 0.546431 -0.000022
vt  0.866922 0.546431 -0.000010
vt  0.812087 0.515053 -0.000007
vt  0.983943 0.515053 -0.000051
vt  0.796783 0.499775 -0.000007
vt  0.773405 0.499775 -0.000008
vt  0.757812 0.484223 -0.000009
vt  0.695567 0.484223 -0.000018
vt  0.679993 0.499775 -0.000022
vt  0.656657 0.499775 -0.000029
vt  0.999225 0.499775 -0.000061
vt  0.812087 0.515053 -0.000007
vt  0.983943 0.515053 -0.000051
vt  0.506652 0.917114 -0.000014
vt  0.483270 0.917114 -0.000012
vt  0.452112 0.948257 -0.000013
vt  0.428736 0.948257 -0.000015
vt  0.413143 0.963809 -0.000019
vt  0.350901 0.963809 -0.000042
vt  0.335330 0.948257 -0.000049
vt  0.311995 0.948257 -0.000067
vt  0.654564 0.948257 -0.000129
vt  0.623449 0.917114 -0.000069
vt  0.600096 0.917114 -0.000045
vt  0.584511 0.901553 -0.000036
vt  0.522254 0.901553 -0.000016
vt  0.866932 0.106377 -0.000003
vt  0.851332 0.090834 -0.000003
vt  0.827951 0.090834 -0.000003
vt  0.968114 0.090834 -0.000002
vt  0.944767 0.090834 -0.000003
vt  0.929184 0.106377 -0.000004
vt  0.796794 0.059771 -0.000002
vt  0.773415 0.059771 -0.000001
vt  0.757820 0.044219 -0.000000
vt  0.695572 0.044219 0.000004
vt  0.679997 0.059771 0.000005
vt  0.656658 0.059771 0.000009
vt  0.999226 0.059771 0.000006
vt  0.522273 0.022151 -0.000002
vt  0.452134 0.068775 -0.000002
vt  0.428755 0.068775 -0.000001
vt  0.413159 0.084318 -0.000001
vt  0.350912 0.084318 0.000002
vt  0.335337 0.068775 0.000004
vt  0.311998 0.068775 0.000008
vt  0.654566 0.068775 0.000005
vt  0.506673 0.037703 -0.000002
vt  0.483292 0.037703 -0.000002
vt  0.623455 0.037703 0.000002
vt  0.600108 0.037703 -0.000000
vt  0.584526 0.022151 -0.000001
vt  0.851311 0.970324 -0.000014
vt  0.827929 0.970324 -0.000013
vt  0.796773 0.939191 -0.000013
vt  0.773396 0.939191 -0.000015
vt  0.757804 0.923630 -0.000018
vt  0.695562 0.923630 -0.000040
vt  0.679990 0.939191 -0.000048
vt  0.656655 0.939191 -0.000067
vt  0.999224 0.939191 -0.000128
vt  0.968109 0.970324 -0.000073
vt  0.944756 0.970324 -0.000048
vt  0.929169 0.985876 -0.000039
vt  0.866912 0.985876 -0.000018
vt  0.004043 0.995622 4.000000
vt  0.004043 0.964102 4.000000
vt  0.051322 0.964102 4.000000
vt  0.051322 0.901064 4.000000
vt  0.130120 0.869545 4.000000
vt  0.130120 0.901064 4.000000
vt  0.082841 0.901064 4.000000
vt  0.082841 0.964102 4.000000
vt  0.130120 0.964102 4.000000
vt  0.130120 0.995622 4.000000
vt  0.866912 0.998875 -0.000018
vt  0.851310 0.998875 -0.000015
vt  0.827928 0.998875 -0.000013
vt  0.796771 0.998875 -0.000014
vt  0.695561 0.998875 -0.000043
vt  0.679989 0.998875 -0.000052
vt  0.656655 0.998875 -0.000072
vt  0.968109 0.998875 -0.000075
vt  0.944755 0.998875 -0.000050
vt  0.929169 0.998875 -0.000040
vt  0.866934 0.003548 -0.000002
vt  0.851334 0.003548 -0.000002
vt  0.827953 0.003548 -0.000002
vt  0.796795 0.003548 -0.000001
vt  0.695573 0.003548 0.000006
vt  0.679998 0.003548 0.000008
vt  0.656659 0.003548 0.000014
vt  0.968115 0.003548 0.000005
vt  0.944768 0.003548 0.000001
vt  0.929186 0.003548 0.000000
vt  0.999224 0.998875 -0.000137
vt  0.999226 0.003548 0.000014
vt  0.051788 0.829404 4.000000
vt  0.051788 0.766366 4.000000
vt  0.004509 0.766366 4.000000
vt  0.004509 0.734847 4.000000
vt  0.130586 0.734847 4.000000
vt  0.130586 0.766366 4.000000
vt  0.083307 0.766366 4.000000
vt  0.083307 0.829404 4.000000
vt  0.130586 0.829404 4.000000
vt  0.130586 0.860923 4.000000
vt  0.483268 0.998875 -0.000013
vt  0.452111 0.998875 -0.000014
vt  0.428734 0.998875 -0.000016
vt  0.413142 0.998875 -0.000020
vt  0.350901 0.998875 -0.000043
vt  0.335329 0.998875 -0.000052
vt  0.311995 0.998875 -0.000072
vt  0.623449 0.998875 -0.000075
vt  0.600095 0.998875 -0.000050
vt  0.584509 0.998875 -0.000040
vt  0.483293 0.003548 -0.000002
vt  0.452135 0.003548 -0.000001
vt  0.428756 0.003548 -0.000000
vt  0.413160 0.003548 0.000001
vt  0.350913 0.003548 0.000006
vt  0.335338 0.003548 0.000008
vt  0.311999 0.003548 0.000014
vt  0.623455 0.003548 0.000005
vt  0.600108 0.003548 0.000001
vt  0.584526 0.003548 0.000000
vt  0.654564 0.998875 -0.000137
vt  0.654566 0.003548 0.000014
vt  0.866931 0.146205 -0.000004
vt  0.851331 0.146205 -0.000004
vt  0.944766 0.146205 -0.000006
vt  0.929184 0.146205 -0.000006
vt  0.428753 0.146205 -0.000003
vt  0.413158 0.146205 -0.000002
vt  0.350911 0.146205 -0.000001
vt  0.335336 0.146205 -0.000000
vt  0.851330 0.168549 -0.000004
vt  0.944766 0.168549 -0.000007
vt  0.929183 0.168549 -0.000006
vt  0.428752 0.168549 -0.000003
vt  0.413157 0.168549 -0.000003
vt  0.350911 0.168549 -0.000002
vt  0.335336 0.168549 -0.000002
vt  0.866930 0.168549 -0.000004
vt  0.851329 0.212119 -0.000004
vt  0.944766 0.212119 -0.000009
vt  0.929182 0.212119 -0.000008
vt  0.428751 0.212119 -0.000004
vt  0.413157 0.212119 -0.000004
vt  0.350910 0.212119 -0.000004
vt  0.335336 0.212119 -0.000004
vt  0.866929 0.212119 -0.000005
vt  0.851329 0.234599 -0.000005
vt  0.944765 0.234599 -0.000011
vt  0.929182 0.234599 -0.000009
vt  0.428751 0.234599 -0.000004
vt  0.413156 0.234599 -0.000004
vt  0.350910 0.234599 -0.000005
vt  0.335336 0.234599 -0.000006
vt  0.866929 0.234599 -0.000005
vt  0.851314 0.856227 -0.000013
vt  0.944757 0.856227 -0.000042
vt  0.929172 0.856227 -0.000034
vt  0.428738 0.856227 -0.000014
vt  0.413145 0.856227 -0.000017
vt  0.350902 0.856227 -0.000036
vt  0.335330 0.856227 -0.000043
vt  0.866915 0.856227 -0.000016
vt  0.866916 0.834116 -0.000015
vt  0.851314 0.834116 -0.000013
vt  0.944758 0.834116 -0.000041
vt  0.929172 0.834116 -0.000033
vt  0.428738 0.834116 -0.000014
vt  0.413145 0.834116 -0.000016
vt  0.350903 0.834116 -0.000035
vt  0.335331 0.834116 -0.000042
vt  0.866917 0.790304 -0.000014
vt  0.851315 0.790304 -0.000012
vt  0.944758 0.790304 -0.000039
vt  0.929173 0.790304 -0.000031
vt  0.428739 0.790304 -0.000013
vt  0.413146 0.790304 -0.000016
vt  0.350903 0.790304 -0.000033
vt  0.335331 0.790304 -0.000039
vt  0.866917 0.768409 -0.000014
vt  0.851316 0.768409 -0.000012
vt  0.944758 0.768409 -0.000038
vt  0.929173 0.768409 -0.000030
vt  0.428739 0.768409 -0.000013
vt  0.413147 0.768409 -0.000015
vt  0.350903 0.768409 -0.000032
vt  0.335331 0.768409 -0.000038
vt  0.890284 0.168549 -0.000005
vt  0.890283 0.212119 -0.000006
vt  0.890271 0.834116 -0.000022
vt  0.389796 0.834116 -0.000023
vt  0.890271 0.790304 -0.000021
vt  0.389796 0.790304 -0.000022
vt  0.906010 0.168549 -0.000006
vt  0.906009 0.212119 -0.000007
vt  0.905998 0.834116 -0.000026
vt  0.905999 0.790304 -0.000025
vt  0.374072 0.834116 -0.000028
vt  0.374072 0.790304 -0.000026
vt  0.413146 0.790304 -0.000016
vt  0.413145 0.834116 -0.000016
vt  0.389796 0.834116 -0.000023
vt  0.389796 0.790304 -0.000022
vt  0.374072 0.834116 -0.000028
vt  0.350903 0.834116 -0.000035
vt  0.350903 0.790304 -0.000033
vt  0.374072 0.790304 -0.000026
vt  0.452124 0.477232 -0.000007
vt  0.428746 0.477232 -0.000008
vt  0.413152 0.461680 -0.000009
vt  0.350907 0.461680 -0.000017
vt  0.335334 0.477232 -0.000020
vt  0.311997 0.477232 -0.000027
vt  0.654565 0.477232 -0.000058
vt  0.522262 0.523888 -0.000010
vt  0.506662 0.508336 -0.000008
vt  0.483280 0.508336 -0.000007
vt  0.623452 0.508336 -0.000036
vt  0.600102 0.508336 -0.000025
vt  0.584517 0.523888 -0.000021
vt  0.522264 0.461596 -0.000009
vt  0.506663 0.477148 -0.000008
vt  0.483281 0.477148 -0.000007
vt  0.623452 0.477148 -0.000033
vt  0.600102 0.477148 -0.000023
vt  0.584518 0.461596 -0.000018
vt  0.467660 0.492742 -0.000007
vt  0.639050 0.492742 -0.000047
vt  0.452123 0.508252 -0.000007
vt  0.428745 0.508252 -0.000008
vt  0.413151 0.523804 -0.000010
vt  0.350906 0.523804 -0.000020
vt  0.335333 0.508252 -0.000022
vt  0.311997 0.508252 -0.000030
vt  0.654565 0.508252 -0.000062
vt  0.467660 0.492742 -0.000007
vt  0.639050 0.492742 -0.000047
vt  0.866923 0.483674 -0.000009
vt  0.851322 0.499226 -0.000008
vt  0.827941 0.499226 -0.000007
vt  0.968112 0.499226 -0.000035
vt  0.944762 0.499226 -0.000024
vt  0.929178 0.483674 -0.000019
vt  0.796783 0.530330 -0.000008
vt  0.773405 0.530330 -0.000009
vt  0.757811 0.545882 -0.000010
vt  0.695566 0.545882 -0.000021
vt  0.679993 0.530330 -0.000024
vt  0.656657 0.530330 -0.000031
vt  0.999225 0.530330 -0.000066
vt  0.851322 0.530879 -0.000009
vt  0.827940 0.530879 -0.000008
vt  0.968112 0.530879 -0.000038
vt  0.944761 0.530879 -0.000026
vt  0.929177 0.546431 -0.000022
vt  0.866922 0.546431 -0.000010
vt  0.812087 0.515053 -0.000007
vt  0.983943 0.515053 -0.000051
vt  0.796783 0.499775 -0.000007
vt  0.773405 0.499775 -0.000008
vt  0.757812 0.484223 -0.000009
vt  0.695567 0.484223 -0.000018
vt  0.679993 0.499775 -0.000022
vt  0.656657 0.499775 -0.000029
vt  0.999225 0.499775 -0.000061
vt  0.812087 0.515053 -0.000007
vt  0.983943 0.515053 -0.000051
vt  0.506652 0.917114 -0.000014
vt  0.483270 0.917114 -0.000012
vt  0.452112 0.948257 -0.000013
vt  0.428736 0.948257 -0.000015
vt  0.413143 0.963809 -0.000019
vt  0.350901 0.963809 -0.000042
vt  0.335330 0.948257 -0.000049
vt  0.311995 0.948257 -0.000067
vt  0.654564 0.948257 -0.000129
vt  0.623449 0.917114 -0.000069
vt  0.600096 0.917114 -0.000045
vt  0.584511 0.901553 -0.000036
vt  0.522254 0.901553 -0.000016
vt  0.866932 0.106377 -0.000003
vt  0.851332 0.090834 -0.000003
vt  0.827951 0.090834 -0.000003
vt  0.968114 0.090834 -0.000002
vt  0.944767 0.090834 -0.000003
vt  0.929184 0.106377 -0.000004
vt  0.796794 0.059771 -0.000002
vt  0.773415 0.059771 -0.000001
vt  0.757820 0.044219 -0.000000
vt  0.695572 0.044219 0.000004
vt  0.679997 0.059771 0.000005
vt  0.656658 0.059771 0.000009
vt  0.999226 0.059771 0.000006
vt  0.522273 0.022151 -0.000002
vt  0.452134 0.068775 -0.000002
vt  0.428755 0.068775 -0.000001
vt  0.413159 0.084318 -0.000001
vt  0.350912 0.084318 0.000002
vt  0.335337 0.068775 0.000004
vt  0.311998 0.068775 0.000008
vt  0.654566 0.068775 0.000005
vt  0.506673 0.037703 -0.000002
vt  0.483292 0.037703 -0.000002
vt  0.623455 0.037703 0.000002
vt  0.600108 0.037703 -0.000000
vt  0.584526 0.022151 -0.000001
vt  0.851311 0.970324 -0.000014
vt  0.827929 0.970324 -0.000013
vt  0.796773 0.939191 -0.000013
vt  0.773396 0.939191 -0.000015
vt  0.757804 0.923630 -0.000018
vt  0.695562 0.923630 -0.000040
vt  0.679990 0.939191 -0.000048
vt  0.656655 0.939191 -0.000067
vt  0.999224 0.939191 -0.000128
vt  0.968109 0.970324 -0.000073
vt  0.944756 0.970324 -0.000048
vt  0.929169 0.985876 -0.000039
vt  0.866912 0.985876 -0.000018
vt  0.004043 0.995622 4.000000
vt  0.004043 0.964102 4.000000
vt  0.051322 0.964102 4.000000
vt  0.051322 0.901064 4.000000
vt  0.004043 0.901064 4.000000
vt  0.004043 0.869545 4.000000
vt  0.082841 0.901064 4.000000
vt  0.082841 0.964102 4.000000
vt  0.130120 0.964102 4.000000
vt  0.130120 0.995622 4.000000
vt  0.866912 0.998875 -0.000018
vt  0.851310 0.998875 -0.000015
vt  0.827928 0.998875 -0.000013
vt  0.796771 0.998875 -0.000014
vt  0.773395 0.998875 -0.000016
vt  0.757802 0.998875 -0.000020
vt  0.656655 0.998875 -0.000072
vt  0.968109 0.998875 -0.000075
vt  0.944755 0.998875 -0.000050
vt  0.929169 0.998875 -0.000040
vt  0.866934 0.003548 -0.000002
vt  0.851334 0.003548 -0.000002
vt  0.827953 0.003548 -0.000002
vt  0.796795 0.003548 -0.000001
vt  0.773416 0.003548 -0.000000
vt  0.757820 0.003548 0.000001
vt  0.656659 0.003548 0.000014
vt  0.968115 0.003548 0.000005
vt  0.944768 0.003548 0.000001
vt  0.929186 0.003548 0.000000
vt  0.999224 0.998875 -0.000137
vt  0.999226 0.003548 0.000014
vt  0.004509 0.860923 4.000000
vt  0.004509 0.829404 4.000000
vt  0.051788 0.829404 4.000000
vt  0.051788 0.766366 4.000000
vt  0.004509 0.766366 4.000000
vt  0.004509 0.734847 4.000000
vt  0.130586 0.734847 4.000000
vt  0.130586 0.766366 4.000000
vt  0.083307 0.766366 4.000000
vt  0.083307 0.829404 4.000000
vt  0.522252 0.998875 -0.000018
vt  0.506650 0.998875 -0.000015
vt  0.483268 0.998875 -0.000013
vt  0.452111 0.998875 -0.000014
vt  0.428734 0.998875 -0.000016
vt  0.413142 0.998875 -0.000020
vt  0.350901 0.998875 -0.000043
vt  0.335329 0.998875 -0.000052
vt  0.311995 0.998875 -0.000072
vt  0.623449 0.998875 -0.000075
vt  0.522274 0.003548 -0.000002
vt  0.506674 0.003548 -0.000002
vt  0.483293 0.003548 -0.000002
vt  0.452135 0.003548 -0.000001
vt  0.428756 0.003548 -0.000000
vt  0.413160 0.003548 0.000001
vt  0.350913 0.003548 0.000006
vt  0.335338 0.003548 0.000008
vt  0.311999 0.003548 0.000014
vt  0.623455 0.003548 0.000005
vt  0.654564 0.998875 -0.000137
vt  0.654566 0.003548 0.000014
vt  0.866931 0.146205 -0.000004
vt  0.851331 0.146205 -0.000004
vt  0.944766 0.146205 -0.000006
vt  0.929184 0.146205 -0.000006
vt  0.428753 0.146205 -0.000003
vt  0.413158 0.146205 -0.000002
vt  0.350911 0.146205 -0.000001
vt  0.335336 0.146205 -0.000000
vt  0.851330 0.168549 -0.000004
vt  0.944766 0.168549 -0.000007
vt  0.929183 0.168549 -0.000006
vt  0.428752 0.168549 -0.000003
vt  0.413157 0.168549 -0.000003
vt  0.350911 0.168549 -0.000002
vt  0.335336 0.168549 -0.000002
vt  0.866930 0.168549 -0.000004
vt  0.851329 0.212119 -0.000004
vt  0.944766 0.212119 -0.000009
vt  0.929182 0.212119 -0.000008
vt  0.428751 0.212119 -0.000004
vt  0.413157 0.212119 -0.000004
vt  0.350910 0.212119 -0.000004
vt  0.335336 0.212119 -0.000004
vt  0.866929 0.212119 -0.000005
vt  0.851329 0.234599 -0.000005
vt  0.944765 0.234599 -0.000011
vt  0.929182 0.234599 -0.000009
vt  0.428751 0.234599 -0.000004
vt  0.413156 0.234599 -0.000004
vt  0.350910 0.234599 -0.000005
vt  0.335336 0.234599 -0.000006
vt  0.866929 0.234599 -0.000005
vt  0.851314 0.856227 -0.000013
vt  0.944757 0.856227 -0.000042
vt  0.929172 0.856227 -0.000034
vt  0.428738 0.856227 -0.000014
vt  0.413145 0.856227 -0.000017
vt  0.350902 0.856227 -0.000036
vt  0.335330 0.856227 -0.000043
vt  0.866915 0.856227 -0.000016
vt  0.866916 0.834116 -0.000015
vt  0.851314 0.834116 -0.000013
vt  0.944758 0.834116 -0.000041
vt  0.929172 0.834116 -0.000033
vt  0.428738 0.834116 -0.000014
vt  0.413145 0.834116 -0.000016
vt  0.350903 0.834116 -0.000035
vt  0.335331 0.834116 -0.000042
vt  0.866917 0.790304 -0.000014
vt  0.851315 0.790304 -0.000012
vt  0.944758 0.790304 -0.000039
vt  0.929173 0.790304 -0.000031
vt  0.428739 0.790304 -0.000013
vt  0.413146 0.790304 -0.000016
vt  0.350903 0.790304 -0.000033
vt  0.335331 0.790304 -0.000039
vt  0.866917 0.768409 -0.000014
vt  0.851316 0.768409 -0.000012
vt  0.944758 0.768409 -0.000038
vt  0.929173 0.768409 -0.000030
vt  0.428739 0.768409 -0.000013
vt  0.413147 0.768409 -0.000015
vt  0.350903 0.768409 -0.000032
vt  0.335331 0.768409 -0.000038
vt  0.890284 0.168549 -0.000005
vt  0.890283 0.212119 -0.000006
vt  0.890271 0.834116 -0.000022
vt  0.389796 0.834116 -0.000023
vt  0.890271 0.790304 -0.000021
vt  0.389796 0.790304 -0.000022
vt  0.906010 0.168549 -0.000006
vt  0.906009 0.212119 -0.000007
vt  0.905998 0.834116 -0.000026
vt  0.905999 0.790304 -0.000025
vt  0.374072 0.834116 -0.000028
vt  0.374072 0.790304 -0.000026
vt  0.413146 0.790304 -0.000016
vt  0.413145 0.834116 -0.000016
vt  0.389796 0.834116 -0.000023
vt  0.389796 0.790304 -0.000022
vt  0.374072 0.834116 -0.000028
vt  0.350903 0.834116 -0.000035
vt  0.350903 0.790304 -0.000033
vt  0.374072 0.790304 -0.000026
vt  0.452124 0.477232 -0.000007
vt  0.428746 0.477232 -0.000008
vt  0.413152 0.461680 -0.000009
vt  0.350907 0.461680 -0.000017
vt  0.335334 0.477232 -0.000020
vt  0.311997 0.477232 -0.000027
vt  0.654565 0.477232 -0.000058
vt  0.522262 0.523888 -0.000010
vt  0.506662 0.508336 -0.000008
vt  0.483280 0.508336 -0.000007
vt  0.623452 0.508336 -0.000036
vt  0.600102 0.508336 -0.000025
vt  0.584517 0.523888 -0.000021
vt  0.522264 0.461596 -0.000009
vt  0.506663 0.477148 -0.000008
vt  0.483281 0.477148 -0.000007
vt  0.623452 0.477148 -0.000033
vt  0.600102 0.477148 -0.000023
vt  0.584518 0.461596 -0.000018
vt  0.467660 0.492742 -0.000007
vt  0.639050 0.492742 -0.000047
vt  0.452123 0.508252 -0.000007
vt  0.428745 0.508252 -0.000008
vt  0.413151 0.523804 -0.000010
vt  0.350906 0.523804 -0.000020
vt  0.335333 0.508252 -0.000022
vt  0.311997 0.508252 -0.000030
vt  0.654565 0.508252 -0.000062
vt  0.467660 0.492742 -0.000007
vt  0.639050 0.492742 -0.000047
vt  0.866923 0.483674 -0.000009
vt  0.851322 0.499226 -0.000008
vt  0.827941 0.499226 -0.000007
vt  0.968112 0.499226 -0.000035
vt  0.944762 0.499226 -0.000024
vt  0.929178 0.483674 -0.000019
vt  0.796783 0.530330 -0.000008
vt  0.773405 0.530330 -0.000009
vt  0.757811 0.545882 -0.000010
vt  0.695566 0.545882 -0.000021
vt  0.679993 0.530330 -0.000024
vt  0.656657 0.530330 -0.000031
vt  0.999225 0.530330 -0.000066
vt  0.851322 0.530879 -0.000009
vt  0.827940 0.530879 -0.000008
vt  0.968112 0.530879 -0.000038
vt  0.944761 0.530879 -0.000026
vt  0.929177 0.546431 -0.000022
vt  0.866922 0.546431 -0.000010
vt  0.812087 0.515053 -0.000007
vt  0.983943 0.515053 -0.000051
vt  0.796783 0.499775 -0.000007
vt  0.773405 0.499775 -0.000008
vt  0.757812 0.484223 -0.000009
vt  0.695567 0.484223 -0.000018
vt  0.679993 0.499775 -0.000022
vt  0.656657 0.499775 -0.000029
vt  0.999225 0.499775 -0.000061
vt  0.812087 0.515053 -0.000007
vt  0.983943 0.515053 -0.000051
vt  0.506652 0.917114 -0.000014
vt  0.483270 0.917114 -0.000012
vt  0.452112 0.948257 -0.000013
vt  0.428736 0.948257 -0.000015
vt  0.413143 0.963809 -0.000019
vt  0.350901 0.963809 -0.000042
vt  0.335330 0.948257 -0.000049
vt  0.311995 0.948257 -0.000067
vt  0.654564 0.948257 -0.000129
vt  0.623449 0.917114 -0.000069
vt  0.600096 0.917114 -0.000045
vt  0.584511 0.901553 -0.000036
vt  0.522254 0.901553 -0.000016
vt  0.866932 0.106377 -0.000003
vt  0.851332 0.090834 -0.000003
vt  0.827951 0.090834 -0.000003
vt  0.968114 0.090834 -0.000002
vt  0.944767 0.090834 -0.000003
vt  0.929184 0.106377 -0.000004
vt  0.796794 0.059771 -0.000002
vt  0.773415 0.059771 -0.000001
vt  0.757820 0.044219 -0.000000
vt  0.695572 0.044219 0.000004
vt  0.679997 0.059771 0.000005
vt  0.656658 0.059771 0.000009
vt  0.999226 0.059771 0.000006
vt  0.522273 0.022151 -0.000002
vt  0.452134 0.068775 -0.000002
vt  0.428755 0.068775 -0.000001
vt  0.413159 0.084318 -0.000001
vt  0.350912 0.084318 0.000002
vt  0.335337 0.068775 0.000004
vt  0.311998 0.068775 0.000008
vt  0.654566 0.068775 0.000005
vt  0.506673 0.037703 -0.000002
vt  0.483292 0.037703 -0.000002
vt  0.623455 0.037703 0.000002
vt  0.600108 0.037703 -0.000000
vt  0.584526 0.022151 -0.000001
vt  0.851311 0.970324 -0.000014
vt  0.827929 0.970324 -0.000013
vt  0.796773 0.939191 -0.000013
vt  0.773396 0.939191 -0.000015
vt  0.757804 0.923630 -0.000018
vt  0.695562 0.923630 -0.000040
vt  0.679990 0.939191 -0.000048
vt  0.656655 0.939191 -0.000067
vt  0.999224 0.939191 -0.000128
vt  0.968109 0.970324 -0.000073
vt  0.944756 0.970324 -0.000048
vt  0.929169 0.985876 -0.000039
vt  0.866912 0.985876 -0.000018
vt  0.146551 0.995622 -4.000000
vt  0.146551 0.964102 -4.000000
vt  0.193830 0.964102 -4.000000
vt  0.193830 0.901064 -4.000000
vt  0.272628 0.869545 -4.000000
vt  0.272628 0.901064 -4.000000
vt  0.225349 0.901064 -4.000000
vt  0.225349 0.964102 -4.000000
vt  0.272628 0.964102 -4.000000
vt  0.272628 0.995622 -4.000000
vt  0.866912 0.998875 -0.000018
vt  0.851310 0.998875 -0.000015
vt  0.827928 0.998875 -0.000013
vt  0.796771 0.998875 -0.000014
vt  0.695561 0.998875 -0.000043
vt  0.679989 0.998875 -0.000052
vt  0.656655 0.998875 -0.000072
vt  0.968109 0.998875 -0.000075
vt  0.944755 0.998875 -0.000050
vt  0.929169 0.998875 -0.000040
vt  0.866934 0.003548 -0.000002
vt  0.851334 0.003548 -0.000002
vt  0.827953 0.003548 -0.000002
vt  0.796795 0.003548 -0.000001
vt  0.695573 0.003548 0.000006
vt  0.679998 0.003548 0.000008
vt  0.656659 0.003548 0.000014
vt  0.968115 0.003548 0.000005
vt  0.944768 0.003548 0.000001
vt  0.929186 0.003548 0.000000
vt  0.999224 0.998875 -0.000137
vt  0.999226 0.003548 0.000014
vt  0.194296 0.829404 -4.000000
vt  0.194296 0.766366 -4.000000
vt  0.147017 0.766366 -4.000000
vt  0.147017 0.734847 -4.000000
vt  0.273094 0.734847 -4.000000
vt  0.273094 0.766366 -4.000000
vt  0.225815 0.766366 -4.000000
vt  0.225815 0.829404 -4.000000
vt  0.273094 0.829404 -4.000000
vt  0.273094 0.860923 -4.000000
vt  0.483268 0.998875 -0.000013
vt  0.452111 0.998875 -0.000014
vt  0.428734 0.998875 -0.000016
vt  0.413142 0.998875 -0.000020
vt  0.350901 0.998875 -0.000043
vt  0.335329 0.998875 -0.000052
vt  0.311995 0.998875 -0.000072
vt  0.623449 0.998875 -0.000075
vt  0.600095 0.998875 -0.000050
vt  0.584509 0.998875 -0.000040
vt  0.483293 0.003548 -0.000002
vt  0.452135 0.003548 -0.000001
vt  0.428756 0.003548 -0.000000
vt  0.413160 0.003548 0.000001
vt  0.350913 0.003548 0.000006
vt  0.335338 0.003548 0.000008
vt  0.311999 0.003548 0.000014
vt  0.623455 0.003548 0.000005
vt  0.600108 0.003548 0.000001
vt  0.584526 0.003548 0.000000
vt  0.654564 0.998875 -0.000137
vt  0.654566 0.003548 0.000014
vt  0.866931 0.146205 -0.000004
vt  0.851331 0.146205 -0.000004
vt  0.944766 0.146205 -0.000006
vt  0.929184 0.146205 -0.000006
vt  0.428753 0.146205 -0.000003
vt  0.413158 0.146205 -0.000002
vt  0.350911 0.146205 -0.000001
vt  0.335336 0.146205 -0.000000
vt  0.851330 0.168549 -0.000004
vt  0.944766 0.168549 -0.000007
vt  0.929183 0.168549 -0.000006
vt  0.428752 0.168549 -0.000003
vt  0.413157 0.168549 -0.000003
vt  0.350911 0.168549 -0.000002
vt  0.335336 0.168549 -0.000002
vt  0.866930 0.168549 -0.000004
vt  0.851329 0.212119 -0.000004
vt  0.944766 0.212119 -0.000009
vt  0.929182 0.212119 -0.000008
vt  0.428751 0.212119 -0.000004
vt  0.413157 0.212119 -0.000004
vt  0.350910 0.212119 -0.000004
vt  0.335336 0.212119 -0.000004
vt  0.866929 0.212119 -0.000005
vt  0.851329 0.234599 -0.000005
vt  0.944765 0.234599 -0.000011
vt  0.929182 0.234599 -0.000009
vt  0.428751 0.234599 -0.000004
vt  0.413156 0.234599 -0.000004
vt  0.350910 0.234599 -0.000005
vt  0.335336 0.234599 -0.000006
vt  0.866929 0.234599 -0.000005
vt  0.851314 0.856227 -0.000013
vt  0.944757 0.856227 -0.000042
vt  0.929172 0.856227 -0.000034
vt  0.428738 0.856227 -0.000014
vt  0.413145 0.856227 -0.000017
vt  0.350902 0.856227 -0.000036
vt  0.335330 0.856227 -0.000043
vt  0.866915 0.856227 -0.000016
vt  0.866916 0.834116 -0.000015
vt  0.851314 0.834116 -0.000013
vt  0.944758 0.834116 -0.000041
vt  0.929172 0.834116 -0.000033
vt  0.428738 0.834116 -0.000014
vt  0.413145 0.834116 -0.000016
vt  0.350903 0.834116 -0.000035
vt  0.335331 0.834116 -0.000042
vt  0.866917 0.790304 -0.000014
vt  0.851315 0.790304 -0.000012
vt  0.944758 0.790304 -0.000039
vt  0.929173 0.790304 -0.000031
vt  0.428739 0.790304 -0.000013
vt  0.413146 0.790304 -0.000016
vt  0.350903 0.790304 -0.000033
vt  0.335331 0.790304 -0.000039
vt  0.866917 0.768409 -0.000014
vt  0.851316 0.768409 -0.000012
vt  0.944758 0.768409 -0.000038
vt  0.929173 0.768409 -0.000030
vt  0.428739 0.768409 -0.000013
vt  0.413147 0.768409 -0.000015
vt  0.350903 0.768409 -0.000032
vt  0.335331 0.768409 -0.000038
vt  0.890284 0.168549 -0.000005
vt  0.890283 0.212119 -0.000006
vt  0.890271 0.834116 -0.000022
vt  0.389796 0.834116 -0.000023
vt  0.890271 0.790304 -0.000021
vt  0.389796 0.790304 -0.000022
vt  0.906010 0.168549 -0.000006
vt  0.906009 0.212119 -0.000007
vt  0.905998 0.834116 -0.000026
vt  0.905999 0.790304 -0.000025
vt  0.374072 0.834116 -0.000028
vt  0.374072 0.790304 -0.000026
vt  0.413146 0.790304 -0.000016
vt  0.413145 0.834116 -0.000016
vt  0.389796 0.834116 -0.000023
vt  0.389796 0.790304 -0.000022
vt  0.374072 0.834116 -0.000028
vt  0.350903 0.834116 -0.000035
vt  0.350903 0.790304 -0.000033
vt  0.374072 0.790304 -0.000026
vt  0.452124 0.477232 -0.000007
vt  0.428746 0.477232 -0.000008
vt  0.413152 0.461680 -0.000009
vt  0.350907 0.461680 -0.000017
vt  0.335334 0.477232 -0.000020
vt  0.311997 0.477232 -0.000027
vt  0.654565 0.477232 -0.000058
vt  0.522262 0.523888 -0.000010
vt  0.506662 0.508336 -0.000008
vt  0.483280 0.508336 -0.000007
vt  0.623452 0.508336 -0.000036
vt  0.600102 0.508336 -0.000025
vt  0.584517 0.523888 -0.000021
vt  0.522264 0.461596 -0.000009
vt  0.506663 0.477148 -0.000008
vt  0.483281 0.477148 -0.000007
vt  0.623452 0.477148 -0.000033
vt  0.600102 0.477148 -0.000023
vt  0.584518 0.461596 -0.000018
vt  0.467660 0.492742 -0.000007
vt  0.639050 0.492742 -0.000047
vt  0.452123 0.508252 -0.000007
vt  0.428745 0.508252 -0.000008
vt  0.413151 0.523804 -0.000010
vt  0.350906 0.523804 -0.000020
vt  0.335333 0.508252 -0.000022
vt  0.311997 0.508252 -0.000030
vt  0.654565 0.508252 -0.000062
vt  0.467660 0.492742 -0.000007
vt  0.639050 0.492742 -0.000047
vt  0.866923 0.483674 -0.000009
vt  0.851322 0.499226 -0.000008
vt  0.827941 0.499226 -0.000007
vt  0.968112 0.499226 -0.000035
vt  0.944762 0.499226 -0.000024
vt  0.929178 0.483674 -0.000019
vt  0.796783 0.530330 -0.000008
vt  0.773405 0.530330 -0.000009
vt  0.757811 0.545882 -0.000010
vt  0.695566 0.545882 -0.000021
vt  0.679993 0.530330 -0.000024
vt  0.656657 0.530330 -0.000031
vt  0.999225 0.530330 -0.000066
vt  0.851322 0.530879 -0.000009
vt  0.827940 0.530879 -0.000008
vt  0.968112 0.530879 -0.000038
vt  0.944761 0.530879 -0.000026
vt  0.929177 0.546431 -0.000022
vt  0.866922 0.546431 -0.000010
vt  0.812087 0.515053 -0.000007
vt  0.983943 0.515053 -0.000051
vt  0.796783 0.499775 -0.000007
vt  0.773405 0.499775 -0.000008
vt  0.757812 0.484223 -0.000009
vt  0.695567 0.484223 -0.000018
vt  0.679993 0.499775 -0.000022
vt  0.656657 0.499775 -0.000029
vt  0.999225 0.499775 -0.000061
vt  0.812087 0.515053 -0.000007
vt  0.983943 0.515053 -0.000051
vt  0.506652 0.917114 -0.000014
vt  0.483270 0.917114 -0.000012
vt  0.452112 0.948257 -0.000013
vt  0.428736 0.948257 -0.000015
vt  0.413143 0.963809 -0.000019
vt  0.350901 0.963809 -0.000042
vt  0.335330 0.948257 -0.000049
vt  0.311995 0.948257 -0.000067
vt  0.654564 0.948257 -0.000129
vt  0.623449 0.917114 -0.000069
vt  0.600096 0.917114 -0.000045
vt  0.584511 0.901553 -0.000036
vt  0.522254 0.901553 -0.000016
vt  0.866932 0.106377 -0.000003
vt  0.851332 0.090834 -0.000003
vt  0.827951 0.090834 -0.000003
vt  0.968114 0.090834 -0.000002
vt  0.944767 0.090834 -0.000003
vt  0.929184 0.106377 -0.000004
vt  0.796794 0.059771 -0.000002
vt  0.773415 0.059771 -0.000001
vt  0.757820 0.044219 -0.000000
vt  0.695572 0.044219 0.000004
vt  0.679997 0.059771 0.000005
vt  0.656658 0.059771 0.000009
vt  0.999226 0.059771 0.000006
vt  0.522273 0.022151 -0.000002
vt  0.452134 0.068775 -0.000002
vt  0.428755 0.068775 -0.000001
vt  0.413159 0.084318 -0.000001
vt  0.350912 0.084318 0.000002
vt  0.335337 0.068775 0.000004
vt  0.311998 0.068775 0.000008
vt  0.654566 0.068775 0.000005
vt  0.506673 0.037703 -0.000002
vt  0.483292 0.037703 -0.000002
vt  0.623455 0.037703 0.000002
vt  0.600108 0.037703 -0.000000
vt  0.584526 0.022151 -0.000001
vt  0.851311 0.970324 -0.000014
vt  0.827929 0.970324 -0.000013
vt  0.796773 0.939191 -0.000013
vt  0.773396 0.939191 -0.000015
vt  0.757804 0.923630 -0.000018
vt  0.695562 0.923630 -0.000040
vt  0.679990 0.939191 -0.000048
vt  0.656655 0.939191 -0.000067
vt  0.999224 0.939191 -0.000128
vt  0.968109 0.970324 -0.000073
vt  0.944756 0.970324 -0.000048
vt  0.929169 0.985876 -0.000039
vt  0.866912 0.985876 -0.000018
vt  0.146551 0.995622 -4.000000
vt  0.146551 0.964102 -4.000000
vt  0.193830 0.964102 -4.000000
vt  0.193830 0.901064 -4.000000
vt  0.146551 0.901064 -4.000000
vt  0.146551 0.869545 -4.000000
vt  0.225349 0.901064 -4.000000
vt  0.225349 0.964102 -4.000000
vt  0.272628 0.964102 -4.000000
vt  0.272628 0.995622 -4.000000
vt  0.866912 0.998875 -0.000018
vt  0.851310 0.998875 -0.000015
vt  0.827928 0.998875 -0.000013
vt  0.796771 0.998875 -0.000014
vt  0.773395 0.998875 -0.000016
vt  0.757802 0.998875 -0.000020
vt  0.656655 0.998875 -0.000072
vt  0.968109 0.998875 -0.000075
vt  0.944755 0.998875 -0.000050
vt  0.929169 0.998875 -0.000040
vt  0.866934 0.003548 -0.000002
vt  0.851334 0.003548 -0.000002
vt  0.827953 0.003548 -0.000002
vt  0.796795 0.003548 -0.000001
vt  0.773416 0.003548 -0.000000
vt  0.757820 0.003548 0.000001
vt  0.656659 0.003548 0.000014
vt  0.968115 0.003548 0.000005
vt  0.944768 0.003548 0.000001
vt  0.929186 0.003548 0.000000
vt  0.999224 0.998875 -0.000137
vt  0.999226 0.003548 0.000014
vt  0.147017 0.860923 -4.000000
vt  0.147017 0.829404 -4.000000
vt  0.194296 0.829404 -4.000000
vt  0.194296 0.766366 -4.000000
vt  0.147017 0.766366 -4.000000
vt  0.147017 0.734847 -4.000000
vt  0.273094 0.734847 -4.000000
vt  0.273094 0.766366 -4.000000
vt  0.225815 0.766366 -4.000000
vt  0.225815 0.829404 -4.000000
vt  0.522252 0.998875 -0.000018
vt  0.506650 0.998875 -0.000015
vt  0.483268 0.998875 -0.000013
vt  0.452111 0.998875 -0.000014
vt  0.428734 0.998875 -0.000016
vt  0.413142 0.998875 -0.000020
vt  0.350901 0.998875 -0.000043
vt  0.335329 0.998875 -0.000052
vt  0.311995 0.998875 -0.000072
vt  0.623449 0.998875 -0.000075
vt  0.522274 0.003548 -0.000002
vt  0.506674 0.003548 -0.000002
vt  0.483293 0.003548 -0.000002
vt  0.452135 0.003548 -0.000001
vt  0.428756 0.003548 -0.000000
vt  0.413160 0.003548 0.000001
vt  0.350913 0.003548 0.000006
vt  0.335338 0.003548 0.000008
vt  0.311999 0.003548 0.000014
vt  0.623455 0.003548 0.000005
vt  0.654564 0.998875 -0.000137
vt  0.654566 0.003548 0.000014
vt  0.866931 0.146205 -0.000004
vt  0.851331 0.146205 -0.000004
vt  0.944766 0.146205 -0.000006
vt  0.929184 0.146205 -0.000006
vt  0.428753 0.146205 -0.000003
vt  0.413158 0.146205 -0.000002
vt  0.350911 0.146205 -0.000001
vt  0.335336 0.146205 -0.000000
vt  0.851330 0.168549 -0.000004
vt  0.944766 0.168549 -0.000007
vt  0.929183 0.168549 -0.000006
vt  0.428752 0.168549 -0.000003
vt  0.413157 0.168549 -0.000003
vt  0.350911 0.168549 -0.000002
vt  0.335336 0.168549 -0.000002
vt  0.866930 0.168549 -0.000004
vt  0.851329 0.212119 -0.000004
vt  0.944766 0.212119 -0.000009
vt  0.929182 0.212119 -0.000008
vt  0.428751 0.212119 -0.000004
vt  0.413157 0.212119 -0.000004
vt  0.350910 0.212119 -0.000004
vt  0.335336 0.212119 -0.000004
vt  0.866929 0.212119 -0.000005
vt  0.851329 0.234599 -0.000005
vt  0.944765 0.234599 -0.000011
vt  0.929182 0.234599 -0.000009
vt  0.428751 0.234599 -0.000004
vt  0.413156 0.234599 -0.000004
vt  0.350910 0.234599 -0.000005
vt  0.335336 0.234599 -0.000006
vt  0.866929 0.234599 -0.000005
vt  0.851314 0.856227 -0.000013
vt  0.944757 0.856227 -0.000042
vt  0.929172 0.856227 -0.000034
vt  0.428738 0.856227 -0.000014
vt  0.413145 0.856227 -0.000017
vt  0.350902 0.856227 -0.000036
vt  0.335330 0.856227 -0.000043
vt  0.866915 0.856227 -0.000016
vt  0.866916 0.834116 -0.000015
vt  0.851314 0.834116 -0.000013
vt  0.944758 0.834116 -0.000041
vt  0.929172 0.834116 -0.000033
vt  0.428738 0.834116 -0.000014
vt  0.413145 0.834116 -0.000016
vt  0.350903 0.834116 -0.000035
vt  0.335331 0.834116 -0.000042
vt  0.866917 0.790304 -0.000014
vt  0.851315 0.790304 -0.000012
vt  0.944758 0.790304 -0.000039
vt  0.929173 0.790304 -0.000031
vt  0.428739 0.790304 -0.000013
vt  0.413146 0.790304 -0.000016
vt  0.350903 0.790304 -0.000033
vt  0.335331 0.790304 -0.000039
vt  0.866917 0.768409 -0.000014
vt  0.851316 0.768409 -0.000012
vt  0.944758 0.768409 -0.000038
vt  0.929173 0.768409 -0.000030
vt  0.428739 0.768409 -0.000013
vt  0.413147 0.768409 -0.000015
vt  0.350903 0.768409 -0.000032
vt  0.335331 0.768409 -0.000038
vt  0.890284 0.168549 -0.000005
vt  0.890283 0.212119 -0.000006
vt  0.890271 0.834116 -0.000022
vt  0.389796 0.834116 -0.000023
vt  0.890271 0.790304 -0.000021
vt  0.389796 0.790304 -0.000022
vt  0.906010 0.168549 -0.000006
vt  0.906009 0.212119 -0.000007
vt  0.905998 0.834116 -0.000026
vt  0.905999 0.790304 -0.000025
vt  0.374072 0.834116 -0.000028
vt  0.374072 0.790304 -0.000026
vt  0.413146 0.790304 -0.000016
vt  0.413145 0.834116 -0.000016
vt  0.389796 0.834116 -0.000023
vt  0.389796 0.790304 -0.000022
vt  0.374072 0.834116 -0.000028
vt  0.350903 0.834116 -0.000035
vt  0.350903 0.790304 -0.000033
vt  0.374072 0.790304 -0.000026
vt  0.452124 0.477232 -0.000007
vt  0.428746 0.477232 -0.000008
vt  0.413152 0.461680 -0.000009
vt  0.350907 0.461680 -0.000017
vt  0.335334 0.477232 -0.000020
vt  0.311997 0.477232 -0.000027
vt  0.654565 0.477232 -0.000058
vt  0.522262 0.523888 -0.000010
vt  0.506662 0.508336 -0.000008
vt  0.483280 0.508336 -0.000007
vt  0.623452 0.508336 -0.000036
vt  0.600102 0.508336 -0.000025
vt  0.584517 0.523888 -0.000021
vt  0.522264 0.461596 -0.000009
vt  0.506663 0.477148 -0.000008
vt  0.483281 0.477148 -0.000007
vt  0.623452 0.477148 -0.000033
vt  0.600102 0.477148 -0.000023
vt  0.584518 0.461596 -0.000018
vt  0.467660 0.492742 -0.000007
vt  0.639050 0.492742 -0.000047
vt  0.452123 0.508252 -0.000007
vt  0.428745 0.508252 -0.000008
vt  0.413151 0.523804 -0.000010
vt  0.350906 0.523804 -0.000020
vt  0.335333 0.508252 -0.000022
vt  0.311997 0.508252 -0.000030
vt  0.654565 0.508252 -0.000062
vt  0.467660 0.492742 -0.000007
vt  0.639050 0.492742 -0.000047
vt  0.866923 0.483674 -0.000009
vt  0.851322 0.499226 -0.000008
vt  0.827941 0.499226 -0.000007
vt  0.968112 0.499226 -0.000035
vt  0.944762 0.499226 -0.000024
vt  0.929178 0.483674 -0.000019
vt  0.796783 0.530330 -0.000008
vt  0.773405 0.530330 -0.000009
vt  0.757811 0.545882 -0.000010
vt  0.695566 0.545882 -0.000021
vt  0.679993 0.530330 -0.000024
vt  0.656657 0.530330 -0.000031
vt  0.999225 0.530330 -0.000066
vt  0.851322 0.530879 -0.000009
vt  0.827940 0.530879 -0.000008
vt  0.968112 0.530879 -0.000038
vt  0.944761 0.530879 -0.000026
vt  0.929177 0.546431 -0.000022
vt  0.866922 0.546431 -0.000010
vt  0.812087 0.515053 -0.000007
vt  0.983943 0.515053 -0.000051
vt  0.796783 0.499775 -0.000007
vt  0.773405 0.499775 -0.000008
vt  0.757812 0.484223 -0.000009
vt  0.695567 0.484223 -0.000018
vt  0.679993 0.499775 -0.000022
vt  0.656657 0.499775 -0.000029
vt  0.999225 0.499775 -0.000061
vt  0.812087 0.515053 -0.000007
vt  0.983943 0.515053 -0.000051
vt  0.506652 0.917114 -0.000014
vt  0.483270 0.917114 -0.000012
vt  0.452112 0.948257 -0.000013
vt  0.428736 0.948257 -0.000015
vt  0.413143 0.963809 -0.000019
vt  0.350901 0.963809 -0.000042
vt  0.335330 0.948257 -0.000049
vt  0.311995 0.948257 -0.000067
vt  0.654564 0.948257 -0.000129
vt  0.623449 0.917114 -0.000069
vt  0.600096 0.917114 -0.000045
vt  0.584511 0.901553 -0.000036
vt  0.522254 0.901553 -0.000016
vt  0.866932 0.106377 -0.000003
vt  0.851332 0.090834 -0.000003
vt  0.827951 0.090834 -0.000003
vt  0.968114 0.090834 -0.000002
vt  0.944767 0.090834 -0.000003
vt  0.929184 0.106377 -0.000004
vt  0.796794 0.059771 -0.000002
vt  0.773415 0.059771 -0.000001
vt  0.757820 0.044219 -0.000000
vt  0.695572 0.044219 0.000004
vt  0.679997 0.059771 0.000005
vt  0.656658 0.059771 0.000009
vt  0.999226 0.059771 0.000006
vt  0.522273 0.022151 -0.000002
vt  0.452134 0.068775 -0.000002
vt  0.428755 0.068775 -0.000001
vt  0.413159 0.084318 -0.000001
vt  0.350912 0.084318 0.000002
vt  0.335337 0.068775 0.000004
vt  0.311998 0.068775 0.000008
vt  0.654566 0.068775 0.000005
vt  0.506673 0.037703 -0.000002
vt  0.483292 0.037703 -0.000002
vt  0.623455 0.037703 0.000002
vt  0.600108 0.037703 -0.000000
vt  0.584526 0.022151 -0.000001
vt  0.851311 0.970324 -0.000014
vt  0.827929 0.970324 -0.000013
vt  0.796773 0.939191 -0.000013
vt  0.773396 0.939191 -0.000015
vt  0.757804 0.923630 -0.000018
vt  0.695562 0.923630 -0.000040
vt  0.679990 0.939191 -0.000048
vt  0.656655 0.939191 -0.000067
vt  0.999224 0.939191 -0.000128
vt  0.968109 0.970324 -0.000073
vt  0.944756 0.970324 -0.000048
vt  0.929169 0.985876 -0.000039
vt  0.866912 0.985876 -0.000018
vt  0.788979 0.998875 -0.000014
vt  0.789002 0.003548 -0.000001
vt  0.789002 0.003548 -0.000001
vt  0.788979 0.998875 -0.000014
vt  0.726682 0.998875 -0.000032
vt  0.726696 0.003548 0.000003
vt  0.726696 0.003548 0.000003
vt  0.726682 0.998875 -0.000032
vt  0.789002 0.003548 -0.000001
vt  0.035562 0.901064 4.000000
vt  0.726696 0.003548 0.000003
vt  0.067081 0.869545 4.000000
vt  0.788979 0.998875 -0.000014
vt  0.178070 0.901064 -4.000000
vt  0.726682 0.998875 -0.000032
vt  0.209589 0.869545 -4.000000
vt  0.615664 0.998875 -0.000067
vt  0.615673 0.003548 0.000004
vt  0.615672 0.003548 0.000004
vt  0.615664 0.998875 -0.000067
vt  0.553381 0.998875 -0.000029
vt  0.553400 0.003548 -0.000001
vt  0.553400 0.003548 -0.000001
vt  0.553381 0.998875 -0.000029
vt  0.615672 0.003548 0.000004
vt  0.099067 0.829404 4.000000
vt  0.067548 0.860923 4.000000
vt  0.553400 0.003548 -0.000001
vt  0.615664 0.998875 -0.000067
vt  0.241575 0.829404 -4.000000
vt  0.210056 0.860923 -4.000000
vt  0.553381 0.998875 -0.000029
vt  0.491062 0.998875 -0.000014
vt  0.491087 0.003548 -0.000002
vt  0.491087 0.003548 -0.000002
vt  0.491062 0.998875 -0.000014
vt  0.553381 0.998875 -0.000029
vt  0.553400 0.003548 -0.000001
vt  0.553400 0.003548 -0.000001
vt  0.553381 0.998875 -0.000029
vt  0.726682 0.998875 -0.000032
vt  0.726696 0.003548 0.000003
vt  0.726696 0.003548 0.000003
vt  0.726682 0.998875 -0.000032
vt  0.664433 0.998875 -0.000065
vt  0.664438 0.003548 0.000012
vt  0.664438 0.003548 0.000012
vt  0.664433 0.998875 -0.000065
vt  0.491087 0.003548 -0.000002
vt  0.036028 0.829404 4.000000
vt  0.553400 0.003548 -0.000001
vt  0.067548 0.860923 4.000000
vt  0.726696 0.003548 0.000003
vt  0.067081 0.869545 4.000000
vt  0.664438 0.003548 0.000012
vt  0.098601 0.901064 4.000000
vt  0.491062 0.998875 -0.000014
vt  0.178537 0.829404 -4.000000
vt  0.553381 0.998875 -0.000029
vt  0.210056 0.860923 -4.000000
vt  0.726682 0.998875 -0.000032
vt  0.209590 0.869545 -4.000000
vt  0.664433 0.998875 -0.000065
vt  0.241109 0.901064 -4.000000
vt  0.851314 0.827803 -0.000013
vt  0.827932 0.827803 -0.000011
vt  0.796775 0.858907 -0.000012
vt  0.695562 0.874459 -0.000037
vt  0.679990 0.858907 -0.000043
vt  0.656656 0.858907 -0.000060
vt  0.999224 0.858907 -0.000116
vt  0.968110 0.827803 -0.000062
vt  0.944758 0.827803 -0.000041
vt  0.483290 0.143516 -0.000003
vt  0.452131 0.174620 -0.000003
vt  0.428752 0.174620 -0.000003
vt  0.335336 0.174620 -0.000002
vt  0.311998 0.174620 -0.000001
vt  0.654566 0.174620 -0.000012
vt  0.623454 0.143516 -0.000006
vt  0.600106 0.143516 -0.000006
vt  0.584524 0.127964 -0.000005
vt  0.413157 0.190290 -0.000003
vt  0.413146 0.812166 -0.000016
vt  0.350910 0.190290 -0.000003
vt  0.350903 0.812167 -0.000034
vt  0.866916 0.812236 -0.000015
vt  0.929172 0.812236 -0.000032
vt  0.905998 0.812236 -0.000026
vt  0.890271 0.812236 -0.000021
vt  0.389796 0.812197 -0.000023
vt  0.812363 0.075293 -0.000002
vt  0.374072 0.812197 -0.000027
vt  0.983680 0.075293 0.000002
vt  0.467389 0.493013 -0.000007
vt  0.812363 0.515329 -0.000007
vt  0.467933 0.493015 -0.000007
vt  0.812364 0.514776 -0.000007
vt  0.638778 0.493015 -0.000047
vt  0.983666 0.514776 -0.000050
vt  0.639321 0.493013 -0.000047
vt  0.983667 0.515329 -0.000050
vt  0.983648 0.954776 -0.000100
vt  0.983633 0.734575 -0.000083
vt  0.983633 0.734575 -0.000083
vt  0.812369 0.954776 -0.000013
vt  0.812362 0.522978 -0.000008
vt  0.812362 0.522978 -0.000008
vt  0.851314 0.827803 -0.000013
vt  0.827932 0.827803 -0.000011
vt  0.796775 0.858907 -0.000012
vt  0.773398 0.858907 -0.000014
vt  0.757805 0.874459 -0.000017
vt  0.656656 0.858907 -0.000060
vt  0.999224 0.858907 -0.000116
vt  0.968110 0.827803 -0.000062
vt  0.944758 0.827803 -0.000041
vt  0.506671 0.143516 -0.000004
vt  0.522271 0.127964 -0.000004
vt  0.483290 0.143516 -0.000003
vt  0.452131 0.174620 -0.000003
vt  0.428752 0.174620 -0.000003
vt  0.335336 0.174620 -0.000002
vt  0.311998 0.174620 -0.000001
vt  0.654566 0.174620 -0.000012
vt  0.623454 0.143516 -0.000006
vt  0.413157 0.190290 -0.000003
vt  0.413146 0.812166 -0.000016
vt  0.350910 0.190290 -0.000003
vt  0.350903 0.812167 -0.000034
vt  0.866916 0.812236 -0.000015
vt  0.929172 0.812236 -0.000032
vt  0.905998 0.812236 -0.000026
vt  0.890271 0.812236 -0.000021
vt  0.389796 0.812197 -0.000023
vt  0.812363 0.075293 -0.000002
vt  0.374072 0.812197 -0.000027
vt  0.983680 0.075293 0.000002
vt  0.467389 0.493013 -0.000007
vt  0.812363 0.515329 -0.000007
vt  0.467933 0.493015 -0.000007
vt  0.812364 0.514776 -0.000007
vt  0.638778 0.493015 -0.000047
vt  0.983666 0.514776 -0.000050
vt  0.639321 0.493013 -0.000047
vt  0.983667 0.515329 -0.000050
vt  0.983648 0.954776 -0.000100
vt  0.983633 0.734575 -0.000083
vt  0.983633 0.734575 -0.000083
vt  0.812369 0.954776 -0.000013
vt  0.812362 0.522978 -0.000008
vt  0.812362 0.522978 -0.000008
vt  0.726683 0.874459 -0.000027
vt  0.664434 0.858907 -0.000054
vt  0.491083 0.143516 -0.000003
vt  0.553397 0.127964 -0.000004
vt  0.788982 0.858907 -0.000013
vt  0.726683 0.874459 -0.000027
vt  0.615671 0.143516 -0.000006
vt  0.553397 0.127964 -0.000004
vt  0.851331 0.159068 -0.000004
vt  0.827950 0.135740 -0.000003
vt  0.796792 0.135740 -0.000003
vt  0.695571 0.096860 0.000002
vt  0.679997 0.096860 0.000003
vt  0.656658 0.120188 0.000004
vt  0.999226 0.120188 -0.000003
vt  0.968114 0.120188 -0.000005
vt  0.944767 0.096860 -0.000004
vt  0.929184 0.096840 -0.000004
vt  0.879772 0.146205 -0.000004
vt  0.535115 0.022151 -0.000002
vt  0.483290 0.135740 -0.000003
vt  0.452132 0.135740 -0.000003
vt  0.428753 0.159068 -0.000003
vt  0.400343 0.146205 -0.000002
vt  0.745005 0.044219 0.000001
vt  0.350911 0.096823 0.000002
vt  0.335337 0.096860 0.000003
vt  0.311998 0.120188 0.000004
vt  0.654566 0.120188 -0.000003
vt  0.623454 0.120188 -0.000005
vt  0.600107 0.096860 -0.000004
vt  0.584524 0.096860 -0.000004
vt  0.866930 0.159139 -0.000004
vt  0.513243 0.031153 -0.000002
vt  0.413157 0.159148 -0.000003
vt  0.766853 0.053227 -0.000001
vt  0.757819 0.062339 -0.000001
vt  0.522273 0.040284 -0.000002
vt  0.851313 0.905563 -0.000014
vt  0.827931 0.882235 -0.000012
vt  0.796774 0.882235 -0.000012
vt  0.773397 0.905563 -0.000015
vt  0.757804 0.905563 -0.000018
vt  0.656656 0.866683 -0.000060
vt  0.999225 0.866683 -0.000117
vt  0.968110 0.866683 -0.000065
vt  0.944757 0.843355 -0.000042
vt  0.506653 0.905563 -0.000014
vt  0.522254 0.905563 -0.000016
vt  0.483271 0.882235 -0.000012
vt  0.452114 0.882235 -0.000012
vt  0.428737 0.905563 -0.000015
vt  0.335331 0.843355 -0.000042
vt  0.311996 0.866683 -0.000060
vt  0.654564 0.866683 -0.000117
vt  0.623450 0.866683 -0.000065
vt  0.866914 0.905586 -0.000016
vt  0.916324 0.856227 -0.000030
vt  0.413144 0.905603 -0.000018
vt  0.363721 0.856227 -0.000032
vt  0.363719 0.963809 -0.000037
vt  0.929172 0.843356 -0.000033
vt  0.350902 0.843382 -0.000036
vt  0.341855 0.954774 -0.000046
vt  0.350901 0.945675 -0.000041
vt  0.938243 0.976823 -0.000044
vt  0.929170 0.967730 -0.000038
vt  0.916322 0.985876 -0.000035
vt  0.927027 0.970755 -0.000038
vt  0.929170 0.967730 -0.000038
vt  0.927027 0.970755 -0.000038
vt  0.788999 0.143516 -0.000003
vt  0.726695 0.127964 -0.000001
vt  0.615665 0.858907 -0.000057
vt  0.553383 0.874459 -0.000025
vt  0.491083 0.143516 -0.000003
vt  0.553397 0.127964 -0.000004
vt  0.726684 0.874459 -0.000027
vt  0.664434 0.858907 -0.000054
vt  0.851314 0.827803 -0.000013
vt  0.827932 0.827803 -0.000011
vt  0.796775 0.858907 -0.000012
vt  0.695562 0.874459 -0.000037
vt  0.679990 0.858907 -0.000043
vt  0.656656 0.858907 -0.000060
vt  0.999224 0.858907 -0.000116
vt  0.968110 0.827803 -0.000062
vt  0.944758 0.827803 -0.000041
vt  0.483290 0.143516 -0.000003
vt  0.452131 0.174620 -0.000003
vt  0.428752 0.174620 -0.000003
vt  0.335336 0.174620 -0.000002
vt  0.311998 0.174620 -0.000001
vt  0.654566 0.174620 -0.000012
vt  0.623454 0.143516 -0.000006
vt  0.600106 0.143516 -0.000006
vt  0.584524 0.127964 -0.000005
vt  0.413157 0.190290 -0.000003
vt  0.413146 0.812166 -0.000016
vt  0.350910 0.190290 -0.000003
vt  0.350903 0.812167 -0.000034
vt  0.866916 0.812236 -0.000015
vt  0.929172 0.812236 -0.000032
vt  0.905998 0.812236 -0.000026
vt  0.890271 0.812236 -0.000021
vt  0.389796 0.812197 -0.000023
vt  0.812363 0.075293 -0.000002
vt  0.983680 0.075293 0.000002
vt  0.374072 0.812197 -0.000027
vt  0.467389 0.493013 -0.000007
vt  0.812363 0.515329 -0.000007
vt  0.467933 0.493015 -0.000007
vt  0.812364 0.514776 -0.000007
vt  0.983666 0.514776 -0.000050
vt  0.638778 0.493015 -0.000047
vt  0.983667 0.515329 -0.000050
vt  0.639321 0.493013 -0.000047
vt  0.983648 0.954776 -0.000100
vt  0.983633 0.734575 -0.000083
vt  0.983633 0.734575 -0.000083
vt  0.812369 0.954776 -0.000013
vt  0.812362 0.522978 -0.000008
vt  0.812362 0.522978 -0.000008
vt  0.851314 0.827803 -0.000013
vt  0.827932 0.827803 -0.000011
vt  0.796775 0.858907 -0.000012
vt  0.773398 0.858907 -0.000014
vt  0.757805 0.874459 -0.000017
vt  0.999224 0.858907 -0.000116
vt  0.656656 0.858907 -0.000060
vt  0.968110 0.827803 -0.000062
vt  0.944758 0.827803 -0.000041
vt  0.506671 0.143516 -0.000004
vt  0.522271 0.127964 -0.000004
vt  0.483290 0.143516 -0.000003
vt  0.452131 0.174620 -0.000003
vt  0.428752 0.174620 -0.000003
vt  0.335336 0.174620 -0.000002
vt  0.311998 0.174620 -0.000001
vt  0.654566 0.174620 -0.000012
vt  0.623454 0.143516 -0.000006
vt  0.413157 0.190290 -0.000003
vt  0.413146 0.812166 -0.000016
vt  0.350910 0.190290 -0.000003
vt  0.350903 0.812167 -0.000034
vt  0.866916 0.812236 -0.000015
vt  0.929172 0.812236 -0.000032
vt  0.905998 0.812236 -0.000026
vt  0.890271 0.812236 -0.000021
vt  0.389796 0.812197 -0.000023
vt  0.812363 0.075293 -0.000002
vt  0.983680 0.075293 0.000002
vt  0.374072 0.812197 -0.000027
vt  0.467389 0.493013 -0.000007
vt  0.812363 0.515329 -0.000007
vt  0.467933 0.493015 -0.000007
vt  0.812364 0.514776 -0.000007
vt  0.983666 0.514776 -0.000050
vt  0.638778 0.493015 -0.000047
vt  0.983667 0.515329 -0.000050
vt  0.639321 0.493013 -0.000047
vt  0.983648 0.954776 -0.000100
vt  0.983633 0.734575 -0.000083
vt  0.983633 0.734575 -0.000083
vt  0.812369 0.954776 -0.000013
vt  0.812362 0.522978 -0.000008
vt  0.812362 0.522978 -0.000008
vt  0.726683 0.874459 -0.000027
vt  0.664434 0.858907 -0.000054
vt  0.491083 0.143516 -0.000003
vt  0.553397 0.127964 -0.000004
vt  0.788982 0.858907 -0.000013
vt  0.726683 0.874459 -0.000027
vt  0.615671 0.143516 -0.000006
vt  0.553397 0.127964 -0.000004
vt  0.851331 0.159068 -0.000004
vt  0.827950 0.135740 -0.000003
vt  0.796792 0.135740 -0.000003
vt  0.695571 0.096860 0.000002
vt  0.679997 0.096860 0.000003
vt  0.656658 0.120188 0.000004
vt  0.999226 0.120188 -0.000003
vt  0.968114 0.120188 -0.000005
vt  0.944767 0.096860 -0.000004
vt  0.929184 0.096840 -0.000004
vt  0.879772 0.146205 -0.000004
vt  0.535115 0.022151 -0.000002
vt  0.483290 0.135740 -0.000003
vt  0.452132 0.135740 -0.000003
vt  0.428753 0.159068 -0.000003
vt  0.400343 0.146205 -0.000002
vt  0.745005 0.044219 0.000001
vt  0.350911 0.096823 0.000002
vt  0.335337 0.096860 0.000003
vt  0.311998 0.120188 0.000004
vt  0.654566 0.120188 -0.000003
vt  0.623454 0.120188 -0.000005
vt  0.600107 0.096860 -0.000004
vt  0.584524 0.096860 -0.000004
vt  0.866930 0.159139 -0.000004
vt  0.513243 0.031153 -0.000002
vt  0.413157 0.159148 -0.000003
vt  0.766853 0.053227 -0.000001
vt  0.757819 0.062339 -0.000001
vt  0.522273 0.040284 -0.000002
vt  0.851313 0.905563 -0.000014
vt  0.827931 0.882235 -0.000012
vt  0.796774 0.882235 -0.000012
vt  0.773397 0.905563 -0.000015
vt  0.757804 0.905563 -0.000018
vt  0.999225 0.866683 -0.000117
vt  0.656656 0.866683 -0.000060
vt  0.968110 0.866683 -0.000065
vt  0.944757 0.843355 -0.000042
vt  0.506653 0.905563 -0.000014
vt  0.522254 0.905563 -0.000016
vt  0.483271 0.882235 -0.000012
vt  0.452114 0.882235 -0.000012
vt  0.428737 0.905563 -0.000015
vt  0.335331 0.843355 -0.000042
vt  0.311996 0.866683 -0.000060
vt  0.654564 0.866683 -0.000117
vt  0.623450 0.866683 -0.000065
vt  0.866914 0.905586 -0.000016
vt  0.916324 0.856227 -0.000030
vt  0.413144 0.905603 -0.000018
vt  0.363719 0.963809 -0.000037
vt  0.363721 0.856227 -0.000032
vt  0.929172 0.843356 -0.000033
vt  0.341855 0.954774 -0.000046
vt  0.350902 0.843382 -0.000036
vt  0.350901 0.945675 -0.000041
vt  0.938243 0.976823 -0.000044
vt  0.929170 0.967730 -0.000038
vt  0.916322 0.985876 -0.000035
vt  0.927027 0.970755 -0.000038
vt  0.929170 0.967730 -0.000038
vt  0.927027 0.970755 -0.000038
vt  0.788999 0.143516 -0.000003
vt  0.726695 0.127964 -0.000001
vt  0.615665 0.858907 -0.000057
vt  0.553383 0.874459 -0.000025
vt  0.491083 0.143516 -0.000003
vt  0.553397 0.127964 -0.000004
vt  0.726684 0.874459 -0.000027
vt  0.664434 0.858907 -0.000054
vt  0.851330 0.174620 -0.000004
vt  0.944766 0.174620 -0.000007
vt  0.483272 0.858907 -0.000011
vt  0.452115 0.827803 -0.000011
vt  0.428738 0.827803 -0.000013
vt  0.335331 0.827803 -0.000042
vt  0.311996 0.827803 -0.000057
vt  0.654565 0.827803 -0.000111
vt  0.623450 0.858907 -0.000064
vt  0.600097 0.858907 -0.000042
vt  0.584511 0.874459 -0.000035
vt  0.866930 0.190259 -0.000005
vt  0.929183 0.190259 -0.000007
vt  0.906010 0.190259 -0.000006
vt  0.638957 0.053185 0.000003
vt  0.413146 0.812237 -0.000016
vt  0.389796 0.812237 -0.000023
vt  0.467672 0.932705 -0.000012
vt  0.350903 0.812237 -0.000034
vt  0.890283 0.190259 -0.000006
vt  0.467767 0.053185 -0.000002
vt  0.374072 0.812237 -0.000027
vt  0.639026 0.932705 -0.000099
vt  0.467702 0.492784 -0.000007
vt  0.812129 0.515010 -0.000007
vt  0.467703 0.492700 -0.000007
vt  0.812045 0.515011 -0.000007
vt  0.639008 0.492700 -0.000047
vt  0.983985 0.515011 -0.000051
vt  0.851330 0.174620 -0.000004
vt  0.944766 0.174620 -0.000007
vt  0.506654 0.858907 -0.000013
vt  0.483272 0.858907 -0.000011
vt  0.452115 0.827803 -0.000011
vt  0.428738 0.827803 -0.000013
vt  0.335331 0.827803 -0.000042
vt  0.311996 0.827803 -0.000057
vt  0.654565 0.827803 -0.000111
vt  0.623450 0.858907 -0.000064
vt  0.866930 0.190259 -0.000005
vt  0.929183 0.190259 -0.000007
vt  0.906010 0.190259 -0.000006
vt  0.638957 0.053185 0.000003
vt  0.413146 0.812237 -0.000016
vt  0.389796 0.812237 -0.000023
vt  0.467672 0.932705 -0.000012
vt  0.350903 0.812237 -0.000034
vt  0.890283 0.190259 -0.000006
vt  0.467767 0.053185 -0.000002
vt  0.374072 0.812237 -0.000027
vt  0.639026 0.932705 -0.000099
vt  0.467702 0.492784 -0.000007
vt  0.812129 0.515010 -0.000007
vt  0.983985 0.515011 -0.000051
vt  0.639008 0.492700 -0.000047
vt  0.467703 0.492700 -0.000007
vt  0.812045 0.515011 -0.000007
vt  0.664438 0.143516 0.000001
vt  0.553383 0.874459 -0.000025
vt  0.726695 0.127964 -0.000001
vt  0.615665 0.858907 -0.000057
vt  0.851314 0.843355 -0.000013
vt  0.827931 0.866683 -0.000011
vt  0.796774 0.866683 -0.000012
vt  0.695562 0.905563 -0.000039
vt  0.679990 0.905563 -0.000046
vt  0.656655 0.882235 -0.000062
vt  0.999224 0.882235 -0.000119
vt  0.968109 0.882235 -0.000066
vt  0.944757 0.905563 -0.000045
vt  0.483271 0.866683 -0.000011
vt  0.452114 0.866683 -0.000012
vt  0.428738 0.843355 -0.000014
vt  0.335330 0.905563 -0.000046
vt  0.311995 0.882235 -0.000062
vt  0.654564 0.882235 -0.000119
vt  0.623449 0.882235 -0.000066
vt  0.600097 0.905563 -0.000045
vt  0.584511 0.905563 -0.000036
vt  0.929171 0.905586 -0.000036
vt  0.879763 0.856227 -0.000019
vt  0.350902 0.905603 -0.000039
vt  0.400327 0.856227 -0.000021
vt  0.400325 0.963809 -0.000024
vt  0.866916 0.843356 -0.000015
vt  0.413145 0.843382 -0.000017
vt  0.422201 0.954774 -0.000017
vt  0.413143 0.945674 -0.000019
vt  0.866913 0.967729 -0.000017
vt  0.857831 0.976823 -0.000016
vt  0.879760 0.985876 -0.000022
vt  0.866913 0.967729 -0.000017
vt  0.866932 0.096840 -0.000003
vt  0.851332 0.096860 -0.000003
vt  0.944766 0.159068 -0.000007
vt  0.916342 0.146205 -0.000005
vt  0.571684 0.022151 -0.000001
vt  0.522272 0.096860 -0.000003
vt  0.428754 0.096860 -0.000002
vt  0.413159 0.096823 -0.000001
vt  0.363725 0.146205 -0.000001
vt  0.708387 0.044219 0.000003
vt  0.335336 0.159068 -0.000001
vt  0.929183 0.159139 -0.000006
vt  0.593545 0.031153 -0.000001
vt  0.350911 0.159148 -0.000002
vt  0.686550 0.053227 0.000005
vt  0.695572 0.062339 0.000003
vt  0.584525 0.040284 -0.000001
vt  0.788982 0.858907 -0.000013
vt  0.553397 0.127964 -0.000004
vt  0.553383 0.874459 -0.000025
vt  0.664438 0.143516 0.000001
vt  0.827949 0.174620 -0.000004
vt  0.796792 0.143516 -0.000003
vt  0.695571 0.127964 -0.000000
vt  0.679996 0.143516 -0.000000
vt  0.656658 0.143516 0.000002
vt  0.999226 0.143516 -0.000007
vt  0.968114 0.174620 -0.000009
vt  0.639009 0.492784 -0.000047
vt  0.983901 0.515010 -0.000051
vt  0.827949 0.174620 -0.000004
vt  0.796792 0.143516 -0.000003
vt  0.773413 0.143516 -0.000002
vt  0.757818 0.127964 -0.000002
vt  0.656658 0.143516 0.000002
vt  0.999226 0.143516 -0.000007
vt  0.968114 0.174620 -0.000009
vt  0.522255 0.874459 -0.000016
vt  0.639009 0.492784 -0.000047
vt  0.983901 0.515010 -0.000051
vt  0.726695 0.127964 -0.000001
vt  0.491066 0.858907 -0.000012
vt  0.788999 0.143516 -0.000003
vt  0.553383 0.874459 -0.000025
vt  0.827950 0.120188 -0.000003
vt  0.796793 0.120188 -0.000002
vt  0.773414 0.096860 -0.000002
vt  0.757819 0.096860 -0.000001
vt  0.656658 0.135740 0.000003
vt  0.999226 0.135740 -0.000006
vt  0.968114 0.135740 -0.000006
vt  0.506672 0.096860 -0.000003
vt  0.483290 0.120188 -0.000003
vt  0.452133 0.120188 -0.000002
vt  0.311998 0.135740 0.000003
vt  0.654566 0.135740 -0.000006
vt  0.623454 0.135740 -0.000006
vt  0.726683 0.874459 -0.000027
vt  0.615671 0.143516 -0.000006
vt  0.491066 0.858907 -0.000012
vt  0.726695 0.127964 -0.000001
vt  0.467703 0.493014 -0.000007
vt  0.639008 0.493014 -0.000047
vt  0.467703 0.493014 -0.000007
vt  0.639008 0.493014 -0.000047
vt  0.467703 0.493014 -0.000007
vt  0.639008 0.493014 -0.000047
vt  0.467703 0.493014 -0.000007
vt  0.639008 0.493014 -0.000047
vt  0.851330 0.174620 -0.000004
vt  0.944766 0.174620 -0.000007
vt  0.483272 0.858907 -0.000011
vt  0.452115 0.827803 -0.000011
vt  0.428738 0.827803 -0.000013
vt  0.335331 0.827803 -0.000042
vt  0.654565 0.827803 -0.000111
vt  0.311996 0.827803 -0.000057
vt  0.623450 0.858907 -0.000064
vt  0.600097 0.858907 -0.000042
vt  0.584511 0.874459 -0.000035
vt  0.866930 0.190259 -0.000005
vt  0.929183 0.190259 -0.000007
vt  0.906010 0.190259 -0.000006
vt  0.638957 0.053185 0.000003
vt  0.413146 0.812237 -0.000016
vt  0.389796 0.812237 -0.000023
vt  0.467672 0.932705 -0.000012
vt  0.350903 0.812237 -0.000034
vt  0.890283 0.190259 -0.000006
vt  0.467767 0.053185 -0.000002
vt  0.374072 0.812237 -0.000027
vt  0.639026 0.932705 -0.000099
vt  0.467702 0.492784 -0.000007
vt  0.812129 0.515010 -0.000007
vt  0.467703 0.492700 -0.000007
vt  0.812045 0.515011 -0.000007
vt  0.639008 0.492700 -0.000047
vt  0.983985 0.515011 -0.000051
vt  0.851330 0.174620 -0.000004
vt  0.944766 0.174620 -0.000007
vt  0.506654 0.858907 -0.000013
vt  0.483272 0.858907 -0.000011
vt  0.452115 0.827803 -0.000011
vt  0.428738 0.827803 -0.000013
vt  0.335331 0.827803 -0.000042
vt  0.654565 0.827803 -0.000111
vt  0.311996 0.827803 -0.000057
vt  0.623450 0.858907 -0.000064
vt  0.866930 0.190259 -0.000005
vt  0.929183 0.190259 -0.000007
vt  0.906010 0.190259 -0.000006
vt  0.638957 0.053185 0.000003
vt  0.413146 0.812237 -0.000016
vt  0.389796 0.812237 -0.000023
vt  0.467672 0.932705 -0.000012
vt  0.350903 0.812237 -0.000034
vt  0.890283 0.190259 -0.000006
vt  0.467767 0.053185 -0.000002
vt  0.374072 0.812237 -0.000027
vt  0.639026 0.932705 -0.000099
vt  0.467702 0.492784 -0.000007
vt  0.812129 0.515010 -0.000007
vt  0.639008 0.492700 -0.000047
vt  0.983985 0.515011 -0.000051
vt  0.467703 0.492700 -0.000007
vt  0.812045 0.515011 -0.000007
vt  0.664438 0.143516 0.000001
vt  0.553383 0.874459 -0.000025
vt  0.726695 0.127964 -0.000001
vt  0.615665 0.858907 -0.000057
vt  0.851314 0.843355 -0.000013
vt  0.827931 0.866683 -0.000011
vt  0.796774 0.866683 -0.000012
vt  0.695562 0.905563 -0.000039
vt  0.679990 0.905563 -0.000046
vt  0.656655 0.882235 -0.000062
vt  0.999224 0.882235 -0.000119
vt  0.968109 0.882235 -0.000066
vt  0.944757 0.905563 -0.000045
vt  0.483271 0.866683 -0.000011
vt  0.452114 0.866683 -0.000012
vt  0.428738 0.843355 -0.000014
vt  0.335330 0.905563 -0.000046
vt  0.654564 0.882235 -0.000119
vt  0.311995 0.882235 -0.000062
vt  0.623449 0.882235 -0.000066
vt  0.600097 0.905563 -0.000045
vt  0.584511 0.905563 -0.000036
vt  0.929171 0.905586 -0.000036
vt  0.879763 0.856227 -0.000019
vt  0.350902 0.905603 -0.000039
vt  0.400327 0.856227 -0.000021
vt  0.400325 0.963809 -0.000024
vt  0.866916 0.843356 -0.000015
vt  0.413145 0.843382 -0.000017
vt  0.422201 0.954774 -0.000017
vt  0.413143 0.945674 -0.000019
vt  0.866913 0.967729 -0.000017
vt  0.857831 0.976823 -0.000016
vt  0.879760 0.985876 -0.000022
vt  0.866913 0.967729 -0.000017
vt  0.866932 0.096840 -0.000003
vt  0.851332 0.096860 -0.000003
vt  0.944766 0.159068 -0.000007
vt  0.571684 0.022151 -0.000001
vt  0.916342 0.146205 -0.000005
vt  0.522272 0.096860 -0.000003
vt  0.428754 0.096860 -0.000002
vt  0.413159 0.096823 -0.000001
vt  0.708387 0.044219 0.000003
vt  0.363725 0.146205 -0.000001
vt  0.335336 0.159068 -0.000001
vt  0.929183 0.159139 -0.000006
vt  0.593545 0.031153 -0.000001
vt  0.350911 0.159148 -0.000002
vt  0.686550 0.053227 0.000005
vt  0.695572 0.062339 0.000003
vt  0.584525 0.040284 -0.000001
vt  0.788982 0.858907 -0.000013
vt  0.553397 0.127964 -0.000004
vt  0.553383 0.874459 -0.000025
vt  0.664438 0.143516 0.000001
vt  0.827949 0.174620 -0.000004
vt  0.796792 0.143516 -0.000003
vt  0.695571 0.127964 -0.000000
vt  0.679996 0.143516 -0.000000
vt  0.656658 0.143516 0.000002
vt  0.999226 0.143516 -0.000007
vt  0.968114 0.174620 -0.000009
vt  0.983901 0.515010 -0.000051
vt  0.639009 0.492784 -0.000047
vt  0.827949 0.174620 -0.000004
vt  0.796792 0.143516 -0.000003
vt  0.773413 0.143516 -0.000002
vt  0.757818 0.127964 -0.000002
vt  0.656658 0.143516 0.000002
vt  0.999226 0.143516 -0.000007
vt  0.968114 0.174620 -0.000009
vt  0.522255 0.874459 -0.000016
vt  0.983901 0.515010 -0.000051
vt  0.639009 0.492784 -0.000047
vt  0.726695 0.127964 -0.000001
vt  0.491066 0.858907 -0.000012
vt  0.788999 0.143516 -0.000003
vt  0.553383 0.874459 -0.000025
vt  0.827950 0.120188 -0.000003
vt  0.796793 0.120188 -0.000002
vt  0.773414 0.096860 -0.000002
vt  0.757819 0.096860 -0.000001
vt  0.656658 0.135740 0.000003
vt  0.999226 0.135740 -0.000006
vt  0.968114 0.135740 -0.000006
vt  0.506672 0.096860 -0.000003
vt  0.483290 0.120188 -0.000003
vt  0.452133 0.120188 -0.000002
vt  0.654566 0.135740 -0.000006
vt  0.311998 0.135740 0.000003
vt  0.623454 0.135740 -0.000006
vt  0.726683 0.874459 -0.000027
vt  0.615671 0.143516 -0.000006
vt  0.491066 0.858907 -0.000012
vt  0.726695 0.127964 -0.000001
vt  0.467703 0.493014 -0.000007
vt  0.639008 0.493014 -0.000047
vt  0.467703 0.493014 -0.000007
vt  0.639008 0.493014 -0.000047
vt  0.467703 0.493014 -0.000007
vt  0.639008 0.493014 -0.000047
vt  0.467703 0.493014 -0.000007
vt  0.639008 0.493014 -0.000047
# 3824 texture vertices

vn  -2.000000 0.000000 0.000000
vn  -2.000000 0.000000 0.000000
vn  -2.000000 0.000000 0.000000
vn  -1.000000 0.000000 0.000000
vn  2.000000 0.000000 0.000000
vn  2.000000 0.000000 0.000000
vn  0.000000 -2.000000 0.000000
vn  2.000000 0.000000 0.000000
vn  0.000000 1.000000 -0.000000
vn  1.000000 0.000000 0.000000
vn  -2.000000 0.000000 0.000000
vn  -1.000000 0.000000 0.000000
vn  0.000007 5.000000 0.000002
vn  -1.000000 0.000000 0.000000
vn  2.000000 0.000000 0.000000
vn  1.000000 0.000000 0.000000
vn  0.000000 -1.000000 -0.000000
vn  1.000000 0.000000 0.000000
vn  2.000000 0.000000 0.000000
vn  1.000000 0.000000 0.000000
vn  -2.000000 0.000000 0.000000
vn  -2.000000 0.000001 -0.000000
vn  0.000000 -1.000000 0.000000
vn  -1.000000 0.000000 0.000000
vn  0.000000 1.000000 0.000467
vn  2.000000 0.000000 0.000000
vn  2.000000 0.000000 0.000000
vn  1.000000 0.000000 0.000000
vn  0.000000 2.000000 0.000000
vn  1.000000 0.000000 0.000000
vn  -2.000000 0.000000 0.000000
vn  -1.000000 0.000000 0.000000
vn  -2.000000 0.000000 0.000000
vn  -1.000000 0.000000 0.000000
vn  0.000000 1.000000 -0.000467
vn  1.000000 0.000000 0.000000
vn  0.000007 -5.000000 -0.000002
vn  1.000000 0.000000 0.000000
vn  0.000000 1.000000 0.000000
vn  1.000000 0.000000 0.000000
vn  -1.000000 0.000000 0.000000
vn  -2.000000 0.000000 0.000000
vn  2.000000 0.000000 0.000000
vn  2.000000 0.000000 0.000000
vn  -2.000000 0.000000 0.000000
vn  2.000000 0.000000 0.000000
vn  0.000007 2.000000 0.000001
vn  3.000000 0.000000 0.000000
vn  1.000000 0.000000 0.000000
vn  -2.000000 0.000000 0.000000
vn  0.000007 -2.000000 -0.000001
vn  -4.000000 0.000000 0.000000
vn  -4.000000 0.000000 0.000000
vn  3.000000 0.000000 0.000000
vn  -3.000000 0.000000 0.000000
vn  4.000000 0.000000 0.000000
vn  -3.000000 0.000000 0.000000
vn  3.000000 0.000000 0.000000
vn  3.000000 0.000000 0.000000
vn  -3.000000 0.000000 0.000000
vn  -3.000000 0.000000 0.000000
vn  2.000000 0.000000 0.000000
vn  3.000000 0.000000 0.000000
vn  -3.000000 0.000000 0.000000
vn  -3.000000 0.000000 0.000000
vn  0.000009 2.000000 0.000001
vn  0.000254 -0.707228 0.706986
vn  0.000009 -2.000000 -0.000001
vn  3.000000 0.000000 0.000000
vn  -1.000000 0.000000 0.000000
vn  -1.000000 0.000000 0.000000
vn  -3.000000 0.000000 0.000000
vn  0.000009 2.000000 0.000001
vn  1.000000 0.000000 0.000000
vn  0.000009 -2.000000 -0.000001
vn  3.000000 0.000000 0.000000
vn  -1.000000 0.000000 0.000000
vn  -3.000000 0.000000 0.000000
vn  2.000000 0.000000 0.000000
vn  0.000000 -0.707324 0.706889
vn  -2.000000 0.000000 0.000000
vn  -2.000000 0.000000 0.000000
vn  2.000000 0.000000 0.000000
vn  1.000000 0.000000 0.000000
vn  0.000000 0.707403 -0.706810
vn  -3.000000 0.000000 0.000000
vn  3.000000 0.000000 0.000000
vn  1.000000 0.000000 0.000000
vn  -3.000000 0.000000 0.000000
vn  -1.000000 0.000000 0.000000
vn  0.000000 1.000000 0.000000
vn  3.000000 0.000000 0.000000
vn  0.000000 1.414301 1.414126
vn  -1.000000 0.000032 -0.000016
vn  0.000000 -0.707324 0.706889
vn  0.000000 0.707320 0.706893
vn  0.000000 0.707150 0.707063
vn  0.000000 0.707161 -0.707053
vn  1.000000 -0.000184 -0.000099
vn  0.000000 -0.707324 0.706889
vn  0.000000 -1.414648 1.413779
vn  -2.000000 0.000000 0.000000
vn  -2.000000 0.000000 0.000000
vn  0.000000 0.707320 0.706893
vn  -2.000000 0.000000 0.000000
vn  0.000000 -0.706710 0.707504
vn  0.001831 -0.706337 2.122000
vn  0.000000 -0.706779 0.707435
vn  1.000000 0.000000 0.000000
vn  0.000000 0.706840 -0.707373
vn  0.003394 -0.706647 -0.707558
vn  0.003394 -1.413426 -1.414992
vn  -2.000000 0.000000 0.000000
vn  0.000255 1.413412 1.415015
vn  1.000000 0.000000 0.000000
vn  0.000000 -1.413303 -1.415123
vn  -1.000000 0.000000 0.000000
vn  0.000000 1.414640 1.413787
vn  0.000000 1.414640 1.413787
vn  2.000000 0.000000 0.000000
vn  0.000000 2.000000 0.000000
vn  -4.000000 0.000000 0.000000
vn  -2.000000 0.000000 0.000000
vn  0.000000 2.000000 0.000934
vn  3.000000 0.000000 0.000000
vn  0.000000 2.000000 0.000000
vn  0.000000 1.414640 1.413787
vn  -3.000000 0.000000 0.000000
vn  0.000000 2.000000 0.000000
vn  0.000000 2.000000 0.000000
vn  2.000000 0.000000 0.000000
vn  0.001831 -0.706777 0.707434
vn  -1.000000 0.000000 0.000000
vn  -2.000000 0.000000 0.000000
vn  0.000000 2.000000 -0.000934
vn  4.000000 0.000000 0.000000
vn  -0.001838 -1.413487 1.414937
vn  0.000000 -2.000000 0.000000
vn  -2.000000 0.000000 0.000000
vn  -2.000000 0.000000 0.000000
vn  0.000000 1.413855 1.414572
vn  1.000000 0.000000 0.000000
vn  0.000000 -2.000000 0.000000
vn  -2.000000 0.000000 0.000000
vn  -2.000000 0.000000 0.000000
vn  -2.000000 0.000000 0.000000
vn  -1.000000 0.000000 0.000000
vn  0.000000 -2.000000 0.000000
vn  -1.000000 0.000000 0.000000
vn  2.000000 0.000000 0.000000
vn  2.000000 0.000000 0.000000
vn  0.000000 1.000000 -0.000000
vn  1.000000 0.000000 0.000000
vn  -2.000000 0.000000 0.000000
vn  -1.000000 0.000000 0.000000
vn  0.000007 5.000000 0.000002
vn  -1.000000 0.000000 0.000000
vn  0.000000 -1.000000 -0.000000
vn  -1.000000 0.000000 0.000000
vn  2.000000 0.000000 0.000000
vn  1.000000 0.000000 0.000000
vn  2.000000 0.000000 0.000000
vn  1.000000 0.000000 0.000000
vn  -2.000000 0.000000 0.000000
vn  -2.000000 0.000000 0.000000
vn  0.000000 2.000000 0.000000
vn  -2.000000 0.000000 0.000000
vn  0.000000 -1.000000 0.000000
vn  -1.000000 0.000000 0.000000
vn  0.000000 1.000000 0.000467
vn  2.000000 0.000000 0.000000
vn  2.000000 0.000001 -0.000000
vn  1.000000 0.000000 0.000000
vn  -2.000000 0.000000 0.000000
vn  -1.000000 0.000000 0.000000
vn  0.000000 1.000000 0.000000
vn  -1.000000 0.000000 0.000000
vn  -2.000000 0.000000 0.000000
vn  -1.000000 0.000000 0.000000
vn  0.000000 1.000000 -0.000467
vn  1.000000 0.000000 0.000000
vn  0.000007 -5.000000 -0.000002
vn  1.000000 0.000000 0.000000
vn  -1.000000 0.000000 0.000000
vn  -2.000000 0.000000 0.000000
vn  2.000000 0.000000 0.000000
vn  2.000000 0.000000 0.000000
vn  -2.000000 0.000000 0.000000
vn  2.000000 0.000000 0.000000
vn  0.000007 2.000000 0.000001
vn  3.000000 0.000000 0.000000
vn  1.000000 0.000000 0.000000
vn  -2.000000 0.000000 0.000000
vn  0.000007 -2.000000 -0.000001
vn  -4.000000 0.000000 0.000000
vn  -4.000000 0.000000 0.000000
vn  3.000000 0.000000 0.000000
vn  -3.000000 0.000000 0.000000
vn  4.000000 0.000000 0.000000
vn  -3.000000 0.000000 0.000000
vn  3.000000 0.000000 0.000000
vn  3.000000 0.000000 0.000000
vn  -3.000000 0.000000 0.000000
vn  -3.000000 0.000000 0.000000
vn  2.000000 0.000000 0.000000
vn  3.000000 0.000000 0.000000
vn  -3.000000 0.000000 0.000000
vn  -3.000000 0.000000 0.000000
vn  0.000009 2.000000 0.000001
vn  0.000254 -0.707228 0.706986
vn  0.000009 -2.000000 -0.000001
vn  3.000000 0.000000 0.000000
vn  -1.000000 0.000000 0.000000
vn  -1.000000 0.000000 0.000000
vn  -3.000000 0.000000 0.000000
vn  0.000009 2.000000 0.000001
vn  1.000000 0.000000 0.000000
vn  0.000009 -2.000000 -0.000001
vn  3.000000 0.000000 0.000000
vn  -1.000000 0.000000 0.000000
vn  -3.000000 0.000000 0.000000
vn  2.000000 0.000000 0.000000
vn  0.000000 -0.707324 0.706889
vn  -2.000000 0.000000 0.000000
vn  -2.000000 0.000000 0.000000
vn  2.000000 0.000000 0.000000
vn  1.000000 0.000000 0.000000
vn  0.000000 0.707403 -0.706810
vn  -3.000000 0.000000 0.000000
vn  3.000000 0.000000 0.000000
vn  1.000000 0.000000 0.000000
vn  -3.000000 0.000000 0.000000
vn  -1.000000 0.000000 0.000000
vn  0.000000 1.000000 0.000000
vn  3.000000 0.000000 0.000000
vn  0.000000 1.414301 1.414126
vn  -1.000000 -0.000010 0.000022
vn  0.000000 -0.707324 0.706889
vn  0.000000 0.707320 0.706893
vn  0.000000 0.707150 0.707063
vn  0.000000 0.707161 -0.707053
vn  1.000000 -0.000184 -0.000099
vn  0.000000 -0.707324 0.706889
vn  -2.000000 0.000000 0.000000
vn  2.000000 0.000000 0.000000
vn  -0.000001 -1.414648 1.413779
vn  -2.000000 0.000000 0.000000
vn  0.000000 0.707320 0.706893
vn  -2.000000 0.000000 0.000000
vn  0.000000 -0.706710 0.707504
vn  0.001831 -0.706337 2.122000
vn  0.000000 -0.706779 0.707435
vn  1.000000 0.000000 0.000000
vn  0.000000 0.706840 -0.707373
vn  0.003394 -0.706647 -0.707558
vn  0.003394 -1.413426 -1.414992
vn  -2.000000 0.000000 0.000000
vn  0.000255 1.413412 1.415015
vn  1.000000 0.000000 0.000000
vn  0.000000 -1.413303 -1.415123
vn  -1.000000 -0.000000 0.000015
vn  -1.000000 0.000000 0.000000
vn  0.000000 1.414640 1.413787
vn  0.000000 1.414640 1.413787
vn  2.000000 0.000000 0.000000
vn  4.000000 -0.000553 0.000000
vn  0.000000 2.000000 0.000000
vn  -4.000000 -0.000002 -0.000005
vn  -2.000000 0.000000 0.000000
vn  0.000000 2.000000 0.000934
vn  3.000000 0.000000 0.000000
vn  0.000000 2.000000 0.000000
vn  0.000000 1.414640 1.413787
vn  -3.000000 0.000000 0.000000
vn  0.000000 2.000000 0.000000
vn  0.000000 2.000000 0.000000
vn  2.000000 0.000000 0.000000
vn  0.001831 -0.706777 0.707434
vn  -1.000000 0.000000 0.000000
vn  -2.000000 0.000000 0.000000
vn  0.000000 2.000000 -0.000934
vn  4.000000 0.000000 0.000000
vn  -0.001838 -1.413487 1.414937
vn  0.000000 -2.000000 0.000000
vn  -2.000000 0.000000 0.000000
vn  -2.000000 0.000000 0.000000
vn  0.000000 1.413855 1.414572
vn  1.000000 0.000000 0.000000
vn  0.000000 -2.000000 0.000000
vn  -2.000000 0.000000 0.000000
vn  -1.000000 0.000000 0.000000
vn  -0.000009 10.000000 0.000000
vn  -2.000000 0.000000 0.000000
vn  1.000000 0.000000 0.000000
vn  2.000000 0.000000 0.000000
vn  0.000000 -2.000000 -0.000000
vn  2.000000 0.000000 0.000000
vn  -0.000003 2.000000 0.000000
vn  1.000000 0.000000 0.000000
vn  -1.000000 0.000000 0.000000
vn  -2.000000 0.000000 0.000000
vn  -0.000003 -2.000000 -0.000000
vn  -1.000000 0.000000 0.000000
vn  0.000000 1.000000 -0.000467
vn  1.000000 0.000000 0.000000
vn  -0.000009 -10.000000 -0.000000
vn  2.000000 0.000000 0.000000
vn  0.000000 2.000000 0.000000
vn  2.000000 0.000000 0.000000
vn  -1.000000 0.000000 0.000000
vn  -2.000000 0.000000 0.000000
vn  -0.000005 2.000000 0.000000
vn  2.000000 0.000000 0.000000
vn  -0.000005 -2.000000 0.000000
vn  2.000000 0.000000 0.000000
vn  0.000000 2.000000 0.000000
vn  -0.000005 2.000000 0.000000
vn  3.000000 0.000000 0.000000
vn  -0.000005 -2.000000 0.000000
vn  0.000000 -2.000000 0.000000
vn  -3.000000 0.000000 0.000000
vn  0.000000 2.000000 0.000000
vn  -0.000005 2.000000 0.000000
vn  -0.000005 -2.000000 0.000000
vn  0.000000 -2.000000 0.000000
vn  0.000001 2.000000 0.000000
vn  -0.000001 2.000000 0.000000
vn  3.000000 0.000000 0.000000
vn  -0.000001 -2.000000 -0.000000
vn  -3.000000 0.000000 0.000000
vn  2.000000 0.000000 0.000000
vn  0.000001 -2.000000 -0.000000
vn  -3.000000 0.000000 0.000000
vn  -0.000005 2.000000 0.000000
vn  0.000000 2.000000 0.000000
vn  0.000255 -0.707228 0.706986
vn  0.000000 -2.000000 0.000000
vn  -0.000005 -2.000000 0.000000
vn  -1.000000 0.000000 0.000000
vn  -1.000000 0.000000 0.000000
vn  -0.000005 2.000000 0.000000
vn  0.000000 2.000000 0.000000
vn  1.000000 0.000000 0.000000
vn  0.000000 -2.000000 0.000000
vn  -0.000005 -2.000000 0.000000
vn  -1.000000 0.000000 0.000000
vn  -0.000005 2.000000 0.000000
vn  0.000000 2.000000 0.000000
vn  0.000000 -0.707324 0.706889
vn  0.000000 -2.000000 0.000000
vn  -2.000000 0.000000 0.000000
vn  3.000000 0.000000 0.000000
vn  -0.000005 -2.000000 0.000000
vn  0.000000 0.707403 -0.706810
vn  -0.000001 2.000000 0.000000
vn  0.000001 2.000000 0.000000
vn  1.000000 0.000000 0.000000
vn  0.000001 -2.000000 -0.000000
vn  -1.000000 0.000000 0.000000
vn  0.000000 1.000000 0.000000
vn  -0.000001 -2.000000 -0.000000
vn  0.000000 -2.000000 0.000000
vn  -1.000000 0.000014 0.000000
vn  0.000000 -0.707324 0.706889
vn  0.000000 2.000000 0.000000
vn  0.000000 -2.000000 0.000000
vn  0.000000 0.707161 -0.707053
vn  1.000000 -0.000138 -0.000148
vn  0.000000 -0.707324 0.706889
vn  -2.000000 0.000000 0.000000
vn  0.000000 0.707320 0.706893
vn  -2.000000 0.000000 0.000000
vn  0.000000 -0.706710 0.707503
vn  -2.000000 -0.000007 -0.000007
vn  0.000000 -0.706779 0.707435
vn  1.000000 0.000000 0.000000
vn  0.000000 0.706840 -0.707373
vn  -2.000000 -0.000028 -0.000000
vn  0.003395 -1.413426 -1.414992
vn  -2.000000 0.000000 0.000000
vn  0.000255 1.413412 1.415015
vn  1.000000 0.000000 0.000000
vn  0.000000 -1.413303 -1.415123
vn  -1.000000 0.000000 0.000000
vn  0.000000 1.414640 1.413787
vn  0.000000 1.414640 1.413787
vn  2.000000 0.000000 0.000000
vn  0.000000 1.000000 0.000000
vn  -3.000000 0.000000 0.000000
vn  -2.000000 0.000000 0.000000
vn  0.000000 2.000000 0.000935
vn  3.000000 0.000000 0.000000
vn  0.000000 1.000000 0.000000
vn  0.000000 2.000000 0.000000
vn  -3.000000 0.000000 0.000000
vn  0.000000 1.000000 0.000000
vn  0.000000 1.000000 0.000000
vn  3.000000 0.000000 0.000000
vn  0.000000 2.000000 0.000000
vn  -3.000000 0.000000 0.000000
vn  -2.000000 0.000000 0.000000
vn  0.000000 2.000000 -0.000934
vn  3.000000 0.000000 0.000000
vn  0.000000 2.000000 0.000000
vn  0.000000 -1.000000 0.000000
vn  -3.000000 0.000000 0.000000
vn  -2.000000 0.000000 0.000000
vn  0.000000 1.413855 1.414572
vn  1.000000 0.000000 0.000000
vn  0.000000 -1.000000 0.000000
vn  -2.000000 0.000000 0.000000
vn  -1.000000 0.000000 0.000000
vn  -0.000009 10.000000 0.000000
vn  -2.000000 0.000000 0.000000
vn  0.000000 -2.000000 -0.000000
vn  -2.000000 0.000000 0.000000
vn  1.000000 0.000000 0.000000
vn  2.000000 0.000000 0.000000
vn  -0.000003 2.000000 0.000000
vn  1.000000 0.000000 0.000000
vn  -1.000000 0.000000 0.000000
vn  -2.000000 0.000000 0.000000
vn  0.000000 2.000000 0.000000
vn  -2.000000 0.000000 0.000000
vn  -0.000003 -2.000000 -0.000000
vn  -1.000000 0.000000 0.000000
vn  0.000000 1.000000 -0.000467
vn  1.000000 0.000000 0.000000
vn  -0.000009 -10.000000 -0.000000
vn  2.000000 0.000000 0.000000
vn  -1.000000 0.000000 0.000000
vn  -2.000000 0.000000 0.000000
vn  -0.000005 2.000000 0.000000
vn  2.000000 0.000000 0.000000
vn  -0.000005 -2.000000 0.000000
vn  2.000000 0.000000 0.000000
vn  0.000000 2.000000 0.000000
vn  -0.000005 2.000000 0.000000
vn  3.000000 0.000000 0.000000
vn  -0.000005 -2.000000 0.000000
vn  0.000000 -2.000000 0.000000
vn  -3.000000 0.000000 0.000000
vn  0.000000 2.000000 0.000000
vn  -0.000005 2.000000 0.000000
vn  -0.000005 -2.000000 0.000000
vn  0.000000 -2.000000 0.000000
vn  0.000001 2.000000 0.000000
vn  -0.000001 2.000000 0.000000
vn  3.000000 0.000000 0.000000
vn  -0.000001 -2.000000 -0.000000
vn  -3.000000 0.000000 0.000000
vn  2.000000 0.000000 0.000000
vn  0.000001 -2.000000 -0.000000
vn  -3.000000 0.000000 0.000000
vn  -0.000005 2.000000 0.000000
vn  0.000000 2.000000 0.000000
vn  0.000255 -0.707228 0.706986
vn  0.000000 -2.000000 0.000000
vn  -0.000005 -2.000000 0.000000
vn  -1.000000 0.000000 0.000000
vn  -1.000000 0.000000 0.000000
vn  -0.000005 2.000000 0.000000
vn  0.000000 2.000000 0.000000
vn  1.000000 0.000000 0.000000
vn  0.000000 -2.000000 0.000000
vn  -0.000005 -2.000000 0.000000
vn  -1.000000 0.000000 0.000000
vn  -0.000005 2.000000 0.000000
vn  0.000000 2.000000 0.000000
vn  0.000000 -0.707324 0.706889
vn  0.000000 -2.000000 0.000000
vn  -2.000000 0.000000 0.000000
vn  3.000000 0.000000 0.000000
vn  -0.000005 -2.000000 0.000000
vn  0.000000 0.707403 -0.706810
vn  -0.000001 2.000000 0.000000
vn  0.000001 2.000000 0.000000
vn  1.000000 0.000000 0.000000
vn  0.000001 -2.000000 -0.000000
vn  -1.000000 0.000000 0.000000
vn  0.000000 1.000000 0.000000
vn  -0.000001 -2.000000 -0.000000
vn  0.000000 -2.000000 0.000000
vn  -1.000000 0.000014 0.000000
vn  0.000000 -0.707324 0.706889
vn  0.000000 2.000000 0.000000
vn  0.000000 -2.000000 0.000000
vn  0.000000 0.707161 -0.707053
vn  1.000000 -0.000138 -0.000148
vn  0.000000 -0.707324 0.706889
vn  0.000000 -1.414648 1.413779
vn  0.000000 1.414806 -1.413621
vn  2.000000 0.000000 0.000000
vn  0.000000 -1.414648 1.413779
vn  -2.000000 0.000000 0.000000
vn  0.000000 0.707320 0.706893
vn  -2.000000 0.000000 0.000000
vn  0.000000 -0.706710 0.707503
vn  -2.000000 -0.000007 -0.000007
vn  0.000000 -0.706779 0.707435
vn  1.000000 0.000000 0.000000
vn  0.000000 0.706840 -0.707373
vn  -2.000000 -0.000028 -0.000000
vn  0.003395 -1.413426 -1.414992
vn  -2.000000 0.000000 0.000000
vn  0.000255 1.413412 1.415015
vn  1.000000 0.000000 0.000000
vn  0.000000 -1.413303 -1.415123
vn  -1.000000 0.000000 0.000000
vn  0.000000 1.414640 1.413787
vn  0.000000 1.414640 1.413787
vn  2.000000 0.000000 0.000000
vn  0.000000 1.000000 0.000000
vn  -3.000000 0.000000 0.000000
vn  -2.000000 0.000000 0.000000
vn  0.000000 2.000000 0.000935
vn  3.000000 0.000000 0.000000
vn  0.000000 1.000000 0.000000
vn  0.000000 2.000000 0.000000
vn  -3.000000 0.000000 0.000000
vn  0.000000 1.000000 0.000000
vn  0.000000 1.000000 0.000000
vn  3.000000 0.000000 0.000000
vn  0.000000 2.000000 0.000000
vn  -3.000000 0.000000 0.000000
vn  -2.000000 0.000000 0.000000
vn  0.000000 2.000000 -0.000934
vn  3.000000 0.000000 0.000000
vn  0.000000 2.000000 0.000000
vn  0.000000 -1.000000 0.000000
vn  -3.000000 0.000000 0.000000
vn  -2.000000 0.000000 0.000000
vn  0.000000 1.413855 1.414572
vn  1.000000 0.000000 0.000000
vn  0.000000 -1.000000 0.000000
vn  0.000000 0.000000 4.000000
vn  -0.000003 2.000000 0.000000
vn  0.000000 1.000000 0.000000
vn  -1.000000 0.000000 0.000000
vn  2.000000 0.000000 0.000000
vn  1.000000 0.000000 0.000000
vn  0.000000 -1.000000 -0.000000
vn  1.000000 0.000000 0.000000
vn  0.000000 1.000000 0.000000
vn  0.000000 0.000000 1.000000
vn  -2.000000 0.000000 0.000000
vn  -1.000000 0.000000 0.000000
vn  0.000000 -1.000000 0.000000
vn  -1.000000 0.000000 0.000000
vn  0.000000 1.000000 0.000467
vn  -0.000003 -2.000000 -0.000000
vn  0.000000 -1.000000 -0.000000
vn  1.000000 0.000000 0.000000
vn  0.000000 1.000000 0.000000
vn  1.000000 0.000000 0.000000
vn  -1.000000 0.000000 0.000000
vn  -2.000000 0.000000 0.000000
vn  -0.000005 2.000000 0.000000
vn  2.000000 0.000000 0.000000
vn  -0.000005 -2.000000 0.000000
vn  2.000000 0.000000 0.000000
vn  0.000000 2.000000 0.000000
vn  -0.000005 2.000000 0.000000
vn  3.000000 0.000000 0.000000
vn  -0.000005 -2.000000 0.000000
vn  0.000000 -2.000000 0.000000
vn  -3.000000 0.000000 0.000000
vn  0.000000 2.000000 0.000000
vn  -0.000005 2.000000 0.000000
vn  -0.000005 -2.000000 0.000000
vn  0.000000 -2.000000 0.000000
vn  0.000001 2.000000 0.000000
vn  -0.000001 2.000000 0.000000
vn  3.000000 0.000000 0.000000
vn  -0.000001 -2.000000 -0.000000
vn  -3.000000 0.000000 0.000000
vn  2.000000 0.000000 0.000000
vn  0.000001 -2.000000 -0.000000
vn  -3.000000 0.000000 0.000000
vn  -0.000005 2.000000 0.000000
vn  0.000000 2.000000 0.000000
vn  0.000256 -0.707228 0.706986
vn  0.000000 -2.000000 0.000000
vn  -0.000005 -2.000000 0.000000
vn  -1.000000 0.000000 0.000000
vn  -1.000000 0.000000 0.000000
vn  -0.000005 2.000000 0.000000
vn  0.000000 2.000000 0.000000
vn  1.000000 0.000000 0.000000
vn  0.000000 -2.000000 0.000000
vn  -0.000005 -2.000000 0.000000
vn  -1.000000 0.000000 0.000000
vn  -0.000005 2.000000 0.000000
vn  0.000000 2.000000 0.000000
vn  0.000000 -0.707324 0.706889
vn  0.000000 -2.000000 0.000000
vn  -2.000000 0.000000 0.000000
vn  3.000000 0.000000 0.000000
vn  -0.000005 -2.000000 0.000000
vn  0.000000 0.707403 -0.706810
vn  -0.000001 2.000000 0.000000
vn  0.000001 2.000000 0.000000
vn  1.000000 0.000000 0.000000
vn  0.000001 -2.000000 -0.000000
vn  -1.000000 0.000000 0.000000
vn  0.000000 1.000000 0.000000
vn  -0.000001 -2.000000 -0.000000
vn  0.000000 -2.000000 0.000000
vn  -1.000000 0.000014 0.000000
vn  0.000000 -0.707324 0.706889
vn  0.000000 2.000000 0.000000
vn  0.000000 -2.000000 0.000000
vn  0.000000 0.707161 -0.707053
vn  1.000000 -0.000138 -0.000148
vn  0.000000 -0.707324 0.706889
vn  0.000000 -1.414649 1.413778
vn  -2.000000 0.000000 0.000000
vn  2.000000 0.000000 0.000000
vn  -2.000000 0.000000 0.000000
vn  0.000000 0.707320 0.706893
vn  -2.000000 0.000000 0.000000
vn  0.000000 -0.706710 0.707503
vn  -2.000000 -0.000007 -0.000007
vn  0.000000 -0.706779 0.707435
vn  1.000000 0.000000 0.000000
vn  0.000000 0.706840 -0.707373
vn  -2.000000 -0.000028 -0.000000
vn  0.003393 -1.413426 -1.414992
vn  -2.000000 0.000000 0.000000
vn  0.000257 1.413412 1.415015
vn  1.000000 0.000000 0.000000
vn  0.000000 -1.413303 -1.415123
vn  -1.000000 0.000000 0.000000
vn  0.000000 1.414640 1.413787
vn  0.000000 1.414640 1.413787
vn  2.000000 0.000000 0.000000
vn  3.000000 0.000552 -0.000297
vn  0.000000 1.000000 0.000000
vn  -3.000000 0.000000 0.000000
vn  -2.000000 0.000000 0.000000
vn  0.000000 2.000000 0.000935
vn  3.000000 0.000000 0.000000
vn  0.000000 1.000000 0.000000
vn  0.000000 2.000000 0.000000
vn  -3.000000 0.000000 0.000000
vn  0.000000 1.000000 0.000000
vn  0.000000 1.000000 0.000000
vn  3.000000 0.000000 0.000000
vn  0.000000 2.000000 0.000000
vn  -3.000000 0.000000 0.000000
vn  -2.000000 0.000000 0.000000
vn  0.000000 2.000000 -0.000934
vn  3.000000 0.000000 0.000000
vn  0.000000 2.000000 0.000000
vn  0.000000 -1.000000 0.000000
vn  -3.000000 0.000000 0.000000
vn  -2.000000 0.000000 0.000000
vn  0.000000 1.413854 1.414572
vn  1.000000 0.000000 0.000000
vn  0.000000 -1.000000 0.000000
vn  0.000000 0.000000 4.000000
vn  -0.000003 2.000000 0.000000
vn  0.000000 1.000000 0.000000
vn  -1.000000 0.000000 0.000000
vn  0.000000 -1.000000 -0.000000
vn  -1.000000 0.000000 0.000000
vn  2.000000 0.000000 0.000000
vn  1.000000 0.000000 0.000000
vn  0.000000 1.000000 0.000000
vn  0.000000 0.000000 1.000000
vn  -2.000000 0.000000 0.000000
vn  -1.000000 0.000000 0.000000
vn  0.000000 1.000000 0.000000
vn  -1.000000 0.000000 0.000000
vn  0.000000 -1.000000 0.000000
vn  0.000000 0.000000 1.000000
vn  0.000000 0.000000 4.000000
vn  -0.000003 -2.000000 -0.000000
vn  0.000000 -1.000000 -0.000000
vn  1.000000 0.000000 0.000000
vn  -1.000000 0.000000 0.000000
vn  -2.000000 0.000000 0.000000
vn  -0.000005 2.000000 0.000000
vn  2.000000 0.000000 0.000000
vn  -0.000005 -2.000000 0.000000
vn  2.000000 0.000000 0.000000
vn  0.000000 2.000000 0.000000
vn  -0.000005 2.000000 0.000000
vn  3.000000 0.000000 0.000000
vn  -0.000005 -2.000000 0.000000
vn  0.000000 -2.000000 0.000000
vn  -3.000000 0.000000 0.000000
vn  0.000000 2.000000 0.000000
vn  -0.000005 2.000000 0.000000
vn  -0.000005 -2.000000 0.000000
vn  0.000000 -2.000000 0.000000
vn  0.000001 2.000000 0.000000
vn  -0.000001 2.000000 0.000000
vn  3.000000 0.000000 0.000000
vn  -0.000001 -2.000000 -0.000000
vn  -3.000000 0.000000 0.000000
vn  2.000000 0.000000 0.000000
vn  0.000001 -2.000000 -0.000000
vn  -3.000000 0.000000 0.000000
vn  -0.000005 2.000000 0.000000
vn  0.000000 2.000000 0.000000
vn  0.000256 -0.707228 0.706986
vn  0.000000 -2.000000 0.000000
vn  -0.000005 -2.000000 0.000000
vn  -1.000000 0.000000 0.000000
vn  -1.000000 0.000000 0.000000
vn  -0.000005 2.000000 0.000000
vn  0.000000 2.000000 0.000000
vn  1.000000 0.000000 0.000000
vn  0.000000 -2.000000 0.000000
vn  -0.000005 -2.000000 0.000000
vn  -1.000000 0.000000 0.000000
vn  -0.000005 2.000000 0.000000
vn  0.000000 2.000000 0.000000
vn  0.000000 -0.707324 0.706889
vn  0.000000 -2.000000 0.000000
vn  -2.000000 0.000000 0.000000
vn  3.000000 0.000000 0.000000
vn  -0.000005 -2.000000 0.000000
vn  0.000000 0.707403 -0.706810
vn  -0.000001 2.000000 0.000000
vn  0.000001 2.000000 0.000000
vn  1.000000 0.000000 0.000000
vn  0.000001 -2.000000 -0.000000
vn  -1.000000 0.000000 0.000000
vn  0.000000 1.000000 0.000000
vn  -0.000001 -2.000000 -0.000000
vn  0.000000 -2.000000 0.000000
vn  -1.000000 0.000014 0.000000
vn  0.000000 -0.707324 0.706889
vn  0.000000 2.000000 0.000000
vn  0.000000 -2.000000 0.000000
vn  0.000000 0.707161 -0.707053
vn  1.000000 -0.000138 -0.000148
vn  0.000000 -0.707324 0.706889
vn  0.000000 -1.414649 1.413778
vn  -2.000000 0.000000 0.000000
vn  -2.000000 0.000000 0.000000
vn  0.000000 0.707320 0.706893
vn  -2.000000 0.000000 0.000000
vn  0.000000 -0.706710 0.707503
vn  -2.000000 -0.000007 -0.000007
vn  0.000000 -0.706779 0.707435
vn  1.000000 0.000000 0.000000
vn  0.000000 0.706840 -0.707373
vn  -2.000000 -0.000028 -0.000000
vn  0.003393 -1.413426 -1.414992
vn  -2.000000 0.000000 0.000000
vn  0.000257 1.413412 1.415015
vn  1.000000 0.000000 0.000000
vn  0.000000 -1.413303 -1.415123
vn  -2.000000 -0.000014 0.000015
vn  -1.000000 0.000000 0.000000
vn  0.000000 1.414640 1.413787
vn  0.000000 1.414640 1.413787
vn  2.000000 0.000000 0.000000
vn  3.000000 0.000552 -0.000297
vn  0.000000 1.000000 0.000000
vn  -3.000000 0.000000 0.000000
vn  -2.000000 0.000000 0.000000
vn  0.000000 2.000000 0.000935
vn  3.000000 0.000000 0.000000
vn  0.000000 1.000000 0.000000
vn  0.000000 2.000000 0.000000
vn  -3.000000 0.000000 0.000000
vn  0.000000 1.000000 0.000000
vn  0.000000 1.000000 0.000000
vn  3.000000 0.000000 0.000000
vn  0.000000 2.000000 0.000000
vn  -3.000000 0.000000 0.000000
vn  -2.000000 0.000000 0.000000
vn  0.000000 2.000000 -0.000934
vn  3.000000 0.000000 0.000000
vn  0.000000 2.000000 0.000000
vn  0.000000 -1.000000 0.000000
vn  -3.000000 0.000000 0.000000
vn  -2.000000 0.000000 0.000000
vn  0.000000 1.413854 1.414572
vn  1.000000 0.000000 0.000000
vn  0.000000 -1.000000 0.000000
vn  0.000000 -0.707324 0.706889
vn  0.000000 -0.707324 0.706889
vn  -1.000000 0.000000 0.000000
vn  -1.000000 0.000000 0.000000
vn  0.000000 0.707403 -0.706810
vn  0.000000 0.707403 -0.706810
vn  1.000000 0.000000 0.000000
vn  1.000000 0.000000 0.000000
vn  -0.000001 -0.707324 0.706889
vn  -0.000001 -0.707324 0.706889
vn  1.000000 -0.000276 0.000000
vn  1.000000 -0.000276 0.000000
vn  -1.000000 0.000000 0.000000
vn  -1.000000 0.000000 0.000000
vn  0.000000 0.707161 -0.707053
vn  0.000000 0.707161 -0.707053
vn  -1.000000 0.000014 0.000000
vn  -1.000000 0.000014 0.000000
vn  0.000000 0.707161 -0.707053
vn  0.000000 0.707161 -0.707053
vn  1.000000 0.000000 0.000000
vn  1.000000 0.000000 0.000000
vn  -0.000000 -0.707202 0.707011
vn  -0.000000 -0.707202 0.707011
vn  0.000000 -0.707324 0.706889
vn  0.000000 -0.707324 0.706889
vn  -1.000000 0.000000 0.000000
vn  -1.000000 0.000000 0.000000
vn  0.000000 0.707403 -0.706810
vn  0.000000 0.707403 -0.706810
vn  1.000000 0.000000 0.000000
vn  1.000000 0.000000 0.000000
vn  -0.000001 -0.707324 0.706889
vn  -0.000001 -0.707324 0.706889
vn  1.000000 -0.000276 0.000000
vn  1.000000 -0.000276 0.000000
vn  -1.000000 0.000000 0.000000
vn  -1.000000 0.000000 0.000000
vn  0.000000 0.707161 -0.707053
vn  0.000000 0.707161 -0.707053
vn  -1.000000 0.000014 0.000000
vn  -1.000000 0.000014 0.000000
vn  0.000000 0.707161 -0.707053
vn  0.000000 0.707161 -0.707053
vn  1.000000 0.000000 0.000000
vn  1.000000 0.000000 0.000000
vn  -0.000000 -0.707202 0.707011
vn  -0.000000 -0.707202 0.707011
vn  0.000000 -0.707324 0.706889
vn  0.000000 -0.707324 0.706889
vn  -1.000000 0.000000 0.000000
vn  -1.000000 0.000000 0.000000
vn  0.000000 0.707403 -0.706810
vn  0.000000 0.707403 -0.706810
vn  1.000000 0.000000 0.000000
vn  1.000000 0.000000 0.000000
vn  0.000000 -0.707324 0.706889
vn  0.000000 -0.707324 0.706889
vn  1.000000 -0.000276 0.000000
vn  1.000000 -0.000276 0.000000
vn  -1.000000 0.000000 0.000000
vn  -1.000000 0.000000 0.000000
vn  0.000000 0.707161 -0.707053
vn  0.000000 0.707161 -0.707053
vn  -1.000000 0.000014 0.000000
vn  -1.000000 0.000014 0.000000
vn  0.000000 0.707161 -0.707053
vn  0.000000 0.707161 -0.707053
vn  1.000000 0.000000 0.000000
vn  1.000000 0.000000 0.000000
vn  0.000000 -0.707202 0.707011
vn  0.000000 -0.707202 0.707011
vn  0.000000 -0.707324 0.706889
vn  0.000000 -0.707324 0.706889
vn  -1.000000 0.000000 0.000000
vn  -1.000000 0.000000 0.000000
vn  0.000000 0.707403 -0.706810
vn  0.000000 0.707403 -0.706810
vn  1.000000 0.000000 0.000000
vn  1.000000 0.000000 0.000000
vn  0.000000 -0.707324 0.706889
vn  0.000000 -0.707324 0.706889
vn  1.000000 -0.000276 0.000000
vn  1.000000 -0.000276 0.000000
vn  -1.000000 0.000000 0.000000
vn  -1.000000 0.000000 0.000000
vn  0.000000 0.707161 -0.707053
vn  0.000000 0.707161 -0.707053
vn  -1.000000 0.000014 0.000000
vn  -1.000000 0.000014 0.000000
vn  0.000000 0.707161 -0.707053
vn  0.000000 0.707161 -0.707053
vn  1.000000 0.000000 0.000000
vn  1.000000 0.000000 0.000000
vn  0.000000 -0.707202 0.707011
vn  0.000000 -0.707202 0.707011
vn  0.000000 -0.707324 0.706889
vn  0.000000 -0.707324 0.706889
vn  -1.000000 0.000000 0.000000
vn  -1.000000 0.000000 0.000000
vn  0.000000 0.707403 -0.706810
vn  0.000000 0.707403 -0.706810
vn  1.000000 0.000000 0.000000
vn  1.000000 0.000000 0.000000
vn  0.000000 -0.707324 0.706889
vn  0.000000 -0.707324 0.706889
vn  1.000000 -0.000276 0.000000
vn  1.000000 -0.000276 0.000000
vn  -1.000000 0.000000 0.000000
vn  -1.000000 0.000000 0.000000
vn  0.000000 0.707161 -0.707053
vn  0.000000 0.707161 -0.707053
vn  -1.000000 0.000014 0.000000
vn  -1.000000 0.000014 0.000000
vn  0.000000 0.707161 -0.707053
vn  0.000000 0.707161 -0.707053
vn  1.000000 0.000000 0.000000
vn  1.000000 0.000000 0.000000
vn  -0.000000 -0.707202 0.707011
vn  -0.000000 -0.707202 0.707011
vn  0.000000 -0.707324 0.706889
vn  0.000000 -0.707324 0.706889
vn  -1.000000 0.000000 0.000000
vn  -1.000000 0.000000 0.000000
vn  0.000000 0.707403 -0.706810
vn  0.000000 0.707403 -0.706810
vn  1.000000 0.000000 0.000000
vn  1.000000 0.000000 0.000000
vn  0.000000 -0.707324 0.706889
vn  0.000000 -0.707324 0.706889
vn  1.000000 -0.000276 0.000000
vn  1.000000 -0.000276 0.000000
vn  -1.000000 0.000000 0.000000
vn  -1.000000 0.000000 0.000000
vn  0.000000 0.707161 -0.707053
vn  0.000000 0.707161 -0.707053
vn  -1.000000 0.000014 0.000000
vn  -1.000000 0.000014 0.000000
vn  0.000000 0.707161 -0.707053
vn  0.000000 0.707161 -0.707053
vn  1.000000 0.000000 0.000000
vn  1.000000 0.000000 0.000000
vn  -0.000000 -0.707202 0.707011
vn  -0.000000 -0.707202 0.707011
vn  2.000000 0.000000 0.000000
vn  -1.000000 0.000000 0.000000
vn  2.000000 0.000000 0.000000
vn  -2.000000 0.000000 0.000000
vn  1.000000 0.000000 0.000000
vn  -2.000000 0.000000 0.000000
vn  1.000000 0.000000 0.000000
vn  0.000000 -1.000000 0.000000
vn  0.000000 -1.000000 0.000000
vn  0.000000 -1.000000 0.000000
vn  0.000000 -1.000000 0.000000
vn  0.000000 1.414806 -1.413621
vn  2.000000 0.000000 0.000000
vn  -0.000001 -1.414648 1.413779
vn  4.000000 -0.000553 0.000000
vn  2.000000 0.000000 0.000000
vn  -1.000000 0.000000 0.000000
vn  2.000000 0.000000 0.000000
vn  -2.000000 0.000000 0.000000
vn  1.000000 0.000000 0.000000
vn  -2.000000 0.000000 0.000000
vn  1.000000 0.000000 0.000000
vn  0.000000 -1.000000 0.000000
vn  0.000000 -1.000000 0.000000
vn  0.000000 -1.000000 0.000000
vn  0.000000 -1.000000 0.000000
vn  0.000000 -1.414648 1.413779
vn  0.000000 1.414806 -1.413621
vn  2.000000 0.000000 0.000000
vn  -1.000000 0.000000 0.000000
vn  2.000000 0.000000 0.000000
vn  -3.000000 0.000000 0.000000
vn  2.000000 0.000000 0.000000
vn  -2.000000 0.000000 0.000000
vn  1.000000 0.000000 0.000000
vn  0.000000 -1.000000 0.000001
vn  0.000000 -1.000000 0.000000
vn  0.000000 -1.000000 0.000001
vn  0.000000 -1.000000 0.000000
vn  0.000000 -1.414648 1.413779
vn  -2.000000 0.000000 0.000000
vn  0.000000 1.414806 -1.413621
vn  2.000000 0.000000 0.000000
vn  0.000000 -1.414648 1.413779
vn  -2.000000 -0.000014 0.000015
vn  3.000000 0.000552 -0.000297
vn  2.000000 0.000000 0.000000
vn  -1.000000 0.000000 0.000000
vn  2.000000 0.000000 0.000000
vn  -3.000000 0.000000 0.000000
vn  2.000000 0.000000 0.000000
vn  -2.000000 0.000000 0.000000
vn  1.000000 0.000000 0.000000
vn  0.000000 -1.000000 0.000001
vn  0.000000 -1.000000 0.000000
vn  0.000000 -1.000000 0.000001
vn  0.000000 -1.000000 0.000000
vn  -2.000000 0.000000 0.000000
vn  -2.000000 -0.000014 0.000015
vn  3.000000 0.000552 -0.000297
vn  2.000000 0.000000 0.000000
vn  -1.000000 0.000000 0.000000
vn  2.000000 0.000000 0.000000
vn  -3.000000 0.000000 0.000000
vn  2.000000 0.000000 0.000000
vn  -2.000000 0.000000 0.000000
vn  1.000000 0.000000 0.000000
vn  0.000000 -1.000000 0.000001
vn  0.000000 -1.000000 0.000000
vn  0.000000 -1.000000 0.000001
vn  0.000000 -1.000000 0.000000
vn  0.000000 1.414806 -1.413621
vn  0.000000 -1.414649 1.413778
vn  2.000000 0.000000 0.000000
vn  -1.000000 0.000000 0.000000
vn  2.000000 0.000000 0.000000
vn  -3.000000 0.000000 0.000000
vn  2.000000 0.000000 0.000000
vn  -2.000000 0.000000 0.000000
vn  1.000000 0.000000 0.000000
vn  0.000000 -1.000000 0.000001
vn  0.000000 -1.000000 0.000000
vn  0.000000 -1.000000 0.000001
vn  0.000000 -1.000000 0.000000
vn  0.000000 1.414806 -1.413621
vn  2.000000 0.000000 0.000000
vn  0.000000 -1.414649 1.413778
vn  -1.000000 -0.000000 0.000015
vn  -2.000000 -0.000014 0.000015
vn  0.000000 1.000000 0.000000
vn  0.000000 1.000000 0.000000
vn  0.000000 -1.000000 -0.000000
vn  0.000000 -1.000000 -0.000000
vn  0.000000 1.000000 0.000000
vn  0.000000 -2.000000 -0.000000
vn  0.000000 2.000000 0.000000
vn  0.000000 0.000000 2.000000
vn  0.000000 1.000000 0.000000
vn  0.000000 1.000000 0.000000
vn  0.000000 -1.000000 -0.000000
vn  0.000000 -1.000000 -0.000000
vn  0.000000 0.000000 -2.000000
vn  0.000000 -1.000000 -0.000000
vn  0.000000 1.000000 0.000000
vn  -0.000001 -2.000000 -0.000000
vn  0.000000 -1.000000 -0.000000
vn  0.000000 -1.000000 -0.000000
vn  0.000000 1.000000 0.000000
vn  0.000000 1.000000 0.000000
vn  0.000000 1.000000 0.000000
vn  0.000000 1.000000 0.000000
vn  0.000000 -1.000000 -0.000000
vn  0.000000 -1.000000 -0.000000
vn  0.000000 -1.000000 -0.000000
vn  0.000000 0.000000 -1.000000
vn  0.000000 1.000000 0.000000
vn  0.000000 0.000000 -5.000000
vn  0.000000 -2.000000 -0.000000
vn  0.000000 1.000000 0.000000
vn  0.000000 2.000000 0.000000
vn  0.000000 0.000000 1.000000
vn  0.000000 2.000000 0.000000
vn  0.000000 2.000000 0.000000
vn  0.000001 1.000000 0.000000
vn  0.000002 2.000000 0.000000
vn  0.000000 -2.000000 0.000000
vn  0.000000 -2.000000 0.000001
vn  -2.000000 -0.000001 -0.000000
vn  -0.000003 -2.000000 0.000000
vn  1.000000 0.000000 -0.000000
vn  0.000000 -2.000000 0.000000
vn  0.000000 2.000000 0.000000
vn  0.000000 1.000000 0.000000
vn  4.000000 0.000000 0.000000
vn  0.000001 1.000000 0.000000
vn  0.000000 -2.000000 -0.000000
vn  0.000000 -1.000000 -0.000000
vn  -1.000000 0.000000 -0.000000
vn  -0.000001 -1.000000 -0.000000
vn  0.000000 -1.000000 0.000000
vn  0.000000 -2.000000 0.000000
vn  0.000002 2.000000 0.000000
vn  0.000003 2.000000 0.000000
vn  -1.000000 0.000000 0.000000
vn  0.000000 1.000000 0.000000
vn  2.000000 -0.000000 0.000934
vn  0.000000 -3.000000 0.000000
vn  -0.000001 -1.000000 0.000000
vn  -0.000003 -2.000000 -0.000000
vn  1.000000 0.000000 0.000000
vn  0.000000 -2.000000 0.000000
vn  0.000002 2.000000 0.000000
vn  0.000001 1.000000 0.000000
vn  0.000000 2.000000 0.000000
vn  0.000000 1.000000 0.000000
vn  2.000000 0.000000 -0.000935
vn  0.000002 -2.000000 0.000000
vn  -3.000000 -0.000001 -0.000000
vn  -0.000001 -1.000000 -0.000000
vn  1.000000 0.000000 0.000000
vn  0.000000 -1.000000 -0.000000
vn  0.000000 1.000000 0.000000
vn  0.000000 2.000000 0.000000
vn  -0.000000 -3.000000 -0.000001
vn  -0.000001 -3.000000 -0.000004
vn  0.000000 1.000000 0.000000
vn  -0.000000 -3.000000 -0.000003
vn  -0.000000 4.000000 0.000006
vn  0.000000 -3.000000 -0.000003
vn  0.000000 -3.000000 -0.000001
vn  0.000000 2.000000 0.000003
vn  -0.000000 -3.000000 -0.000001
vn  -0.000000 2.000000 0.000003
vn  0.000000 3.000000 0.000000
vn  0.000000 -3.000000 0.000000
vn  0.000000 3.000000 0.000000
vn  0.000000 -3.000000 0.000000
vn  0.000000 3.000000 0.000000
vn  0.000000 -3.000000 0.000000
vn  0.000000 -3.000000 0.000000
vn  0.000000 3.000000 0.000000
vn  0.000000 3.000000 0.000000
vn  0.000000 -2.000000 0.000000
vn  0.000000 -3.000000 0.000000
vn  0.000000 3.000000 0.000000
vn  0.000000 4.000000 0.000000
vn  0.000000 -2.000000 -0.000003
vn  -0.707228 -0.000254 0.706986
vn  -2.000000 -0.000001 0.000000
vn  -0.000000 -1.000000 -0.000001
vn  0.000000 1.000000 0.000000
vn  0.000000 1.000000 0.000000
vn  0.000000 1.000000 0.000000
vn  -0.000000 -3.000000 -0.000001
vn  0.000000 -1.000000 0.000000
vn  0.000000 2.000000 0.000000
vn  -0.000000 -3.000000 -0.000003
vn  0.000000 1.000000 0.000000
vn  0.000000 3.000000 0.000000
vn  0.000000 -3.000000 0.000000
vn  -0.707324 0.000000 0.706889
vn  0.000000 3.000000 0.000000
vn  0.000000 2.000000 0.000000
vn  0.000000 -3.000000 0.000000
vn  0.000000 -3.000000 0.000000
vn  0.707403 -0.000000 -0.706810
vn  0.000000 3.000000 0.000000
vn  0.000000 -3.000000 0.000000
vn  0.000000 -1.000000 0.000000
vn  0.000000 3.000000 0.000000
vn  0.000000 1.000000 0.000000
vn  1.000000 0.000000 0.000000
vn  0.000000 -3.000000 0.000000
vn  -2.000000 0.000000 0.000000
vn  0.000014 1.000000 0.000000
vn  -0.707324 0.000000 0.706889
vn  2.000000 0.000000 0.000000
vn  -2.000000 0.000000 0.000000
vn  0.707161 0.000000 -0.707053
vn  -0.000138 -1.000000 -0.000148
vn  -0.707324 0.000000 0.706889
vn  0.000000 2.000000 0.000000
vn  0.000000 -2.000000 0.000000
vn  -1.414648 0.000001 1.413779
vn  0.000000 2.000000 0.000000
vn  0.707320 -0.000000 0.706893
vn  -0.000003 3.000000 0.000003
vn  -0.706710 -0.000000 0.707504
vn  -0.000007 2.000000 -0.000007
vn  -0.706779 -0.000000 0.707435
vn  0.000000 -1.000000 0.000000
vn  0.706840 0.000000 -0.707373
vn  -0.000028 2.000000 -0.000000
vn  -1.413426 -0.003394 -1.414992
vn  0.000002 5.000000 0.000005
vn  0.000000 -4.000000 -0.000003
vn  0.000000 -1.000000 0.000000
vn  -1.413303 0.000000 -1.415123
vn  0.000000 1.000000 0.000000
vn  1.414640 -0.000000 1.413787
vn  1.414640 -0.000000 1.413787
vn  0.000000 -2.000000 0.000000
vn  1.000000 0.000000 0.000000
vn  0.000000 1.000000 0.000000
vn  0.000000 2.000000 0.000000
vn  -0.000001 -3.000000 -0.000004
vn  -0.000000 -3.000000 -0.000001
vn  1.000000 0.000000 0.000000
vn  2.000000 0.000000 0.000000
vn  0.000000 3.000000 0.000000
vn  1.000000 0.000000 0.000000
vn  1.000000 0.000000 0.000000
vn  0.000000 -3.000000 0.000000
vn  2.000000 0.000000 0.000000
vn  0.000000 4.000000 0.000006
vn  0.000000 2.000000 0.000000
vn  0.000000 -1.000000 -0.000001
vn  -0.000000 -3.000000 -0.000003
vn  2.000000 0.000000 0.000000
vn  -1.000000 0.000000 0.000000
vn  0.000000 3.000000 0.000000
vn  0.000000 2.000000 0.000000
vn  1.413855 -0.000000 1.414572
vn  0.000000 -1.000000 0.000000
vn  -1.000000 0.000000 0.000000
vn  0.000000 1.000000 0.000000
vn  0.000000 3.000000 0.000000
vn  0.000001 1.000000 0.000000
vn  0.000002 2.000000 0.000000
vn  -1.000000 0.000000 -0.000000
vn  0.000000 2.000000 0.000000
vn  -0.000002 -2.000000 -0.000000
vn  -0.000002 -2.000000 -0.000000
vn  1.000000 0.000000 -0.000000
vn  0.000000 -1.000000 0.000000
vn  0.000000 1.000000 0.000000
vn  0.000000 2.000000 0.000000
vn  3.000000 0.000000 0.000000
vn  0.000001 1.000000 0.000000
vn  -1.000000 0.000000 -0.000000
vn  0.000000 1.000000 0.000000
vn  -0.000002 -2.000000 -0.000000
vn  -0.000001 -1.000000 -0.000000
vn  0.000000 -2.000000 0.000000
vn  0.000000 -1.000000 0.000000
vn  0.000000 2.000000 0.000000
vn  -0.000002 2.000000 0.000000
vn  2.000000 0.000000 -0.000001
vn  0.000002 2.000000 -0.000000
vn  -1.000000 0.000000 0.000000
vn  0.000000 2.000000 0.000000
vn  1.000000 0.000000 0.000467
vn  0.000000 -2.000000 0.000000
vn  -0.000001 -1.000000 0.000000
vn  -0.000002 -2.000000 0.000000
vn  0.000000 2.000000 0.000000
vn  0.000000 1.000000 0.000000
vn  1.000000 0.000000 0.000000
vn  0.000001 1.000000 0.000000
vn  0.000000 1.000000 0.000000
vn  0.000002 2.000000 0.000000
vn  1.000000 0.000000 -0.000467
vn  0.000000 -1.000000 0.000000
vn  -4.000000 0.000000 -0.000000
vn  -0.000001 -1.000000 -0.000000
vn  0.000001 2.000000 0.000003
vn  -0.000000 3.000000 0.000003
vn  0.000000 -2.000000 0.000000
vn  0.000000 -2.000000 0.000000
vn  -0.000000 1.000000 0.000001
vn  0.000000 -2.000000 0.000000
vn  -0.000000 3.000000 0.000001
vn  0.000000 -2.000000 -0.000003
vn  0.000000 -4.000000 -0.000006
vn  0.000000 3.000000 0.000003
vn  -0.000000 -3.000000 -0.000003
vn  -0.000000 3.000000 0.000003
vn  0.000000 3.000000 0.000000
vn  0.000000 -3.000000 0.000000
vn  0.000000 3.000000 0.000000
vn  0.000000 -3.000000 0.000000
vn  0.000000 3.000000 0.000000
vn  0.000000 -3.000000 0.000000
vn  0.000000 -3.000000 0.000000
vn  0.000000 3.000000 0.000000
vn  0.000000 3.000000 0.000000
vn  0.000000 -2.000000 0.000000
vn  0.000000 -3.000000 0.000000
vn  0.000000 3.000000 0.000000
vn  -0.000000 3.000000 0.000001
vn  2.000000 -0.000001 -0.000000
vn  -0.707228 -0.000248 0.706986
vn  0.000000 2.000000 0.000003
vn  0.000000 -4.000000 0.000000
vn  -0.000000 3.000000 0.000003
vn  0.000000 1.000000 0.000000
vn  -0.000000 3.000000 0.000003
vn  0.000000 -2.000000 0.000000
vn  0.000000 -1.000000 0.000000
vn  0.000000 3.000000 0.000001
vn  -0.000000 -3.000000 -0.000006
vn  0.000000 1.000000 0.000000
vn  0.000000 3.000000 0.000000
vn  0.000000 -3.000000 0.000000
vn  -0.707324 0.000000 0.706889
vn  0.000000 3.000000 0.000000
vn  0.000000 2.000000 0.000000
vn  0.000000 -3.000000 0.000000
vn  0.000000 -3.000000 0.000000
vn  0.707403 -0.000000 -0.706810
vn  0.000000 3.000000 0.000000
vn  0.000000 -3.000000 0.000000
vn  0.000000 -1.000000 0.000000
vn  0.000000 3.000000 0.000000
vn  0.000000 1.000000 0.000000
vn  1.000000 0.000000 0.000000
vn  0.000000 -3.000000 0.000000
vn  -2.000000 0.000000 0.000000
vn  0.000014 1.000000 0.000000
vn  -0.707324 0.000000 0.706889
vn  2.000000 0.000000 0.000000
vn  -2.000000 0.000000 0.000000
vn  0.707161 0.000000 -0.707053
vn  -0.000138 -1.000000 -0.000148
vn  -0.707324 0.000000 0.706889
vn  0.000000 2.000000 0.000000
vn  -1.414648 0.000001 1.413779
vn  0.000000 2.000000 0.000000
vn  0.707320 -0.000000 0.706893
vn  -0.000001 2.000000 0.000001
vn  -0.706710 -0.000000 0.707503
vn  -0.000007 2.000000 -0.000007
vn  -0.706779 -0.000000 0.707435
vn  0.000000 -1.000000 0.000000
vn  1.413680 0.000000 -1.414747
vn  -0.000028 2.000000 -0.000000
vn  -1.413427 -0.003394 -1.414992
vn  0.000001 2.000000 0.000001
vn  2.120130 -0.000256 2.122509
vn  0.000000 -1.000000 0.000000
vn  -1.413303 0.000000 -1.415123
vn  -0.000014 2.000000 0.000015
vn  0.000000 1.000000 0.000000
vn  1.414640 -0.000000 1.413787
vn  1.414640 -0.000000 1.413787
vn  0.000000 -2.000000 0.000000
vn  1.000000 0.000000 0.000000
vn  0.000000 3.000000 0.000003
vn  0.000001 2.000000 0.000003
vn  3.000000 0.000000 0.001401
vn  0.000000 -2.000000 0.000000
vn  1.000000 0.000000 0.000000
vn  2.000000 0.000000 0.000000
vn  0.000000 3.000000 0.000000
vn  1.000000 0.000000 0.000000
vn  1.000000 0.000000 0.000000
vn  0.000000 -3.000000 0.000000
vn  2.000000 0.000000 0.000000
vn  0.000000 3.000000 0.000001
vn  -0.000001 3.000000 0.000004
vn  3.000000 -0.000000 -0.001402
vn  -0.000000 -3.000000 -0.000006
vn  2.000000 0.000000 0.000000
vn  -1.000000 0.000000 0.000000
vn  0.000000 3.000000 0.000000
vn  0.000000 2.000000 0.000000
vn  1.413855 -0.000000 1.414572
vn  0.000000 -1.000000 0.000000
vn  -1.000000 0.000000 0.000000
vn  0.000000 2.000000 0.000000
vn  0.000000 1.000000 0.000000
vn  10.000000 0.000005 0.000000
vn  0.000002 2.000000 0.000000
vn  0.000000 -1.000000 -0.000000
vn  0.000000 -2.000000 -0.000000
vn  -2.000000 0.000000 -0.000000
vn  -0.000002 -2.000000 -0.000000
vn  2.000000 0.000001 0.000000
vn  0.000000 -1.000000 0.000000
vn  0.000001 1.000000 0.000000
vn  0.000002 2.000000 0.000000
vn  -2.000000 0.000001 -0.000000
vn  0.000000 1.000000 0.000000
vn  1.000000 0.000000 -0.000467
vn  0.000000 -1.000000 0.000000
vn  -10.000000 0.000005 -0.000000
vn  -0.000002 -2.000000 -0.000000
vn  2.000000 0.000000 0.000000
vn  0.000000 -2.000000 -0.000000
vn  0.000000 1.000000 0.000000
vn  0.000000 2.000000 0.000000
vn  2.000000 0.000003 0.000000
vn  0.000000 -2.000000 0.000000
vn  -2.000000 0.000003 0.000000
vn  0.000000 -2.000000 0.000000
vn  2.000000 0.000000 0.000000
vn  2.000000 0.000003 0.000000
vn  0.000000 -3.000000 0.000000
vn  -2.000000 0.000003 0.000000
vn  -2.000000 0.000000 0.000000
vn  0.000000 3.000000 0.000000
vn  2.000000 0.000000 0.000000
vn  2.000000 0.000003 0.000000
vn  -2.000000 0.000003 0.000000
vn  -2.000000 0.000000 0.000000
vn  2.000000 -0.000001 0.000000
vn  2.000000 0.000001 0.000000
vn  0.000000 -3.000000 -0.000000
vn  -2.000000 0.000001 -0.000000
vn  0.000000 3.000000 0.000000
vn  0.000000 -2.000000 0.000000
vn  -2.000000 -0.000001 -0.000000
vn  0.000000 3.000000 0.000000
vn  2.000000 0.000003 0.000000
vn  2.000000 0.000000 0.000000
vn  -0.707228 -0.000255 0.706986
vn  -2.000000 0.000000 0.000000
vn  -2.000000 0.000003 0.000000
vn  0.000000 1.000000 0.000000
vn  0.000000 1.000000 0.000000
vn  2.000000 0.000003 0.000000
vn  2.000000 0.000000 0.000000
vn  0.000000 -1.000000 0.000000
vn  -2.000000 0.000000 0.000000
vn  -2.000000 0.000003 0.000000
vn  0.000000 1.000000 0.000000
vn  2.000000 0.000003 0.000000
vn  2.000000 0.000000 0.000000
vn  -0.707324 0.000000 0.706889
vn  -2.000000 0.000000 0.000000
vn  0.000000 2.000000 0.000000
vn  0.000000 -3.000000 0.000000
vn  -2.000000 0.000003 0.000000
vn  0.707403 -0.000000 -0.706810
vn  2.000000 0.000001 0.000000
vn  2.000000 -0.000001 0.000000
vn  0.000000 -1.000000 0.000000
vn  -2.000000 -0.000001 -0.000000
vn  0.000000 1.000000 0.000000
vn  1.000000 0.000000 0.000000
vn  -2.000000 0.000001 -0.000000
vn  -2.000000 0.000000 0.000000
vn  0.000014 1.000000 0.000000
vn  -0.707324 0.000000 0.706889
vn  2.000000 0.000000 0.000000
vn  -2.000000 0.000000 0.000000
vn  0.707161 -0.000000 -0.707053
vn  -0.000138 -1.000000 -0.000148
vn  -0.707324 0.000000 0.706889
vn  0.000000 2.000000 0.000000
vn  1.414806 -0.000000 -1.413621
vn  0.000000 -2.000000 0.000000
vn  -1.414648 0.000000 1.413779
vn  0.000000 2.000000 0.000000
vn  0.707320 -0.000000 0.706893
vn  -0.000001 2.000000 0.000001
vn  -0.706710 0.000000 0.707503
vn  -0.000007 2.000000 -0.000007
vn  -0.706779 0.000000 0.707435
vn  0.000001 -1.000000 -0.000001
vn  0.706840 -0.000000 -0.707373
vn  -0.000028 2.000000 -0.000000
vn  -1.413426 -0.003395 -1.414992
vn  0.000000 2.000000 0.000000
vn  1.413412 -0.000255 1.415015
vn  0.000000 -1.000000 0.000000
vn  -1.413303 0.000000 -1.415123
vn  -0.000014 2.000000 0.000015
vn  0.000000 1.000000 0.000000
vn  1.414640 -0.000000 1.413787
vn  1.414640 -0.000000 1.413787
vn  0.000000 -2.000000 0.000000
vn  1.000000 0.000000 0.000000
vn  0.000000 3.000000 0.000000
vn  0.000000 2.000000 0.000000
vn  2.000000 0.000000 0.000935
vn  0.000000 -3.000000 0.000000
vn  1.000000 0.000000 0.000000
vn  2.000000 0.000000 0.000000
vn  0.000000 3.000000 0.000000
vn  1.000000 0.000000 0.000000
vn  1.000000 0.000000 0.000000
vn  0.000000 -3.000000 0.000000
vn  2.000000 0.000000 0.000000
vn  0.000000 3.000000 0.000000
vn  0.000000 2.000000 0.000000
vn  2.000000 0.000000 -0.000934
vn  0.000000 -3.000000 0.000000
vn  2.000000 0.000000 0.000000
vn  -1.000000 0.000000 0.000000
vn  0.000000 3.000000 0.000000
vn  -0.000000 2.000000 0.000000
vn  1.413855 -0.000000 1.414572
vn  0.000000 -1.000000 0.000000
vn  -1.000000 0.000000 0.000000
vn  0.000000 2.000000 0.000000
vn  0.000000 1.000000 0.000000
vn  10.000000 0.000005 0.000000
vn  0.000002 2.000000 0.000000
vn  -2.000000 0.000000 -0.000000
vn  0.000000 2.000000 0.000000
vn  -0.000001 -1.000000 -0.000000
vn  -0.000002 -2.000000 -0.000000
vn  2.000000 0.000001 0.000000
vn  0.000000 -1.000000 0.000000
vn  0.000000 1.000000 0.000000
vn  0.000000 2.000000 0.000000
vn  2.000000 0.000000 0.000000
vn  0.000002 2.000000 0.000000
vn  -2.000000 0.000001 -0.000000
vn  0.000000 1.000000 0.000000
vn  1.000000 0.000000 -0.000467
vn  0.000000 -1.000000 0.000000
vn  -10.000000 0.000005 -0.000000
vn  -0.000002 -2.000000 -0.000000
vn  0.000000 1.000000 0.000000
vn  0.000000 2.000000 0.000000
vn  2.000000 0.000003 0.000000
vn  0.000000 -2.000000 0.000000
vn  -2.000000 0.000003 0.000000
vn  0.000000 -2.000000 0.000000
vn  2.000000 0.000000 0.000000
vn  2.000000 0.000003 0.000000
vn  0.000000 -3.000000 0.000000
vn  -2.000000 0.000003 0.000000
vn  -2.000000 0.000000 0.000000
vn  0.000000 3.000000 0.000000
vn  2.000000 0.000000 0.000000
vn  2.000000 0.000003 0.000000
vn  -2.000000 0.000003 0.000000
vn  -2.000000 0.000000 0.000000
vn  2.000000 -0.000001 0.000000
vn  2.000000 0.000001 0.000000
vn  0.000000 -3.000000 -0.000000
vn  -2.000000 0.000001 -0.000000
vn  0.000000 3.000000 0.000000
vn  0.000000 -2.000000 0.000000
vn  -2.000000 -0.000001 -0.000000
vn  0.000000 3.000000 0.000000
vn  2.000000 0.000003 0.000000
vn  2.000000 0.000000 0.000000
vn  -0.707228 -0.000255 0.706986
vn  -2.000000 0.000000 0.000000
vn  -2.000000 0.000003 0.000000
vn  0.000000 1.000000 0.000000
vn  0.000000 1.000000 0.000000
vn  2.000000 0.000003 0.000000
vn  2.000000 0.000000 0.000000
vn  0.000000 -1.000000 0.000000
vn  -2.000000 0.000000 0.000000
vn  -2.000000 0.000003 0.000000
vn  0.000000 1.000000 0.000000
vn  2.000000 0.000003 0.000000
vn  2.000000 0.000000 0.000000
vn  -0.707324 0.000000 0.706889
vn  -2.000000 0.000000 0.000000
vn  0.000000 2.000000 0.000000
vn  0.000000 -3.000000 0.000000
vn  -2.000000 0.000003 0.000000
vn  0.707403 -0.000000 -0.706810
vn  2.000000 0.000001 0.000000
vn  2.000000 -0.000001 0.000000
vn  0.000000 -1.000000 0.000000
vn  -2.000000 -0.000001 -0.000000
vn  0.000000 1.000000 0.000000
vn  1.000000 0.000000 0.000000
vn  -2.000000 0.000001 -0.000000
vn  -2.000000 0.000000 0.000000
vn  0.000014 1.000000 0.000000
vn  -0.707324 0.000000 0.706889
vn  2.000000 0.000000 0.000000
vn  -2.000000 0.000000 0.000000
vn  0.707161 -0.000000 -0.707053
vn  -0.000138 -1.000000 -0.000148
vn  -0.707324 0.000000 0.706889
vn  0.000000 2.000000 0.000000
vn  0.707320 -0.000000 0.706893
vn  -0.000001 2.000000 0.000001
vn  -0.706710 0.000000 0.707503
vn  -0.000007 2.000000 -0.000007
vn  -0.706779 0.000000 0.707435
vn  0.000001 -1.000000 -0.000001
vn  0.706840 -0.000000 -0.707373
vn  -0.000028 2.000000 -0.000000
vn  -1.413426 -0.003395 -1.414992
vn  0.000000 2.000000 0.000000
vn  1.413412 -0.000255 1.415015
vn  0.000000 -1.000000 0.000000
vn  -1.413303 0.000000 -1.415123
vn  -0.000014 2.000000 0.000015
vn  0.000000 1.000000 0.000000
vn  1.414640 -0.000000 1.413787
vn  1.414640 -0.000000 1.413787
vn  0.000000 -2.000000 0.000000
vn  1.000000 0.000000 0.000000
vn  0.000000 3.000000 0.000000
vn  0.000000 2.000000 0.000000
vn  2.000000 0.000000 0.000935
vn  0.000000 -3.000000 0.000000
vn  1.000000 0.000000 0.000000
vn  2.000000 0.000000 0.000000
vn  0.000000 3.000000 0.000000
vn  1.000000 0.000000 0.000000
vn  1.000000 0.000000 0.000000
vn  0.000000 -3.000000 0.000000
vn  2.000000 0.000000 0.000000
vn  0.000000 3.000000 0.000000
vn  0.000000 2.000000 0.000000
vn  2.000000 0.000000 -0.000934
vn  0.000000 -3.000000 0.000000
vn  2.000000 0.000000 0.000000
vn  -1.000000 0.000000 0.000000
vn  0.000000 3.000000 0.000000
vn  -0.000000 2.000000 0.000000
vn  1.413855 -0.000000 1.414572
vn  0.000000 -1.000000 0.000000
vn  -1.000000 0.000000 0.000000
vn  0.000000 0.000000 4.000000
vn  2.000000 0.000001 0.000000
vn  1.000000 0.000000 0.000000
vn  0.000001 1.000000 0.000000
vn  0.000000 -2.000000 -0.000000
vn  0.000000 -1.000000 -0.000000
vn  -1.000000 0.000000 -0.000000
vn  -0.000001 -1.000000 -0.000000
vn  1.000000 0.000000 0.000000
vn  0.000000 0.000000 1.000000
vn  0.000002 2.000000 0.000000
vn  0.000001 1.000000 0.000000
vn  -1.000000 0.000000 0.000000
vn  0.000000 1.000000 0.000000
vn  1.000000 0.000000 0.000467
vn  -2.000000 0.000001 -0.000000
vn  -1.000000 0.000000 -0.000000
vn  -0.000001 -1.000000 -0.000000
vn  1.000000 0.000000 0.000000
vn  0.000000 -1.000000 -0.000000
vn  0.000000 1.000000 0.000000
vn  0.000000 2.000000 0.000000
vn  2.000000 0.000003 0.000000
vn  0.000000 -2.000000 0.000000
vn  -2.000000 0.000003 0.000000
vn  0.000000 -2.000000 0.000000
vn  2.000000 0.000000 0.000000
vn  2.000000 0.000003 0.000000
vn  0.000000 -3.000000 0.000000
vn  -2.000000 0.000003 0.000000
vn  -2.000000 0.000000 0.000000
vn  0.000000 3.000000 0.000000
vn  2.000000 0.000000 0.000000
vn  2.000000 0.000003 0.000000
vn  -2.000000 0.000003 0.000000
vn  -2.000000 0.000000 0.000000
vn  2.000000 -0.000001 0.000000
vn  2.000000 0.000001 0.000000
vn  0.000000 -3.000000 -0.000000
vn  -2.000000 0.000001 -0.000000
vn  0.000000 3.000000 0.000000
vn  0.000000 -2.000000 0.000000
vn  -2.000000 -0.000001 -0.000000
vn  0.000000 3.000000 0.000000
vn  2.000000 0.000003 0.000000
vn  2.000000 0.000000 0.000000
vn  -0.707228 -0.000256 0.706986
vn  -2.000000 0.000000 0.000000
vn  -2.000000 0.000003 0.000000
vn  0.000000 1.000000 0.000000
vn  -0.000001 1.000000 0.000001
vn  2.000000 0.000003 0.000000
vn  2.000000 0.000000 0.000000
vn  0.000001 -1.000000 -0.000001
vn  -2.000000 0.000000 0.000000
vn  -2.000000 0.000003 0.000000
vn  0.000000 1.000000 0.000000
vn  2.000000 0.000003 0.000000
vn  2.000000 0.000000 0.000000
vn  -0.707324 0.000000 0.706889
vn  -2.000000 0.000000 0.000000
vn  0.000000 2.000000 0.000000
vn  0.000000 -3.000000 0.000000
vn  -2.000000 0.000003 0.000000
vn  0.707403 -0.000000 -0.706810
vn  2.000000 0.000001 0.000000
vn  2.000000 -0.000001 0.000000
vn  0.000000 -1.000000 -0.000000
vn  -2.000000 -0.000001 -0.000000
vn  0.000000 1.000000 0.000000
vn  1.000000 0.000000 0.000000
vn  -2.000000 0.000001 -0.000000
vn  -2.000000 0.000000 0.000000
vn  0.000014 1.000000 0.000000
vn  -0.707324 0.000000 0.706889
vn  2.000000 0.000000 0.000000
vn  -2.000000 0.000000 0.000000
vn  0.707161 -0.000000 -0.707053
vn  -0.000138 -1.000000 -0.000149
vn  -0.707324 0.000000 0.706889
vn  -1.414649 0.000000 1.413778
vn  -0.000000 2.000000 0.000000
vn  0.707320 -0.000000 0.706893
vn  0.000000 2.000000 0.000000
vn  -0.706710 0.000000 0.707504
vn  -0.000007 2.000000 -0.000007
vn  -0.706779 0.000000 0.707435
vn  0.000000 -1.000000 0.000000
vn  0.706840 -0.000000 -0.707373
vn  -0.000028 2.000000 -0.000000
vn  -1.413426 -0.003393 -1.414992
vn  0.000001 2.000000 0.000001
vn  1.413412 -0.000257 1.415015
vn  -0.000001 -1.000000 -0.000001
vn  -1.413303 0.000000 -1.415123
vn  0.000000 1.000000 0.000000
vn  1.414640 -0.000000 1.413787
vn  1.414640 -0.000000 1.413787
vn  0.000000 -2.000000 -0.000000
vn  1.000000 0.000000 0.000000
vn  0.000000 3.000000 0.000000
vn  0.000000 2.000000 0.000000
vn  2.000000 0.000000 0.000935
vn  0.000000 -3.000000 0.000000
vn  1.000000 0.000000 0.000000
vn  2.000000 0.000000 0.000000
vn  0.000000 3.000000 0.000000
vn  1.000000 0.000000 0.000000
vn  1.000000 0.000000 0.000000
vn  0.000000 -3.000000 0.000000
vn  2.000000 0.000000 0.000000
vn  0.000000 3.000000 0.000000
vn  0.000000 2.000000 0.000000
vn  2.000000 0.000000 -0.000934
vn  0.000000 -3.000000 0.000000
vn  2.000000 0.000000 0.000000
vn  -1.000000 0.000000 0.000000
vn  0.000000 3.000000 0.000000
vn  0.000000 2.000000 0.000000
vn  1.413855 -0.000000 1.414572
vn  0.000000 -1.000000 0.000000
vn  -1.000000 0.000000 0.000000
vn  0.000000 0.000000 4.000000
vn  2.000000 0.000001 0.000000
vn  1.000000 0.000000 0.000000
vn  0.000001 1.000000 0.000000
vn  -1.000000 0.000000 -0.000000
vn  0.000000 1.000000 0.000000
vn  -0.000002 -2.000000 -0.000000
vn  -0.000001 -1.000000 -0.000000
vn  1.000000 0.000000 0.000000
vn  0.000000 0.000000 1.000000
vn  0.000000 2.000000 0.000000
vn  0.000000 1.000000 0.000000
vn  1.000000 0.000000 0.000000
vn  0.000001 1.000000 0.000000
vn  -1.000000 0.000000 0.000000
vn  0.000000 0.000000 1.000000
vn  0.000000 0.000000 4.000000
vn  -2.000000 0.000001 -0.000000
vn  -1.000000 0.000000 -0.000000
vn  -0.000001 -1.000000 -0.000000
vn  0.000000 1.000000 0.000000
vn  0.000000 2.000000 0.000000
vn  2.000000 0.000003 0.000000
vn  0.000000 -2.000000 0.000000
vn  -2.000000 0.000003 0.000000
vn  0.000000 -2.000000 0.000000
vn  2.000000 0.000000 0.000000
vn  2.000000 0.000003 0.000000
vn  0.000000 -3.000000 0.000000
vn  -2.000000 0.000003 0.000000
vn  -2.000000 0.000000 0.000000
vn  0.000000 3.000000 0.000000
vn  2.000000 0.000000 0.000000
vn  2.000000 0.000003 0.000000
vn  -2.000000 0.000003 0.000000
vn  -2.000000 0.000000 0.000000
vn  2.000000 -0.000001 0.000000
vn  2.000000 0.000001 0.000000
vn  0.000000 -3.000000 -0.000000
vn  -2.000000 0.000001 -0.000000
vn  0.000000 3.000000 0.000000
vn  0.000000 -2.000000 0.000000
vn  -2.000000 -0.000001 -0.000000
vn  0.000000 3.000000 0.000000
vn  2.000000 0.000003 0.000000
vn  2.000000 0.000000 0.000000
vn  -0.707228 -0.000256 0.706986
vn  -2.000000 0.000000 0.000000
vn  -2.000000 0.000003 0.000000
vn  0.000000 1.000000 0.000000
vn  -0.000001 1.000000 0.000001
vn  2.000000 0.000003 0.000000
vn  2.000000 0.000000 0.000000
vn  0.000001 -1.000000 -0.000001
vn  -2.000000 0.000000 0.000000
vn  -2.000000 0.000003 0.000000
vn  0.000000 1.000000 0.000000
vn  2.000000 0.000003 0.000000
vn  2.000000 0.000000 0.000000
vn  -0.707324 0.000000 0.706889
vn  -2.000000 0.000000 0.000000
vn  0.000000 2.000000 0.000000
vn  0.000000 -3.000000 0.000000
vn  -2.000000 0.000003 0.000000
vn  0.707403 -0.000000 -0.706810
vn  2.000000 0.000001 0.000000
vn  2.000000 -0.000001 0.000000
vn  0.000000 -1.000000 -0.000000
vn  -2.000000 -0.000001 -0.000000
vn  0.000000 1.000000 0.000000
vn  1.000000 0.000000 0.000000
vn  -2.000000 0.000001 -0.000000
vn  -2.000000 0.000000 0.000000
vn  0.000014 1.000000 0.000000
vn  -0.707324 0.000000 0.706889
vn  2.000000 0.000000 0.000000
vn  -2.000000 0.000000 0.000000
vn  0.707161 -0.000000 -0.707053
vn  -0.000138 -1.000000 -0.000149
vn  -0.707324 0.000000 0.706889
vn  -0.000000 -2.000000 -0.000000
vn  -1.414649 0.000000 1.413778
vn  -0.000000 2.000000 0.000000
vn  0.707320 -0.000000 0.706893
vn  0.000000 2.000000 0.000000
vn  -0.706710 0.000000 0.707503
vn  -0.000007 2.000000 -0.000007
vn  -0.706779 0.000000 0.707435
vn  0.000000 -1.000000 0.000000
vn  0.706840 -0.000000 -0.707373
vn  -0.000028 2.000000 -0.000000
vn  -1.413427 -0.003393 -1.414992
vn  0.000001 2.000000 0.000001
vn  1.413412 -0.000257 1.415015
vn  -0.000001 -1.000000 -0.000001
vn  -1.413303 0.000000 -1.415123
vn  0.000000 1.000000 0.000000
vn  1.414640 -0.000000 1.413787
vn  1.414640 -0.000000 1.413787
vn  0.000000 -2.000000 -0.000000
vn  0.000552 -3.000000 -0.000297
vn  1.000000 0.000000 0.000000
vn  0.000000 3.000000 0.000000
vn  0.000000 2.000000 0.000000
vn  2.000000 0.000000 0.000935
vn  0.000000 -3.000000 0.000000
vn  1.000000 0.000000 0.000000
vn  2.000000 0.000000 0.000000
vn  0.000000 3.000000 0.000000
vn  1.000000 0.000000 0.000000
vn  1.000000 0.000000 0.000000
vn  0.000000 -3.000000 0.000000
vn  2.000000 0.000000 0.000000
vn  0.000000 3.000000 0.000000
vn  0.000000 2.000000 0.000000
vn  2.000000 0.000000 -0.000934
vn  0.000000 -3.000000 0.000000
vn  2.000000 0.000000 0.000000
vn  -1.000000 0.000000 0.000000
vn  0.000000 3.000000 0.000000
vn  0.000000 2.000000 0.000000
vn  1.413855 -0.000000 1.414572
vn  0.000000 -1.000000 0.000000
vn  -1.000000 0.000000 0.000000
vn  -0.707324 0.000000 0.706889
vn  -0.707324 0.000000 0.706889
vn  0.000000 1.000000 0.000000
vn  0.000000 1.000000 0.000000
vn  0.707403 0.000000 -0.706810
vn  0.707403 0.000000 -0.706810
vn  0.000000 -1.000000 0.000000
vn  0.000000 -1.000000 0.000000
vn  -0.707324 0.000001 0.706889
vn  -0.707324 0.000001 0.706889
vn  -0.000276 -1.000000 0.000000
vn  -0.000276 -1.000000 0.000000
vn  0.000000 1.000000 0.000000
vn  -0.000001 1.000000 0.000002
vn  0.707161 0.000000 -0.707053
vn  0.707161 0.000000 -0.707053
vn  0.000014 1.000000 0.000000
vn  0.000014 1.000000 0.000000
vn  0.707161 0.000000 -0.707053
vn  0.707161 0.000000 -0.707053
vn  0.000001 -1.000000 -0.000001
vn  0.000001 -1.000000 -0.000001
vn  -0.707202 0.000000 0.707011
vn  -0.707202 0.000000 0.707011
vn  -0.707324 0.000000 0.706889
vn  -0.707324 0.000000 0.706889
vn  0.000000 1.000000 0.000000
vn  0.000000 1.000000 0.000000
vn  0.707403 0.000000 -0.706810
vn  0.707403 0.000000 -0.706810
vn  0.000000 -1.000000 0.000000
vn  0.000000 -1.000000 0.000000
vn  -0.707324 0.000001 0.706889
vn  -0.707324 0.000001 0.706889
vn  -0.000276 -1.000000 0.000000
vn  -0.000276 -1.000000 0.000000
vn  -0.000001 1.000000 0.000001
vn  -0.000001 1.000000 0.000001
vn  0.707161 0.000000 -0.707053
vn  0.707161 0.000000 -0.707053
vn  0.000014 1.000000 0.000000
vn  0.000014 1.000000 0.000000
vn  0.707161 0.000000 -0.707053
vn  0.707161 0.000000 -0.707053
vn  0.000003 -1.000000 -0.000003
vn  0.000000 -1.000000 0.000000
vn  -0.707202 0.000000 0.707012
vn  -0.707202 0.000000 0.707011
vn  -0.707324 0.000000 0.706889
vn  -0.707324 0.000000 0.706889
vn  0.000000 1.000000 0.000000
vn  0.000000 1.000000 0.000000
vn  0.707403 0.000000 -0.706810
vn  0.707403 0.000000 -0.706810
vn  0.000000 -1.000000 0.000000
vn  0.000000 -1.000000 0.000000
vn  -0.707324 0.000000 0.706889
vn  -0.707324 0.000000 0.706889
vn  -0.000276 -1.000000 0.000000
vn  -0.000276 -1.000000 0.000000
vn  0.000000 1.000000 0.000000
vn  0.000000 1.000000 0.000000
vn  0.707161 0.000000 -0.707053
vn  0.707161 0.000000 -0.707053
vn  0.000014 1.000000 0.000000
vn  0.000014 1.000000 0.000000
vn  0.707161 0.000000 -0.707053
vn  0.707161 0.000000 -0.707053
vn  0.000000 -1.000000 0.000000
vn  0.000000 -1.000000 0.000000
vn  -0.707202 -0.000000 0.707011
vn  -0.707202 -0.000000 0.707011
vn  -0.707324 0.000000 0.706889
vn  -0.707324 0.000000 0.706889
vn  0.000000 1.000000 0.000000
vn  0.000000 1.000000 0.000000
vn  0.707403 0.000000 -0.706810
vn  0.707403 0.000000 -0.706810
vn  0.000000 -1.000000 0.000000
vn  0.000000 -1.000000 0.000000
vn  -0.707324 0.000000 0.706889
vn  -0.707324 0.000000 0.706889
vn  -0.000276 -1.000000 0.000000
vn  -0.000276 -1.000000 0.000000
vn  0.000000 1.000000 0.000000
vn  0.000000 1.000000 0.000000
vn  0.707161 0.000000 -0.707053
vn  0.707161 0.000000 -0.707053
vn  0.000014 1.000000 0.000000
vn  0.000014 1.000000 0.000000
vn  0.707161 0.000000 -0.707053
vn  0.707161 0.000000 -0.707053
vn  0.000000 -1.000000 0.000000
vn  0.000000 -1.000000 0.000000
vn  -0.707202 -0.000000 0.707011
vn  -0.707202 -0.000000 0.707011
vn  -0.707324 0.000000 0.706889
vn  -0.707324 0.000000 0.706889
vn  0.000000 1.000000 0.000000
vn  0.000000 1.000000 0.000000
vn  0.707403 0.000000 -0.706810
vn  0.707403 0.000000 -0.706810
vn  -0.000000 -1.000000 0.000000
vn  -0.000000 -1.000000 0.000000
vn  -0.707324 0.000000 0.706889
vn  -0.707324 0.000000 0.706889
vn  -0.000276 -1.000000 0.000000
vn  -0.000276 -1.000000 0.000000
vn  0.000000 1.000000 0.000000
vn  0.000000 1.000000 0.000000
vn  0.707161 0.000000 -0.707053
vn  0.707161 0.000000 -0.707053
vn  0.000014 1.000000 0.000000
vn  0.000014 1.000000 0.000000
vn  0.707161 0.000000 -0.707053
vn  0.707161 0.000000 -0.707053
vn  0.000000 -1.000000 0.000000
vn  0.000000 -1.000000 0.000000
vn  -0.707202 0.000000 0.707011
vn  -0.707202 0.000000 0.707011
vn  -0.707324 0.000000 0.706889
vn  -0.707324 0.000000 0.706889
vn  0.000000 1.000000 0.000000
vn  0.000000 1.000000 0.000000
vn  0.707403 0.000000 -0.706810
vn  0.707403 0.000000 -0.706810
vn  -0.000000 -1.000000 0.000000
vn  -0.000000 -1.000000 0.000000
vn  -0.707324 0.000000 0.706889
vn  -0.707324 0.000000 0.706889
vn  -0.000276 -1.000000 0.000000
vn  -0.000276 -1.000000 0.000000
vn  0.000000 1.000000 0.000000
vn  0.000000 1.000000 0.000000
vn  0.707161 0.000000 -0.707053
vn  0.707161 0.000000 -0.707053
vn  0.000014 1.000000 0.000000
vn  0.000014 1.000000 0.000000
vn  0.707161 0.000000 -0.707053
vn  0.707161 0.000000 -0.707053
vn  0.000000 -1.000000 0.000000
vn  0.000000 -1.000000 0.000000
vn  -0.707202 0.000000 0.707011
vn  -0.707202 0.000000 0.707011
vn  0.000000 -1.000000 -0.000001
vn  -3.000000 -0.000004 0.000004
vn  0.000000 -2.000000 -0.000003
vn  0.000000 3.000000 0.000000
vn  0.000000 -2.000000 0.000000
vn  0.000000 2.000000 0.000000
vn  0.000000 -1.000000 0.000000
vn  -1.000000 0.000000 0.000001
vn  -1.000000 0.000000 0.000000
vn  -1.000000 0.000000 0.000001
vn  -1.000000 0.000000 0.000000
vn  -1.414649 0.000000 1.413779
vn  1.414806 -0.000000 -1.413621
vn  -0.000014 2.000000 0.000015
vn  0.000552 -3.000000 -0.000297
vn  0.000000 -2.000000 0.000000
vn  0.000000 3.000000 0.000001
vn  0.000000 -1.000000 0.000000
vn  0.000000 3.000000 0.000000
vn  0.000000 -2.000000 0.000000
vn  0.000000 2.000000 0.000000
vn  0.000000 -1.000000 0.000000
vn  -1.000000 0.000000 0.000001
vn  -1.000000 0.000000 0.000000
vn  -1.000000 0.000000 0.000001
vn  -1.000000 0.000000 0.000000
vn  -1.414648 0.000000 1.413779
vn  1.414806 -0.000000 -1.413621
vn  0.000000 -2.000000 0.000000
vn  0.000552 -3.000000 -0.000297
vn  0.000000 -2.000000 0.000000
vn  0.000000 1.000000 0.000000
vn  0.000000 -2.000000 0.000000
vn  0.000000 3.000000 0.000000
vn  0.000000 -2.000000 0.000000
vn  -0.000000 2.000000 0.000000
vn  0.000000 -1.000000 -0.000000
vn  -1.000000 0.000000 0.000001
vn  -1.000000 0.000000 0.000000
vn  -1.000000 0.000000 0.000001
vn  -1.000000 0.000000 0.000000
vn  -1.414648 0.000000 1.413779
vn  0.000552 -3.000000 -0.000297
vn  0.000000 -2.000000 0.000000
vn  0.000000 1.000000 0.000000
vn  0.000000 -2.000000 0.000000
vn  0.000000 3.000000 0.000000
vn  0.000000 -2.000000 0.000000
vn  -0.000000 2.000000 0.000000
vn  0.000000 -1.000000 -0.000000
vn  -1.000000 0.000000 0.000001
vn  -1.000000 0.000000 0.000000
vn  -1.000000 0.000000 0.000001
vn  -1.000000 0.000000 0.000000
vn  -1.414648 0.000000 1.413779
vn  0.000000 2.000000 0.000000
vn  1.414806 -0.000000 -1.413621
vn  0.000000 -2.000000 0.000000
vn  -1.414648 0.000000 1.413779
vn  0.000552 -3.000000 -0.000297
vn  0.000000 -2.000000 0.000000
vn  0.000000 1.000000 0.000000
vn  0.000000 -2.000000 0.000000
vn  0.000000 3.000000 0.000000
vn  0.000000 -2.000000 0.000000
vn  -0.000000 2.000000 0.000000
vn  0.000000 -1.000000 -0.000000
vn  -1.000000 0.000000 0.000001
vn  -1.000000 0.000000 0.000000
vn  -1.000000 0.000000 0.000001
vn  -1.000000 0.000000 0.000000
vn  -1.414649 0.000000 1.413778
vn  0.000000 2.000000 0.000000
vn  1.414806 -0.000000 -1.413621
vn  -0.000000 -2.000000 -0.000000
vn  0.000552 -3.000000 -0.000297
vn  0.000000 -2.000000 0.000000
vn  0.000000 1.000000 0.000000
vn  0.000000 -2.000000 0.000000
vn  0.000000 3.000000 0.000000
vn  0.000000 -2.000000 0.000000
vn  -0.000000 2.000000 0.000000
vn  0.000000 -1.000000 -0.000000
vn  -1.000000 0.000000 0.000001
vn  -1.000000 0.000000 0.000000
vn  -1.000000 0.000000 0.000001
vn  -1.000000 0.000000 0.000000
vn  -1.414649 0.000000 1.413778
vn  0.000000 2.000000 0.000000
vn  1.414806 -0.000000 -1.413621
vn  -0.000014 2.000000 0.000015
vn  -0.000014 2.000000 0.000015
vn  -1.000000 0.000000 -0.000000
vn  -1.000000 0.000000 -0.000000
vn  1.000000 0.000000 0.000000
vn  1.000000 0.000000 0.000000
vn  -1.000000 0.000000 -0.000000
vn  0.000000 0.000000 -1.000000
vn  -2.000000 0.000000 -0.000000
vn  1.000000 0.000000 0.000000
vn  1.000000 0.000002 0.000000
vn  1.000000 0.000000 0.000000
vn  -1.000000 0.000000 -0.000000
vn  -1.000000 0.000000 -0.000000
vn  1.000000 0.000000 0.000000
vn  0.000000 0.000000 -5.000000
vn  2.000000 -0.000004 0.000000
vn  0.000000 0.000000 1.000000
vn  1.000000 0.000000 0.000000
vn  1.000000 0.000000 0.000000
vn  -1.000000 -0.000000 0.000000
vn  -1.000000 0.000000 -0.000000
vn  1.000000 -0.000000 0.000000
vn  1.000000 0.000000 0.000000
vn  -1.000000 0.000000 -0.000000
vn  -1.000000 0.000001 0.000000
vn  0.000000 0.000000 -2.000000
vn  -1.000000 0.000000 -0.000000
vn  1.000000 0.000000 0.000000
vn  -2.000000 0.000000 -0.000000
vn  1.000000 0.000000 0.000000
vn  -2.000000 0.000001 -0.000000
vn  2.000000 0.000000 0.000000
vn  0.000000 0.000000 2.000000
vn  -2.000000 0.000000 0.000000
vn  -1.000000 0.000000 0.000000
vn  -2.000000 0.000000 0.000000
vn  2.000000 0.000000 0.000000
vn  1.000000 0.000000 0.000000
vn  0.000000 -1.000000 0.000000
vn  1.000000 0.000000 0.000000
vn  0.000001 2.000000 0.000000
vn  -1.000000 0.000000 0.000000
vn  -2.000000 0.000001 0.000000
vn  -1.000000 0.000000 0.000000
vn  1.000000 0.000000 0.000000
vn  0.000000 -1.000000 0.000000
vn  2.000000 0.000000 0.000000
vn  0.000000 2.000000 0.000000
vn  2.000000 0.000000 0.000000
vn  -2.000000 0.000000 0.000000
vn  2.000000 0.000000 0.000000
vn  -1.000000 0.000000 0.000000
vn  1.000000 0.000000 0.000000
vn  0.000000 -1.000000 0.000000
vn  0.000000 -1.000000 0.000000
vn  0.000000 1.000000 0.000000
vn  0.000000 1.000000 0.000000
vn  -2.000000 0.000064 -0.000033
vn  -1.000000 -0.000005 -0.000005
vn  1.000000 -0.000000 0.000138
vn  1.000000 -0.000276 -0.000000
vn  1.000000 -0.000276 -0.000000
vn  1.000000 -0.000276 -0.000001
vn  1.000000 -0.000276 -0.000000
vn  -1.000000 0.000014 0.000000
vn  -1.000000 0.000014 0.000000
vn  -1.000000 0.000049 -0.000033
vn  -2.000000 0.000000 0.000000
vn  -1.000000 0.000000 0.000000
vn  -2.000000 0.000000 0.000000
vn  0.000000 -1.000000 0.000000
vn  -2.000000 0.000000 0.000000
vn  2.000000 0.000000 0.000000
vn  1.000000 0.000000 0.000000
vn  0.000001 2.000000 0.000000
vn  -2.000000 0.000000 0.000000
vn  -1.000000 0.000000 0.000000
vn  0.000000 2.000000 0.000000
vn  -2.000000 0.000000 0.000000
vn  -1.000000 0.000000 0.000000
vn  1.000000 0.000000 0.000000
vn  0.000000 -1.000000 0.000000
vn  2.000000 0.000001 0.000000
vn  -2.000000 0.000000 0.000000
vn  2.000000 0.000000 0.000000
vn  -1.000000 0.000000 0.000000
vn  1.000000 0.000000 0.000000
vn  0.000000 -1.000000 0.000000
vn  0.000000 -1.000000 0.000000
vn  0.000000 1.000000 0.000000
vn  0.000000 1.000000 0.000000
vn  -2.000000 -0.000020 0.000045
vn  -1.000000 -0.000005 -0.000005
vn  1.000000 -0.000000 0.000138
vn  1.000000 -0.000276 -0.000000
vn  1.000000 -0.000276 -0.000000
vn  1.000000 -0.000276 -0.000001
vn  1.000000 -0.000276 -0.000000
vn  -1.000000 0.000014 0.000000
vn  -1.000000 0.000014 0.000000
vn  -1.000000 -0.000034 0.000045
vn  0.000000 1.000000 0.000000
vn  0.000000 -1.000000 0.000000
vn  0.000000 1.000000 0.000000
vn  0.000000 -1.000000 -0.000000
vn  0.000000 -1.000000 0.000000
vn  0.000000 1.000000 0.000000
vn  0.000000 1.000000 0.000000
vn  0.000000 -1.000000 -0.000000
vn  0.000000 1.000000 0.000003
vn  1.000000 0.000000 0.000000
vn  0.000002 2.000000 0.000000
vn  0.000000 -1.000000 -0.000000
vn  0.000000 -2.000000 -0.000000
vn  -2.000000 -0.000001 0.000000
vn  -0.000003 -2.000000 -0.000000
vn  0.000000 -1.000000 0.000000
vn  0.000000 -2.000000 0.000000
vn  -0.707350 0.000000 -0.706864
vn  0.000001 1.000000 0.000000
vn  0.000003 2.000000 0.000000
vn  0.000000 2.000000 0.000006
vn  1.413680 -0.000001 -1.414747
vn  1.000000 0.000000 -0.000467
vn  0.000002 -2.000000 -0.000001
vn  -1.000000 -0.000001 0.000000
vn  -0.000003 -2.000000 -0.000000
vn  2.000000 0.000000 0.000000
vn  0.000000 -2.000000 -0.000000
vn  0.000001 1.000000 0.000002
vn  -0.000001 1.000000 0.000002
vn  0.000000 1.000000 0.000000
vn  0.000000 1.000000 0.000000
vn  0.000000 1.000000 0.000000
vn  0.000002 2.000000 0.000000
vn  0.000001 1.000000 0.000000
vn  -2.000000 0.000001 -0.000000
vn  0.000000 1.000000 0.000000
vn  -0.000002 -2.000000 -0.000000
vn  -0.000001 -1.000000 -0.000000
vn  2.000000 -0.000004 0.000000
vn  -0.000002 1.000000 0.000000
vn  -0.000002 2.000000 0.000000
vn  1.000000 0.000000 -0.000000
vn  0.000001 1.000000 0.000000
vn  -2.000000 -0.000001 0.000000
vn  0.000000 -1.000000 0.000000
vn  -0.000002 -2.000000 0.000000
vn  -0.000001 -1.000000 0.000000
vn  0.000000 2.000000 0.000000
vn  -1.000000 0.000000 0.000285
vn  0.000000 1.000000 0.000000
vn  1.000000 0.000000 0.000467
vn  0.000000 -1.000000 0.000000
vn  0.000000 -1.000000 0.000000
vn  0.706719 0.000000 0.707494
vn  0.000000 -1.000000 0.000000
vn  0.000000 -1.000000 0.000000
vn  -0.707202 0.000000 0.707012
vn  -0.707202 0.000000 0.707012
vn  -0.707228 -0.000248 0.706986
vn  -0.707228 -0.000248 0.706986
vn  -1.000000 0.000000 0.000000
vn  1.000000 0.000000 0.000000
vn  1.000000 0.000007 0.000000
vn  -1.000000 0.000000 0.000000
vn  1.000000 0.000000 0.000000
vn  -1.000000 -0.000000 -0.000000
vn  1.000000 -0.000001 0.000000
vn  -1.000000 0.000000 0.000000
vn  -1.000000 0.000000 0.000000
vn  -2.000000 0.000000 0.000000
vn  -1.000000 0.000000 0.000000
vn  2.000000 0.000000 0.000000
vn  1.000000 0.000000 0.000000
vn  0.000000 -1.000000 -0.000000
vn  1.000000 0.000000 0.000000
vn  0.000003 2.000000 0.000000
vn  -2.000000 0.000000 0.000000
vn  -1.000000 0.000000 0.000000
vn  0.000001 -2.000000 -0.000000
vn  -0.000001 -2.000000 -0.000000
vn  0.000000 -1.000000 -0.000000
vn  2.000000 0.000000 0.000000
vn  0.000000 1.000000 0.000000
vn  2.000000 0.000000 0.000000
vn  -1.000000 0.000000 0.000000
vn  1.000000 0.000000 0.000000
vn  -2.000000 0.000000 0.000000
vn  2.000000 0.000000 0.000000
vn  0.000000 -1.000000 0.000000
vn  0.000000 -1.000000 0.000000
vn  0.000000 1.000000 0.000000
vn  2.000000 0.000314 0.000238
vn  -2.000000 0.000000 0.000000
vn  -1.000000 0.000000 -0.000007
vn  1.000000 0.000012 0.000080
vn  2.000000 -0.000553 0.000001
vn  1.000000 -0.000276 0.000000
vn  1.000000 -0.000276 0.000000
vn  1.000000 -0.000277 0.000001
vn  -1.000000 0.000037 -0.000022
vn  -1.000000 0.000059 -0.000045
vn  -1.000000 0.000016 0.000000
vn  -1.000000 0.000000 0.000000
vn  -2.000000 0.000000 0.000000
vn  -1.000000 0.000000 0.000000
vn  0.000000 -1.000000 -0.000000
vn  -1.000000 0.000000 0.000000
vn  2.000000 0.000000 0.000000
vn  1.000000 0.000000 0.000000
vn  0.000003 2.000000 0.000000
vn  -1.000000 0.000000 0.000000
vn  -2.000000 0.000000 0.000000
vn  0.000000 1.000000 0.000000
vn  -1.000000 0.000000 0.000000
vn  0.000001 -2.000000 -0.000000
vn  -0.000001 -2.000000 -0.000000
vn  0.000000 -1.000000 -0.000000
vn  2.000000 0.000000 0.000000
vn  -1.000000 0.000000 0.000000
vn  1.000000 0.000000 0.000000
vn  -2.000000 0.000000 0.000000
vn  2.000000 0.000000 0.000000
vn  0.000000 -1.000000 0.000000
vn  0.000000 -1.000000 0.000000
vn  0.000000 1.000000 0.000000
vn  2.000000 0.000312 0.000240
vn  -2.000000 0.000000 0.000000
vn  -1.000000 0.000000 -0.000007
vn  1.000000 0.000012 0.000080
vn  2.000000 -0.000553 0.000001
vn  1.000000 -0.000276 0.000000
vn  1.000000 -0.000276 0.000000
vn  1.000000 -0.000277 0.000001
vn  -1.000000 -0.000002 0.000016
vn  -1.000000 -0.000019 0.000033
vn  -1.000000 0.000011 0.000000
vn  0.000000 1.000000 0.000000
vn  0.000000 -1.000000 -0.000000
vn  0.000000 1.000000 0.000000
vn  0.000000 -1.000000 0.000000
vn  0.000000 -1.000000 -0.000000
vn  0.000000 1.000000 0.000000
vn  0.000000 1.000000 0.000000
vn  0.000000 -1.000000 0.000000
vn  2.000000 0.000000 0.000000
vn  1.000000 0.000000 0.000000
vn  0.000001 1.000000 0.000000
vn  0.000000 -2.000000 0.000000
vn  0.000000 -1.000000 0.000000
vn  -1.000000 0.000000 0.000000
vn  -0.000001 -1.000000 0.000000
vn  0.000000 -2.000000 0.000000
vn  0.000000 -1.000000 0.000000
vn  -1.000000 0.000000 -0.000284
vn  0.000002 2.000000 0.000000
vn  0.000001 1.000000 0.000000
vn  -2.000000 0.000000 0.000000
vn  1.000000 0.000000 -0.000467
vn  2.000000 0.000000 -0.000934
vn  0.000002 -1.000000 0.000000
vn  -1.000000 -0.000001 -0.000000
vn  -0.000001 -1.000000 0.000000
vn  2.000000 0.000000 0.000000
vn  0.000000 -1.000000 0.000000
vn  0.000000 1.000000 0.000000
vn  0.000000 1.000000 0.000000
vn  0.000000 1.000000 0.000000
vn  0.000000 1.000000 0.000000
vn  0.000000 1.000000 0.000000
vn  0.000003 2.000000 0.000000
vn  0.000001 1.000000 0.000000
vn  -1.000000 0.000001 0.000000
vn  0.000000 1.000000 0.000000
vn  -0.000002 -2.000000 -0.000000
vn  -0.000001 -1.000000 -0.000000
vn  2.000000 -0.000005 -0.000000
vn  -0.000002 1.000000 0.000000
vn  -0.000002 2.000000 0.000000
vn  1.000000 0.000000 0.000000
vn  0.000001 1.000000 0.000000
vn  -2.000000 -0.000003 -0.000000
vn  0.000000 -1.000000 -0.000003
vn  -0.000002 -2.000000 -0.000000
vn  -0.000001 -1.000000 -0.000000
vn  0.000000 2.000000 0.000000
vn  -1.000000 0.000001 0.000284
vn  0.000000 1.000000 0.000000
vn  1.413437 -0.000000 1.414989
vn  0.000000 -1.000000 -0.000003
vn  -0.000001 -1.000000 -0.000002
vn  0.706719 -0.000000 0.707495
vn  0.000001 -1.000000 -0.000002
vn  -0.000000 -1.000000 -0.000000
vn  -0.707202 0.000000 0.707011
vn  -0.707202 0.000001 0.707011
vn  -0.707227 -0.000252 0.706986
vn  -0.707227 -0.000249 0.706986
vn  -1.000000 0.000000 0.000000
vn  1.000000 0.000000 0.000000
vn  1.000000 0.000008 -0.000000
vn  -1.000000 0.000000 0.000000
vn  1.000000 0.000000 0.000000
vn  -1.000000 0.000000 0.000000
vn  1.000000 -0.000001 -0.000000
vn  -1.000000 0.000002 -0.000000
vn  -0.000001 2.000000 0.000000
vn  2.000000 0.000000 0.000000
vn  -2.000000 0.000001 0.000000
vn  -1.000000 0.000001 0.000000
vn  0.000003 -2.000000 -0.000000
vn  -0.000003 -1.000000 -0.000001
vn  -0.000005 -6.000000 -0.000001
vn  1.000000 0.000000 0.000000
vn  0.000000 1.000000 0.000000
vn  1.000000 0.000000 0.000000
vn  -1.000000 0.000000 0.000000
vn  1.000000 0.000000 0.000000
vn  0.000000 -1.000000 0.000000
vn  -2.000000 0.000000 0.000000
vn  -2.000000 -0.000015 0.000014
vn  2.000000 0.000000 0.000000
vn  -2.000000 0.000028 -0.000000
vn  2.000000 0.000299 -0.000274
vn  -1.000000 -0.000004 -0.000004
vn  -1.000000 0.000014 -0.000000
vn  4.000000 0.000590 0.000238
vn  -0.000001 2.000000 0.000000
vn  2.000000 0.000000 0.000000
vn  -1.000000 0.000000 0.000000
vn  0.000000 1.000000 0.000000
vn  -1.000000 0.000000 0.000000
vn  0.000003 -2.000000 -0.000000
vn  -0.000003 -1.000000 -0.000001
vn  -0.000005 -6.000000 -0.000001
vn  1.000000 0.000001 0.000000
vn  -1.000000 0.000000 0.000000
vn  1.000000 0.000000 0.000000
vn  0.000000 -1.000000 0.000000
vn  -2.000000 -0.000001 0.000001
vn  -2.000000 -0.000015 0.000014
vn  2.000000 0.000000 0.000000
vn  -2.000000 0.000028 -0.000000
vn  2.000000 0.000299 -0.000274
vn  -1.000000 -0.000004 -0.000004
vn  4.000000 0.000588 0.000240
vn  -1.000000 0.000014 -0.000000
vn  0.000000 -1.000000 0.000000
vn  0.000000 -1.000000 -0.000000
vn  0.000000 1.000000 0.000000
vn  0.000000 1.000000 0.000000
vn  1.000000 0.000001 0.000000
vn  8.000000 0.000005 0.000000
vn  0.000001 1.000000 0.000000
vn  0.000000 -2.000000 -0.000000
vn  0.000000 -1.000000 -0.000000
vn  -1.000000 -0.000001 -0.000000
vn  -0.000002 -1.000000 -0.000000
vn  2.000000 -0.000003 -0.000000
vn  0.000003 2.000000 0.000000
vn  0.000002 1.000000 0.000000
vn  -2.000000 -0.000003 -0.000000
vn  -1.000000 0.000001 0.000000
vn  -10.000000 0.000005 -0.000000
vn  -0.000002 -1.000000 -0.000000
vn  1.000000 0.000000 0.000000
vn  0.000000 -1.000000 -0.000000
vn  0.000000 -1.000000 0.000000
vn  -2.000000 -0.000004 0.000003
vn  1.000000 0.000000 0.000467
vn  1.000000 0.000000 0.000467
vn  -1.000000 -0.000005 -0.000000
vn  0.000001 1.000000 0.000002
vn  -0.000000 1.000000 0.000000
vn  -0.000001 1.000000 0.000002
vn  0.000000 1.000000 0.000003
vn  -0.707202 0.000000 0.707011
vn  -0.707202 0.000000 0.707011
vn  0.000000 2.000000 0.000000
vn  0.000000 1.000000 0.000000
vn  0.000000 -2.000000 0.000000
vn  -1.000000 0.000000 -0.000284
vn  0.000000 2.000000 0.000000
vn  0.000002 2.000000 0.000000
vn  0.000002 1.000000 0.000000
vn  1.000000 0.000000 -0.000467
vn  -2.000000 0.000000 0.000000
vn  0.000000 -1.000000 0.000000
vn  0.000000 -1.000000 0.000000
vn  0.706840 0.000000 -0.707374
vn  0.000000 -1.000000 0.000000
vn  -1.000000 0.000000 0.000000
vn  -1.000000 0.000000 0.000000
vn  -1.000000 -0.000001 -0.000000
vn  -1.000000 0.000004 0.000000
vn  -0.000000 1.000000 0.000000
vn  -2.000000 0.000000 0.000000
vn  2.000000 0.000000 0.000000
vn  1.000000 0.000000 0.000000
vn  0.000000 -1.000000 0.000000
vn  1.000000 0.000000 0.000000
vn  1.000000 0.000000 0.000000
vn  -0.000000 1.000000 0.000000
vn  -2.000000 0.000000 0.000000
vn  0.000000 -1.000000 0.000000
vn  -2.000000 0.000000 0.000000
vn  2.000000 0.000000 0.000000
vn  1.000000 0.000000 0.000000
vn  -2.000000 0.000000 0.000000
vn  1.000000 0.000000 0.000000
vn  0.000000 1.000000 0.000000
vn  0.000000 1.000000 0.000000
vn  0.000000 -1.000000 0.000000
vn  0.000000 -1.000000 -0.000000
vn  1.000000 0.000000 0.000000
vn  0.000002 1.000000 0.000000
vn  -2.000000 0.000000 0.000000
vn  0.000000 1.000000 0.000000
vn  -0.000002 -2.000000 0.000000
vn  -0.000001 -1.000000 0.000000
vn  0.000000 1.000000 0.000000
vn  1.000000 -0.000001 0.000000
vn  0.000001 1.000000 0.000000
vn  -1.000000 0.000000 0.000000
vn  -0.000001 -1.000000 0.000000
vn  1.000000 0.000000 0.000000
vn  1.000000 0.000000 0.000000
vn  1.000000 0.000000 0.000000
vn  1.000000 0.000000 0.000000
vn  -1.000000 -0.000000 0.000007
vn  1.000000 0.000001 -0.000137
vn  -1.000000 -0.000000 0.000007
vn  1.000000 0.000001 -0.000137
vn  -1.000000 0.000000 0.000000
vn  1.000000 0.000000 0.000000
vn  -1.000000 0.000000 0.000000
vn  1.000000 0.000000 0.000000
vn  -1.000000 0.000000 0.000000
vn  1.000000 0.000000 0.000000
vn  -2.000000 0.000001 -0.000000
vn  -1.000000 0.000001 -0.000000
vn  0.000001 -2.000000 -0.000000
vn  2.000000 0.000000 0.000000
vn  1.000000 0.000000 0.000000
vn  2.000000 0.000000 0.000000
vn  0.000000 1.000000 0.000000
vn  2.000000 0.000000 0.000000
vn  -2.000000 0.000000 0.000000
vn  2.000000 0.000000 0.000000
vn  0.000000 -1.000000 0.000000
vn  -1.000000 0.000000 0.000000
vn  0.000000 1.000000 0.000000
vn  1.000000 0.000000 0.000000
vn  0.000000 -1.000000 0.000000
vn  0.000000 1.000000 0.000000
vn  -1.000000 0.000000 0.000000
vn  -1.000000 0.000014 -0.000000
vn  2.000000 -0.000553 0.000000
vn  -1.000000 0.000000 0.000000
vn  1.000000 0.000000 0.000000
vn  -1.000000 0.000000 0.000000
vn  0.000000 1.000000 0.000000
vn  -1.000000 0.000000 0.000000
vn  0.000001 -2.000000 -0.000000
vn  2.000000 0.000000 0.000000
vn  1.000000 0.000001 -0.000000
vn  2.000000 0.000001 -0.000000
vn  -2.000000 0.000000 0.000000
vn  2.000000 0.000000 0.000000
vn  0.000000 -1.000000 0.000000
vn  -1.000000 -0.000002 0.000000
vn  0.000000 1.000000 0.000000
vn  1.000000 0.000000 0.000000
vn  0.000000 -1.000000 0.000000
vn  0.000000 1.000000 0.000000
vn  -1.000000 0.000000 0.000000
vn  2.000000 -0.000552 0.000000
vn  -1.000000 0.000014 -0.000000
vn  0.000000 -1.000000 -0.000000
vn  0.000000 -1.000000 0.000000
vn  0.000000 1.000000 0.000000
vn  0.000000 1.000000 0.000000
vn  0.000000 1.000000 0.000000
vn  0.000002 2.000000 0.000000
vn  0.000001 1.000000 0.000000
vn  0.000000 -2.000000 0.000001
vn  0.000000 -1.000000 0.000000
vn  -1.000000 -0.000001 0.000000
vn  -0.000002 -1.000000 0.000000
vn  2.000000 -0.000001 -0.000000
vn  0.000003 2.000000 0.000000
vn  0.000002 1.000000 0.000000
vn  -2.000000 -0.000003 0.000000
vn  0.000000 -1.000000 0.000000
vn  -0.000003 -2.000000 -0.000000
vn  -0.000002 -1.000000 -0.000000
vn  2.000000 0.000000 0.000000
vn  0.000000 -1.000000 0.000000
vn  0.000000 -1.000000 0.000000
vn  -1.000000 0.000000 0.000284
vn  2.000000 -0.000000 0.000934
vn  1.000000 0.000000 0.000467
vn  0.000000 2.000000 0.000000
vn  0.000000 1.000000 0.000000
vn  0.706693 0.000000 0.707521
vn  0.000000 1.000000 0.000000
vn  0.000000 1.000000 0.000000
vn  -0.707202 0.000000 0.707011
vn  -0.707202 0.000000 0.707011
vn  0.000000 1.000000 0.000000
vn  0.000000 2.000000 0.000000
vn  0.000000 -2.000000 -0.000006
vn  -1.414698 -0.000002 -1.413729
vn  0.000000 1.000000 0.000000
vn  -1.000000 0.000000 0.000000
vn  0.000002 2.000000 -0.000001
vn  0.706840 0.000000 -0.707374
vn  -0.000000 -2.000000 -0.000006
vn  -0.000001 -1.000000 -0.000002
vn  0.000001 -1.000000 -0.000002
vn  1.413680 0.000000 -1.414747
vn  -0.000000 -1.000000 -0.000000
vn  -1.000000 0.000000 0.000000
vn  -1.000000 0.000000 0.000000
vn  -1.000000 -0.000001 0.000000
vn  -1.000000 0.000004 0.000000
vn  -1.000000 0.000000 0.000000
vn  -2.000000 0.000000 0.000000
vn  1.000000 0.000000 0.000000
vn  2.000000 0.000000 0.000000
vn  0.000000 -2.000000 -0.000000
vn  2.000000 0.000000 0.000000
vn  1.000000 0.000000 0.000000
vn  -1.000000 0.000000 0.000000
vn  -2.000000 0.000000 0.000000
vn  0.000000 -2.000000 -0.000000
vn  -2.000000 0.000000 0.000000
vn  1.000000 0.000000 0.000000
vn  2.000000 0.000000 0.000000
vn  -2.000000 0.000000 0.000000
vn  1.000000 0.000000 0.000000
vn  0.000000 1.000000 0.000000
vn  0.000000 1.000000 0.000000
vn  0.000000 -1.000000 -0.000000
vn  0.000000 -1.000000 0.000000
vn  0.000002 1.000000 0.000000
vn  0.000003 2.000000 0.000000
vn  -2.000000 0.000001 0.000000
vn  0.000000 2.000000 0.000000
vn  -0.000001 -1.000000 -0.000000
vn  -0.000002 -2.000000 -0.000000
vn  -0.000002 2.000000 0.000000
vn  2.000000 -0.000001 0.000000
vn  0.000002 2.000000 0.000000
vn  -0.000001 -1.000000 -0.000000
vn  -0.000002 -2.000000 -0.000000
vn  1.000000 0.000000 0.000000
vn  1.000000 0.000004 -0.000000
vn  1.000000 0.000000 0.000000
vn  1.000000 -0.000000 -0.000000
vn  -1.000000 -0.000009 0.000000
vn  1.000000 0.000138 -0.000138
vn  -1.000000 -0.000009 0.000000
vn  1.000000 0.000138 -0.000138
vn  -1.000000 0.000000 0.000000
vn  1.000000 0.000000 0.000000
vn  -1.000000 0.000000 0.000000
vn  1.000000 0.000000 0.000000
# 2636 vertex normals

g beam
usemtl ENV_ARC_TBeam_16x256_V01_M
s 1
f 11/11/11 41/45/41 42/46/42 12/12/12
s 2
f 42/46/42 47/53/47 13/13/13 12/12/12
f 2375/3503/2375 2464/3616/2464 13/13/13 47/53/47
s 1
f 2103/3171/2103 2102/3170/2102 3/3/3 4/4/4
s 2
f 2103/3171/2103 4/4/4 1035/1553/1035 2173/3261/2173
s 1
f 2104/3172/2104 5/5/5 6/6/6 2105/3173/2105
s 2
f 2105/3173/2105 6/6/6 7/7/7 2106/3174/2106
s 1
f 2106/3175/2106 7/21/7 8/8/8 2107/3176/2107
s 2
f 66/78/66 73/87/73 8/8/8 9/9/9
f 2108/3177/2108 2107/3176/2107 8/8/8 73/87/73
s 1
f 19/19/19 43/47/43 44/48/44 20/20/20
s 2
f 20/20/20 44/48/44 41/45/41 11/11/11
s 1
f 2508/3666/2508 21/23/21 22/24/22 2509/3667/2509
s 2
f 68/80/68 75/89/75 22/24/22 23/25/23
f 2510/3668/2510 2509/3667/2509 22/24/22 75/89/75
s 1
f 33/35/33 45/49/45 134/50/134 34/36/34
s 2
f 34/36/34 134/50/134 135/51/135 35/37/35
s 1
f 35/37/35 135/51/135 46/52/46 36/38/36
s 2
f 46/52/46 51/59/51 37/39/37 36/38/36
f 2249/3348/2249 2250/3349/2250 37/39/37 51/59/51
s 1
f 2513/3672/2513 2512/3670/2512 27/43/27 28/30/28
s 2
f 2513/3672/2513 28/30/28 29/31/29 2514/3673/2514
s 1
f 2515/3674/2515 2514/3673/2514 29/31/29 30/32/30
s 2
f 2515/3674/2515 30/32/30 1029/1541/1029 2548/3722/2548
s 1
f 52/60/52 47/53/47 42/46/42 41/45/41
f 48/54/48 49/55/49 44/48/44 43/47/43
f 50/56/50 133/57/133 134/50/134 45/49/45
f 136/58/136 51/59/51 46/52/46 135/51/135
f 2516/3675/2516 139/68/139 53/61/53 2506/3664/2506
f 2517/3676/2517 2507/3665/2507 54/62/54 142/63/142
s 2
f 2517/3676/2517 142/63/142 143/116/143 2518/3677/2518
s 1
f 2117/3187/2117 2111/3180/2111 55/64/55 128/65/128
f 2118/3189/2118 131/66/131 56/67/56 2112/3181/2112
f 64/76/64 57/69/57 53/61/53 139/68/139
f 58/70/58 59/71/59 142/63/142 54/62/54
f 60/72/60 61/73/61 128/65/128 55/64/55
f 62/74/62 63/75/63 56/67/56 131/66/131
f 935/101/935 86/102/86 57/69/57 64/76/64
f 87/103/87 936/104/936 59/71/59 58/70/58
s 2
f 936/104/936 935/101/935 64/76/64 59/71/59
s 1
f 89/105/89 90/106/90 61/73/61 60/72/60
s 2
f 90/106/90 91/107/91 62/74/62 61/73/61
s 1
f 91/107/91 92/108/92 63/75/63 62/74/62
f 1/1/1 2/2/2 65/77/65 70/84/70
f 9/9/9 10/10/10 930/79/930 66/78/66
s 2
f 10/10/10 1/1/1 70/84/70 930/79/930
s 1
f 23/25/23 24/26/24 123/81/123 68/80/68
s 2
f 24/26/24 25/27/25 124/82/124 123/81/123
s 1
f 25/27/25 26/28/26 69/83/69 124/82/124
f 70/84/70 65/77/65 72/86/72 931/85/931
f 66/78/66 930/79/930 932/88/932 73/87/73
s 4
f 931/85/931 937/111/937 930/79/930 70/84/70
f 939/117/939 932/88/932 930/79/930 937/111/937
s 1
f 68/80/68 123/81/123 122/90/122 75/89/75
f 124/82/124 69/83/69 76/92/76 125/91/125
f 2101/3169/2101 2119/3191/2119 931/85/931 72/86/72
f 2108/3177/2108 73/87/73 932/88/932 2120/3192/2120
s 4
f 2120/3192/2120 932/88/932 939/117/939 2121/3193/2121
s 1
f 2510/3668/2510 75/89/75 122/90/122 2519/3679/2519
s 2
f 2519/3679/2519 122/90/122 121/112/121 2520/3680/2520
s 1
f 2511/3669/2511 2521/3682/2521 125/91/125 76/92/76
f 933/93/933 78/94/78 86/102/86 935/101/935
f 79/95/79 934/96/934 936/104/936 87/103/87
s 4
f 935/101/935 940/118/940 938/113/938 933/93/933
f 934/96/934 940/118/940 935/101/935 936/104/936
s 1
f 81/97/81 82/98/82 90/106/90 89/105/89
f 83/99/83 84/100/84 92/108/92 91/107/91
s 2
f 138/110/138 139/68/139 2516/3675/2516 2522/3683/2522
s 4
f 937/111/937 931/85/931 2119/3191/2119 2122/3194/2122
f 939/117/939 937/111/937 2122/3194/2122 2121/3193/2121
s 2
f 126/119/126 125/91/125 2521/3682/2521 2523/3685/2523
f 2117/3188/2117 128/122/128 129/123/129 2123/3195/2123
f 130/125/130 131/126/131 2118/3190/2118 2124/3197/2124
s 1
f 90/201/90 82/189/82 103/137/103 117/136/117
s 4
f 82/189/82 96/190/96 118/138/118 103/137/103
s 1
f 118/138/118 2389/3520/2389 2498/3656/2498 2126/3201/2126
s 4
f 127/198/127 83/199/83 119/140/119 104/139/104
s 1
f 83/199/83 91/200/91 120/141/120 119/140/119
s 4
f 91/200/91 90/201/90 117/136/117 120/141/120
f 121/191/121 122/192/122 112/151/112 111/150/111
s 1
f 122/192/122 123/193/123 113/152/113 112/151/112
s 4
f 123/193/123 124/194/124 114/153/114 113/152/113
s 1
f 114/153/114 124/194/124 125/195/125 115/154/115
s 4
f 125/195/125 126/196/126 116/155/116 115/154/115
s 1
f 2499/3657/2499 2392/3525/2392 104/139/104 2127/3203/2127
s 8
f 2265/3372/2265 944/179/944 99/236/99 2268/3376/2268
f 94/229/94 2134/3212/2134 2125/3200/2125 111/173/111
s 1
f 117/159/117 103/160/103 128/203/128 61/202/61
s 8
f 103/160/103 118/161/118 129/204/129 128/203/128
s 1
f 129/204/129 118/161/118 2126/3202/2126 2123/3196/2123
s 4
f 107/180/107 106/181/106 133/209/133 132/208/132
s 1
f 133/209/133 106/181/106 105/182/105 134/210/134
s 4
f 105/182/105 110/183/110 135/211/135 134/210/134
s 1
f 110/183/110 109/184/109 136/212/136 135/211/135
s 4
f 109/184/109 108/185/108 137/213/137 136/212/136
s 1
f 2264/3370/2264 2261/3364/2261 2395/3531/2395 2470/3624/2470
f 137/214/137 108/186/108 2395/3531/2395 2261/3364/2261
s 8
f 104/162/104 119/163/119 131/206/131 130/205/130
s 1
f 119/163/119 120/164/120 62/207/62 131/206/131
s 8
f 120/164/120 117/159/117 61/202/61 62/207/62
s 1
f 105/142/105 106/143/106 52/223/52 41/215/41
s 4
f 106/143/106 107/144/107 93/224/93 52/223/52
s 8
f 2391/3523/2391 93/224/93 107/144/107 2394/3528/2394
s 4
f 100/129/100 101/130/101 139/217/139 138/216/138
s 1
f 101/130/101 102/131/102 140/218/140 139/217/139
s 2
f 102/131/102 941/132/941 141/219/141 140/218/140
s 1
f 941/132/941 942/133/942 142/220/142 141/219/141
s 4
f 942/133/942 943/134/943 143/221/143 142/220/142
s 8
f 143/222/143 944/149/944 2526/3691/2526 2518/3678/2518
s 4
f 108/145/108 109/146/109 49/226/49 97/225/97
s 1
f 49/226/49 109/146/109 110/147/110 44/227/44
s 4
f 110/147/110 105/142/105 41/215/41 44/227/44
s 1
f 154/251/154 184/285/184 185/286/185 155/252/155
s 2
f 185/286/185 190/293/190 156/253/156 155/252/155
f 2396/3532/2396 2471/3625/2471 156/253/156 190/293/190
s 1
f 2137/3215/2137 2136/3214/2136 146/243/146 147/244/147
s 2
f 2137/3215/2137 147/244/147 148/245/148 2138/3216/2138
s 1
f 2139/3217/2139 2138/3216/2138 148/245/148 149/246/149
s 2
f 2139/3217/2139 149/246/149 1019/1521/1019 2169/3257/2169
s 1
f 2140/3219/2140 150/261/150 151/248/151 2141/3220/2141
s 2
f 209/318/209 216/327/216 151/248/151 152/249/152
f 2142/3221/2142 2141/3220/2141 151/248/151 216/327/216
s 1
f 162/259/162 186/287/186 187/288/187 163/260/163
s 2
f 163/260/163 187/288/187 184/285/184 154/251/154
s 1
f 2608/3793/2608 164/263/164 165/264/165 2529/3695/2529
s 2
f 2529/3695/2529 165/264/165 166/265/166 2530/3696/2530
s 1
f 2530/3696/2530 166/265/166 167/266/167 2531/3697/2531
s 2
f 211/320/211 218/329/218 167/266/167 168/267/168
f 2532/3698/2532 2531/3697/2531 167/266/167 218/329/218
s 1
f 178/277/178 188/289/188 280/290/280 179/278/179
s 2
f 179/278/179 280/290/280 281/291/281 180/279/180
s 1
f 180/279/180 281/291/281 189/292/189 181/280/181
s 2
f 189/292/189 194/299/194 182/281/182 181/280/181
f 2285/3394/2285 2286/3395/2286 182/281/182 194/299/194
s 1
f 2535/3702/2535 2534/3700/2534 172/283/172 173/272/173
s 2
f 2535/3702/2535 173/272/173 1039/1561/1039 2550/3724/2550
s 1
f 195/300/195 190/293/190 185/286/185 184/285/184
f 191/294/191 192/295/192 187/288/187 186/287/186
f 193/296/193 279/297/279 280/290/280 188/289/188
f 282/298/282 194/299/194 189/292/189 281/291/281
f 2536/3703/2536 285/308/285 196/301/196 2527/3693/2527
f 2537/3704/2537 2528/3694/2528 197/302/197 288/303/288
s 2
f 2537/3704/2537 288/303/288 289/356/289 2538/3705/2538
s 1
f 2151/3231/2151 2147/3226/2147 198/304/198 274/305/274
f 2152/3233/2152 277/306/277 199/307/199 2148/3227/2148
f 207/316/207 200/309/200 196/301/196 285/308/285
f 201/310/201 202/311/202 288/303/288 197/302/197
f 203/312/203 204/313/204 274/305/274 198/304/198
f 205/314/205 206/315/206 199/307/199 277/306/277
f 950/341/950 229/342/229 200/309/200 207/316/207
f 230/343/230 951/344/951 202/311/202 201/310/201
s 2
f 951/344/951 950/341/950 207/316/207 202/311/202
s 1
f 232/345/232 233/346/233 204/313/204 203/312/203
s 2
f 233/346/233 234/347/234 205/314/205 204/313/204
s 1
f 234/347/234 235/348/235 206/315/206 205/314/205
f 144/241/144 145/242/145 208/317/208 213/324/213
f 152/249/152 153/250/153 945/319/945 209/318/209
s 2
f 153/250/153 144/241/144 213/324/213 945/319/945
s 1
f 168/267/168 169/268/169 269/321/269 211/320/211
s 2
f 169/268/169 170/269/170 270/322/270 269/321/269
s 1
f 170/269/170 171/270/171 212/323/212 270/322/270
f 213/324/213 208/317/208 215/326/215 946/325/946
f 209/318/209 945/319/945 947/328/947 216/327/216
s 4
f 946/325/946 952/351/952 945/319/945 213/324/213
f 954/357/954 947/328/947 945/319/945 952/351/952
s 1
f 211/320/211 269/321/269 268/330/268 218/329/218
f 270/322/270 212/323/212 219/332/219 271/331/271
f 2135/3213/2135 2153/3235/2153 946/325/946 215/326/215
f 2142/3221/2142 216/327/216 947/328/947 2154/3236/2154
s 4
f 2154/3236/2154 947/328/947 954/357/954 2155/3237/2155
s 1
f 2532/3698/2532 218/329/218 268/330/268 2539/3707/2539
s 2
f 2539/3707/2539 268/330/268 267/352/267 2540/3708/2540
s 1
f 2533/3699/2533 2541/3710/2541 271/331/271 219/332/219
f 948/333/948 221/334/221 229/342/229 950/341/950
f 222/335/222 949/336/949 951/344/951 230/343/230
s 4
f 950/341/950 955/358/955 953/353/953 948/333/948
f 949/336/949 955/358/955 950/341/950 951/344/951
s 1
f 224/337/224 225/338/225 233/346/233 232/345/232
f 226/339/226 227/340/227 235/348/235 234/347/234
s 2
f 284/350/284 285/308/285 2536/3703/2536 2542/3711/2542
s 4
f 952/351/952 946/325/946 2153/3235/2153 2156/3238/2156
f 954/357/954 952/351/952 2156/3238/2156 2155/3237/2155
s 2
f 272/359/272 271/331/271 2541/3710/2541 2543/3713/2543
f 2151/3232/2151 274/362/274 275/363/275 2157/3239/2157
f 276/365/276 277/366/277 2152/3234/2152 2158/3241/2158
s 1
f 233/441/233 225/429/225 247/377/247 262/376/262
s 4
f 225/429/225 239/430/239 263/378/263 247/377/247
s 1
f 263/378/263 2409/3548/2409 2500/3658/2500 2160/3245/2160
s 4
f 273/438/273 226/439/226 264/380/264 248/379/248
s 1
f 226/439/226 234/440/234 265/381/265 264/380/264
s 4
f 234/440/234 233/441/233 262/376/262 265/381/265
f 267/431/267 268/432/268 256/391/256 255/390/255
s 1
f 268/432/268 269/433/269 257/392/257 256/391/256
s 4
f 269/433/269 270/434/270 258/393/258 257/392/257
s 1
f 258/393/258 270/434/270 271/435/271 259/394/259
s 4
f 271/435/271 272/436/272 260/395/260 259/394/259
s 1
f 2501/3659/2501 2412/3553/2412 248/379/248 2161/3247/2161
s 8
f 2299/3416/2299 266/419/266 242/476/242 2302/3420/2302
f 237/469/237 2168/3256/2168 2159/3244/2159 255/413/255
s 1
f 262/399/262 247/400/247 274/443/274 204/442/204
s 8
f 247/400/247 263/401/263 275/444/275 274/443/274
s 1
f 275/444/275 263/401/263 2160/3246/2160 2157/3240/2157
s 4
f 251/420/251 250/421/250 279/449/279 278/448/278
s 1
f 279/449/279 250/421/250 249/422/249 280/450/280
s 4
f 249/422/249 254/423/254 281/451/281 280/450/280
s 1
f 254/423/254 253/424/253 282/452/282 281/451/281
s 4
f 253/424/253 252/425/252 283/453/283 282/452/282
s 1
f 2298/3414/2298 2295/3408/2295 2414/3556/2414 2478/3634/2478
f 283/454/283 252/426/252 2414/3556/2414 2295/3408/2295
s 8
f 248/402/248 264/403/264 277/446/277 276/445/276
s 1
f 264/403/264 265/404/265 205/447/205 277/446/277
s 8
f 265/404/265 262/399/262 204/442/204 205/447/205
s 1
f 249/382/249 250/383/250 195/463/195 184/455/184
s 4
f 250/383/250 251/384/251 236/464/236 195/463/195
s 8
f 2411/3551/2411 236/464/236 251/384/251 2415/3558/2415
s 4
f 243/369/243 956/370/956 285/457/285 284/456/284
s 1
f 956/370/956 244/371/244 286/458/286 285/457/285
s 2
f 244/371/244 957/372/957 287/459/287 286/458/286
s 1
f 957/372/957 245/373/245 288/460/288 287/459/287
s 4
f 245/373/245 246/374/246 289/461/289 288/460/288
s 8
f 289/462/289 266/389/266 2545/3717/2545 2538/3706/2538
s 4
f 252/385/252 253/386/253 192/466/192 240/465/240
s 1
f 192/466/192 253/386/253 254/387/254 187/467/187
s 4
f 254/387/254 249/382/249 184/455/184 187/467/187
s 1
f 290/501/290 310/545/310 311/546/311 291/502/291
s 2
f 311/546/311 316/553/316 292/503/292 291/502/291
f 322/561/322 326/569/326 292/503/292 316/553/316
f 355/602/355 347/594/347 292/503/292 326/569/326
f 341/586/341 334/577/334 292/503/292 347/594/347
f 12/492/12 13/493/13 292/503/292 334/577/334
s 1
f 13/493/13 14/494/14 293/504/293 292/503/292
s 2
f 293/504/293 14/494/14 1036/1556/1036 1043/1569/1043
s 1
f 15/495/15 16/496/16 295/506/295 294/505/294
s 2
f 16/496/16 17/497/17 296/507/296 295/506/295
s 1
f 17/511/17 18/498/18 297/508/297 296/512/296
s 2
f 335/578/335 342/587/342 18/498/18 19/499/19
f 348/595/348 356/603/356 18/498/18 342/587/342
f 327/570/327 323/562/323 18/498/18 356/603/356
f 317/554/317 312/547/312 18/498/18 323/562/323
f 298/509/298 297/508/297 18/498/18 312/547/312
s 1
f 298/509/298 312/547/312 313/548/313 299/510/299
s 2
f 299/510/299 313/548/313 310/545/310 290/501/290
s 4
f 292/483/292 293/484/293 296/487/296 297/488/297
f 292/483/292 297/488/297 290/481/290 291/482/291
f 298/489/298 299/490/299 290/481/290 297/488/297
f 296/487/296 293/484/293 294/485/294 295/486/295
f 1043/1570/1043 1044/1572/1044 294/485/294 293/484/293
s 1
f 31/523/31 32/524/32 301/534/301 300/533/300
s 2
f 337/580/337 344/589/344 32/524/32 33/525/33
f 350/597/350 358/605/358 32/524/32 344/589/344
f 329/572/329 324/564/324 32/524/32 358/605/358
f 319/556/319 314/549/314 32/524/32 324/564/324
f 302/535/302 301/534/301 32/524/32 314/549/314
s 1
f 302/535/302 314/549/314 401/550/401 303/536/303
s 2
f 303/536/303 401/550/401 402/551/402 304/537/304
s 1
f 304/537/304 402/551/402 315/552/315 305/538/305
s 2
f 315/552/315 320/559/320 306/539/306 305/538/305
f 325/567/325 332/575/332 306/539/306 320/559/320
f 361/608/361 353/600/353 306/539/306 332/575/332
f 345/592/345 338/583/338 306/539/306 353/600/353
f 36/528/36 37/529/37 306/539/306 338/583/338
s 1
f 37/543/37 38/530/38 307/540/307 306/544/306
s 2
f 38/530/38 39/531/39 308/541/308 307/540/307
s 1
f 39/531/39 40/532/40 309/542/309 308/541/308
s 2
f 309/542/309 40/532/40 1030/1544/1030 1032/1547/1032
s 4
f 306/519/306 301/514/301 304/517/304 305/518/305
f 309/522/309 300/513/300 307/520/307 308/521/308
f 1031/1545/1031 300/513/300 309/522/309 1032/1548/1032
f 300/513/300 301/514/301 306/519/306 307/520/307
f 302/515/302 303/516/303 304/517/304 301/514/301
s 1
f 321/560/321 316/553/316 311/546/311 310/545/310
f 317/554/317 318/555/318 313/548/313 312/547/312
f 319/556/319 400/557/400 401/550/401 314/549/314
f 403/558/403 320/559/320 315/552/315 402/551/402
f 406/568/406 322/561/322 316/553/316 321/560/321
f 323/562/323 409/563/409 318/555/318 317/554/317
s 2
f 409/563/409 410/616/410 366/615/366 318/555/318
s 1
f 324/564/324 395/565/395 400/557/400 319/556/319
f 398/566/398 325/567/325 320/559/320 403/558/403
f 333/576/333 326/569/326 322/561/322 406/568/406
f 327/570/327 328/571/328 409/563/409 323/562/323
f 329/572/329 330/573/330 395/565/395 324/564/324
f 331/574/331 332/575/332 325/567/325 398/566/398
f 963/601/963 355/602/355 326/569/326 333/576/333
f 356/603/356 964/604/964 328/571/328 327/570/327
s 2
f 964/604/964 963/601/963 333/576/333 328/571/328
s 1
f 358/605/358 359/606/359 330/573/330 329/572/329
s 2
f 359/606/359 360/607/360 331/574/331 330/573/330
s 1
f 360/607/360 361/608/361 332/575/332 331/574/331
f 11/491/11 12/492/12 334/577/334 339/584/339
f 19/499/19 20/500/20 958/579/958 335/578/335
s 2
f 20/500/20 11/491/11 339/584/339 958/579/958
s 1
f 33/525/33 34/526/34 390/581/390 337/580/337
s 2
f 34/526/34 35/527/35 391/582/391 390/581/390
s 1
f 35/527/35 36/528/36 338/583/338 391/582/391
f 339/584/339 334/577/334 341/586/341 959/585/959
f 335/578/335 958/579/958 960/588/960 342/587/342
s 4
f 959/585/959 965/611/965 958/579/958 339/584/339
f 967/617/967 960/588/960 958/579/958 965/611/965
s 1
f 337/580/337 390/581/390 389/590/389 344/589/344
f 391/582/391 338/583/338 345/592/345 392/591/392
f 959/585/959 341/586/341 347/594/347 961/593/961
f 342/587/342 960/588/960 962/596/962 348/595/348
s 4
f 960/588/960 967/617/967 968/618/968 962/596/962
s 1
f 344/589/344 389/590/389 351/598/351 350/597/350
s 2
f 389/590/389 388/612/388 365/614/365 351/598/351
s 1
f 392/591/392 345/592/345 353/600/353 352/599/352
f 961/593/961 347/594/347 355/602/355 963/601/963
f 348/595/348 962/596/962 964/604/964 356/603/356
s 4
f 963/601/963 968/618/968 966/613/966 961/593/961
f 962/596/962 968/618/968 963/601/963 964/604/964
s 1
f 350/597/350 351/598/351 359/606/359 358/605/358
f 352/599/352 353/600/353 361/608/361 360/607/360
s 2
f 406/568/406 321/560/321 362/609/362 405/610/405
s 4
f 959/585/959 961/593/961 966/613/966 965/611/965
f 965/611/965 966/613/966 968/618/968 967/617/967
s 2
f 392/591/392 352/599/352 394/620/394 393/619/393
f 395/622/395 396/623/396 399/624/399 400/621/400
f 398/626/398 403/627/403 404/628/404 397/625/397
s 1
f 359/701/359 351/689/351 370/637/370 384/636/384
s 4
f 351/689/351 365/690/365 385/638/385 370/637/370
s 1
f 378/650/378 974/657/974 365/690/365 388/691/388
s 4
f 394/698/394 352/699/352 386/640/386 371/639/371
s 1
f 352/699/352 360/700/360 387/641/387 386/640/386
s 4
f 360/700/360 359/701/359 384/636/384 387/641/387
f 388/691/388 389/692/389 379/651/379 378/650/378
s 1
f 389/692/389 390/693/390 380/652/380 379/651/379
s 4
f 390/693/390 391/694/391 381/653/381 380/652/380
s 1
f 381/653/381 391/694/391 392/695/392 382/654/382
s 4
f 392/695/392 393/696/393 383/655/383 382/654/382
s 1
f 975/658/975 393/697/393 394/698/394 371/639/371
s 8
f 368/736/368 383/674/383 975/679/975 973/671/973
s 1
f 384/659/384 370/660/370 395/703/395 330/702/330
s 8
f 370/660/370 385/661/385 396/704/396 395/703/395
s 1
f 374/680/374 399/708/399 385/661/385 974/687/974
s 4
f 374/680/374 373/681/373 400/709/400 399/708/399
s 1
f 400/709/400 373/681/373 372/682/372 401/710/401
s 4
f 372/682/372 377/683/377 402/711/402 401/710/401
s 1
f 377/683/377 376/684/376 403/712/403 402/711/402
s 4
f 376/684/376 375/685/375 404/713/404 403/712/403
s 1
f 371/662/371 397/705/397 375/686/375 975/688/975
s 8
f 371/662/371 386/663/386 398/706/398 397/705/397
s 1
f 386/663/386 387/664/387 331/707/331 398/706/398
s 8
f 387/664/387 384/659/384 330/702/330 331/707/331
s 1
f 372/642/372 373/643/373 321/723/321 310/715/310
s 4
f 373/643/373 374/644/374 362/724/362 321/723/321
s 8
f 369/629/369 405/716/405 374/644/374 974/648/974
s 4
f 369/629/369 969/630/969 406/717/406 405/716/405
s 1
f 969/630/969 970/631/970 407/718/407 406/717/406
s 2
f 970/631/970 971/632/971 408/719/408 407/718/407
s 1
f 971/632/971 972/633/972 409/720/409 408/719/408
s 4
f 972/633/972 973/634/973 410/721/410 409/720/409
s 8
f 375/645/375 366/725/366 973/635/973 975/649/975
s 4
f 375/645/375 376/646/376 318/726/318 366/725/366
s 1
f 318/726/318 376/646/376 377/647/377 313/727/313
s 4
f 377/647/377 372/642/372 310/715/310 313/727/313
s 1
f 411/761/411 431/805/431 432/806/432 412/762/412
s 2
f 432/806/432 437/813/437 413/763/413 412/762/412
f 443/821/443 447/829/447 413/763/413 437/813/437
f 476/862/476 468/854/468 413/763/413 447/829/447
f 462/846/462 455/837/455 413/763/413 468/854/468
f 155/752/155 156/753/156 413/763/413 455/837/455
s 1
f 156/753/156 157/754/157 414/764/414 413/763/413
s 2
f 157/754/157 158/755/158 415/765/415 414/764/414
s 1
f 158/755/158 159/756/159 416/766/416 415/765/415
s 2
f 416/766/416 159/756/159 1020/1524/1020 1023/1529/1023
s 1
f 160/771/160 161/758/161 418/768/418 417/772/417
s 2
f 456/838/456 463/847/463 161/758/161 162/759/162
f 469/855/469 477/863/477 161/758/161 463/847/463
f 448/830/448 444/822/444 161/758/161 477/863/477
f 438/814/438 433/807/433 161/758/161 444/822/444
f 419/769/419 418/768/418 161/758/161 433/807/433
s 1
f 419/769/419 433/807/433 434/808/434 420/770/420
s 2
f 420/770/420 434/808/434 431/805/431 411/761/411
s 4
f 413/743/413 414/744/414 417/747/417 418/748/418
f 413/743/413 418/748/418 411/741/411 412/742/412
f 419/749/419 420/750/420 411/741/411 418/748/418
s 1
f 174/783/174 175/784/175 422/794/422 421/793/421
s 2
f 175/784/175 176/785/176 423/795/423 422/794/422
s 1
f 176/785/176 177/786/177 424/796/424 423/795/423
s 2
f 458/840/458 465/849/465 177/786/177 178/787/178
f 471/857/471 479/865/479 177/786/177 465/849/465
f 450/832/450 445/824/445 177/786/177 479/865/479
f 440/816/440 435/809/435 177/786/177 445/824/445
f 425/797/425 424/796/424 177/786/177 435/809/435
s 1
f 425/797/425 435/809/435 526/810/526 426/798/426
s 2
f 426/798/426 526/810/526 527/811/527 427/799/427
s 1
f 427/799/427 527/811/527 436/812/436 428/800/428
s 2
f 436/812/436 441/819/441 429/801/429 428/800/428
f 446/827/446 453/835/453 429/801/429 441/819/441
f 482/868/482 474/860/474 429/801/429 453/835/453
f 466/852/466 459/843/459 429/801/429 474/860/474
f 181/790/181 182/791/182 429/801/429 459/843/459
s 1
f 182/803/182 183/792/183 430/802/430 429/804/429
s 2
f 430/802/430 183/792/183 1040/1564/1040 1045/1573/1045
s 4
f 429/781/429 424/776/424 427/779/427 428/780/428
f 1046/1576/1046 429/781/429 430/782/430 1045/1574/1045
f 422/774/422 423/775/423 1046/1576/1046 421/773/421
f 423/775/423 424/776/424 429/781/429 1046/1576/1046
f 425/777/425 426/778/426 427/779/427 424/776/424
s 1
f 442/820/442 437/813/437 432/806/432 431/805/431
f 438/814/438 439/815/439 434/808/434 433/807/433
f 440/816/440 525/817/525 526/810/526 435/809/435
f 528/818/528 441/819/441 436/812/436 527/811/527
f 531/828/531 443/821/443 437/813/437 442/820/442
f 444/822/444 534/823/534 439/815/439 438/814/438
s 2
f 534/823/534 535/876/535 487/875/487 439/815/439
s 1
f 445/824/445 520/825/520 525/817/525 440/816/440
f 523/826/523 446/827/446 441/819/441 528/818/528
f 454/836/454 447/829/447 443/821/443 531/828/531
f 448/830/448 449/831/449 534/823/534 444/822/444
f 450/832/450 451/833/451 520/825/520 445/824/445
f 452/834/452 453/835/453 446/827/446 523/826/523
f 981/861/981 476/862/476 447/829/447 454/836/454
f 477/863/477 982/864/982 449/831/449 448/830/448
s 2
f 982/864/982 981/861/981 454/836/454 449/831/449
s 1
f 479/865/479 480/866/480 451/833/451 450/832/450
s 2
f 480/866/480 481/867/481 452/834/452 451/833/451
s 1
f 481/867/481 482/868/482 453/835/453 452/834/452
f 154/751/154 155/752/155 455/837/455 460/844/460
f 162/759/162 163/760/163 976/839/976 456/838/456
s 2
f 163/760/163 154/751/154 460/844/460 976/839/976
s 1
f 178/787/178 179/788/179 515/841/515 458/840/458
s 2
f 179/788/179 180/789/180 516/842/516 515/841/515
s 1
f 180/789/180 181/790/181 459/843/459 516/842/516
f 460/844/460 455/837/455 462/846/462 977/845/977
f 456/838/456 976/839/976 978/848/978 463/847/463
s 4
f 977/845/977 983/871/983 976/839/976 460/844/460
f 985/877/985 978/848/978 976/839/976 983/871/983
s 1
f 458/840/458 515/841/515 514/850/514 465/849/465
f 516/842/516 459/843/459 466/852/466 517/851/517
f 977/845/977 462/846/462 468/854/468 979/853/979
f 463/847/463 978/848/978 980/856/980 469/855/469
s 4
f 978/848/978 985/877/985 986/878/986 980/856/980
s 1
f 465/849/465 514/850/514 472/858/472 471/857/471
s 2
f 514/850/514 513/872/513 486/874/486 472/858/472
s 1
f 517/851/517 466/852/466 474/860/474 473/859/473
f 979/853/979 468/854/468 476/862/476 981/861/981
f 469/855/469 980/856/980 982/864/982 477/863/477
s 4
f 981/861/981 986/878/986 984/873/984 979/853/979
f 980/856/980 986/878/986 981/861/981 982/864/982
s 1
f 471/857/471 472/858/472 480/866/480 479/865/479
f 473/859/473 474/860/474 482/868/482 481/867/481
s 2
f 531/828/531 442/820/442 483/869/483 530/870/530
s 4
f 977/845/977 979/853/979 984/873/984 983/871/983
f 983/871/983 984/873/984 986/878/986 985/877/985
s 2
f 517/851/517 473/859/473 519/880/519 518/879/518
f 520/882/520 521/883/521 524/884/524 525/881/525
f 523/886/523 528/887/528 529/888/529 522/885/522
s 1
f 480/961/480 472/949/472 495/897/495 509/896/509
s 4
f 472/949/472 486/950/486 510/898/510 495/897/495
s 1
f 503/910/503 988/917/988 486/950/486 513/951/513
s 4
f 519/958/519 473/959/473 511/900/511 496/899/496
s 1
f 473/959/473 481/960/481 512/901/512 511/900/511
s 4
f 481/960/481 480/961/480 509/896/509 512/901/512
f 513/951/513 514/952/514 504/911/504 503/910/503
s 1
f 514/952/514 515/953/515 505/912/505 504/911/504
s 4
f 515/953/515 516/954/516 506/913/506 505/912/505
s 1
f 506/913/506 516/954/516 517/955/517 507/914/507
s 4
f 517/955/517 518/956/518 508/915/508 507/914/507
s 1
f 989/918/989 518/957/518 519/958/519 496/899/496
s 8
f 489/996/489 508/934/508 989/939/989 494/931/494
s 1
f 509/919/509 495/920/495 520/963/520 451/962/451
s 8
f 495/920/495 510/921/510 521/964/521 520/963/520
s 1
f 499/940/499 524/968/524 510/921/510 988/947/988
s 4
f 499/940/499 498/941/498 525/969/525 524/968/524
s 1
f 525/969/525 498/941/498 497/942/497 526/970/526
s 4
f 497/942/497 502/943/502 527/971/527 526/970/526
s 1
f 502/943/502 501/944/501 528/972/528 527/971/527
s 4
f 501/944/501 500/945/500 529/973/529 528/972/528
s 1
f 496/922/496 522/965/522 500/946/500 989/948/989
s 8
f 496/922/496 511/923/511 523/966/523 522/965/522
s 1
f 511/923/511 512/924/512 452/967/452 523/966/523
s 8
f 512/924/512 509/919/509 451/962/451 452/967/452
s 1
f 497/902/497 498/903/498 442/983/442 431/975/431
s 4
f 498/903/498 499/904/499 483/984/483 442/983/442
s 8
f 490/889/490 530/976/530 499/904/499 988/908/988
s 4
f 490/889/490 491/890/491 531/977/531 530/976/530
s 1
f 491/890/491 987/891/987 532/978/532 531/977/531
s 2
f 987/891/987 492/892/492 533/979/533 532/978/532
s 1
f 492/892/492 493/893/493 534/980/534 533/979/533
s 4
f 493/893/493 494/894/494 535/981/535 534/980/534
s 8
f 500/905/500 487/985/487 494/895/494 989/909/989
s 4
f 500/905/500 501/906/501 439/986/439 487/985/487
s 1
f 439/986/439 501/906/501 502/907/502 434/987/434
s 4
f 502/907/502 497/902/497 431/975/431 434/987/434
s 1
f 1/1021/1 556/1065/556 557/1066/557 2/1022/2
s 2
f 557/1066/557 562/1073/562 3/1023/3 2/1022/2
f 568/1081/568 572/1089/572 3/1023/3 562/1073/562
f 601/1122/601 593/1114/593 3/1023/3 572/1089/572
f 587/1106/587 580/1097/580 3/1023/3 593/1114/593
f 537/1012/537 538/1013/538 3/1023/3 580/1097/580
s 1
f 538/1013/538 539/1014/539 4/1024/4 3/1023/3
s 2
f 4/1024/4 539/1014/539 1047/1577/1047 1035/1554/1035
s 1
f 540/1015/540 541/1016/541 6/1026/6 5/1025/5
s 2
f 541/1016/541 542/1017/542 7/1027/7 6/1026/6
s 1
f 542/1031/542 543/1018/543 8/1028/8 7/1032/7
s 2
f 581/1098/581 588/1107/588 543/1018/543 544/1019/544
f 594/1115/594 602/1123/602 543/1018/543 588/1107/588
f 573/1090/573 569/1082/569 543/1018/543 602/1123/602
f 563/1074/563 558/1067/558 543/1018/543 569/1082/569
f 9/1029/9 8/1028/8 543/1018/543 558/1067/558
s 1
f 9/1029/9 558/1067/558 559/1068/559 10/1030/10
s 2
f 10/1030/10 559/1068/559 556/1065/556 1/1021/1
s 4
f 544/1009/544 543/1008/543 536/1001/536 545/1010/545
f 538/1003/538 537/1002/537 536/1001/536 543/1008/543
f 542/1007/542 539/1004/539 538/1003/538 543/1008/543
s 1
f 546/1043/546 547/1044/547 22/1054/22 21/1053/21
s 2
f 583/1100/583 590/1109/590 547/1044/547 548/1045/548
f 596/1117/596 604/1125/604 547/1044/547 590/1109/590
f 575/1092/575 570/1084/570 547/1044/547 604/1125/604
f 565/1076/565 560/1069/560 547/1044/547 570/1084/570
f 23/1055/23 22/1054/22 547/1044/547 560/1069/560
s 1
f 23/1055/23 560/1069/560 651/1070/651 24/1056/24
s 2
f 24/1056/24 651/1070/651 652/1071/652 25/1057/25
s 1
f 25/1057/25 652/1071/652 561/1072/561 26/1058/26
s 2
f 561/1072/561 566/1079/566 27/1059/27 26/1058/26
f 571/1087/571 578/1095/578 27/1059/27 566/1079/566
f 607/1128/607 599/1120/599 27/1059/27 578/1095/578
f 591/1112/591 584/1103/584 27/1059/27 599/1120/599
f 551/1048/551 552/1049/552 27/1059/27 584/1103/584
s 1
f 552/1063/552 553/1050/553 28/1060/28 27/1064/27
s 2
f 553/1050/553 554/1051/554 29/1061/29 28/1060/28
s 1
f 554/1051/554 555/1052/555 30/1062/30 29/1061/29
s 2
f 30/1062/30 555/1052/555 1034/1551/1034 1029/1542/1029
s 1
f 567/1080/567 562/1073/562 557/1066/557 556/1065/556
f 563/1074/563 564/1075/564 559/1068/559 558/1067/558
f 565/1076/565 650/1077/650 651/1070/651 560/1069/560
f 653/1078/653 566/1079/566 561/1072/561 652/1071/652
f 656/1088/656 568/1081/568 562/1073/562 567/1080/567
f 569/1082/569 659/1083/659 564/1075/564 563/1074/563
s 2
f 659/1083/659 660/1136/660 612/1135/612 564/1075/564
s 1
f 570/1084/570 645/1085/645 650/1077/650 565/1076/565
f 648/1086/648 571/1087/571 566/1079/566 653/1078/653
f 579/1096/579 572/1089/572 568/1081/568 656/1088/656
f 573/1090/573 574/1091/574 659/1083/659 569/1082/569
f 575/1092/575 576/1093/576 645/1085/645 570/1084/570
f 577/1094/577 578/1095/578 571/1087/571 648/1086/648
f 995/1121/995 601/1122/601 572/1089/572 579/1096/579
f 602/1123/602 996/1124/996 574/1091/574 573/1090/573
s 2
f 996/1124/996 995/1121/995 579/1096/579 574/1091/574
s 1
f 604/1125/604 605/1126/605 576/1093/576 575/1092/575
s 2
f 605/1126/605 606/1127/606 577/1094/577 576/1093/576
s 1
f 606/1127/606 607/1128/607 578/1095/578 577/1094/577
f 536/1011/536 537/1012/537 580/1097/580 585/1104/585
f 544/1019/544 545/1020/545 990/1099/990 581/1098/581
s 2
f 545/1020/545 536/1011/536 585/1104/585 990/1099/990
s 1
f 548/1045/548 549/1046/549 640/1101/640 583/1100/583
s 2
f 549/1046/549 550/1047/550 641/1102/641 640/1101/640
s 1
f 550/1047/550 551/1048/551 584/1103/584 641/1102/641
f 585/1104/585 580/1097/580 587/1106/587 991/1105/991
f 581/1098/581 990/1099/990 992/1108/992 588/1107/588
s 4
f 991/1105/991 997/1131/997 990/1099/990 585/1104/585
f 999/1137/999 992/1108/992 990/1099/990 997/1131/997
s 1
f 583/1100/583 640/1101/640 639/1110/639 590/1109/590
f 641/1102/641 584/1103/584 591/1112/591 642/1111/642
f 991/1105/991 587/1106/587 593/1114/593 993/1113/993
f 588/1107/588 992/1108/992 994/1116/994 594/1115/594
s 4
f 992/1108/992 999/1137/999 1000/1138/1000 994/1116/994
s 1
f 590/1109/590 639/1110/639 597/1118/597 596/1117/596
s 2
f 639/1110/639 638/1132/638 611/1134/611 597/1118/597
s 1
f 642/1111/642 591/1112/591 599/1120/599 598/1119/598
f 993/1113/993 593/1114/593 601/1122/601 995/1121/995
f 594/1115/594 994/1116/994 996/1124/996 602/1123/602
s 4
f 995/1121/995 1000/1138/1000 998/1133/998 993/1113/993
f 994/1116/994 1000/1138/1000 995/1121/995 996/1124/996
s 1
f 596/1117/596 597/1118/597 605/1126/605 604/1125/604
f 598/1119/598 599/1120/599 607/1128/607 606/1127/606
s 2
f 656/1088/656 567/1080/567 608/1129/608 655/1130/655
s 4
f 991/1105/991 993/1113/993 998/1133/998 997/1131/997
f 997/1131/997 998/1133/998 1000/1138/1000 999/1137/999
s 2
f 642/1111/642 598/1119/598 644/1140/644 643/1139/643
f 645/1142/645 646/1143/646 649/1144/649 650/1141/650
f 648/1146/648 653/1147/653 654/1148/654 647/1145/647
s 1
f 605/1221/605 597/1209/597 619/1157/619 633/1156/633
s 4
f 597/1209/597 611/1210/611 634/1158/634 619/1157/619
s 1
f 627/1170/627 1018/1177/1018 611/1210/611 638/1211/638
s 4
f 644/1218/644 598/1219/598 635/1160/635 620/1159/620
s 1
f 598/1219/598 606/1220/606 636/1161/636 635/1160/635
s 4
f 606/1220/606 605/1221/605 633/1156/633 636/1161/636
f 638/1211/638 639/1212/639 628/1171/628 627/1170/627
s 1
f 639/1212/639 640/1213/640 629/1172/629 628/1171/628
s 4
f 640/1213/640 641/1214/641 630/1173/630 629/1172/629
s 1
f 630/1173/630 641/1214/641 642/1215/642 631/1174/631
s 4
f 642/1215/642 643/1216/643 632/1175/632 631/1174/631
s 1
f 637/1178/637 643/1217/643 644/1218/644 620/1159/620
s 8
f 614/1256/614 632/1194/632 637/1199/637 1002/1191/1002
s 1
f 633/1179/633 619/1180/619 645/1223/645 576/1222/576
s 8
f 619/1180/619 634/1181/634 646/1224/646 645/1223/645
s 1
f 623/1200/623 649/1228/649 634/1181/634 1018/1207/1018
s 4
f 623/1200/623 622/1201/622 650/1229/650 649/1228/649
s 1
f 650/1229/650 622/1201/622 621/1202/621 651/1230/651
s 4
f 621/1202/621 626/1203/626 652/1231/652 651/1230/651
s 1
f 626/1203/626 625/1204/625 653/1232/653 652/1231/652
s 4
f 625/1204/625 624/1205/624 654/1233/654 653/1232/653
s 1
f 620/1182/620 647/1225/647 624/1206/624 637/1208/637
s 8
f 620/1182/620 635/1183/635 648/1226/648 647/1225/647
s 1
f 635/1183/635 636/1184/636 577/1227/577 648/1226/648
s 8
f 636/1184/636 633/1179/633 576/1222/576 577/1227/577
s 1
f 621/1162/621 622/1163/622 567/1243/567 556/1235/556
s 4
f 622/1163/622 623/1164/623 608/1244/608 567/1243/567
s 8
f 615/1149/615 655/1236/655 623/1164/623 1018/1168/1018
s 4
f 615/1149/615 616/1150/616 656/1237/656 655/1236/655
s 1
f 616/1150/616 617/1151/617 657/1238/657 656/1237/656
s 2
f 617/1151/617 1001/1152/1001 658/1239/658 657/1238/657
s 1
f 1001/1152/1001 618/1153/618 659/1240/659 658/1239/658
s 4
f 618/1153/618 1002/1154/1002 660/1241/660 659/1240/659
s 8
f 624/1165/624 612/1245/612 1002/1155/1002 637/1169/637
s 4
f 624/1165/624 625/1166/625 564/1246/564 612/1245/612
s 1
f 564/1246/564 625/1166/625 626/1167/626 559/1247/559
s 4
f 626/1167/626 621/1162/621 556/1235/556 559/1247/559
s 1
f 144/1281/144 681/1325/681 682/1326/682 145/1282/145
s 2
f 682/1326/682 687/1333/687 146/1283/146 145/1282/145
f 693/1341/693 697/1349/697 146/1283/146 687/1333/687
f 726/1382/726 718/1374/718 146/1283/146 697/1349/697
f 712/1366/712 705/1357/705 146/1283/146 718/1374/718
f 662/1272/662 663/1273/663 146/1283/146 705/1357/705
s 1
f 663/1273/663 664/1274/664 147/1284/147 146/1283/146
s 2
f 664/1274/664 665/1275/665 148/1285/148 147/1284/147
s 1
f 665/1275/665 666/1276/666 149/1286/149 148/1285/148
s 2
f 149/1286/149 666/1276/666 1025/1533/1025 1019/1522/1019
s 1
f 667/1291/667 668/1278/668 151/1288/151 150/1292/150
s 2
f 706/1358/706 713/1367/713 668/1278/668 669/1279/669
f 719/1375/719 727/1383/727 668/1278/668 713/1367/713
f 698/1350/698 694/1342/694 668/1278/668 727/1383/727
f 688/1334/688 683/1327/683 668/1278/668 694/1342/694
f 152/1289/152 151/1288/151 668/1278/668 683/1327/683
s 1
f 152/1289/152 683/1327/683 684/1328/684 153/1290/153
s 2
f 153/1290/153 684/1328/684 681/1325/681 144/1281/144
s 4
f 669/1269/669 668/1268/668 661/1261/661 670/1270/670
f 663/1263/663 662/1262/662 661/1261/661 668/1268/668
f 667/1267/667 664/1264/664 663/1263/663 668/1268/668
f 664/1264/664 667/1267/667 666/1266/666 665/1265/665
f 1026/1536/1026 1025/1534/1025 666/1266/666 667/1267/667
s 1
f 671/1303/671 672/1304/672 165/1314/165 164/1313/164
s 2
f 672/1304/672 673/1305/673 166/1315/166 165/1314/165
s 1
f 673/1305/673 674/1306/674 167/1316/167 166/1315/166
s 2
f 708/1360/708 715/1369/715 674/1306/674 675/1307/675
f 721/1377/721 729/1385/729 674/1306/674 715/1369/715
f 700/1352/700 695/1344/695 674/1306/674 729/1385/729
f 690/1336/690 685/1329/685 674/1306/674 695/1344/695
f 168/1317/168 167/1316/167 674/1306/674 685/1329/685
s 1
f 168/1317/168 685/1329/685 776/1330/776 169/1318/169
s 2
f 169/1318/169 776/1330/776 777/1331/777 170/1319/170
s 1
f 170/1319/170 777/1331/777 686/1332/686 171/1320/171
s 2
f 686/1332/686 691/1339/691 172/1321/172 171/1320/171
f 696/1347/696 703/1355/703 172/1321/172 691/1339/691
f 732/1388/732 724/1380/724 172/1321/172 703/1355/703
f 716/1372/716 709/1363/709 172/1321/172 724/1380/724
f 678/1310/678 679/1311/679 172/1321/172 709/1363/709
s 1
f 679/1323/679 680/1312/680 173/1322/173 172/1324/172
s 2
f 173/1322/173 680/1312/680 1049/1581/1049 1039/1562/1039
s 4
f 1049/1582/1049 680/1302/680 671/1293/671 1050/1584/1050
f 677/1299/677 674/1296/674 679/1301/679 678/1300/678
f 675/1297/675 674/1296/674 677/1299/677 676/1298/676
f 674/1296/674 673/1295/673 680/1302/680 679/1301/679
f 673/1295/673 672/1294/672 671/1293/671 680/1302/680
s 1
f 692/1340/692 687/1333/687 682/1326/682 681/1325/681
f 688/1334/688 689/1335/689 684/1328/684 683/1327/683
f 690/1336/690 775/1337/775 776/1330/776 685/1329/685
f 778/1338/778 691/1339/691 686/1332/686 777/1331/777
f 781/1348/781 693/1341/693 687/1333/687 692/1340/692
f 694/1342/694 784/1343/784 689/1335/689 688/1334/688
s 2
f 784/1343/784 785/1396/785 737/1395/737 689/1335/689
s 1
f 695/1344/695 770/1345/770 775/1337/775 690/1336/690
f 773/1346/773 696/1347/696 691/1339/691 778/1338/778
f 704/1356/704 697/1349/697 693/1341/693 781/1348/781
f 698/1350/698 699/1351/699 784/1343/784 694/1342/694
f 700/1352/700 701/1353/701 770/1345/770 695/1344/695
f 702/1354/702 703/1355/703 696/1347/696 773/1346/773
f 1008/1381/1008 726/1382/726 697/1349/697 704/1356/704
f 727/1383/727 1009/1384/1009 699/1351/699 698/1350/698
s 2
f 1009/1384/1009 1008/1381/1008 704/1356/704 699/1351/699
s 1
f 729/1385/729 730/1386/730 701/1353/701 700/1352/700
s 2
f 730/1386/730 731/1387/731 702/1354/702 701/1353/701
s 1
f 731/1387/731 732/1388/732 703/1355/703 702/1354/702
f 661/1271/661 662/1272/662 705/1357/705 710/1364/710
f 669/1279/669 670/1280/670 1003/1359/1003 706/1358/706
s 2
f 670/1280/670 661/1271/661 710/1364/710 1003/1359/1003
s 1
f 675/1307/675 676/1308/676 765/1361/765 708/1360/708
s 2
f 676/1308/676 677/1309/677 766/1362/766 765/1361/765
s 1
f 677/1309/677 678/1310/678 709/1363/709 766/1362/766
f 710/1364/710 705/1357/705 712/1366/712 1004/1365/1004
f 706/1358/706 1003/1359/1003 1005/1368/1005 713/1367/713
s 4
f 1004/1365/1004 1010/1391/1010 1003/1359/1003 710/1364/710
f 1012/1397/1012 1005/1368/1005 1003/1359/1003 1010/1391/1010
s 1
f 708/1360/708 765/1361/765 764/1370/764 715/1369/715
f 766/1362/766 709/1363/709 716/1372/716 767/1371/767
f 1004/1365/1004 712/1366/712 718/1374/718 1006/1373/1006
f 713/1367/713 1005/1368/1005 1007/1376/1007 719/1375/719
s 4
f 1005/1368/1005 1012/1397/1012 1013/1398/1013 1007/1376/1007
s 1
f 715/1369/715 764/1370/764 722/1378/722 721/1377/721
s 2
f 764/1370/764 763/1392/763 736/1394/736 722/1378/722
s 1
f 767/1371/767 716/1372/716 724/1380/724 723/1379/723
f 1006/1373/1006 718/1374/718 726/1382/726 1008/1381/1008
f 719/1375/719 1007/1376/1007 1009/1384/1009 727/1383/727
s 4
f 1008/1381/1008 1013/1398/1013 1011/1393/1011 1006/1373/1006
f 1007/1376/1007 1013/1398/1013 1008/1381/1008 1009/1384/1009
s 1
f 721/1377/721 722/1378/722 730/1386/730 729/1385/729
f 723/1379/723 724/1380/724 732/1388/732 731/1387/731
s 2
f 781/1348/781 692/1340/692 733/1389/733 780/1390/780
s 4
f 1004/1365/1004 1006/1373/1006 1011/1393/1011 1010/1391/1010
f 1010/1391/1010 1011/1393/1011 1013/1398/1013 1012/1397/1012
s 2
f 767/1371/767 723/1379/723 769/1400/769 768/1399/768
f 770/1402/770 771/1403/771 774/1404/774 775/1401/775
f 773/1406/773 778/1407/778 779/1408/779 772/1405/772
s 1
f 730/1481/730 722/1469/722 743/1417/743 758/1416/758
s 4
f 722/1469/722 736/1470/736 759/1418/759 743/1417/743
s 1
f 751/1430/751 757/1437/757 736/1470/736 763/1471/763
s 4
f 769/1478/769 723/1479/723 760/1420/760 744/1419/744
s 1
f 723/1479/723 731/1480/731 761/1421/761 760/1420/760
s 4
f 731/1480/731 730/1481/730 758/1416/758 761/1421/761
f 763/1471/763 764/1472/764 752/1431/752 751/1430/751
s 1
f 764/1472/764 765/1473/765 753/1432/753 752/1431/752
s 4
f 765/1473/765 766/1474/766 754/1433/754 753/1432/753
s 1
f 754/1433/754 766/1474/766 767/1475/767 755/1434/755
s 4
f 767/1475/767 768/1476/768 756/1435/756 755/1434/755
s 1
f 762/1438/762 768/1477/768 769/1478/769 744/1419/744
s 8
f 739/1516/739 756/1454/756 762/1459/762 1016/1451/1016
s 1
f 758/1439/758 743/1440/743 770/1483/770 701/1482/701
s 8
f 743/1440/743 759/1441/759 771/1484/771 770/1483/770
s 1
f 747/1460/747 774/1488/774 759/1441/759 757/1467/757
s 4
f 747/1460/747 746/1461/746 775/1489/775 774/1488/774
s 1
f 775/1489/775 746/1461/746 745/1462/745 776/1490/776
s 4
f 745/1462/745 750/1463/750 777/1491/777 776/1490/776
s 1
f 750/1463/750 749/1464/749 778/1492/778 777/1491/777
s 4
f 749/1464/749 748/1465/748 779/1493/779 778/1492/778
s 1
f 744/1442/744 772/1485/772 748/1466/748 762/1468/762
s 8
f 744/1442/744 760/1443/760 773/1486/773 772/1485/772
s 1
f 760/1443/760 761/1444/761 702/1487/702 773/1486/773
s 8
f 761/1444/761 758/1439/758 701/1482/701 702/1487/702
s 1
f 745/1422/745 746/1423/746 692/1503/692 681/1495/681
s 4
f 746/1423/746 747/1424/747 733/1504/733 692/1503/692
s 8
f 740/1409/740 780/1496/780 747/1424/747 757/1428/757
s 4
f 740/1409/740 741/1410/741 781/1497/781 780/1496/780
s 1
f 741/1410/741 742/1411/742 782/1498/782 781/1497/781
s 2
f 742/1411/742 1014/1412/1014 783/1499/783 782/1498/782
s 1
f 1014/1412/1014 1015/1413/1015 784/1500/784 783/1499/783
s 4
f 1015/1413/1015 1016/1414/1016 785/1501/785 784/1500/784
s 8
f 748/1425/748 737/1505/737 1016/1415/1016 762/1429/762
s 4
f 748/1425/748 749/1426/749 689/1506/689 737/1505/737
s 1
f 689/1506/689 749/1426/749 750/1427/750 684/1507/684
s 4
f 750/1427/750 745/1422/745 681/1495/681 684/1507/684
s 2
f 2611/3797/2611 1027/1537/1027 21/23/21 2508/3666/2508
f 2170/3258/2170 1021/1525/1021 150/247/150 2140/3218/2140
f 1031/1546/1031 1028/1540/1028 31/523/31 300/533/300
f 1024/1531/1024 1022/1528/1022 160/757/160 417/767/417
s 4
f 416/746/416 417/747/417 414/744/414 415/745/415
f 416/746/416 1023/1530/1023 1024/1532/1024 417/747/417
s 2
f 1027/1538/1027 1033/1549/1033 546/1043/546 21/1053/21
s 4
f 554/1041/554 553/1040/553 1034/1552/1034 555/1042/555
f 550/1037/550 547/1034/547 552/1039/552 551/1038/551
f 548/1035/548 547/1034/547 550/1037/550 549/1036/549
f 547/1034/547 1034/1552/1034 553/1040/553 552/1039/552
f 546/1033/546 1033/1550/1033 1034/1552/1034 547/1034/547
s 2
f 1021/1526/1021 1026/1535/1026 667/1277/667 150/1287/150
f 2174/3262/2174 1037/1557/1037 5/5/5 2104/3172/2104
f 2613/3799/2613 1041/1565/1041 164/263/164 2608/3793/2608
f 1044/1571/1044 1038/1560/1038 15/495/15 294/505/294
f 1046/1575/1046 1042/1568/1042 174/783/174 421/793/421
f 1037/1558/1037 1048/1579/1048 540/1015/540 5/1025/5
s 4
f 540/1005/540 539/1004/539 542/1007/542 541/1006/541
f 540/1005/540 1048/1580/1048 1047/1578/1047 539/1004/539
s 2
f 1041/1566/1041 1050/1583/1050 671/1303/671 164/1313/164
s 1
f 1061/1595/1061 1091/1629/1091 1092/1630/1092 1062/1596/1062
s 2
f 1092/1630/1092 2314/3432/2314 1063/1597/1063 1062/1596/1062
s 1
f 2552/3726/2552 1053/1587/1053 1054/1588/1054 2553/3727/2553
s 2
f 2553/3727/2553 1054/1588/1054 2069/3105/2069 2591/3773/2591
s 1
f 2554/3728/2554 1055/1589/1055 1056/1590/1056 2555/3729/2555
s 2
f 2555/3729/2555 1056/1590/1056 1057/1591/1057 2556/3730/2556
s 1
f 2556/3731/2556 1057/1605/1057 1058/1592/1058 2557/3732/2557
s 2
f 2558/3733/2558 2557/3732/2557 1058/1592/1058 1059/1593/1059
s 1
f 1070/1604/1070 1069/1603/1069 2321/3440/2321 2322/3441/2322
s 2
f 1091/1629/1091 1070/1604/1070 2322/3441/2322 2323/3442/2323
s 1
f 2559/3734/2559 1071/1607/1071 1072/1608/1072 2560/3735/2560
s 2
f 1118/1664/1118 2561/3736/2561 1072/1608/1072 1073/1609/1073
s 1
f 1083/1619/1083 1095/1633/1095 1185/1634/1185 1084/1620/1084
s 2
f 2328/3449/2328 1085/1621/1085 1185/1634/1185 2327/3447/2327
s 1
f 1086/1622/1086 1085/1621/1085 2328/3449/2328 2329/3450/2329
s 2
f 2329/3450/2329 2330/3451/2330 1087/1623/1087 1086/1622/1086
s 1
f 2563/3738/2563 1077/1627/1077 1078/1614/1078 2564/3740/2564
s 2
f 2565/3741/2565 2564/3740/2564 1078/1614/1078 1079/1615/1079
s 1
f 2565/3741/2565 1079/1615/1079 1080/1616/1080 2566/3742/2566
s 2
f 2566/3742/2566 1080/1616/1080 2087/3141/2087 2593/3775/2593
s 1
f 2197/3289/2197 1102/1644/1102 1097/1637/1097 2177/3265/2177
f 1098/1638/1098 1099/1639/1099 1094/1632/1094 1093/1631/1093
f 2189/3279/2189 1100/1640/1100 1184/1641/1184 2198/3291/2198
f 1187/1642/1187 1101/1643/1101 1096/1636/1096 1186/1635/1186
f 1190/1652/1190 1103/1645/1103 1097/1637/1097 1102/1644/1102
f 1104/1646/1104 1193/1647/1193 1099/1639/1099 1098/1638/1098
s 2
f 1193/1647/1193 1194/1700/1194 1147/1699/1147 1099/1639/1099
s 1
f 1105/1648/1105 1179/1649/1179 1184/1641/1184 1100/1640/1100
f 1182/1650/1182 1106/1651/1106 1101/1643/1101 1187/1642/1187
f 1114/1660/1114 1107/1653/1107 1103/1645/1103 1190/1652/1190
f 1108/1654/1108 1109/1655/1109 1193/1647/1193 1104/1646/1104
f 1110/1656/1110 1111/1657/1111 1179/1649/1179 1105/1648/1105
f 1112/1658/1112 1113/1659/1113 1106/1651/1106 1182/1650/1182
f 1982/1685/1982 1136/1686/1136 1107/1653/1107 1114/1660/1114
f 1137/1687/1137 1983/1688/1983 1109/1655/1109 1108/1654/1108
s 2
f 1983/1688/1983 1982/1685/1982 1114/1660/1114 1109/1655/1109
s 1
f 1139/1689/1139 1140/1690/1140 1111/1657/1111 1110/1656/1110
s 2
f 1140/1690/1140 1141/1691/1141 1112/1658/1112 1111/1657/1111
s 1
f 1141/1691/1141 1142/1692/1142 1113/1659/1113 1112/1658/1112
f 1051/1585/1051 1052/1586/1052 1115/1661/1115 1120/1668/1120
f 2558/3733/2558 1059/1593/1059 1060/1594/1060 2567/3743/2567
s 2
f 1120/1668/1120 2567/3743/2567 1060/1594/1060 1051/1585/1051
s 1
f 1073/1609/1073 1074/1610/1074 1174/1665/1174 1118/1664/1118
s 2
f 1174/1665/1174 1075/1611/1075 2569/3745/2569 2570/3746/2570
s 1
f 2569/3745/2569 1075/1611/1075 1076/1612/1076 2562/3737/2562
f 2571/3748/2571 1120/1668/1120 1115/1661/1115 2551/3725/2551
f 1116/1662/1116 1977/1663/1977 1979/1672/1979 1123/1671/1123
s 4
f 1978/1669/1978 1977/1663/1977 2437/3583/2437 2440/3587/2440
f 1984/1695/1984 1986/1701/1986 1977/1663/1977 1978/1669/1978
s 1
f 2561/3736/2561 1118/1664/1118 1174/1665/1174 2572/3749/2572
f 1175/1666/1175 1119/1667/1119 1126/1676/1126 1176/1675/1176
f 1978/1669/1978 1122/1670/1122 1128/1678/1128 1980/1677/1980
f 1123/1671/1123 1979/1672/1979 1981/1680/1981 1129/1679/1129
s 4
f 1979/1672/1979 1986/1701/1986 1987/1702/1987 1981/1680/1981
s 1
f 1125/1673/1125 1173/1674/1173 1132/1682/1132 1131/1681/1131
s 2
f 1173/1674/1173 1172/1696/1172 1146/1698/1146 1132/1682/1132
s 1
f 1176/1675/1176 1126/1676/1126 1134/1684/1134 1133/1683/1133
f 1980/1677/1980 1128/1678/1128 1136/1686/1136 1982/1685/1982
f 1129/1679/1129 1981/1680/1981 1983/1688/1983 1137/1687/1137
s 4
f 1982/1685/1982 1987/1702/1987 1985/1697/1985 1980/1677/1980
f 1981/1680/1981 1987/1702/1987 1982/1685/1982 1983/1688/1983
s 1
f 1131/1681/1131 1132/1682/1132 1140/1690/1140 1139/1689/1139
f 1133/1683/1133 1134/1684/1134 1142/1692/1142 1141/1691/1141
s 2
f 1190/1652/1190 1102/1644/1102 1143/1693/1143 1189/1694/1189
s 4
f 1978/1669/1978 1980/1677/1980 1985/1697/1985 1984/1695/1984
f 1984/1695/1984 1985/1697/1985 1987/1702/1987 1986/1701/1986
s 2
f 1176/1675/1176 1133/1683/1133 1178/1704/1178 1177/1703/1177
f 1179/1706/1179 1180/1707/1180 1183/1708/1183 1184/1705/1184
f 1182/1710/1182 1187/1711/1187 1188/1712/1188 1181/1709/1181
s 1
f 1140/1785/1140 1132/1773/1132 1154/1721/1154 1168/1720/1168
s 4
f 1132/1773/1132 1146/1774/1146 1169/1722/1169 1154/1721/1154
s 1
f 1162/1734/1162 1990/1741/1990 1146/1774/1146 1172/1775/1172
s 4
f 1178/1782/1178 1133/1783/1133 1170/1724/1170 1155/1723/1155
s 1
f 1133/1783/1133 1141/1784/1141 1171/1725/1171 1170/1724/1170
s 4
f 1141/1784/1141 1140/1785/1140 1168/1720/1168 1171/1725/1171
f 1172/1775/1172 1173/1776/1173 1163/1735/1163 1162/1734/1162
s 1
f 1164/1736/1164 1173/1776/1173 2441/3589/2441 2442/3590/2442
f 1165/1737/1165 1175/1778/1175 1176/1779/1176 1166/1738/1166
s 4
f 1176/1779/1176 1177/1780/1177 1167/1739/1167 1166/1738/1166
s 1
f 1991/1742/1991 1177/1781/1177 1178/1782/1178 1155/1723/1155
s 8
f 1149/1820/1149 1167/1758/1167 1991/1763/1991 1153/1755/1153
s 1
f 2443/3591/2443 2444/3592/2444 1846/1812/1846 1164/1761/1164
s 8
f 2445/3593/2445 2446/3594/2446 1164/1761/1164 1855/1823/1855
s 1
f 1168/1743/1168 1154/1744/1154 1179/1787/1179 1111/1786/1111
s 8
f 1154/1744/1154 1169/1745/1169 1180/1788/1180 1179/1787/1179
s 1
f 1158/1764/1158 1183/1792/1183 1169/1745/1169 1990/1771/1990
s 4
f 1158/1764/1158 1157/1765/1157 1184/1793/1184 1183/1792/1183
s 1
f 1156/1766/1156 2198/3292/2198 1184/1793/1184 1157/1765/1157
s 4
f 1186/1795/1186 2190/3281/2190 1156/1766/1156 1161/1767/1161
s 1
f 1161/1767/1161 1160/1768/1160 1187/1796/1187 1186/1795/1186
s 4
f 1160/1768/1160 1159/1769/1159 1188/1797/1188 1187/1796/1187
s 1
f 1155/1746/1155 1181/1789/1181 1159/1770/1159 1991/1772/1991
s 8
f 1155/1746/1155 1170/1747/1170 1182/1790/1182 1181/1789/1181
s 1
f 1170/1747/1170 1171/1748/1171 1112/1791/1112 1182/1790/1182
s 8
f 1171/1748/1171 1168/1743/1168 1111/1786/1111 1112/1791/1112
s 1
f 1102/1807/1102 2197/3290/2197 1156/1726/1156 1157/1727/1157
s 4
f 1157/1727/1157 1158/1728/1158 1143/1808/1143 1102/1807/1102
s 8
f 1150/1713/1150 1189/1800/1189 1158/1728/1158 1990/1732/1990
s 4
f 1150/1713/1150 1988/1714/1988 1190/1801/1190 1189/1800/1189
s 1
f 1988/1714/1988 1151/1715/1151 1191/1802/1191 1190/1801/1190
s 2
f 1151/1715/1151 1989/1716/1989 1192/1803/1192 1191/1802/1191
s 1
f 1989/1716/1989 1152/1717/1152 1193/1804/1193 1192/1803/1192
s 4
f 1152/1717/1152 1153/1718/1153 1194/1805/1194 1193/1804/1193
s 8
f 1159/1729/1159 1147/1809/1147 1153/1719/1153 1991/1733/1991
s 4
f 1159/1729/1159 1160/1730/1160 1099/1810/1099 1147/1809/1147
s 1
f 1099/1810/1099 1160/1730/1160 1161/1731/1161 1094/1811/1094
s 4
f 1094/1811/1094 1156/1726/1156 2200/3294/2200 2186/3276/2186
s 1
f 1206/1836/1206 1205/1835/1205 2447/3595/2447 2448/3596/2448
s 2
f 2448/3596/2448 2483/3639/2483 1207/1837/1207 1206/1836/1206
s 1
f 2202/3296/2202 1197/1827/1197 1198/1828/1198 2203/3297/2203
s 2
f 2204/3298/2204 2203/3297/2203 1198/1828/1198 1199/1829/1199
s 1
f 2204/3298/2204 1199/1829/1199 1200/1830/1200 2205/3299/2205
s 2
f 2205/3299/2205 1200/1830/1200 2089/3145/2089 2236/3334/2236
s 1
f 2206/3301/2206 1201/1845/1201 1202/1832/1202 2207/3302/2207
s 2
f 1260/1902/1260 2208/3303/2208 1202/1832/1202 1203/1833/1203
s 1
f 1213/1843/1213 1237/1871/1237 1238/1872/1238 1214/1844/1214
s 2
f 2447/3595/2447 1205/1835/1205 1238/1872/1238 2450/3598/2450
s 1
f 2210/3305/2210 1215/1847/1215 1216/1848/1216 2209/3304/2209
s 2
f 2209/3304/2209 1216/1848/1216 1217/1849/1217 2211/3306/2211
s 1
f 2211/3306/2211 1217/1849/1217 1218/1850/1218 2212/3307/2212
s 2
f 2213/3308/2213 2212/3307/2212 1218/1850/1218 1219/1851/1219
s 1
f 1230/1862/1230 1229/1861/1229 2452/3601/2452 2453/3602/2453
s 2
f 1330/1875/1330 1230/1862/1230 2453/3602/2453 2454/3603/2454
s 1
f 1231/1863/1231 1330/1875/1330 1240/1876/1240 1232/1864/1232
s 2
f 1240/1876/1240 2455/3605/2455 1233/1865/1233 1232/1864/1232
s 1
f 2215/3311/2215 1223/1867/1223 1224/1856/1224 2216/3312/2216
s 2
f 2216/3312/2216 1224/1856/1224 2077/3121/2077 2232/3330/2232
s 1
f 1246/1884/1246 1241/1877/1241 1236/1870/1236 1235/1869/1235
f 2580/3758/2580 1242/1878/1242 1243/1879/1243 2587/3767/2587
f 1244/1880/1244 1328/1881/1328 1329/1874/1329 1239/1873/1239
f 2586/3766/2586 2588/3769/2588 1331/1882/1331 1245/1883/1245
f 1334/1892/1334 1247/1885/1247 1241/1877/1241 1246/1884/1246
f 1248/1886/1248 1337/1887/1337 1243/1879/1243 1242/1878/1242
s 2
f 1337/1887/1337 1338/1940/1338 1291/1939/1291 1243/1879/1243
s 1
f 1249/1888/1249 1323/1889/1323 1328/1881/1328 1244/1880/1244
f 1326/1890/1326 1250/1891/1250 1245/1883/1245 1331/1882/1331
f 1258/1900/1258 1251/1893/1251 1247/1885/1247 1334/1892/1334
f 1252/1894/1252 1253/1895/1253 1337/1887/1337 1248/1886/1248
f 1254/1896/1254 1255/1897/1255 1323/1889/1323 1249/1888/1249
f 1256/1898/1256 1257/1899/1257 1250/1891/1250 1326/1890/1326
f 1997/1925/1997 1280/1926/1280 1251/1893/1251 1258/1900/1258
f 1281/1927/1281 1998/1928/1998 1253/1895/1253 1252/1894/1252
s 2
f 1998/1928/1998 1997/1925/1997 1258/1900/1258 1253/1895/1253
s 1
f 1283/1929/1283 1284/1930/1284 1255/1897/1255 1254/1896/1254
s 2
f 1284/1930/1284 1285/1931/1285 1256/1898/1256 1255/1897/1255
s 1
f 1285/1931/1285 1286/1932/1286 1257/1899/1257 1256/1898/1256
f 2217/3313/2217 1195/1825/1195 1196/1826/1196 2201/3295/2201
f 1203/1833/1203 1204/1834/1204 1992/1903/1992 1260/1902/1260
s 2
f 1992/1903/1992 1195/1825/1195 2217/3313/2217 2218/3314/2218
s 1
f 2213/3308/2213 1219/1851/1219 1220/1852/1220 2219/3315/2219
s 2
f 1319/1906/1319 2219/3315/2219 1220/1852/1220 1221/1853/1221
s 1
f 1221/1853/1221 1222/1854/1222 1263/1907/1263 1319/1906/1319
f 1264/1908/1264 1259/1901/1259 1266/1910/1266 1993/1909/1993
f 2208/3303/2208 1260/1902/1260 1992/1903/1992 2221/3318/2221
f 1262/1904/1262 1318/1905/1318 1317/1914/1317 1269/1913/1269
f 2222/3319/2222 1319/1906/1319 1263/1907/1263 2214/3309/2214
f 1993/1909/1993 1266/1910/1266 1272/1918/1272 1995/1917/1995
f 1267/1911/1267 1994/1912/1994 1996/1920/1996 1273/1919/1273
s 4
f 1994/1912/1994 2001/1941/2001 2002/1942/2002 1996/1920/1996
s 1
f 1269/1913/1269 1317/1914/1317 1276/1922/1276 1275/1921/1275
s 2
f 1317/1914/1317 1316/1936/1316 1290/1938/1290 1276/1922/1276
s 1
f 1320/1915/1320 1270/1916/1270 1278/1924/1278 1277/1923/1277
f 1995/1917/1995 1272/1918/1272 1280/1926/1280 1997/1925/1997
f 1273/1919/1273 1996/1920/1996 1998/1928/1998 1281/1927/1281
s 4
f 1997/1925/1997 2002/1942/2002 2000/1937/2000 1995/1917/1995
f 1996/1920/1996 2002/1942/2002 1997/1925/1997 1998/1928/1998
s 1
f 1275/1921/1275 1276/1922/1276 1284/1930/1284 1283/1929/1283
f 1277/1923/1277 1278/1924/1278 1286/1932/1286 1285/1931/1285
s 2
f 1334/1892/1334 1246/1884/1246 1287/1933/1287 1333/1934/1333
s 4
f 1993/1909/1993 1995/1917/1995 2000/1937/2000 1999/1935/1999
f 1999/1935/1999 2000/1937/2000 2002/1942/2002 2001/1941/2001
s 2
f 1320/1915/1320 1277/1923/1277 1322/1944/1322 1321/1943/1321
f 1323/1946/1323 1324/1947/1324 1327/1948/1327 1328/1945/1328
f 1326/1950/1326 1331/1951/1331 1332/1952/1332 1325/1949/1325
s 1
f 1284/2025/1284 1276/2013/1276 1297/1961/1297 1312/1960/1312
s 4
f 1276/2013/1276 1290/2014/1290 1313/1962/1313 1297/1961/1297
s 1
f 1305/1974/1305 1311/1981/1311 1290/2014/1290 1316/2015/1316
s 4
f 1322/2022/1322 1277/2023/1277 1314/1964/1314 1298/1963/1298
s 1
f 1277/2023/1277 1285/2024/1285 1315/1965/1315 1314/1964/1314
s 4
f 1285/2024/1285 1284/2025/1284 1312/1960/1312 1315/1965/1315
f 1316/2015/1316 1317/2016/1317 1306/1975/1306 1305/1974/1305
s 1
f 1317/2016/1317 1318/2017/1318 1307/1976/1307 1306/1975/1306
s 4
f 1308/1977/1308 1318/2017/1318 2357/3483/2357 2360/3488/2360
s 1
f 2359/3486/2359 1320/2019/1320 1308/1977/1308 2360/3488/2360
s 4
f 1320/2019/1320 1321/2020/1321 1310/1979/1310 1309/1978/1309
s 1
f 2006/1982/2006 1321/2021/1321 1322/2022/1322 1298/1963/1298
s 8
f 1293/2060/1293 1310/1998/1310 2006/2003/2006 1296/1995/1296
s 1
f 2361/3489/2361 2362/3490/2362 1308/2000/1308 1877/2062/1877
s 8
f 2365/3493/2365 2366/3494/2366 1307/2001/1307 1308/2000/1308
s 1
f 1312/1983/1312 1297/1984/1297 1323/2027/1323 1255/2026/1255
s 8
f 1297/1984/1297 1313/1985/1313 1324/2028/1324 1323/2027/1323
s 1
f 1301/2004/1301 1327/2032/1327 1313/1985/1313 1311/2011/1311
s 4
f 1301/2004/1301 1300/2005/1300 1328/2033/1328 1327/2032/1327
s 1
f 1328/2033/1328 1300/2005/1300 1299/2006/1299 1329/2034/1329
s 4
f 1329/2034/1329 1304/2007/1304 2589/3771/2589 2585/3764/2585
s 1
f 1331/2036/1331 2588/3770/2588 1304/2007/1304 1303/2008/1303
s 4
f 1303/2008/1303 1302/2009/1302 1332/2037/1332 1331/2036/1331
s 1
f 1298/1986/1298 1325/2029/1325 1302/2010/1302 2006/2012/2006
s 8
f 1298/1986/1298 1314/1987/1314 1326/2030/1326 1325/2029/1325
s 1
f 1314/1987/1314 1315/1988/1315 1256/2031/1256 1326/2030/1326
s 8
f 1315/1988/1315 1312/1983/1312 1255/2026/1255 1256/2031/1256
s 1
f 1299/1966/1299 1300/1967/1300 1246/2047/1246 1235/2039/1235
s 4
f 1300/1967/1300 1301/1968/1301 1287/2048/1287 1246/2047/1246
s 8
f 1294/1953/1294 1333/2040/1333 1301/1968/1301 1311/1972/1311
s 4
f 1294/1953/1294 2003/1954/2003 1334/2041/1334 1333/2040/1333
s 1
f 2003/1954/2003 1295/1955/1295 1335/2042/1335 1334/2041/1334
s 2
f 1295/1955/1295 2004/1956/2004 1336/2043/1336 1335/2042/1335
s 1
f 2004/1956/2004 2005/1957/2005 1337/2044/1337 1336/2043/1336
s 4
f 2005/1957/2005 1296/1958/1296 1338/2045/1338 1337/2044/1337
s 8
f 1302/1969/1302 1291/2049/1291 1296/1959/1296 2006/1973/2006
s 4
f 1302/1969/1302 1303/1970/1303 1243/2050/1243 1291/2049/1291
s 1
f 1304/1971/1304 2587/3768/2587 1243/2050/1243 1303/1970/1303
s 4
f 1235/2039/1235 2581/3759/2581 1304/1971/1304 1299/1966/1299
s 1
f 1339/2085/1339 1359/2129/1359 1360/2130/1360 1340/2086/1340
s 2
f 1360/2130/1360 1365/2137/1365 1341/2087/1341 1340/2086/1340
f 1371/2145/1371 1375/2153/1375 1341/2087/1341 1365/2137/1365
f 1404/2186/1404 1396/2178/1396 1341/2087/1341 1375/2153/1375
f 1390/2170/1390 1383/2161/1383 1341/2087/1341 1396/2178/1396
f 1062/2076/1062 1063/2077/1063 1341/2087/1341 1383/2161/1383
s 1
f 1063/2077/1063 1064/2078/1064 1342/2088/1342 1341/2087/1341
s 2
f 1342/2088/1342 1064/2078/1064 2070/3108/2070 2073/3113/2073
s 1
f 1065/2079/1065 1066/2080/1066 1344/2090/1344 1343/2089/1343
s 2
f 1066/2080/1066 1067/2081/1067 1345/2091/1345 1344/2090/1344
s 1
f 1067/2095/1067 1068/2082/1068 1346/2092/1346 1345/2096/1345
s 2
f 1384/2162/1384 1391/2171/1391 1068/2082/1068 1069/2083/1069
f 1397/2179/1397 1405/2187/1405 1068/2082/1068 1391/2171/1391
f 1376/2154/1376 1372/2146/1372 1068/2082/1068 1405/2187/1405
f 1366/2138/1366 1361/2131/1361 1068/2082/1068 1372/2146/1372
f 1347/2093/1347 1346/2092/1346 1068/2082/1068 1361/2131/1361
s 1
f 1347/2093/1347 1361/2131/1361 1362/2132/1362 1348/2094/1348
s 2
f 1348/2094/1348 1362/2132/1362 1359/2129/1359 1339/2085/1339
s 4
f 1341/2067/1341 1342/2068/1342 1345/2071/1345 1346/2072/1346
f 1341/2067/1341 1346/2072/1346 1339/2065/1339 1340/2066/1340
f 1347/2073/1347 1348/2074/1348 1339/2065/1339 1346/2072/1346
f 1345/2071/1345 1342/2068/1342 1343/2069/1343 1344/2070/1344
f 2073/3114/2073 2074/3116/2074 1343/2069/1343 1342/2068/1342
s 1
f 1081/2107/1081 1082/2108/1082 1350/2118/1350 1349/2117/1349
s 2
f 1386/2164/1386 1393/2173/1393 1082/2108/1082 1083/2109/1083
f 1399/2181/1399 1407/2189/1407 1082/2108/1082 1393/2173/1393
f 1378/2156/1378 1373/2148/1373 1082/2108/1082 1407/2189/1407
f 1368/2140/1368 1363/2133/1363 1082/2108/1082 1373/2148/1373
f 1351/2119/1351 1350/2118/1350 1082/2108/1082 1363/2133/1363
s 1
f 1351/2119/1351 1363/2133/1363 1455/2134/1455 1352/2120/1352
s 2
f 1352/2120/1352 1455/2134/1455 1456/2135/1456 1353/2121/1353
s 1
f 1353/2121/1353 1456/2135/1456 1364/2136/1364 1354/2122/1354
s 2
f 1364/2136/1364 1369/2143/1369 1355/2123/1355 1354/2122/1354
f 1374/2151/1374 1381/2159/1381 1355/2123/1355 1369/2143/1369
f 1410/2192/1410 1402/2184/1402 1355/2123/1355 1381/2159/1381
f 1394/2176/1394 1387/2167/1387 1355/2123/1355 1402/2184/1402
f 1086/2112/1086 1087/2113/1087 1355/2123/1355 1387/2167/1387
s 1
f 1087/2127/1087 1088/2114/1088 1356/2124/1356 1355/2128/1355
s 2
f 1088/2114/1088 1089/2115/1089 1357/2125/1357 1356/2124/1356
s 1
f 1089/2115/1089 1090/2116/1090 1358/2126/1358 1357/2125/1357
s 2
f 1358/2126/1358 1090/2116/1090 2088/3144/2088 2094/3155/2094
s 4
f 1355/2103/1355 1350/2098/1350 1353/2101/1353 1354/2102/1354
f 1358/2106/1358 1349/2097/1349 1356/2104/1356 1357/2105/1357
f 2093/3154/2093 1349/2097/1349 1358/2106/1358 2094/3156/2094
f 1349/2097/1349 1350/2098/1350 1355/2103/1355 1356/2104/1356
f 1351/2099/1351 1352/2100/1352 1353/2101/1353 1350/2098/1350
s 1
f 1370/2144/1370 1365/2137/1365 1360/2130/1360 1359/2129/1359
f 1366/2138/1366 1367/2139/1367 1362/2132/1362 1361/2131/1361
f 1368/2140/1368 1454/2141/1454 1455/2134/1455 1363/2133/1363
f 1457/2142/1457 1369/2143/1369 1364/2136/1364 1456/2135/1456
f 1460/2152/1460 1371/2145/1371 1365/2137/1365 1370/2144/1370
f 1372/2146/1372 1463/2147/1463 1367/2139/1367 1366/2138/1366
s 2
f 1463/2147/1463 1464/2200/1464 1415/2199/1415 1367/2139/1367
s 1
f 1373/2148/1373 1449/2149/1449 1454/2141/1454 1368/2140/1368
f 1452/2150/1452 1374/2151/1374 1369/2143/1369 1457/2142/1457
f 1382/2160/1382 1375/2153/1375 1371/2145/1371 1460/2152/1460
f 1376/2154/1376 1377/2155/1377 1463/2147/1463 1372/2146/1372
f 1378/2156/1378 1379/2157/1379 1449/2149/1449 1373/2148/1373
f 1380/2158/1380 1381/2159/1381 1374/2151/1374 1452/2150/1452
f 2012/2185/2012 1404/2186/1404 1375/2153/1375 1382/2160/1382
f 1405/2187/1405 2013/2188/2013 1377/2155/1377 1376/2154/1376
s 2
f 2013/2188/2013 2012/2185/2012 1382/2160/1382 1377/2155/1377
s 1
f 1407/2189/1407 1408/2190/1408 1379/2157/1379 1378/2156/1378
s 2
f 1408/2190/1408 1409/2191/1409 1380/2158/1380 1379/2157/1379
s 1
f 1409/2191/1409 1410/2192/1410 1381/2159/1381 1380/2158/1380
f 1061/2075/1061 1062/2076/1062 1383/2161/1383 1388/2168/1388
f 1069/2083/1069 1070/2084/1070 2007/2163/2007 1384/2162/1384
s 2
f 1070/2084/1070 1061/2075/1061 1388/2168/1388 2007/2163/2007
s 1
f 1083/2109/1083 1084/2110/1084 1444/2165/1444 1386/2164/1386
s 2
f 1084/2110/1084 1085/2111/1085 1445/2166/1445 1444/2165/1444
s 1
f 1085/2111/1085 1086/2112/1086 1387/2167/1387 1445/2166/1445
f 1388/2168/1388 1383/2161/1383 1390/2170/1390 2008/2169/2008
f 1384/2162/1384 2007/2163/2007 2009/2172/2009 1391/2171/1391
s 4
f 2008/2169/2008 2014/2195/2014 2007/2163/2007 1388/2168/1388
f 2016/2201/2016 2009/2172/2009 2007/2163/2007 2014/2195/2014
s 1
f 1386/2164/1386 1444/2165/1444 1443/2174/1443 1393/2173/1393
f 1445/2166/1445 1387/2167/1387 1394/2176/1394 1446/2175/1446
f 2008/2169/2008 1390/2170/1390 1396/2178/1396 2010/2177/2010
f 1391/2171/1391 2009/2172/2009 2011/2180/2011 1397/2179/1397
s 4
f 2009/2172/2009 2016/2201/2016 2017/2202/2017 2011/2180/2011
s 1
f 1393/2173/1393 1443/2174/1443 1400/2182/1400 1399/2181/1399
s 2
f 1443/2174/1443 1442/2196/1442 1414/2198/1414 1400/2182/1400
s 1
f 1446/2175/1446 1394/2176/1394 1402/2184/1402 1401/2183/1401
f 2010/2177/2010 1396/2178/1396 1404/2186/1404 2012/2185/2012
f 1397/2179/1397 2011/2180/2011 2013/2188/2013 1405/2187/1405
s 4
f 2012/2185/2012 2017/2202/2017 2015/2197/2015 2010/2177/2010
f 2011/2180/2011 2017/2202/2017 2012/2185/2012 2013/2188/2013
s 1
f 1399/2181/1399 1400/2182/1400 1408/2190/1408 1407/2189/1407
f 1401/2183/1401 1402/2184/1402 1410/2192/1410 1409/2191/1409
s 2
f 1460/2152/1460 1370/2144/1370 1411/2193/1411 1459/2194/1459
s 4
f 2008/2169/2008 2010/2177/2010 2015/2197/2015 2014/2195/2014
f 2014/2195/2014 2015/2197/2015 2017/2202/2017 2016/2201/2016
s 2
f 1446/2175/1446 1401/2183/1401 1448/2204/1448 1447/2203/1447
f 1449/2206/1449 1450/2207/1450 1453/2208/1453 1454/2205/1454
f 1452/2210/1452 1457/2211/1457 1458/2212/1458 1451/2209/1451
s 1
f 1408/2285/1408 1400/2273/1400 1423/2221/1423 1438/2220/1438
s 4
f 1400/2273/1400 1414/2274/1414 1439/2222/1439 1423/2221/1423
s 1
f 1431/2234/1431 1437/2241/1437 1414/2274/1414 1442/2275/1442
s 4
f 1448/2282/1448 1401/2283/1401 1440/2224/1440 1424/2223/1424
s 1
f 1401/2283/1401 1409/2284/1409 1441/2225/1441 1440/2224/1440
s 4
f 1409/2284/1409 1408/2285/1408 1438/2220/1438 1441/2225/1441
f 1442/2275/1442 1443/2276/1443 1432/2235/1432 1431/2234/1431
s 1
f 1443/2276/1443 1444/2277/1444 1433/2236/1433 1432/2235/1432
s 4
f 1444/2277/1444 1445/2278/1445 1434/2237/1434 1433/2236/1433
s 1
f 1434/2237/1434 1445/2278/1445 1446/2279/1446 1435/2238/1435
s 4
f 1446/2279/1446 1447/2280/1447 1436/2239/1436 1435/2238/1435
s 1
f 2019/2242/2019 1447/2281/1447 1448/2282/1448 1424/2223/1424
s 8
f 1417/2320/1417 1436/2258/1436 2019/2263/2019 1422/2255/1422
s 1
f 1438/2243/1438 1423/2244/1423 1449/2287/1449 1379/2286/1379
s 8
f 1423/2244/1423 1439/2245/1439 1450/2288/1450 1449/2287/1449
s 1
f 1427/2264/1427 1453/2292/1453 1439/2245/1439 1437/2271/1437
s 4
f 1427/2264/1427 1426/2265/1426 1454/2293/1454 1453/2292/1453
s 1
f 1454/2293/1454 1426/2265/1426 1425/2266/1425 1455/2294/1455
s 4
f 1425/2266/1425 1430/2267/1430 1456/2295/1456 1455/2294/1455
s 1
f 1430/2267/1430 1429/2268/1429 1457/2296/1457 1456/2295/1456
s 4
f 1429/2268/1429 1428/2269/1428 1458/2297/1458 1457/2296/1457
s 1
f 1424/2246/1424 1451/2289/1451 1428/2270/1428 2019/2272/2019
s 8
f 1424/2246/1424 1440/2247/1440 1452/2290/1452 1451/2289/1451
s 1
f 1440/2247/1440 1441/2248/1441 1380/2291/1380 1452/2290/1452
s 8
f 1441/2248/1441 1438/2243/1438 1379/2286/1379 1380/2291/1380
s 1
f 1425/2226/1425 1426/2227/1426 1370/2307/1370 1359/2299/1359
s 4
f 1426/2227/1426 1427/2228/1427 1411/2308/1411 1370/2307/1370
s 8
f 1418/2213/1418 1459/2300/1459 1427/2228/1427 1437/2232/1437
s 4
f 1418/2213/1418 2018/2214/2018 1460/2301/1460 1459/2300/1459
s 1
f 2018/2214/2018 1419/2215/1419 1461/2302/1461 1460/2301/1460
s 2
f 1419/2215/1419 1420/2216/1420 1462/2303/1462 1461/2302/1461
s 1
f 1420/2216/1420 1421/2217/1421 1463/2304/1463 1462/2303/1462
s 4
f 1421/2217/1421 1422/2218/1422 1464/2305/1464 1463/2304/1463
s 8
f 1428/2229/1428 1415/2309/1415 1422/2219/1422 2019/2233/2019
s 4
f 1428/2229/1428 1429/2230/1429 1367/2310/1367 1415/2309/1415
s 1
f 1367/2310/1367 1429/2230/1429 1430/2231/1430 1362/2311/1362
s 4
f 1430/2231/1430 1425/2226/1425 1359/2299/1359 1362/2311/1362
s 1
f 1465/2345/1465 1485/2389/1485 1486/2390/1486 1466/2346/1466
s 2
f 1486/2390/1486 1491/2397/1491 1467/2347/1467 1466/2346/1466
f 1497/2405/1497 1501/2413/1501 1467/2347/1467 1491/2397/1491
f 1530/2446/1530 1522/2438/1522 1467/2347/1467 1501/2413/1501
f 1516/2430/1516 1509/2421/1509 1467/2347/1467 1522/2438/1522
f 1206/2336/1206 1207/2337/1207 1467/2347/1467 1509/2421/1509
s 1
f 1207/2337/1207 1208/2338/1208 1468/2348/1468 1467/2347/1467
s 2
f 1208/2338/1208 1209/2339/1209 1469/2349/1469 1468/2348/1468
s 1
f 1209/2339/1209 1210/2340/1210 1470/2350/1470 1469/2349/1469
s 2
f 1470/2350/1470 1210/2340/1210 2090/3148/2090 2095/3157/2095
s 1
f 1211/2355/1211 1212/2342/1212 1472/2352/1472 1471/2356/1471
s 2
f 1510/2422/1510 1517/2431/1517 1212/2342/1212 1213/2343/1213
f 1523/2439/1523 1531/2447/1531 1212/2342/1212 1517/2431/1517
f 1502/2414/1502 1498/2406/1498 1212/2342/1212 1531/2447/1531
f 1492/2398/1492 1487/2391/1487 1212/2342/1212 1498/2406/1498
f 1473/2353/1473 1472/2352/1472 1212/2342/1212 1487/2391/1487
s 1
f 1473/2353/1473 1487/2391/1487 1488/2392/1488 1474/2354/1474
s 2
f 1474/2354/1474 1488/2392/1488 1485/2389/1485 1465/2345/1465
s 4
f 1467/2327/1467 1468/2328/1468 1471/2331/1471 1472/2332/1472
f 1467/2327/1467 1472/2332/1472 1465/2325/1465 1466/2326/1466
f 1473/2333/1473 1474/2334/1474 1465/2325/1465 1472/2332/1472
s 1
f 1225/2367/1225 1226/2368/1226 1476/2378/1476 1475/2377/1475
s 2
f 1226/2368/1226 1227/2369/1227 1477/2379/1477 1476/2378/1476
s 1
f 1227/2369/1227 1228/2370/1228 1478/2380/1478 1477/2379/1477
s 2
f 1512/2424/1512 1519/2433/1519 1228/2370/1228 1229/2371/1229
f 1525/2441/1525 1533/2449/1533 1228/2370/1228 1519/2433/1519
f 1504/2416/1504 1499/2408/1499 1228/2370/1228 1533/2449/1533
f 1494/2400/1494 1489/2393/1489 1228/2370/1228 1499/2408/1499
f 1479/2381/1479 1478/2380/1478 1228/2370/1228 1489/2393/1489
s 1
f 1479/2381/1479 1489/2393/1489 1577/2394/1577 1480/2382/1480
s 2
f 1480/2382/1480 1577/2394/1577 1578/2395/1578 1481/2383/1481
s 1
f 1481/2383/1481 1578/2395/1578 1490/2396/1490 1482/2384/1482
s 2
f 1490/2396/1490 1495/2403/1495 1483/2385/1483 1482/2384/1482
f 1500/2411/1500 1507/2419/1507 1483/2385/1483 1495/2403/1495
f 1536/2452/1536 1528/2444/1528 1483/2385/1483 1507/2419/1507
f 1520/2436/1520 1513/2427/1513 1483/2385/1483 1528/2444/1528
f 1232/2374/1232 1233/2375/1233 1483/2385/1483 1513/2427/1513
s 1
f 1233/2387/1233 1234/2376/1234 1484/2386/1484 1483/2388/1483
s 2
f 1484/2386/1484 1234/2376/1234 2078/3124/2078 2081/3129/2081
s 4
f 1483/2365/1483 1478/2360/1478 1481/2363/1481 1482/2364/1482
f 2082/3131/2082 1483/2365/1483 1484/2366/1484 2081/3130/2081
f 1476/2358/1476 1477/2359/1477 2082/3131/2082 1475/2357/1475
f 1477/2359/1477 1478/2360/1478 1483/2365/1483 2082/3131/2082
f 1479/2361/1479 1480/2362/1480 1481/2363/1481 1478/2360/1478
s 1
f 1496/2404/1496 1491/2397/1491 1486/2390/1486 1485/2389/1485
f 1492/2398/1492 1493/2399/1493 1488/2392/1488 1487/2391/1487
f 1494/2400/1494 1576/2401/1576 1577/2394/1577 1489/2393/1489
f 1579/2402/1579 1495/2403/1495 1490/2396/1490 1578/2395/1578
f 1582/2412/1582 1497/2405/1497 1491/2397/1491 1496/2404/1496
f 1498/2406/1498 1585/2407/1585 1493/2399/1493 1492/2398/1492
s 2
f 1585/2407/1585 1586/2460/1586 1541/2459/1541 1493/2399/1493
s 1
f 1499/2408/1499 1571/2409/1571 1576/2401/1576 1494/2400/1494
f 1574/2410/1574 1500/2411/1500 1495/2403/1495 1579/2402/1579
f 1508/2420/1508 1501/2413/1501 1497/2405/1497 1582/2412/1582
f 1502/2414/1502 1503/2415/1503 1585/2407/1585 1498/2406/1498
f 1504/2416/1504 1505/2417/1505 1571/2409/1571 1499/2408/1499
f 1506/2418/1506 1507/2419/1507 1500/2411/1500 1574/2410/1574
f 2025/2445/2025 1530/2446/1530 1501/2413/1501 1508/2420/1508
f 1531/2447/1531 2026/2448/2026 1503/2415/1503 1502/2414/1502
s 2
f 2026/2448/2026 2025/2445/2025 1508/2420/1508 1503/2415/1503
s 1
f 1533/2449/1533 1534/2450/1534 1505/2417/1505 1504/2416/1504
s 2
f 1534/2450/1534 1535/2451/1535 1506/2418/1506 1505/2417/1505
s 1
f 1535/2451/1535 1536/2452/1536 1507/2419/1507 1506/2418/1506
f 1205/2335/1205 1206/2336/1206 1509/2421/1509 1514/2428/1514
f 1213/2343/1213 1214/2344/1214 2020/2423/2020 1510/2422/1510
s 2
f 1214/2344/1214 1205/2335/1205 1514/2428/1514 2020/2423/2020
s 1
f 1229/2371/1229 1230/2372/1230 1566/2425/1566 1512/2424/1512
s 2
f 1230/2372/1230 1231/2373/1231 1567/2426/1567 1566/2425/1566
s 1
f 1231/2373/1231 1232/2374/1232 1513/2427/1513 1567/2426/1567
f 1514/2428/1514 1509/2421/1509 1516/2430/1516 2021/2429/2021
f 1510/2422/1510 2020/2423/2020 2022/2432/2022 1517/2431/1517
s 4
f 2021/2429/2021 2027/2455/2027 2020/2423/2020 1514/2428/1514
f 2029/2461/2029 2022/2432/2022 2020/2423/2020 2027/2455/2027
s 1
f 1512/2424/1512 1566/2425/1566 1565/2434/1565 1519/2433/1519
f 1567/2426/1567 1513/2427/1513 1520/2436/1520 1568/2435/1568
f 2021/2429/2021 1516/2430/1516 1522/2438/1522 2023/2437/2023
f 1517/2431/1517 2022/2432/2022 2024/2440/2024 1523/2439/1523
s 4
f 2022/2432/2022 2029/2461/2029 2030/2462/2030 2024/2440/2024
s 1
f 1519/2433/1519 1565/2434/1565 1526/2442/1526 1525/2441/1525
s 2
f 1565/2434/1565 1564/2456/1564 1540/2458/1540 1526/2442/1526
s 1
f 1568/2435/1568 1520/2436/1520 1528/2444/1528 1527/2443/1527
f 2023/2437/2023 1522/2438/1522 1530/2446/1530 2025/2445/2025
f 1523/2439/1523 2024/2440/2024 2026/2448/2026 1531/2447/1531
s 4
f 2025/2445/2025 2030/2462/2030 2028/2457/2028 2023/2437/2023
f 2024/2440/2024 2030/2462/2030 2025/2445/2025 2026/2448/2026
s 1
f 1525/2441/1525 1526/2442/1526 1534/2450/1534 1533/2449/1533
f 1527/2443/1527 1528/2444/1528 1536/2452/1536 1535/2451/1535
s 2
f 1582/2412/1582 1496/2404/1496 1537/2453/1537 1581/2454/1581
s 4
f 2021/2429/2021 2023/2437/2023 2028/2457/2028 2027/2455/2027
f 2027/2455/2027 2028/2457/2028 2030/2462/2030 2029/2461/2029
s 2
f 1568/2435/1568 1527/2443/1527 1570/2464/1570 1569/2463/1569
f 1571/2466/1571 1572/2467/1572 1575/2468/1575 1576/2465/1576
f 1574/2470/1574 1579/2471/1579 1580/2472/1580 1573/2469/1573
s 1
f 1534/2545/1534 1526/2533/1526 1545/2481/1545 1560/2480/1560
s 4
f 1526/2533/1526 1540/2534/1540 1561/2482/1561 1545/2481/1545
s 1
f 1553/2494/1553 1559/2501/1559 1540/2534/1540 1564/2535/1564
s 4
f 1570/2542/1570 1527/2543/1527 1562/2484/1562 1546/2483/1546
s 1
f 1527/2543/1527 1535/2544/1535 1563/2485/1563 1562/2484/1562
s 4
f 1535/2544/1535 1534/2545/1534 1560/2480/1560 1563/2485/1563
f 1564/2535/1564 1565/2536/1565 1554/2495/1554 1553/2494/1553
s 1
f 1565/2536/1565 1566/2537/1566 1555/2496/1555 1554/2495/1554
s 4
f 1566/2537/1566 1567/2538/1567 1556/2497/1556 1555/2496/1555
s 1
f 1556/2497/1556 1567/2538/1567 1568/2539/1568 1557/2498/1557
s 4
f 1568/2539/1568 1569/2540/1569 1558/2499/1558 1557/2498/1557
s 1
f 2036/2502/2036 1569/2541/1569 1570/2542/1570 1546/2483/1546
s 8
f 1543/2580/1543 1558/2518/1558 2036/2523/2036 2035/2515/2035
s 1
f 1560/2503/1560 1545/2504/1545 1571/2547/1571 1505/2546/1505
s 8
f 1545/2504/1545 1561/2505/1561 1572/2548/1572 1571/2547/1571
s 1
f 1549/2524/1549 1575/2552/1575 1561/2505/1561 1559/2531/1559
s 4
f 1549/2524/1549 1548/2525/1548 1576/2553/1576 1575/2552/1575
s 1
f 1576/2553/1576 1548/2525/1548 1547/2526/1547 1577/2554/1577
s 4
f 1547/2526/1547 1552/2527/1552 1578/2555/1578 1577/2554/1577
s 1
f 1552/2527/1552 1551/2528/1551 1579/2556/1579 1578/2555/1578
s 4
f 1551/2528/1551 1550/2529/1550 1580/2557/1580 1579/2556/1579
s 1
f 1546/2506/1546 1573/2549/1573 1550/2530/1550 2036/2532/2036
s 8
f 1546/2506/1546 1562/2507/1562 1574/2550/1574 1573/2549/1573
s 1
f 1562/2507/1562 1563/2508/1563 1506/2551/1506 1574/2550/1574
s 8
f 1563/2508/1563 1560/2503/1560 1505/2546/1505 1506/2551/1506
s 1
f 1547/2486/1547 1548/2487/1548 1496/2567/1496 1485/2559/1485
s 4
f 1548/2487/1548 1549/2488/1549 1537/2568/1537 1496/2567/1496
s 8
f 1544/2473/1544 1581/2560/1581 1549/2488/1549 1559/2492/1559
s 4
f 1544/2473/1544 2031/2474/2031 1582/2561/1582 1581/2560/1581
s 1
f 2031/2474/2031 2032/2475/2032 1583/2562/1583 1582/2561/1582
s 2
f 2032/2475/2032 2033/2476/2033 1584/2563/1584 1583/2562/1583
s 1
f 2033/2476/2033 2034/2477/2034 1585/2564/1585 1584/2563/1584
s 4
f 2034/2477/2034 2035/2478/2035 1586/2565/1586 1585/2564/1585
s 8
f 1550/2489/1550 1541/2569/1541 2035/2479/2035 2036/2493/2036
s 4
f 1550/2489/1550 1551/2490/1551 1493/2570/1493 1541/2569/1541
s 1
f 1493/2570/1493 1551/2490/1551 1552/2491/1552 1488/2571/1488
s 4
f 1552/2491/1552 1547/2486/1547 1485/2559/1485 1488/2571/1488
s 1
f 1051/2605/1051 1607/2649/1607 1608/2650/1608 1052/2606/1052
s 2
f 1608/2650/1608 1613/2657/1613 1053/2607/1053 1052/2606/1052
f 1619/2665/1619 1623/2673/1623 1053/2607/1053 1613/2657/1613
f 1652/2706/1652 1644/2698/1644 1053/2607/1053 1623/2673/1623
f 1638/2690/1638 1631/2681/1631 1053/2607/1053 1644/2698/1644
f 1588/2596/1588 1589/2597/1589 1053/2607/1053 1631/2681/1631
s 1
f 1589/2597/1589 1590/2598/1590 1054/2608/1054 1053/2607/1053
s 2
f 1054/2608/1054 1590/2598/1590 2075/3117/2075 2069/3106/2069
s 1
f 1591/2599/1591 1592/2600/1592 1056/2610/1056 1055/2609/1055
s 2
f 1592/2600/1592 1593/2601/1593 1057/2611/1057 1056/2610/1056
s 1
f 1593/2615/1593 1594/2602/1594 1058/2612/1058 1057/2616/1057
s 2
f 1632/2682/1632 1639/2691/1639 1594/2602/1594 1595/2603/1595
f 1645/2699/1645 1653/2707/1653 1594/2602/1594 1639/2691/1639
f 1624/2674/1624 1620/2666/1620 1594/2602/1594 1653/2707/1653
f 1614/2658/1614 1609/2651/1609 1594/2602/1594 1620/2666/1620
f 1059/2613/1059 1058/2612/1058 1594/2602/1594 1609/2651/1609
s 1
f 1059/2613/1059 1609/2651/1609 1610/2652/1610 1060/2614/1060
s 2
f 1060/2614/1060 1610/2652/1610 1607/2649/1607 1051/2605/1051
s 4
f 1595/2593/1595 1594/2592/1594 1587/2585/1587 1596/2594/1596
f 1589/2587/1589 1588/2586/1588 1587/2585/1587 1594/2592/1594
f 1593/2591/1593 1590/2588/1590 1589/2587/1589 1594/2592/1594
s 1
f 1597/2627/1597 1598/2628/1598 1072/2638/1072 1071/2637/1071
s 2
f 1634/2684/1634 1641/2693/1641 1598/2628/1598 1599/2629/1599
f 1647/2701/1647 1655/2709/1655 1598/2628/1598 1641/2693/1641
f 1626/2676/1626 1621/2668/1621 1598/2628/1598 1655/2709/1655
f 1616/2660/1616 1611/2653/1611 1598/2628/1598 1621/2668/1621
f 1073/2639/1073 1072/2638/1072 1598/2628/1598 1611/2653/1611
s 1
f 1073/2639/1073 1611/2653/1611 1699/2654/1699 1074/2640/1074
s 2
f 1074/2640/1074 1699/2654/1699 1700/2655/1700 1075/2641/1075
s 1
f 1075/2641/1075 1700/2655/1700 1612/2656/1612 1076/2642/1076
s 2
f 1612/2656/1612 1617/2663/1617 1077/2643/1077 1076/2642/1076
f 1622/2671/1622 1629/2679/1629 1077/2643/1077 1617/2663/1617
f 1658/2712/1658 1650/2704/1650 1077/2643/1077 1629/2679/1629
f 1642/2696/1642 1635/2687/1635 1077/2643/1077 1650/2704/1650
f 1602/2632/1602 1603/2633/1603 1077/2643/1077 1635/2687/1635
s 1
f 1603/2647/1603 1604/2634/1604 1078/2644/1078 1077/2648/1077
s 2
f 1604/2634/1604 1605/2635/1605 1079/2645/1079 1078/2644/1078
s 1
f 1605/2635/1605 1606/2636/1606 1080/2646/1080 1079/2645/1079
s 2
f 1080/2646/1080 1606/2636/1606 2098/3163/2098 2087/3142/2087
s 1
f 1618/2664/1618 1613/2657/1613 1608/2650/1608 1607/2649/1607
f 1614/2658/1614 1615/2659/1615 1610/2652/1610 1609/2651/1609
f 1616/2660/1616 1698/2661/1698 1699/2654/1699 1611/2653/1611
f 1701/2662/1701 1617/2663/1617 1612/2656/1612 1700/2655/1700
f 1704/2672/1704 1619/2665/1619 1613/2657/1613 1618/2664/1618
f 1620/2666/1620 1707/2667/1707 1615/2659/1615 1614/2658/1614
s 2
f 1707/2667/1707 1708/2720/1708 1663/2719/1663 1615/2659/1615
s 1
f 1621/2668/1621 1693/2669/1693 1698/2661/1698 1616/2660/1616
f 1696/2670/1696 1622/2671/1622 1617/2663/1617 1701/2662/1701
f 1630/2680/1630 1623/2673/1623 1619/2665/1619 1704/2672/1704
f 1624/2674/1624 1625/2675/1625 1707/2667/1707 1620/2666/1620
f 1626/2676/1626 1627/2677/1627 1693/2669/1693 1621/2668/1621
f 1628/2678/1628 1629/2679/1629 1622/2671/1622 1696/2670/1696
f 2042/2705/2042 1652/2706/1652 1623/2673/1623 1630/2680/1630
f 1653/2707/1653 2043/2708/2043 1625/2675/1625 1624/2674/1624
s 2
f 2043/2708/2043 2042/2705/2042 1630/2680/1630 1625/2675/1625
s 1
f 1655/2709/1655 1656/2710/1656 1627/2677/1627 1626/2676/1626
s 2
f 1656/2710/1656 1657/2711/1657 1628/2678/1628 1627/2677/1627
s 1
f 1657/2711/1657 1658/2712/1658 1629/2679/1629 1628/2678/1628
f 1587/2595/1587 1588/2596/1588 1631/2681/1631 1636/2688/1636
f 1595/2603/1595 1596/2604/1596 2037/2683/2037 1632/2682/1632
s 2
f 1596/2604/1596 1587/2595/1587 1636/2688/1636 2037/2683/2037
s 1
f 1599/2629/1599 1600/2630/1600 1688/2685/1688 1634/2684/1634
s 2
f 1600/2630/1600 1601/2631/1601 1689/2686/1689 1688/2685/1688
s 1
f 1601/2631/1601 1602/2632/1602 1635/2687/1635 1689/2686/1689
f 1636/2688/1636 1631/2681/1631 1638/2690/1638 2038/2689/2038
f 1632/2682/1632 2037/2683/2037 2039/2692/2039 1639/2691/1639
s 4
f 2038/2689/2038 2044/2715/2044 2037/2683/2037 1636/2688/1636
f 2046/2721/2046 2039/2692/2039 2037/2683/2037 2044/2715/2044
s 1
f 1634/2684/1634 1688/2685/1688 1687/2694/1687 1641/2693/1641
f 1689/2686/1689 1635/2687/1635 1642/2696/1642 1690/2695/1690
f 2038/2689/2038 1638/2690/1638 1644/2698/1644 2040/2697/2040
f 1639/2691/1639 2039/2692/2039 2041/2700/2041 1645/2699/1645
s 4
f 2039/2692/2039 2046/2721/2046 2047/2722/2047 2041/2700/2041
s 1
f 1641/2693/1641 1687/2694/1687 1648/2702/1648 1647/2701/1647
s 2
f 1687/2694/1687 1686/2716/1686 1662/2718/1662 1648/2702/1648
s 1
f 1690/2695/1690 1642/2696/1642 1650/2704/1650 1649/2703/1649
f 2040/2697/2040 1644/2698/1644 1652/2706/1652 2042/2705/2042
f 1645/2699/1645 2041/2700/2041 2043/2708/2043 1653/2707/1653
s 4
f 2042/2705/2042 2047/2722/2047 2045/2717/2045 2040/2697/2040
f 2041/2700/2041 2047/2722/2047 2042/2705/2042 2043/2708/2043
s 1
f 1647/2701/1647 1648/2702/1648 1656/2710/1656 1655/2709/1655
f 1649/2703/1649 1650/2704/1650 1658/2712/1658 1657/2711/1657
s 2
f 1704/2672/1704 1618/2664/1618 1659/2713/1659 1703/2714/1703
s 4
f 2038/2689/2038 2040/2697/2040 2045/2717/2045 2044/2715/2044
f 2044/2715/2044 2045/2717/2045 2047/2722/2047 2046/2721/2046
s 2
f 1690/2695/1690 1649/2703/1649 1692/2724/1692 1691/2723/1691
f 1693/2726/1693 1694/2727/1694 1697/2728/1697 1698/2725/1698
f 1696/2730/1696 1701/2731/1701 1702/2732/1702 1695/2729/1695
s 1
f 1656/2805/1656 1648/2793/1648 1668/2741/1668 1682/2740/1682
s 4
f 1648/2793/1648 1662/2794/1662 1683/2742/1683 1668/2741/1668
s 1
f 1676/2754/1676 2068/2761/2068 1662/2794/1662 1686/2795/1686
s 4
f 1692/2802/1692 1649/2803/1649 1684/2744/1684 1669/2743/1669
s 1
f 1649/2803/1649 1657/2804/1657 1685/2745/1685 1684/2744/1684
s 4
f 1657/2804/1657 1656/2805/1656 1682/2740/1682 1685/2745/1685
f 1686/2795/1686 1687/2796/1687 1677/2755/1677 1676/2754/1676
s 1
f 1687/2796/1687 1688/2797/1688 1678/2756/1678 1677/2755/1677
s 4
f 1688/2797/1688 1689/2798/1689 1679/2757/1679 1678/2756/1678
s 1
f 1679/2757/1679 1689/2798/1689 1690/2799/1690 1680/2758/1680
s 4
f 1690/2799/1690 1691/2800/1691 1681/2759/1681 1680/2758/1680
s 1
f 2052/2762/2052 1691/2801/1691 1692/2802/1692 1669/2743/1669
s 8
f 1665/2840/1665 1681/2778/1681 2052/2783/2052 1667/2775/1667
s 1
f 1682/2763/1682 1668/2764/1668 1693/2807/1693 1627/2806/1627
s 8
f 1668/2764/1668 1683/2765/1683 1694/2808/1694 1693/2807/1693
s 1
f 1672/2784/1672 1697/2812/1697 1683/2765/1683 2068/2791/2068
s 4
f 1672/2784/1672 1671/2785/1671 1698/2813/1698 1697/2812/1697
s 1
f 1698/2813/1698 1671/2785/1671 1670/2786/1670 1699/2814/1699
s 4
f 1670/2786/1670 1675/2787/1675 1700/2815/1700 1699/2814/1699
s 1
f 1675/2787/1675 1674/2788/1674 1701/2816/1701 1700/2815/1700
s 4
f 1674/2788/1674 1673/2789/1673 1702/2817/1702 1701/2816/1701
s 1
f 1669/2766/1669 1695/2809/1695 1673/2790/1673 2052/2792/2052
s 8
f 1669/2766/1669 1684/2767/1684 1696/2810/1696 1695/2809/1695
s 1
f 1684/2767/1684 1685/2768/1685 1628/2811/1628 1696/2810/1696
s 8
f 1685/2768/1685 1682/2763/1682 1627/2806/1627 1628/2811/1628
s 1
f 1670/2746/1670 1671/2747/1671 1618/2827/1618 1607/2819/1607
s 4
f 1671/2747/1671 1672/2748/1672 1659/2828/1659 1618/2827/1618
s 8
f 1666/2733/1666 1703/2820/1703 1672/2748/1672 2068/2752/2068
s 4
f 1666/2733/1666 2048/2734/2048 1704/2821/1704 1703/2820/1703
s 1
f 2048/2734/2048 2049/2735/2049 1705/2822/1705 1704/2821/1704
s 2
f 2049/2735/2049 2050/2736/2050 1706/2823/1706 1705/2822/1705
s 1
f 2050/2736/2050 2051/2737/2051 1707/2824/1707 1706/2823/1706
s 4
f 2051/2737/2051 1667/2738/1667 1708/2825/1708 1707/2824/1707
s 8
f 1673/2749/1673 1663/2829/1663 1667/2739/1667 2052/2753/2052
s 4
f 1673/2749/1673 1674/2750/1674 1615/2830/1615 1663/2829/1663
s 1
f 1615/2830/1615 1674/2750/1674 1675/2751/1675 1610/2831/1610
s 4
f 1675/2751/1675 1670/2746/1670 1607/2819/1607 1610/2831/1610
s 1
f 1195/2865/1195 1729/2909/1729 1730/2910/1730 1196/2866/1196
s 2
f 1730/2910/1730 1735/2917/1735 1197/2867/1197 1196/2866/1196
f 1741/2925/1741 1745/2933/1745 1197/2867/1197 1735/2917/1735
f 1774/2966/1774 1766/2958/1766 1197/2867/1197 1745/2933/1745
f 1760/2950/1760 1753/2941/1753 1197/2867/1197 1766/2958/1766
f 1710/2856/1710 1711/2857/1711 1197/2867/1197 1753/2941/1753
s 1
f 1711/2857/1711 1712/2858/1712 1198/2868/1198 1197/2867/1197
s 2
f 1712/2858/1712 1713/2859/1713 1199/2869/1199 1198/2868/1198
s 1
f 1713/2859/1713 1714/2860/1714 1200/2870/1200 1199/2869/1199
s 2
f 1200/2870/1200 1714/2860/1714 2099/3165/2099 2089/3146/2089
s 1
f 1715/2875/1715 1716/2862/1716 1202/2872/1202 1201/2876/1201
s 2
f 1754/2942/1754 1761/2951/1761 1716/2862/1716 1717/2863/1717
f 1767/2959/1767 1775/2967/1775 1716/2862/1716 1761/2951/1761
f 1746/2934/1746 1742/2926/1742 1716/2862/1716 1775/2967/1775
f 1736/2918/1736 1731/2911/1731 1716/2862/1716 1742/2926/1742
f 1203/2873/1203 1202/2872/1202 1716/2862/1716 1731/2911/1731
s 1
f 1203/2873/1203 1731/2911/1731 1732/2912/1732 1204/2874/1204
s 2
f 1204/2874/1204 1732/2912/1732 1729/2909/1729 1195/2865/1195
s 4
f 1717/2853/1717 1716/2852/1716 1709/2845/1709 1718/2854/1718
f 1711/2847/1711 1710/2846/1710 1709/2845/1709 1716/2852/1716
f 1715/2851/1715 1712/2848/1712 1711/2847/1711 1716/2852/1716
f 1712/2848/1712 1715/2851/1715 1714/2850/1714 1713/2849/1713
f 2100/3168/2100 2099/3166/2099 1714/2850/1714 1715/2851/1715
s 1
f 1719/2887/1719 1720/2888/1720 1216/2898/1216 1215/2897/1215
s 2
f 1720/2888/1720 1721/2889/1721 1217/2899/1217 1216/2898/1216
s 1
f 1721/2889/1721 1722/2890/1722 1218/2900/1218 1217/2899/1217
s 2
f 1756/2944/1756 1763/2953/1763 1722/2890/1722 1723/2891/1723
f 1769/2961/1769 1777/2969/1777 1722/2890/1722 1763/2953/1763
f 1748/2936/1748 1743/2928/1743 1722/2890/1722 1777/2969/1777
f 1738/2920/1738 1733/2913/1733 1722/2890/1722 1743/2928/1743
f 1219/2901/1219 1218/2900/1218 1722/2890/1722 1733/2913/1733
s 1
f 1219/2901/1219 1733/2913/1733 1823/2914/1823 1220/2902/1220
s 2
f 1220/2902/1220 1823/2914/1823 1824/2915/1824 1221/2903/1221
s 1
f 1221/2903/1221 1824/2915/1824 1734/2916/1734 1222/2904/1222
s 2
f 1734/2916/1734 1739/2923/1739 1223/2905/1223 1222/2904/1222
f 1744/2931/1744 1751/2939/1751 1223/2905/1223 1739/2923/1739
f 1780/2972/1780 1772/2964/1772 1223/2905/1223 1751/2939/1751
f 1764/2956/1764 1757/2947/1757 1223/2905/1223 1772/2964/1772
f 1726/2894/1726 1727/2895/1727 1223/2905/1223 1757/2947/1757
s 1
f 1727/2907/1727 1728/2896/1728 1224/2906/1224 1223/2908/1223
s 2
f 1224/2906/1224 1728/2896/1728 2083/3133/2083 2077/3122/2077
s 4
f 2083/3134/2083 1728/2886/1728 1719/2877/1719 2084/3135/2084
f 1725/2883/1725 1722/2880/1722 1727/2885/1727 1726/2884/1726
f 1723/2881/1723 1722/2880/1722 1725/2883/1725 1724/2882/1724
f 1722/2880/1722 1721/2879/1721 1728/2886/1728 1727/2885/1727
f 1721/2879/1721 1720/2878/1720 1719/2877/1719 1728/2886/1728
s 1
f 1740/2924/1740 1735/2917/1735 1730/2910/1730 1729/2909/1729
f 1736/2918/1736 1737/2919/1737 1732/2912/1732 1731/2911/1731
f 1738/2920/1738 1822/2921/1822 1823/2914/1823 1733/2913/1733
f 1825/2922/1825 1739/2923/1739 1734/2916/1734 1824/2915/1824
f 1828/2932/1828 1741/2925/1741 1735/2917/1735 1740/2924/1740
f 1742/2926/1742 1831/2927/1831 1737/2919/1737 1736/2918/1736
s 2
f 1831/2927/1831 1832/2980/1832 1785/2979/1785 1737/2919/1737
s 1
f 1743/2928/1743 1817/2929/1817 1822/2921/1822 1738/2920/1738
f 1820/2930/1820 1744/2931/1744 1739/2923/1739 1825/2922/1825
f 1752/2940/1752 1745/2933/1745 1741/2925/1741 1828/2932/1828
f 1746/2934/1746 1747/2935/1747 1831/2927/1831 1742/2926/1742
f 1748/2936/1748 1749/2937/1749 1817/2929/1817 1743/2928/1743
f 1750/2938/1750 1751/2939/1751 1744/2931/1744 1820/2930/1820
f 2058/2965/2058 1774/2966/1774 1745/2933/1745 1752/2940/1752
f 1775/2967/1775 2059/2968/2059 1747/2935/1747 1746/2934/1746
s 2
f 2059/2968/2059 2058/2965/2058 1752/2940/1752 1747/2935/1747
s 1
f 1777/2969/1777 1778/2970/1778 1749/2937/1749 1748/2936/1748
s 2
f 1778/2970/1778 1779/2971/1779 1750/2938/1750 1749/2937/1749
s 1
f 1779/2971/1779 1780/2972/1780 1751/2939/1751 1750/2938/1750
f 1709/2855/1709 1710/2856/1710 1753/2941/1753 1758/2948/1758
f 1717/2863/1717 1718/2864/1718 2053/2943/2053 1754/2942/1754
s 2
f 1718/2864/1718 1709/2855/1709 1758/2948/1758 2053/2943/2053
s 1
f 1723/2891/1723 1724/2892/1724 1812/2945/1812 1756/2944/1756
s 2
f 1724/2892/1724 1725/2893/1725 1813/2946/1813 1812/2945/1812
s 1
f 1725/2893/1725 1726/2894/1726 1757/2947/1757 1813/2946/1813
f 1758/2948/1758 1753/2941/1753 1760/2950/1760 2054/2949/2054
f 1754/2942/1754 2053/2943/2053 2055/2952/2055 1761/2951/1761
s 4
f 2054/2949/2054 2060/2975/2060 2053/2943/2053 1758/2948/1758
f 2062/2981/2062 2055/2952/2055 2053/2943/2053 2060/2975/2060
s 1
f 1756/2944/1756 1812/2945/1812 1811/2954/1811 1763/2953/1763
f 1813/2946/1813 1757/2947/1757 1764/2956/1764 1814/2955/1814
f 2054/2949/2054 1760/2950/1760 1766/2958/1766 2056/2957/2056
f 1761/2951/1761 2055/2952/2055 2057/2960/2057 1767/2959/1767
s 4
f 2055/2952/2055 2062/2981/2062 2063/2982/2063 2057/2960/2057
s 1
f 1763/2953/1763 1811/2954/1811 1770/2962/1770 1769/2961/1769
s 2
f 1811/2954/1811 1810/2976/1810 1784/2978/1784 1770/2962/1770
s 1
f 1814/2955/1814 1764/2956/1764 1772/2964/1772 1771/2963/1771
f 2056/2957/2056 1766/2958/1766 1774/2966/1774 2058/2965/2058
f 1767/2959/1767 2057/2960/2057 2059/2968/2059 1775/2967/1775
s 4
f 2058/2965/2058 2063/2982/2063 2061/2977/2061 2056/2957/2056
f 2057/2960/2057 2063/2982/2063 2058/2965/2058 2059/2968/2059
s 1
f 1769/2961/1769 1770/2962/1770 1778/2970/1778 1777/2969/1777
f 1771/2963/1771 1772/2964/1772 1780/2972/1780 1779/2971/1779
s 2
f 1828/2932/1828 1740/2924/1740 1781/2973/1781 1827/2974/1827
s 4
f 2054/2949/2054 2056/2957/2056 2061/2977/2061 2060/2975/2060
f 2060/2975/2060 2061/2977/2061 2063/2982/2063 2062/2981/2062
s 2
f 1814/2955/1814 1771/2963/1771 1816/2984/1816 1815/2983/1815
f 1817/2986/1817 1818/2987/1818 1821/2988/1821 1822/2985/1822
f 1820/2990/1820 1825/2991/1825 1826/2992/1826 1819/2989/1819
s 1
f 1778/3065/1778 1770/3053/1770 1791/3001/1791 1805/3000/1805
s 4
f 1770/3053/1770 1784/3054/1784 1806/3002/1806 1791/3001/1791
s 1
f 1799/3014/1799 2067/3021/2067 1784/3054/1784 1810/3055/1810
s 4
f 1816/3062/1816 1771/3063/1771 1807/3004/1807 1792/3003/1792
s 1
f 1771/3063/1771 1779/3064/1779 1808/3005/1808 1807/3004/1807
s 4
f 1779/3064/1779 1778/3065/1778 1805/3000/1805 1808/3005/1808
f 1810/3055/1810 1811/3056/1811 1800/3015/1800 1799/3014/1799
s 1
f 1811/3056/1811 1812/3057/1812 1801/3016/1801 1800/3015/1800
s 4
f 1812/3057/1812 1813/3058/1813 1802/3017/1802 1801/3016/1801
s 1
f 1802/3017/1802 1813/3058/1813 1814/3059/1814 1803/3018/1803
s 4
f 1814/3059/1814 1815/3060/1815 1804/3019/1804 1803/3018/1803
s 1
f 1809/3022/1809 1815/3061/1815 1816/3062/1816 1792/3003/1792
s 8
f 1787/3100/1787 1804/3038/1804 1809/3043/1809 1790/3035/1790
s 1
f 1805/3023/1805 1791/3024/1791 1817/3067/1817 1749/3066/1749
s 8
f 1791/3024/1791 1806/3025/1806 1818/3068/1818 1817/3067/1817
s 1
f 1795/3044/1795 1821/3072/1821 1806/3025/1806 2067/3051/2067
s 4
f 1795/3044/1795 1794/3045/1794 1822/3073/1822 1821/3072/1821
s 1
f 1822/3073/1822 1794/3045/1794 1793/3046/1793 1823/3074/1823
s 4
f 1793/3046/1793 1798/3047/1798 1824/3075/1824 1823/3074/1823
s 1
f 1798/3047/1798 1797/3048/1797 1825/3076/1825 1824/3075/1824
s 4
f 1797/3048/1797 1796/3049/1796 1826/3077/1826 1825/3076/1825
s 1
f 1792/3026/1792 1819/3069/1819 1796/3050/1796 1809/3052/1809
s 8
f 1792/3026/1792 1807/3027/1807 1820/3070/1820 1819/3069/1819
s 1
f 1807/3027/1807 1808/3028/1808 1750/3071/1750 1820/3070/1820
s 8
f 1808/3028/1808 1805/3023/1805 1749/3066/1749 1750/3071/1750
s 1
f 1793/3006/1793 1794/3007/1794 1740/3087/1740 1729/3079/1729
s 4
f 1794/3007/1794 1795/3008/1795 1781/3088/1781 1740/3087/1740
s 8
f 1788/2993/1788 1827/3080/1827 1795/3008/1795 2067/3012/2067
s 4
f 1788/2993/1788 2064/2994/2064 1828/3081/1828 1827/3080/1827
s 1
f 2064/2994/2064 2065/2995/2065 1829/3082/1829 1828/3081/1828
s 2
f 2065/2995/2065 2066/2996/2066 1830/3083/1830 1829/3082/1829
s 1
f 2066/2996/2066 1789/2997/1789 1831/3084/1831 1830/3083/1830
s 4
f 1789/2997/1789 1790/2998/1790 1832/3085/1832 1831/3084/1831
s 8
f 1796/3009/1796 1785/3089/1785 1790/2999/1790 1809/3013/1809
s 4
f 1796/3009/1796 1797/3010/1797 1737/3090/1737 1785/3089/1785
s 1
f 1737/3090/1737 1797/3010/1797 1798/3011/1798 1732/3091/1732
s 4
f 1798/3011/1798 1793/3006/1793 1729/3079/1729 1732/3091/1732
s 2
f 2554/3728/2554 2625/3813/2625 2071/3109/2071 1055/1589/1055
f 2210/3305/2210 2233/3331/2233 2079/3125/2079 1215/1847/1215
f 2074/3115/2074 2072/3112/2072 1065/2079/1065 1343/2089/1343
f 2082/3132/2082 2080/3128/2080 1225/2367/1225 1475/2377/1475
f 2071/3110/2071 2076/3119/2076 1591/2599/1591 1055/2609/1055
s 4
f 1591/2589/1591 1590/2588/1590 1593/2591/1593 1592/2590/1592
f 1591/2589/1591 2076/3120/2076 2075/3118/2075 1590/2588/1590
s 2
f 2079/3126/2079 2084/3136/2084 1719/2887/1719 1215/2897/1215
f 2559/3734/2559 2627/3815/2627 2085/3137/2085 1071/1607/1071
f 2206/3300/2206 2237/3335/2237 2091/3149/2091 1201/1831/1201
f 2093/3153/2093 2086/3140/2086 1081/2107/1081 1349/2117/1349
f 2096/3159/2096 2092/3152/2092 1211/2341/1211 1471/2351/1471
s 4
f 1470/2330/1470 1471/2331/1471 1468/2328/1468 1469/2329/1469
f 1470/2330/1470 2095/3158/2095 2096/3160/2096 1471/2331/1471
s 2
f 2085/3138/2085 2097/3161/2097 1597/2627/1597 1071/2637/1071
s 4
f 1605/2625/1605 1604/2624/1604 2098/3164/2098 1606/2626/1606
f 1601/2621/1601 1598/2618/1598 1603/2623/1603 1602/2622/1602
f 1599/2619/1599 1598/2618/1598 1601/2621/1601 1600/2620/1600
f 1598/2618/1598 2098/3164/2098 1604/2624/1604 1603/2623/1603
f 1597/2617/1597 2097/3162/2097 2098/3164/2098 1598/2618/1598
s 2
f 2091/3150/2091 2100/3167/2100 1715/2861/1715 1201/2871/1201
f 3/3/3 72/86/72 65/77/65 2/2/2
f 3/3/3 2102/3170/2102 2101/3169/2101 72/86/72
s 1
f 2239/3337/2239 2240/3338/2240 2596/3778/2596 2595/3777/2595
s 2
f 2240/3338/2240 2310/3428/2310 2612/3798/2612 2596/3778/2596
s 1
f 2241/3339/2241 2242/3340/2242 2598/3780/2598 2597/3779/2597
s 2
f 2242/3340/2242 2243/3341/2243 2599/3781/2599 2598/3780/2598
s 1
f 2243/3342/2243 2244/3343/2244 2600/3783/2600 2599/3782/2599
s 2
f 2600/3783/2600 58/70/58 54/62/54 2507/3665/2507
f 2600/3783/2600 79/95/79 87/103/87 58/70/58
f 2600/3783/2600 2244/3343/2244 2245/3344/2245 79/95/79
s 1
f 2246/3345/2246 2247/3346/2247 32/34/32 31/33/31
s 2
f 32/34/32 50/56/50 45/49/45 33/35/33
f 32/34/32 2247/3346/2247 2248/3347/2248 50/56/50
f 2381/3509/2381 92/108/92 84/100/84 2380/3508/2380
f 2381/3509/2381 56/67/56 63/75/63 92/108/92
f 2381/3509/2381 2113/3182/2113 2112/3181/2112 56/67/56
s 1
f 37/44/37 2250/3350/2250 2251/3351/2251 38/40/38
s 2
f 2251/3351/2251 2252/3352/2252 39/41/39 38/40/38
s 1
f 39/41/39 2252/3352/2252 2253/3353/2253 40/42/40
s 2
f 2253/3353/2253 2309/3427/2309 1030/1543/1030 40/42/40
s 1
f 2248/3347/2248 2254/3354/2254 133/57/133 50/56/50
f 136/58/136 2255/3356/2255 2249/3348/2249 51/59/51
f 2256/3358/2256 2238/3336/2238 78/94/78 933/93/933
f 79/95/79 2245/3344/2245 2257/3359/2257 934/96/934
s 4
f 2257/3359/2257 2258/3360/2258 940/118/940 934/96/934
f 2259/3361/2259 2256/3358/2256 933/93/933 938/113/938
f 2258/3360/2258 2259/3361/2259 938/113/938 940/118/940
s 2
f 2254/3355/2254 2260/3362/2260 132/124/132 133/121/133
f 2261/3365/2261 2255/3357/2255 136/127/136 137/128/137
s 1
f 2524/3687/2524 2633/3821/2633 2262/3366/2262 1017/157/1017
s 8
f 2129/3207/2129 797/237/797 116/174/116 2130/3208/2130
f 2269/3377/2269 803/230/803 1017/178/1017 2270/3378/2270
s 1
f 107/180/107 2260/3363/2260 2393/3527/2393 2394/3529/2394
f 2124/3198/2124 2127/3204/2127 104/162/104 130/205/130
s 2
f 146/243/146 215/326/215 208/317/208 145/242/145
f 146/243/146 2136/3214/2136 2135/3213/2135 215/326/215
s 1
f 2273/3381/2273 2274/3382/2274 2603/3787/2603 2602/3786/2602
s 2
f 2274/3382/2274 2275/3383/2275 2604/3788/2604 2603/3787/2603
s 1
f 2275/3383/2275 2276/3384/2276 2605/3789/2605 2604/3788/2604
s 2
f 2276/3384/2276 2306/3424/2306 2610/3796/2610 2605/3789/2605
s 1
f 2277/3385/2277 2278/3387/2278 2607/3792/2607 2606/3791/2606
s 2
f 2607/3792/2607 201/310/201 197/302/197 2528/3694/2528
f 2607/3792/2607 222/335/222 230/343/230 201/310/201
f 2607/3792/2607 2278/3387/2278 2279/3388/2279 222/335/222
s 1
f 2281/3390/2281 2280/3389/2280 175/274/175 174/273/174
s 2
f 2280/3389/2280 2282/3391/2282 176/275/176 175/274/175
s 1
f 2282/3391/2282 2283/3392/2283 177/276/177 176/275/176
s 2
f 177/276/177 193/296/193 188/289/188 178/277/178
f 177/276/177 2283/3392/2283 2284/3393/2284 193/296/193
f 2403/3539/2403 235/348/235 227/340/227 2402/3538/2402
f 2403/3539/2403 199/307/199 206/315/206 235/348/235
f 2403/3539/2403 2149/3228/2149 2148/3227/2148 199/307/199
s 1
f 182/284/182 2286/3396/2286 2287/3397/2287 183/282/183
s 2
f 2287/3397/2287 2312/3430/2312 1040/1563/1040 183/282/183
s 1
f 2284/3393/2284 2288/3398/2288 279/297/279 193/296/193
f 282/298/282 2289/3400/2289 2285/3394/2285 194/299/194
f 2290/3402/2290 2272/3380/2272 221/334/221 948/333/948
f 222/335/222 2279/3388/2279 2291/3403/2291 949/336/949
s 4
f 2291/3403/2291 2292/3404/2292 955/358/955 949/336/949
f 2293/3405/2293 2290/3402/2290 948/333/948 953/353/953
f 2292/3404/2292 2293/3405/2293 953/353/953 955/358/955
s 2
f 2288/3399/2288 2294/3406/2294 278/364/278 279/361/279
f 2295/3409/2295 2289/3401/2289 282/367/282 283/368/283
s 1
f 2544/3715/2544 2635/3823/2635 2296/3410/2296 261/397/261
s 8
f 2163/3251/2163 821/477/821 260/414/260 2164/3252/2164
f 2303/3421/2303 827/470/827 261/418/261 2304/3422/2304
s 1
f 251/420/251 2294/3407/2294 2413/3555/2413 2415/3559/2415
f 2158/3242/2158 2161/3248/2161 248/402/248 276/445/276
s 2
f 2308/3426/2308 2246/3345/2246 31/33/31 1028/1539/1028
f 2307/3425/2307 2277/3386/2277 2606/3790/2606 2547/3721/2547
f 2311/3429/2311 2241/3339/2241 2597/3779/2597 2549/3723/2549
f 2313/3431/2313 2281/3390/2281 174/273/174 1042/1567/1042
f 2421/3565/2421 1128/1678/1128 1122/1670/1122 2420/3564/2420
f 2421/3565/2421 1107/1653/1107 1136/1686/1136 1128/1678/1128
f 2421/3565/2421 1097/1637/1097 1103/1645/1103 1107/1653/1107
f 2421/3565/2421 2178/3266/2178 2177/3265/2177 1097/1637/1097
s 1
f 2315/3433/2315 2316/3434/2316 1064/1598/1064 1063/1597/1063
s 2
f 2316/3434/2316 2367/3495/2367 2070/3107/2070 1064/1598/1064
s 1
f 2317/3435/2317 2318/3436/2318 1066/1600/1066 1065/1599/1065
s 2
f 2318/3436/2318 2319/3437/2319 1067/1601/1067 1066/1600/1066
s 1
f 2319/3438/2319 2320/3439/2320 1068/1602/1068 1067/1606/1067
s 2
f 1068/1602/1068 2320/3439/2320 2321/3440/2321 1069/1603/1069
s 1
f 2185/3274/2185 2184/3273/2184 1093/1631/1093 1094/1632/1094
f 2324/3444/2324 2325/3445/2325 1082/1618/1082 1081/1617/1081
s 2
f 1082/1618/1082 2326/3446/2326 1095/1633/1095 1083/1619/1083
s 1
f 2192/3283/2192 2191/3282/2191 1186/1635/1186 1096/1636/1096
s 2
f 2432/3577/2432 1126/1676/1126 1119/1667/1119 2431/3576/2431
f 2432/3577/2432 1142/1692/1142 1134/1684/1134 1126/1676/1126
f 2432/3577/2432 1106/1651/1106 1113/1659/1113 1142/1692/1142
f 2432/3577/2432 1096/1636/1096 1101/1643/1101 1106/1651/1106
f 2432/3577/2432 2193/3284/2193 2192/3283/2192 1096/1636/1096
s 1
f 2330/3452/2330 2331/3453/2331 1088/1624/1088 1087/1628/1087
s 2
f 1088/1624/1088 2331/3453/2331 2332/3454/2332 1089/1625/1089
s 1
f 2332/3454/2332 2333/3455/2333 1090/1626/1090 1089/1625/1089
s 2
f 2333/3455/2333 2372/3500/2372 2088/3143/2088 1090/1626/1090
s 1
f 2334/3456/2334 2314/3432/2314 1092/1630/1092 1091/1629/1091
f 2326/3446/2326 2335/3458/2335 1185/1634/1185 1095/1633/1095
s 2
f 1197/1827/1197 2202/3296/2202 2201/3295/2201 1196/1826/1196
s 1
f 2339/3463/2339 2340/3464/2340 2615/3801/2615 2614/3800/2614
s 2
f 2340/3464/2340 2341/3465/2341 2616/3802/2616 2615/3801/2615
s 1
f 2341/3465/2341 2342/3466/2342 2617/3803/2617 2616/3802/2616
s 2
f 2342/3466/2342 2373/3501/2373 2628/3816/2628 2617/3803/2617
s 1
f 2343/3467/2343 2344/3469/2344 2619/3806/2619 2618/3805/2618
s 2
f 2619/3806/2619 1248/1886/1248 1242/1878/1242 2580/3758/2580
f 2619/3806/2619 1281/1927/1281 1252/1894/1252 1248/1886/1248
f 2619/3806/2619 1267/1911/1267 1273/1919/1273 1281/1927/1281
f 2619/3806/2619 2344/3469/2344 2345/3470/2345 1267/1911/1267
s 1
f 2347/3472/2347 2346/3471/2346 2620/3807/2620 2582/3761/2582
s 2
f 2346/3471/2346 2348/3473/2348 2621/3808/2621 2620/3807/2620
s 1
f 2348/3473/2348 2349/3474/2349 2622/3809/2622 2621/3808/2621
s 2
f 2622/3809/2622 1244/1880/1244 1239/1873/1239 2583/3762/2583
f 2622/3809/2622 1254/1896/1254 1249/1888/1249 1244/1880/1244
f 2622/3809/2622 1275/1921/1275 1283/1929/1283 1254/1896/1254
f 2622/3809/2622 1262/1904/1262 1269/1913/1269 1275/1921/1275
f 2622/3809/2622 2349/3474/2349 2350/3475/2350 1262/1904/1262
f 1223/1855/1223 2214/3309/2214 1263/1907/1263 1222/1854/1222
s 1
f 2352/3478/2352 2353/3479/2353 2624/3812/2624 2623/3810/2623
s 2
f 2353/3479/2353 2369/3497/2369 2626/3814/2626 2624/3812/2624
s 1
f 2354/3480/2354 2338/3462/2338 1259/1901/1259 1264/1908/1264
f 2350/3475/2350 2356/3482/2356 1318/1905/1318 1262/1904/1262
f 2345/3470/2345 2358/3485/2358 1994/1912/1994 1267/1911/1267
s 4
f 1993/1909/1993 1999/1935/1999 2355/3481/2355 1264/1908/1264
f 2001/1941/2001 1994/1912/1994 2355/3481/2355 1999/1935/1999
s 1
f 2359/3487/2359 2351/3476/2351 1270/1916/1270 1320/1915/1320
s 8
f 2363/3491/2363 1880/2064/1880 1307/2001/1307 2364/3492/2364
s 2
f 2072/3111/2072 2368/3496/2368 2317/3435/2317 1065/1599/1065
f 2370/3498/2370 2347/3472/2347 2582/3761/2582 2592/3774/2592
f 2086/3139/2086 2371/3499/2371 2324/3444/2324 1081/1617/1081
f 2374/3502/2374 2343/3468/2343 2618/3804/2618 2594/3776/2594
f 2239/3337/2239 86/102/86 78/94/78 2238/3336/2238
f 2239/3337/2239 53/61/53 57/69/57 86/102/86
f 2239/3337/2239 2595/3777/2595 2506/3664/2506 53/61/53
s 1
f 2377/3505/2377 2378/3506/2378 2110/3179/2110 2109/3178/2109
s 2
f 2110/3179/2110 60/72/60 55/64/55 2111/3180/2111
f 2110/3179/2110 81/97/81 89/105/89 60/72/60
f 2110/3179/2110 2378/3506/2378 2379/3507/2379 81/97/81
s 1
f 2381/3510/2381 2382/3511/2382 2114/3184/2114 2113/3183/2113
s 2
f 2382/3511/2382 2383/3512/2383 2115/3185/2115 2114/3184/2114
s 1
f 2383/3512/2383 2384/3513/2384 2116/3186/2116 2115/3185/2115
s 2
f 2384/3513/2384 2417/3561/2417 2172/3260/2172 2116/3186/2116
s 1
f 52/60/52 2385/3514/2385 2375/3503/2375 47/53/47
f 2376/3504/2376 2386/3515/2386 49/55/49 48/54/48
s 2
f 2386/3515/2386 2387/3516/2387 97/115/97 49/55/49
s 1
f 81/97/81 2379/3507/2379 2388/3518/2388 82/98/82
s 2
f 2388/3518/2388 2389/3519/2389 96/114/96 82/98/82
s 1
f 2390/3521/2390 2380/3508/2380 84/100/84 83/99/83
s 2
f 2391/3522/2391 2385/3514/2385 52/60/52 93/109/93
f 2392/3524/2392 2390/3521/2390 83/99/83 127/120/127
s 1
f 2629/3817/2629 121/191/121 111/150/111 2125/3199/2125
f 2523/3686/2523 2128/3205/2128 116/156/116 126/197/126
s 8
f 2522/3684/2522 1017/148/1017 100/129/100 138/216/138
f 2387/3517/2387 2395/3530/2395 108/145/108 97/225/97
s 2
f 2273/3381/2273 229/342/229 221/334/221 2272/3380/2272
f 2273/3381/2273 196/301/196 200/309/200 229/342/229
f 2273/3381/2273 2602/3786/2602 2527/3693/2527 196/301/196
s 1
f 2477/3632/2477 2398/3534/2398 2143/3222/2143 2144/3223/2144
s 2
f 2398/3534/2398 2399/3535/2399 2145/3224/2145 2143/3222/2143
s 1
f 2399/3535/2399 2400/3536/2400 2146/3225/2146 2145/3224/2145
s 2
f 2146/3225/2146 203/312/203 198/304/198 2147/3226/2147
f 2146/3225/2146 224/337/224 232/345/232 203/312/203
f 2146/3225/2146 2400/3536/2400 2401/3537/2401 224/337/224
s 1
f 2403/3540/2403 2404/3541/2404 2150/3230/2150 2149/3229/2149
s 2
f 2404/3541/2404 2419/3563/2419 2175/3263/2175 2150/3230/2150
s 1
f 195/300/195 2405/3542/2405 2396/3532/2396 190/293/190
f 2397/3533/2397 2406/3543/2406 192/295/192 191/294/191
s 2
f 2406/3543/2406 2407/3544/2407 240/355/240 192/295/192
s 1
f 224/337/224 2401/3537/2401 2408/3546/2408 225/338/225
s 2
f 2408/3546/2408 2409/3547/2409 239/354/239 225/338/225
s 1
f 2410/3549/2410 2402/3538/2402 227/340/227 226/339/226
s 2
f 2411/3550/2411 2405/3542/2405 195/300/195 236/349/236
f 2412/3552/2412 2410/3549/2410 226/339/226 273/360/273
s 1
f 2631/3819/2631 267/431/267 255/390/255 2159/3243/2159
f 2543/3714/2543 2162/3249/2162 260/396/260 272/437/272
s 8
f 2542/3712/2542 261/388/261 243/369/243 284/456/284
f 2407/3545/2407 2414/3557/2414 252/385/252 240/465/240
s 2
f 2480/3636/2480 2377/3505/2377 2109/3178/2109 2171/3259/2171
f 2482/3638/2482 2477/3632/2477 2144/3223/2144 2176/3264/2176
s 1
f 2421/3565/2421 2422/3566/2422 2179/3267/2179 2178/3266/2178
s 2
f 2422/3566/2422 2460/3612/2460 2230/3328/2230 2179/3267/2179
s 1
f 2423/3567/2423 2424/3568/2424 2181/3269/2181 2180/3268/2180
s 2
f 2424/3568/2424 2425/3569/2425 2182/3270/2182 2181/3269/2181
s 1
f 2425/3570/2425 2426/3571/2426 2183/3272/2183 2182/3271/2182
s 2
f 2183/3272/2183 1098/1638/1098 1093/1631/1093 2184/3273/2184
f 2183/3272/2183 1108/1654/1108 1104/1646/1104 1098/1638/1098
f 2183/3272/2183 1129/1679/1129 1137/1687/1137 1108/1654/1108
f 2183/3272/2183 1116/1662/1116 1123/1671/1123 1129/1679/1129
f 2183/3272/2183 2426/3571/2426 2427/3572/2427 1116/1662/1116
s 1
f 2428/3573/2428 2429/3574/2429 2188/3278/2188 2187/3277/2187
s 2
f 2188/3278/2188 1105/1648/1105 1100/1640/1100 2189/3279/2189
f 2188/3278/2188 1139/1689/1139 1110/1656/1110 1105/1648/1105
f 2188/3278/2188 1125/1673/1125 1131/1681/1131 1139/1689/1139
f 2188/3278/2188 2429/3574/2429 2430/3575/2430 1125/1673/1125
s 1
f 2432/3578/2432 2433/3579/2433 2194/3286/2194 2193/3285/2193
s 2
f 2433/3579/2433 2434/3580/2434 2195/3287/2195 2194/3286/2194
s 1
f 2434/3580/2434 2435/3581/2435 2196/3288/2196 2195/3287/2195
s 2
f 2435/3581/2435 2462/3614/2462 2235/3333/2235 2196/3288/2196
s 1
f 2427/3572/2427 2436/3582/2436 1977/1663/1977 1116/1662/1116
f 2438/3584/2438 2431/3576/2431 1119/1667/1119 1175/1666/1175
f 2440/3587/2440 2420/3564/2420 1122/1670/1122 1978/1669/1978
f 2430/3575/2430 2441/3588/2441 1173/1674/1173 1125/1673/1125
s 4
f 2442/3590/2442 1175/1778/1175 1165/1737/1165 1164/1736/1164
s 1
f 2579/3757/2579 2578/3756/2578 1235/1869/1235 1236/1870/1236
s 2
f 2339/3463/2339 1266/1910/1266 1259/1901/1259 2338/3462/2338
f 2339/3463/2339 1280/1926/1280 1272/1918/1272 1266/1910/1266
f 2339/3463/2339 1247/1885/1247 1251/1893/1251 1280/1926/1280
f 2339/3463/2339 1236/1870/1236 1241/1877/1241 1247/1885/1247
f 2339/3463/2339 2614/3800/2614 2579/3757/2579 1236/1870/1236
s 1
f 2584/3763/2584 2583/3762/2583 1239/1873/1239 1329/1874/1329
s 2
f 2352/3477/2352 1278/1924/1278 1270/1916/1270 2351/3476/2351
f 2352/3477/2352 1257/1899/1257 1286/1932/1286 1278/1924/1278
f 2352/3477/2352 1245/1883/1245 1250/1891/1250 1257/1899/1257
f 2352/3477/2352 2623/3811/2623 2586/3766/2586 1245/1883/1245
s 1
f 2449/3597/2449 2456/3606/2456 1238/1872/1238 1237/1871/1237
f 2457/3608/2457 2455/3605/2455 1240/1876/1240 1330/1875/1330
s 2
f 2494/3652/2494 2423/3567/2423 2180/3268/2180 2231/3329/2231
f 2496/3654/2496 2428/3573/2428 2187/3277/2187 2234/3332/2234
s 1
f 13/13/13 2464/3616/2464 2465/3617/2465 14/14/14
s 2
f 2465/3617/2465 2481/3637/2481 1036/1555/1036 14/14/14
s 1
f 2466/3618/2466 2467/3619/2467 16/16/16 15/15/15
s 2
f 2467/3619/2467 2468/3620/2468 17/17/17 16/16/16
s 1
f 2468/3621/2468 2469/3622/2469 18/18/18 17/22/17
s 2
f 18/18/18 48/54/48 43/47/43 19/19/19
f 18/18/18 2469/3622/2469 2376/3504/2376 48/54/48
f 27/29/27 76/92/76 69/83/69 26/28/26
f 27/29/27 2512/3671/2512 2511/3669/2511 76/92/76
s 1
f 2601/3785/2601 944/158/944 2265/3373/2265 2634/3822/2634
f 156/253/156 2471/3625/2471 2472/3626/2472 157/254/157
s 2
f 2472/3626/2472 2473/3627/2473 158/255/158 157/254/157
s 1
f 158/255/158 2473/3627/2473 2474/3628/2474 159/256/159
s 2
f 2474/3628/2474 2479/3635/2479 1020/1523/1020 159/256/159
s 1
f 2475/3630/2475 2476/3631/2476 161/258/161 160/262/160
s 2
f 161/258/161 191/294/191 186/287/186 162/259/162
f 161/258/161 2476/3631/2476 2397/3533/2397 191/294/191
f 172/271/172 219/332/219 212/323/212 171/270/171
f 172/271/172 2534/3701/2534 2533/3699/2533 219/332/219
s 1
f 2609/3795/2609 266/398/266 2299/3417/2299 2636/3824/2636
s 2
f 2416/3560/2416 2475/3629/2475 160/257/160 1022/1527/1022
f 2418/3562/2418 2466/3618/2466 15/15/15 1038/1559/1038
f 1053/1587/1053 2551/3725/2551 1115/1661/1115 1052/1586/1052
f 1077/1613/1077 2563/3739/2563 2562/3737/2562 1076/1612/1076
s 1
f 2483/3639/2483 2484/3640/2484 1208/1838/1208 1207/1837/1207
s 2
f 1208/1838/1208 2484/3640/2484 2485/3641/2485 1209/1839/1209
s 1
f 2485/3641/2485 2486/3642/2486 1210/1840/1210 1209/1839/1209
s 2
f 2486/3642/2486 2497/3655/2497 2090/3147/2090 1210/1840/1210
s 1
f 2487/3644/2487 2488/3645/2488 1212/1842/1212 1211/1846/1211
s 2
f 1212/1842/1212 2449/3597/2449 1237/1871/1237 1213/1843/1213
s 1
f 2451/3600/2451 2489/3646/2489 1226/1858/1226 1225/1857/1225
s 2
f 2489/3646/2489 2490/3647/2490 1227/1859/1227 1226/1858/1226
s 1
f 2490/3647/2490 2491/3648/2491 1228/1860/1228 1227/1859/1227
s 2
f 1228/1860/1228 2491/3648/2491 2452/3601/2452 1229/1861/1229
s 1
f 2492/3650/2492 2493/3651/2493 1234/1866/1234 1233/1868/1233
s 2
f 2493/3651/2493 2495/3653/2495 2078/3123/2078 1234/1866/1234
f 2080/3127/2080 2461/3613/2461 2451/3600/2451 1225/1857/1225
f 2092/3151/2092 2463/3615/2463 2487/3643/2487 1211/1841/1211
s 1
f 96/190/96 2389/3520/2389 118/138/118
f 127/198/127 104/139/104 2392/3525/2392
s 2
f 786/230/786 787/231/787 101/166/101
f 101/166/101 100/165/100 95/230/95
s 1
f 788/231/788 789/232/789 102/167/102
f 102/167/102 101/166/101 77/231/77
s 8
f 790/232/790 791/233/791 941/168/941
f 941/168/941 102/167/102 85/232/85
s 1
f 792/233/792 793/234/793 942/169/942
f 942/169/942 941/168/941 88/233/88
s 2
f 794/234/794 795/235/795 943/170/943
f 943/170/943 942/169/942 80/234/80
s 8
f 796/236/796 2266/3374/2266 2267/3375/2267
f 99/236/99 944/179/944 943/171/943
s 1
f 113/177/113 798/240/798 799/228/799
f 71/228/71 112/172/112 113/177/113
s 2
f 800/228/800 801/229/801 111/173/111
f 111/173/111 112/172/112 71/228/71
s 8
f 95/230/95 100/165/100 1017/178/1017
f 802/229/802 2132/3210/2132 2133/3211/2133
s 2
f 804/237/804 805/238/805 115/175/115
f 115/175/115 116/174/116 98/237/98
s 1
f 806/238/806 807/239/807 114/176/114
f 114/176/114 115/175/115 74/238/74
s 8
f 808/239/808 809/240/809 113/177/113
f 113/177/113 114/176/114 67/239/67
f 943/135/943 944/149/944 143/222/143
s 1
f 239/430/239 2409/3548/2409 263/378/263
f 273/438/273 248/379/248 2412/3553/2412
s 2
f 810/470/810 811/471/811 956/406/956
f 956/406/956 243/405/243 238/470/238
s 1
f 812/471/812 813/472/813 244/407/244
f 244/407/244 956/406/956 220/471/220
s 8
f 814/472/814 815/473/815 957/408/957
f 957/408/957 244/407/244 228/472/228
s 1
f 816/473/816 817/474/817 245/409/245
f 245/409/245 957/408/957 231/473/231
s 2
f 818/474/818 819/475/819 246/410/246
f 246/410/246 245/409/245 223/474/223
s 8
f 820/476/820 2300/3418/2300 2301/3419/2301
f 242/476/242 266/419/266 246/411/246
s 1
f 257/417/257 822/480/822 823/468/823
f 214/468/214 256/412/256 257/417/257
s 2
f 824/468/824 825/469/825 255/413/255
f 255/413/255 256/412/256 214/468/214
s 8
f 238/470/238 243/405/243 261/418/261
f 826/469/826 2166/3254/2166 2167/3255/2167
s 2
f 828/477/828 829/478/829 259/415/259
f 259/415/259 260/414/260 241/477/241
s 1
f 830/478/830 831/479/831 258/416/258
f 258/416/258 259/415/259 217/478/217
s 8
f 832/479/832 833/480/833 257/417/257
f 257/417/257 258/416/258 210/479/210
f 246/375/246 266/389/266 289/462/289
s 1
f 365/690/365 974/657/974 385/638/385
f 975/658/975 383/656/383 393/697/393
s 2
f 834/730/834 835/731/835 969/666/969
f 969/666/969 369/665/369 364/730/364
s 1
f 836/731/836 837/732/837 970/667/970
f 970/667/970 969/666/969 346/731/346
s 8
f 838/732/838 839/733/839 971/668/971
f 971/668/971 970/667/970 354/732/354
s 1
f 840/733/840 841/734/841 972/669/972
f 972/669/972 971/668/971 357/733/357
s 2
f 842/734/842 843/735/843 973/670/973
f 973/670/973 972/669/972 349/734/349
s 8
f 844/736/844 845/737/845 383/674/383
s 1
f 380/677/380 846/740/846 847/728/847
f 340/728/340 379/672/379 380/677/380
s 2
f 848/728/848 849/729/849 378/673/378
f 378/673/378 379/672/379 340/728/340
s 8
f 364/730/364 369/665/369 974/678/974
f 850/729/850 851/730/851 974/678/974
f 378/673/378 363/729/363 974/678/974
s 2
f 852/737/852 853/738/853 382/675/382
f 382/675/382 383/674/383 367/737/367
s 1
f 854/738/854 855/739/855 381/676/381
f 381/676/381 382/675/382 343/738/343
s 8
f 856/739/856 857/740/857 380/677/380
f 380/677/380 381/676/381 336/739/336
s 1
f 385/661/385 399/708/399 396/704/396
f 375/686/375 397/705/397 404/714/404
s 8
f 374/644/374 405/716/405 362/724/362
f 973/635/973 366/725/366 410/722/410
s 1
f 486/950/486 988/917/988 510/898/510
f 989/918/989 508/916/508 518/957/518
s 2
f 858/990/858 859/991/859 491/926/491
f 491/926/491 490/925/490 485/990/485
s 1
f 860/991/860 861/992/861 987/927/987
f 987/927/987 491/926/491 467/991/467
s 8
f 862/992/862 863/993/863 492/928/492
f 492/928/492 987/927/987 475/992/475
s 1
f 864/993/864 865/994/865 493/929/493
f 493/929/493 492/928/492 478/993/478
s 2
f 866/994/866 867/995/867 494/930/494
f 494/930/494 493/929/493 470/994/470
s 8
f 868/996/868 869/997/869 508/934/508
s 1
f 505/937/505 870/1000/870 871/988/871
f 461/988/461 504/932/504 505/937/505
s 2
f 872/988/872 873/989/873 503/933/503
f 503/933/503 504/932/504 461/988/461
s 8
f 485/990/485 490/925/490 988/938/988
f 874/989/874 875/990/875 988/938/988
f 503/933/503 484/989/484 988/938/988
s 2
f 876/997/876 877/998/877 507/935/507
f 507/935/507 508/934/508 488/997/488
s 1
f 878/998/878 879/999/879 506/936/506
f 506/936/506 507/935/507 464/998/464
s 8
f 880/999/880 881/1000/881 505/937/505
f 505/937/505 506/936/506 457/999/457
s 1
f 510/921/510 524/968/524 521/964/521
f 500/946/500 522/965/522 529/974/529
s 8
f 499/904/499 530/976/530 483/984/483
f 494/895/494 487/985/487 535/982/535
s 1
f 611/1210/611 1018/1177/1018 634/1158/634
f 637/1178/637 632/1176/632 643/1217/643
s 2
f 882/1250/882 883/1251/883 616/1186/616
f 616/1186/616 615/1185/615 610/1250/610
s 1
f 884/1251/884 885/1252/885 617/1187/617
f 617/1187/617 616/1186/616 592/1251/592
s 8
f 886/1252/886 887/1253/887 1001/1188/1001
f 1001/1188/1001 617/1187/617 600/1252/600
s 1
f 888/1253/888 889/1254/889 618/1189/618
f 618/1189/618 1001/1188/1001 603/1253/603
s 2
f 890/1254/890 891/1255/891 1002/1190/1002
f 1002/1190/1002 618/1189/618 595/1254/595
s 8
f 892/1256/892 893/1257/893 632/1194/632
s 1
f 629/1197/629 894/1260/894 895/1248/895
f 586/1248/586 628/1192/628 629/1197/629
s 2
f 896/1248/896 897/1249/897 627/1193/627
f 627/1193/627 628/1192/628 586/1248/586
s 8
f 610/1250/610 615/1185/615 1018/1198/1018
f 898/1249/898 899/1250/899 1018/1198/1018
f 627/1193/627 609/1249/609 1018/1198/1018
s 2
f 900/1257/900 901/1258/901 631/1195/631
f 631/1195/631 632/1194/632 613/1257/613
s 1
f 902/1258/902 903/1259/903 630/1196/630
f 630/1196/630 631/1195/631 589/1258/589
s 8
f 904/1259/904 905/1260/905 629/1197/629
f 629/1197/629 630/1196/630 582/1259/582
s 1
f 634/1181/634 649/1228/649 646/1224/646
f 624/1206/624 647/1225/647 654/1234/654
s 8
f 623/1164/623 655/1236/655 608/1244/608
f 1002/1155/1002 612/1245/612 660/1242/660
s 1
f 736/1470/736 757/1437/757 759/1418/759
f 762/1438/762 756/1436/756 768/1477/768
s 2
f 906/1510/906 907/1511/907 741/1446/741
f 741/1446/741 740/1445/740 735/1510/735
s 1
f 908/1511/908 909/1512/909 742/1447/742
f 742/1447/742 741/1446/741 717/1511/717
s 8
f 910/1512/910 911/1513/911 1014/1448/1014
f 1014/1448/1014 742/1447/742 725/1512/725
s 1
f 912/1513/912 913/1514/913 1015/1449/1015
f 1015/1449/1015 1014/1448/1014 728/1513/728
s 2
f 914/1514/914 915/1515/915 1016/1450/1016
f 1016/1450/1016 1015/1449/1015 720/1514/720
s 8
f 916/1516/916 917/1517/917 756/1454/756
s 1
f 753/1457/753 918/1520/918 919/1508/919
f 711/1508/711 752/1452/752 753/1457/753
s 2
f 920/1508/920 921/1509/921 751/1453/751
f 751/1453/751 752/1452/752 711/1508/711
s 8
f 735/1510/735 740/1445/740 757/1458/757
f 922/1509/922 923/1510/923 757/1458/757
f 751/1453/751 734/1509/734 757/1458/757
s 2
f 924/1517/924 925/1518/925 755/1455/755
f 755/1455/755 756/1454/756 738/1517/738
s 1
f 926/1518/926 927/1519/927 754/1456/754
f 754/1456/754 755/1455/755 714/1518/714
s 8
f 928/1519/928 929/1520/929 753/1457/753
f 753/1457/753 754/1456/754 707/1519/707
s 1
f 759/1441/759 774/1488/774 771/1484/771
f 748/1466/748 772/1485/772 779/1494/779
s 8
f 747/1424/747 780/1496/780 733/1504/733
f 1016/1415/1016 737/1505/737 785/1502/785
s 2
f 1063/1597/1063 2314/3432/2314 2315/3433/2315
f 1070/1604/1070 1091/1629/1091 1061/1595/1061
f 1072/1608/1072 2561/3736/2561 2560/3735/2560
f 1084/1620/1084 1185/1634/1185 1085/1621/1085
f 1120/1668/1120 2568/3744/2568 2567/3743/2567
f 1074/1610/1074 1075/1611/1075 1174/1665/1174
s 4
f 1977/1663/1977 1986/1701/1986 1979/1672/1979
s 1
f 1146/1774/1146 1990/1741/1990 1169/1722/1169
f 1173/1776/1173 1164/1736/1164 1163/1735/1163
s 4
f 1174/1777/1174 2570/3747/2570 2573/3751/2573
s 1
f 1991/1742/1991 1167/1740/1167 1177/1781/1177
s 2
f 1833/1814/1833 1834/1815/1834 1988/1750/1988
f 1988/1750/1988 1150/1749/1150 1145/1814/1145
s 1
f 1835/1815/1835 1836/1816/1836 1151/1751/1151
f 1151/1751/1151 1988/1750/1988 1127/1815/1127
s 8
f 1837/1816/1837 1838/1817/1838 1989/1752/1989
f 1989/1752/1989 1151/1751/1151 1135/1816/1135
s 1
f 1839/1817/1839 1840/1818/1840 1152/1753/1152
f 1152/1753/1152 1989/1752/1989 1138/1817/1138
s 2
f 1841/1818/1841 1842/1819/1842 1153/1754/1153
f 1153/1754/1153 1152/1753/1152 1130/1818/1130
s 8
f 1843/1820/1843 1844/1821/1844 1167/1758/1167
s 1
f 1121/1812/1121 1163/1756/1163 1164/1761/1164
s 2
f 1847/1812/1847 1848/1813/1848 1162/1757/1162
f 1162/1757/1162 1163/1756/1163 1121/1812/1121
s 8
f 1145/1814/1145 1150/1749/1150 1990/1762/1990
f 1849/1813/1849 1850/1814/1850 1990/1762/1990
f 1162/1757/1162 1144/1813/1144 1990/1762/1990
s 2
f 1851/1821/1851 1852/1822/1852 1166/1759/1166
f 1166/1759/1166 1167/1758/1167 1148/1821/1148
s 1
f 1853/1822/1853 1854/1823/1854 1165/1760/1165
f 1165/1760/1165 1166/1759/1166 1124/1822/1124
s 8
f 1164/1761/1164 1165/1760/1165 1117/1823/1117
s 1
f 1169/1745/1169 1183/1792/1183 1180/1788/1180
f 1156/1766/1156 2199/3293/2199 2198/3292/2198
s 4
f 1156/1766/1156 2190/3281/2190 2199/3293/2199
s 1
f 1159/1770/1159 1181/1789/1181 1188/1798/1188
f 1156/1726/1156 2197/3290/2197 2200/3294/2200
s 8
f 1158/1728/1158 1189/1800/1189 1143/1808/1143
f 1153/1719/1153 1147/1809/1147 1194/1806/1194
s 4
f 1161/1731/1161 1156/1726/1156 1094/1811/1094
s 2
f 1202/1832/1202 2208/3303/2208 2207/3302/2207
f 1214/1844/1214 1238/1872/1238 1205/1835/1205
f 1230/1862/1230 1330/1875/1330 1231/1863/1231
f 1233/1865/1233 2455/3605/2455 2492/3649/2492
f 1204/1834/1204 1195/1825/1195 1992/1903/1992
f 1319/1906/1319 2220/3316/2220 2219/3315/2219
s 4
f 1992/1903/1992 2218/3314/2218 2221/3318/2221
s 1
f 1290/2014/1290 1311/1981/1311 1313/1962/1313
s 4
f 1318/2017/1318 1308/1977/1308 1307/1976/1307
s 1
f 1308/1977/1308 1320/2019/1320 1309/1978/1309
f 2006/1982/2006 1310/1980/1310 1321/2021/1321
s 2
f 1857/2054/1857 1858/2055/1858 2003/1990/2003
f 2003/1990/2003 1294/1989/1294 1289/2054/1289
s 1
f 1859/2055/1859 1860/2056/1860 1295/1991/1295
f 1295/1991/1295 2003/1990/2003 1271/2055/1271
s 8
f 1861/2056/1861 1862/2057/1862 2004/1992/2004
f 2004/1992/2004 1295/1991/1295 1279/2056/1279
s 1
f 1863/2057/1863 1864/2058/1864 2005/1993/2005
f 2005/1993/2005 2004/1992/2004 1282/2057/1282
s 2
f 1865/2058/1865 1866/2059/1866 1296/1994/1296
f 1296/1994/1296 2005/1993/2005 1274/2058/1274
s 8
f 1867/2060/1867 1868/2061/1868 1310/1998/1310
s 1
f 1307/2001/1307 1869/2064/1869 1870/2052/1870
f 1265/2052/1265 1306/1996/1306 1307/2001/1307
s 2
f 1871/2052/1871 1872/2053/1872 1305/1997/1305
f 1305/1997/1305 1306/1996/1306 1265/2052/1265
s 8
f 1289/2054/1289 1294/1989/1294 1311/2002/1311
f 1873/2053/1873 1874/2054/1874 1311/2002/1311
f 1305/1997/1305 1288/2053/1288 1311/2002/1311
s 2
f 1875/2061/1875 1876/2062/1876 1309/1999/1309
f 1309/1999/1309 1310/1998/1310 1292/2061/1292
s 1
f 1308/2000/1308 1309/1999/1309 1268/2062/1268
s 8
f 1879/2063/1879 2226/3324/2226 2227/3325/2227
s 1
f 1313/1985/1313 1327/2032/1327 1324/2028/1324
s 4
f 1299/2006/1299 1304/2007/1304 1329/2034/1329
s 1
f 1304/2007/1304 2588/3770/2588 2589/3771/2589
f 1302/2010/1302 1325/2029/1325 1332/2038/1332
s 8
f 1301/1968/1301 1333/2040/1333 1287/2048/1287
f 1296/1959/1296 1291/2049/1291 1338/2046/1338
s 1
f 1304/1971/1304 2590/3772/2590 2587/3768/2587
s 4
f 1304/1971/1304 2581/3759/2581 2590/3772/2590
s 1
f 1414/2274/1414 1437/2241/1437 1439/2222/1439
f 2019/2242/2019 1436/2240/1436 1447/2281/1447
s 2
f 1881/2314/1881 1882/2315/1882 2018/2250/2018
f 2018/2250/2018 1418/2249/1418 1413/2314/1413
s 1
f 1883/2315/1883 1884/2316/1884 1419/2251/1419
f 1419/2251/1419 2018/2250/2018 1395/2315/1395
s 8
f 1885/2316/1885 1886/2317/1886 1420/2252/1420
f 1420/2252/1420 1419/2251/1419 1403/2316/1403
s 1
f 1887/2317/1887 1888/2318/1888 1421/2253/1421
f 1421/2253/1421 1420/2252/1420 1406/2317/1406
s 2
f 1889/2318/1889 1890/2319/1890 1422/2254/1422
f 1422/2254/1422 1421/2253/1421 1398/2318/1398
s 8
f 1891/2320/1891 1892/2321/1892 1436/2258/1436
s 1
f 1433/2261/1433 1893/2324/1893 1894/2312/1894
f 1389/2312/1389 1432/2256/1432 1433/2261/1433
s 2
f 1895/2312/1895 1896/2313/1896 1431/2257/1431
f 1431/2257/1431 1432/2256/1432 1389/2312/1389
s 8
f 1413/2314/1413 1418/2249/1418 1437/2262/1437
f 1897/2313/1897 1898/2314/1898 1437/2262/1437
f 1431/2257/1431 1412/2313/1412 1437/2262/1437
s 2
f 1899/2321/1899 1900/2322/1900 1435/2259/1435
f 1435/2259/1435 1436/2258/1436 1416/2321/1416
s 1
f 1901/2322/1901 1902/2323/1902 1434/2260/1434
f 1434/2260/1434 1435/2259/1435 1392/2322/1392
s 8
f 1903/2323/1903 1904/2324/1904 1433/2261/1433
f 1433/2261/1433 1434/2260/1434 1385/2323/1385
s 1
f 1439/2245/1439 1453/2292/1453 1450/2288/1450
f 1428/2270/1428 1451/2289/1451 1458/2298/1458
s 8
f 1427/2228/1427 1459/2300/1459 1411/2308/1411
f 1422/2219/1422 1415/2309/1415 1464/2306/1464
s 1
f 1540/2534/1540 1559/2501/1559 1561/2482/1561
f 2036/2502/2036 1558/2500/1558 1569/2541/1569
s 2
f 1905/2574/1905 1906/2575/1906 2031/2510/2031
f 2031/2510/2031 1544/2509/1544 1539/2574/1539
s 1
f 1907/2575/1907 1908/2576/1908 2032/2511/2032
f 2032/2511/2032 2031/2510/2031 1521/2575/1521
s 8
f 1909/2576/1909 1910/2577/1910 2033/2512/2033
f 2033/2512/2033 2032/2511/2032 1529/2576/1529
s 1
f 1911/2577/1911 1912/2578/1912 2034/2513/2034
f 2034/2513/2034 2033/2512/2033 1532/2577/1532
s 2
f 1913/2578/1913 1914/2579/1914 2035/2514/2035
f 2035/2514/2035 2034/2513/2034 1524/2578/1524
s 8
f 1915/2580/1915 1916/2581/1916 1558/2518/1558
s 1
f 1555/2521/1555 1917/2584/1917 1918/2572/1918
f 1515/2572/1515 1554/2516/1554 1555/2521/1555
s 2
f 1919/2572/1919 1920/2573/1920 1553/2517/1553
f 1553/2517/1553 1554/2516/1554 1515/2572/1515
s 8
f 1539/2574/1539 1544/2509/1544 1559/2522/1559
f 1921/2573/1921 1922/2574/1922 1559/2522/1559
f 1553/2517/1553 1538/2573/1538 1559/2522/1559
s 2
f 1923/2581/1923 1924/2582/1924 1557/2519/1557
f 1557/2519/1557 1558/2518/1558 1542/2581/1542
s 1
f 1925/2582/1925 1926/2583/1926 1556/2520/1556
f 1556/2520/1556 1557/2519/1557 1518/2582/1518
s 8
f 1927/2583/1927 1928/2584/1928 1555/2521/1555
f 1555/2521/1555 1556/2520/1556 1511/2583/1511
s 1
f 1561/2505/1561 1575/2552/1575 1572/2548/1572
f 1550/2530/1550 1573/2549/1573 1580/2558/1580
s 8
f 1549/2488/1549 1581/2560/1581 1537/2568/1537
f 2035/2479/2035 1541/2569/1541 1586/2566/1586
s 1
f 1662/2794/1662 2068/2761/2068 1683/2742/1683
f 2052/2762/2052 1681/2760/1681 1691/2801/1691
s 2
f 1929/2834/1929 1930/2835/1930 2048/2770/2048
f 2048/2770/2048 1666/2769/1666 1661/2834/1661
s 1
f 1931/2835/1931 1932/2836/1932 2049/2771/2049
f 2049/2771/2049 2048/2770/2048 1643/2835/1643
s 8
f 1933/2836/1933 1934/2837/1934 2050/2772/2050
f 2050/2772/2050 2049/2771/2049 1651/2836/1651
s 1
f 1935/2837/1935 1936/2838/1936 2051/2773/2051
f 2051/2773/2051 2050/2772/2050 1654/2837/1654
s 2
f 1937/2838/1937 1938/2839/1938 1667/2774/1667
f 1667/2774/1667 2051/2773/2051 1646/2838/1646
s 8
f 1939/2840/1939 1940/2841/1940 1681/2778/1681
s 1
f 1678/2781/1678 1941/2844/1941 1942/2832/1942
f 1637/2832/1637 1677/2776/1677 1678/2781/1678
s 2
f 1943/2832/1943 1944/2833/1944 1676/2777/1676
f 1676/2777/1676 1677/2776/1677 1637/2832/1637
s 8
f 1661/2834/1661 1666/2769/1666 2068/2782/2068
f 1945/2833/1945 1946/2834/1946 2068/2782/2068
f 1676/2777/1676 1660/2833/1660 2068/2782/2068
s 2
f 1947/2841/1947 1948/2842/1948 1680/2779/1680
f 1680/2779/1680 1681/2778/1681 1664/2841/1664
s 1
f 1949/2842/1949 1950/2843/1950 1679/2780/1679
f 1679/2780/1679 1680/2779/1680 1640/2842/1640
s 8
f 1951/2843/1951 1952/2844/1952 1678/2781/1678
f 1678/2781/1678 1679/2780/1679 1633/2843/1633
s 1
f 1683/2765/1683 1697/2812/1697 1694/2808/1694
f 1673/2790/1673 1695/2809/1695 1702/2818/1702
s 8
f 1672/2748/1672 1703/2820/1703 1659/2828/1659
f 1667/2739/1667 1663/2829/1663 1708/2826/1708
s 1
f 1784/3054/1784 2067/3021/2067 1806/3002/1806
f 1809/3022/1809 1804/3020/1804 1815/3061/1815
s 2
f 1953/3094/1953 1954/3095/1954 2064/3030/2064
f 2064/3030/2064 1788/3029/1788 1783/3094/1783
s 1
f 1955/3095/1955 1956/3096/1956 2065/3031/2065
f 2065/3031/2065 2064/3030/2064 1765/3095/1765
s 8
f 1957/3096/1957 1958/3097/1958 2066/3032/2066
f 2066/3032/2066 2065/3031/2065 1773/3096/1773
s 1
f 1959/3097/1959 1960/3098/1960 1789/3033/1789
f 1789/3033/1789 2066/3032/2066 1776/3097/1776
s 2
f 1961/3098/1961 1962/3099/1962 1790/3034/1790
f 1790/3034/1790 1789/3033/1789 1768/3098/1768
s 8
f 1963/3100/1963 1964/3101/1964 1804/3038/1804
s 1
f 1801/3041/1801 1965/3104/1965 1966/3092/1966
f 1759/3092/1759 1800/3036/1800 1801/3041/1801
s 2
f 1967/3092/1967 1968/3093/1968 1799/3037/1799
f 1799/3037/1799 1800/3036/1800 1759/3092/1759
s 8
f 1783/3094/1783 1788/3029/1788 2067/3042/2067
f 1969/3093/1969 1970/3094/1970 2067/3042/2067
f 1799/3037/1799 1782/3093/1782 2067/3042/2067
s 2
f 1971/3101/1971 1972/3102/1972 1803/3039/1803
f 1803/3039/1803 1804/3038/1804 1786/3101/1786
s 1
f 1973/3102/1973 1974/3103/1974 1802/3040/1802
f 1802/3040/1802 1803/3039/1803 1762/3102/1762
s 8
f 1975/3103/1975 1976/3104/1976 1801/3041/1801
f 1801/3041/1801 1802/3040/1802 1755/3103/1755
s 1
f 1806/3025/1806 1821/3072/1821 1818/3068/1818
f 1796/3050/1796 1819/3069/1819 1826/3078/1826
s 8
f 1795/3008/1795 1827/3080/1827 1781/3088/1781
f 1790/2999/1790 1785/3089/1785 1832/3086/1832
s 1
f 2264/3371/2264 2470/3623/2470 2503/3661/2503
s 8
f 2131/3209/2131 116/174/116 2128/3206/2128
f 2271/3379/2271 1017/178/1017 2262/3367/2262
s 1
f 107/180/107 132/208/132 2260/3363/2260
f 2263/3369/2263 2393/3527/2393 2260/3363/2260
f 2298/3415/2298 2478/3633/2478 2505/3663/2505
s 8
f 2165/3253/2165 260/414/260 2162/3250/2162
f 2305/3423/2305 261/418/261 2296/3411/2296
s 1
f 251/420/251 278/448/278 2294/3407/2294
f 2297/3413/2297 2413/3555/2413 2294/3407/2294
s 2
f 2185/3274/2185 1094/1632/1094 2186/3275/2186
f 2326/3446/2326 1082/1618/1082 2325/3445/2325
f 2190/3280/2190 1186/1635/1186 2191/3282/2191
s 1
f 2336/3460/2336 1185/1794/1185 2335/3459/2335
s 4
f 2327/3448/2327 1185/1794/1185 2336/3460/2336
s 1
f 2334/3457/2334 1091/1799/1091 2337/3461/2337
s 4
f 2337/3461/2337 1091/1799/1091 2323/3443/2323
s 2
f 2214/3309/2214 1223/1855/1223 2215/3310/2215
f 2354/3480/2354 1264/1908/1264 2355/3481/2355
f 2357/3484/2357 1318/1905/1318 2356/3482/2356
s 4
f 2355/3481/2355 1994/1912/1994 2358/3485/2358
f 2220/3317/2220 1319/2018/1319 2223/3321/2223
s 1
f 2223/3321/2223 1319/2018/1319 2222/3320/2222
f 2224/3322/2224 1878/2063/1878 2225/3323/2225
s 8
f 2228/3326/2228 1261/2063/1261 2229/3327/2229
s 1
f 2520/3681/2520 121/191/121 2629/3817/2629
f 2630/3818/2630 2128/3205/2128 2523/3686/2523
f 2526/3692/2526 944/188/944 2601/3784/2601
s 8
f 2525/3689/2525 1017/148/1017 2522/3684/2522
s 1
f 2540/3709/2540 267/431/267 2631/3819/2631
f 2632/3820/2632 2162/3249/2162 2543/3714/2543
f 2545/3718/2545 266/428/266 2609/3794/2609
s 8
f 2546/3719/2546 261/388/261 2542/3712/2542
s 2
f 2437/3583/2437 1977/1663/1977 2436/3582/2436
f 2438/3584/2438 1175/1666/1175 2439/3585/2439
s 4
f 2568/3744/2568 1120/1668/1120 2571/3748/2571
s 1
f 2572/3750/2572 1174/1777/1174 2573/3751/2573
s 4
f 2439/3586/2439 1175/1778/1175 2442/3590/2442
s 1
f 2574/3752/2574 1845/1824/1845 2575/3753/2575
s 8
f 2576/3754/2576 1856/1824/1856 2577/3755/2577
s 2
f 2581/3760/2581 1235/1869/1235 2578/3756/2578
f 2584/3763/2584 1329/1874/1329 2585/3765/2585
s 4
f 2458/3610/2458 1330/2035/1330 2454/3604/2454
s 1
f 2457/3609/2457 1330/2035/1330 2458/3610/2458
f 2459/3611/2459 1238/2051/1238 2456/3607/2456
s 4
f 2450/3599/2450 1238/2051/1238 2459/3611/2459
s 1
f 2393/3526/2393 2263/3368/2263 2502/3660/2502
f 2524/3688/2524 1017/187/1017 2525/3690/2525
f 2413/3554/2413 2297/3412/2297 2504/3662/2504
f 2544/3716/2544 261/427/261 2546/3720/2546
s 2
f 2551/3725/2551 1053/1587/1053 2552/3726/2552
f 2449/3597/2449 1212/1842/1212 2488/3645/2488
# 2199 faces

g
